entry_time,exit_time,direction,result,exit_reason,r_multiple,net_pips,net_money,atr,signal_rsi,ema_sep,duration_min
2025-06-17 16:10:00,2025-06-17 17:15:00,BUY,LOSS,SL,-1.211504795738178,-10.310445324503291,-11.01044532450329,0.0005673630216335256,44.64409964097053,0.0002074016448974092,65.0
2025-06-17 18:45:00,2025-06-17 19:45:00,SELL,WIN,TP,1.818251761258578,18.007619732292724,17.307619732292725,0.0006602539910764357,46.61694356648079,-0.0010932041730671305,60.0
2025-06-17 22:40:00,2025-06-18 00:00:00,SELL,WIN,TP,1.73367199720775,13.019074066786597,12.319074066786598,0.0005006358022261937,49.043444333339735,-0.0034326723393951486,80.0
2025-06-18 00:10:00,2025-06-18 03:40:00,SELL,LOSS,SL,-1.7642246965358301,-14.081945660289204,-14.781945660289203,0.0005321297106858813,52.91303216507728,-0.003483297620640702,210.0
2025-06-18 04:45:00,2025-06-18 05:25:00,SELL,LOSS,SL,-1.3289354896239112,-7.676208587806586,-8.376208587806586,0.0003850805725203993,59.49931237644427,-0.0019869439013195933,40.0
2025-06-18 05:35:00,2025-06-18 06:20:00,SELL,LOSS,SL,-1.393181398127416,-7.086710636681424,-7.786710636681424,0.0003391140424453845,56.93467889822449,-0.0015790266497996974,45.0
2025-06-18 06:50:00,2025-06-18 07:35:00,SELL,LOSS,SL,-1.4105750638590124,-6.184094793974391,-6.884094793974391,0.00029227298626503286,56.059366342075094,-0.0010791009320345601,45.0
2025-06-18 07:40:00,2025-06-18 07:55:00,SELL,LOSS,SL,-1.431386511412442,-5.9725922169111305,-6.672592216911131,0.0002781728144607664,59.22888668069698,-0.0008392942617507781,15.0
2025-06-18 08:10:00,2025-06-18 08:35:00,SELL,LOSS,SL,-1.5369787916175677,-6.2969960719916545,-6.996996071991655,0.0002731330714661056,51.4874014374929,-0.0006741573631978692,25.0
2025-06-18 08:50:00,2025-06-18 09:00:00,SELL,LOSS,SL,-1.4300793784976045,-5.98527390522172,-6.68527390522172,0.00027901826034817164,50.73146989330407,-0.0005198203116574263,10.0
2025-06-18 09:05:00,2025-06-18 09:10:00,SELL,LOSS,SL,-1.4118528744801424,-6.856103050208116,-7.556103050208116,0.00032374020334726685,51.242508569883505,-0.0004799180428982641,5.0
2025-06-18 09:40:00,2025-06-18 10:00:00,SELL,LOSS,SL,-1.3113216218652426,-7.581802077271525,-8.281802077271525,0.00038545347181817335,57.21544009485225,-0.00027196239258309163,20.0
2025-06-18 10:45:00,2025-06-18 11:15:00,BUY,LOSS,SL,-1.275766102779785,-8.327270690108723,-9.027270690108722,0.0004351513793406537,54.801536306830656,0.00013876484204966566,30.0
2025-06-18 11:20:00,2025-06-18 11:40:00,BUY,LOSS,SL,-1.2816965876757718,-8.189853760215836,-8.889853760215836,0.0004259902506810835,40.01842542906956,0.00020737541171600427,20.0
2025-06-18 11:50:00,2025-06-18 11:55:00,BUY,LOSS,SL,-1.272516323942756,-8.405108912220992,-9.105108912220992,0.00044034059414811444,47.4743284504496,0.00011309616426524727,5.0
2025-06-18 12:05:00,2025-06-18 13:50:00,BUY,LOSS,SL,-1.2885435820671636,-8.48479383387478,-9.18479383387478,0.0004389862555916127,41.6488094291481,6.646306851143535e-05,105.0
2025-06-18 14:25:00,2025-06-18 14:55:00,SELL,LOSS,SL,-1.2782996167469276,-8.267849366953438,-8.967849366953438,0.0004311899577969605,46.707200713877754,-0.00019601903319621528,30.0
2025-06-18 15:00:00,2025-06-18 15:20:00,SELL,LOSS,SL,-1.2921664578757943,-8.403142125944273,-9.103142125944272,0.0004335428083962831,58.473879383106855,-0.0002276513112269285,20.0
2025-06-18 15:40:00,2025-06-18 16:30:00,SELL,WIN,TP,1.7258507560484233,11.9610632122238,11.261063212223801,0.00046203544040744973,56.789347972537705,-5.2447636760710736e-05,50.0
2025-06-18 17:10:00,2025-06-18 18:25:00,SELL,LOSS,SL,-1.14408474896335,-14.29264764626723,-14.99264764626723,0.0008328431764178401,55.39168968733836,-0.00019580113357009488,75.0
2025-06-18 19:15:00,2025-06-18 19:35:00,BUY,LOSS,SL,-1.1870517795257913,-11.423003879264403,-12.123003879264402,0.0006415335919509758,51.92143771215958,0.0004252335350840575,20.0
2025-06-18 19:40:00,2025-06-18 20:30:00,BUY,LOSS,SL,-1.2135489237107848,-10.228981840422623,-10.928981840422622,0.0005619321226948876,43.54749767169221,0.000406199241347327,50.0
2025-06-18 20:55:00,2025-06-18 21:00:00,BUY,WIN,TP,1.7495651113688748,12.574993914281208,11.874993914281209,0.00047916646380934027,42.02104897275266,2.3570103360404104e-05,5.0
2025-06-18 21:05:00,2025-06-18 21:05:00,SELL,LOSS,SL,-1.155361218005912,-13.385902988553443,-14.085902988553443,0.0007723935325703011,49.96774902033301,-1.2336505718746338e-05,0.0
2025-06-18 21:20:00,2025-06-18 21:40:00,BUY,LOSS,SL,-1.1502156482038637,-13.782772910297258,-14.482772910297257,0.0007988515273531159,54.714882903304236,4.247148563996106e-05,20.0
2025-06-18 21:45:00,2025-06-18 21:50:00,BUY,LOSS,SL,-1.1250182813484784,-16.197894296616088,-16.897894296616087,0.0009598596197743628,40.52071753323577,3.623862899004848e-05,5.0
2025-06-18 23:05:00,2025-06-19 09:20:00,SELL,WIN,TP,1.860444532330706,25.329316510943848,24.62931651094385,0.0009076438836981401,45.72536135593472,-0.0011014152941932753,615.0
2025-06-19 09:45:00,2025-06-19 09:50:00,SELL,LOSS,SL,-1.2395899531201335,-9.312835895491233,-10.012835895491232,0.0005008557263660426,48.58620549821399,-0.001564775028614518,5.0
2025-06-19 09:55:00,2025-06-19 10:20:00,SELL,LOSS,SL,-1.243971715748743,-9.177904420091675,-9.877904420091674,0.0004918602946727714,56.9519835114053,-0.0015160591668497148,25.0
2025-06-19 10:35:00,2025-06-19 11:50:00,SELL,LOSS,SL,-1.212664900495512,-10.26402013593206,-10.96402013593206,0.0005642680090620679,59.44865853428643,-0.001258861280773127,75.0
2025-06-19 12:10:00,2025-06-19 14:20:00,SELL,LOSS,SL,-1.2201589346942843,-9.975911654457747,-10.675911654457746,0.0005450607769639178,57.29064530982392,-0.0007486686786846164,130.0
2025-06-19 14:40:00,2025-06-19 17:25:00,SELL,WIN,TP,1.7466169573719819,12.40773846054546,11.70773846054546,0.00047359128201817323,58.20181420654843,-0.00013315256942481035,165.0
2025-06-19 17:40:00,2025-06-19 18:55:00,BUY,LOSS,SL,-1.239655323896647,-9.310786619437938,-10.010786619437937,0.0005007191079625362,41.383980138141276,2.361499455316718e-06,75.0
2025-06-19 20:10:00,2025-06-19 20:30:00,SELL,LOSS,SL,-1.3792236964140143,-7.6376286341224375,-8.337628634122437,0.0003691752422747566,49.602944265380295,-0.0006391256886904007,20.0
2025-06-19 20:35:00,2025-06-19 20:45:00,SELL,LOSS,SL,-1.308930653926108,-7.626550318410728,-8.326550318410728,0.00038843668789403186,58.71600137595602,-0.0006356763381936137,10.0
2025-06-20 00:00:00,2025-06-20 01:05:00,BUY,WIN,TP,1.2857483111906767,7.0205202062634395,6.320520206263439,0.0003640173402088119,46.55275875974422,0.0009271940215900276,65.0
2025-06-20 01:30:00,2025-06-20 02:15:00,BUY,WIN,TP,1.5134965927208544,6.533033062384055,5.833033062384055,0.0002877677687461636,51.67890806110082,0.001047532898941217,45.0
2025-06-20 04:15:00,2025-06-20 06:40:00,BUY,WIN,TP,1.6718642654784455,9.680573525600268,8.980573525600269,0.00038601911752001713,54.33201660584164,0.0017681284938542152,145.0
2025-06-20 07:40:00,2025-06-20 08:25:00,BUY,LOSS,SL,-1.444023739121719,-6.5042636773340305,-7.204263677334031,0.0003002842451556475,52.41804379325292,0.0020284484109822642,45.0
2025-06-20 08:30:00,2025-06-20 09:20:00,BUY,LOSS,SL,-1.4410338845414745,-5.881319062074762,-6.581319062074762,0.000272087937471581,40.263244434573124,0.0019507058866177207,50.0
2025-06-20 10:30:00,2025-06-20 10:35:00,BUY,LOSS,SL,-1.304662440820712,-7.7081782288328275,-8.408178228832828,0.0003938785485888894,45.616162764634836,0.0013827814824911577,5.0
2025-06-20 10:45:00,2025-06-20 11:55:00,BUY,WIN,TP,1.693379288079832,10.493161493255977,9.793161493255978,0.000413105383108542,40.30709672673592,0.0012848311743376417,70.0
2025-06-20 13:30:00,2025-06-20 14:00:00,BUY,LOSS,SL,-1.3619376637916019,-7.525813420599324,-8.225813420599323,0.00036838756137323747,53.46410880724136,0.001174070611849043,30.0
2025-06-20 14:05:00,2025-06-20 14:20:00,BUY,LOSS,SL,-1.3204683502584211,-7.41677931236737,-8.11677931236737,0.0003744519541577914,40.57747284018837,0.0011280062242973177,15.0
2025-06-20 14:40:00,2025-06-20 15:45:00,BUY,LOSS,SL,-1.3269228156008293,-7.305886754009204,-8.005886754009204,0.0003670591169339485,40.23912916887762,0.0009282962708827558,65.0
2025-06-20 15:55:00,2025-06-20 17:35:00,BUY,LOSS,SL,-1.1949518778181425,-11.033047766172842,-11.733047766172842,0.0006155365177449223,42.30621782528778,0.000680596064941863,100.0
2025-06-20 17:55:00,2025-06-20 18:20:00,BUY,WIN,TP,1.7974345188535021,15.972030948335348,15.272030948335349,0.0005924010316111523,48.614291515088055,0.0001480120353292147,25.0
2025-06-20 18:50:00,2025-06-20 19:55:00,BUY,WIN,TP,1.798564052061584,16.07168594702182,15.37168594702182,0.0005957228649007233,51.87261628723463,0.00032234282884813226,65.0
2025-06-20 20:45:00,2025-06-20 21:50:00,BUY,LOSS,SL,-1.3027212936647476,-8.176400239304536,-8.876400239304536,0.0004184266826203518,53.89760343167368,0.000976648700334204,65.0
2025-06-20 21:55:00,2025-06-20 22:30:00,BUY,LOSS,SL,-1.374983559553664,-7.33356716326594,-8.03356716326594,0.00035557114421769204,46.06508920253564,0.0010204799045976376,35.0
2025-06-20 23:55:00,2025-06-23 00:00:00,BUY,LOSS,SL,-1.3706957248791893,-7.395260494713838,-8.095260494713838,0.0003596840329808584,48.86970609067363,0.0004451034427261913,2885.0
2025-06-23 01:05:00,2025-06-23 02:30:00,SELL,LOSS,SL,-1.1649688007391588,-13.41732928582172,-14.11732928582172,0.0007678219523881237,51.43760493254585,-0.001135918575990491,85.0
2025-06-23 02:50:00,2025-06-23 03:20:00,SELL,WIN,TP,1.7899854540964064,15.341669804379144,14.641669804379145,0.0005713889934792998,57.3083942668563,-0.0012312673959613551,30.0
2025-06-23 04:00:00,2025-06-23 04:25:00,SELL,WIN,TP,1.7810463236741743,14.64183400073551,13.941834000735511,0.0005480611333578223,47.97104649264734,-0.0013316222943571265,25.0
2025-06-23 04:40:00,2025-06-23 05:00:00,SELL,LOSS,SL,-1.2183771969874055,-10.042618848632866,-10.742618848632866,0.0005495079232421781,47.51249958451249,-0.0014819856731285164,20.0
2025-06-23 06:00:00,2025-06-23 07:40:00,SELL,WIN,TP,1.7200895251383315,11.061255020137907,10.361255020137907,0.0004287085006712948,56.02515489697945,-0.0009607426613442716,100.0
2025-06-23 08:00:00,2025-06-23 08:05:00,SELL,LOSS,SL,-1.2929770663341178,-7.943825598783348,-8.643825598783348,0.0004095883732521885,45.45359567481764,-0.0008590218651716164,5.0
2025-06-23 08:10:00,2025-06-23 08:20:00,SELL,LOSS,SL,-1.3058584895142165,-8.112023092828645,-8.812023092828644,0.00041413487285519153,55.970350576446464,-0.0008330995632994664,10.0
2025-06-23 09:10:00,2025-06-23 10:00:00,SELL,LOSS,SL,-1.2290185373326967,-9.659625779484958,-10.359625779484958,0.0005239750519657185,55.300724185837794,-0.00037921916592287275,50.0
2025-06-23 10:05:00,2025-06-23 11:45:00,SELL,WIN,TP,1.8001640521466797,16.21477681404151,15.514776814041511,0.0006004925604680368,49.67683308601395,-0.00011659315945333759,100.0
2025-06-23 13:15:00,2025-06-23 15:30:00,SELL,WIN,TP,1.8040931810467984,16.576083176869783,15.876083176869784,0.0006125361058956591,47.180604504974774,-0.0012504392907506379,135.0
2025-06-23 15:40:00,2025-06-23 16:05:00,SELL,LOSS,SL,-1.2166522053051045,-10.108246839514589,-10.808246839514588,0.0005538831226342757,45.09557612519831,-0.0017191678395924725,25.0
2025-06-23 16:10:00,2025-06-23 16:35:00,SELL,LOSS,SL,-1.2101254425106773,-10.366311525595172,-11.066311525595172,0.0005710874350396989,55.51985159423318,-0.0016979866212698536,25.0
2025-06-23 19:35:00,2025-06-23 19:35:00,BUY,LOSS,SL,-1.178112781309628,-11.905956387660432,-12.60595638766043,0.0006737304258440109,49.693645889078304,0.0017785378006325292,0.0
2025-06-23 19:40:00,2025-06-23 19:45:00,BUY,WIN,TP,1.8381268273251006,20.439633291367688,19.73963329136769,0.0007413211097122926,51.074471963839855,0.0017994793628772765,5.0
2025-06-24 00:00:00,2025-06-24 01:05:00,BUY,WIN,TP,0.903960016261831,4.948505691437127,4.248505691437126,0.00036495018971458216,46.92185159747478,0.0038375397573124914,65.0
2025-06-24 03:00:00,2025-06-24 03:50:00,BUY,LOSS,SL,-1.218388148344199,-10.042205511825863,-10.742205511825862,0.0005494803674550239,54.265186147324656,0.003989710458500051,50.0
2025-06-24 03:55:00,2025-06-24 05:05:00,BUY,LOSS,SL,-1.1992586267039937,-10.833485926177588,-11.533485926177587,0.0006022323950785692,50.400233910312274,0.0038356879338155014,70.0
2025-06-24 05:15:00,2025-06-24 06:10:00,BUY,WIN,TP,1.7528383808238288,12.765368247720922,12.065368247720922,0.00048551227492404204,44.951580084190475,0.0033950754029092867,55.0
2025-06-24 06:40:00,2025-06-24 07:45:00,BUY,WIN,TP,1.6244542476015629,8.651165602213464,7.951165602213464,0.0003550388534071216,54.172478364388155,0.0031498783880208325,65.0
2025-06-24 07:55:00,2025-06-24 08:40:00,BUY,LOSS,SL,-1.3261990198322935,-7.318103643982197,-8.018103643982197,0.00036787357626549453,54.416480945387725,0.003010055765322761,45.0
2025-06-24 08:45:00,2025-06-24 09:15:00,BUY,WIN,TP,1.6516478882970234,9.482634568928951,8.782634568928952,0.00038275448563098656,49.00011652214703,0.002817271418042111,30.0
2025-06-24 09:35:00,2025-06-24 10:20:00,BUY,LOSS,SL,-1.2120365051492152,-10.289104264066683,-10.989104264066683,0.0005659402842711328,52.44620460879595,0.0027259270843444927,45.0
2025-06-24 10:25:00,2025-06-24 10:30:00,BUY,LOSS,SL,-1.2015354621262777,-10.73143063265045,-11.43143063265045,0.0005954287088434089,44.27712604948817,0.0024881045959683767,5.0
2025-06-24 10:40:00,2025-06-24 10:50:00,BUY,LOSS,SL,-1.176870899187376,-11.976914395019222,-12.676914395019221,0.0006784609596679848,42.41178868812722,0.0023481813908432514,10.0
2025-06-24 11:00:00,2025-06-24 12:35:00,BUY,WIN,TP,1.8389658056126175,20.555500418376194,19.855500418376195,0.0007451833472791944,41.557245421379015,0.002117525759993022,95.0
2025-06-24 13:05:00,2025-06-24 13:15:00,BUY,LOSS,SL,-1.2315389333482867,-9.574070537382994,-10.274070537382993,0.0005182713691588023,51.60398659208071,0.0017074232213942775,10.0
2025-06-24 13:20:00,2025-06-24 14:30:00,BUY,WIN,TP,1.7586246173915543,13.11452840424845,12.41452840424845,0.0004971509468082814,40.773690842455245,0.0016275474482776442,70.0
2025-06-24 14:55:00,2025-06-24 15:30:00,BUY,LOSS,SL,-1.2805441126124542,-8.216103276016828,-8.916103276016827,0.0004277402184010867,51.44019775364689,0.001371965951358023,35.0
2025-06-24 15:35:00,2025-06-24 16:00:00,BUY,LOSS,SL,-1.2454443031912594,-9.641063757831235,-10.341063757831234,0.0005160709171887343,51.032827030468226,0.0012971639918579747,25.0
2025-06-24 16:05:00,2025-06-24 16:10:00,BUY,LOSS,SL,-1.2302645038322242,-9.61709716453527,-10.31709716453527,0.000521139810969055,41.995383665034744,0.0012210917319357417,5.0
2025-06-24 16:50:00,2025-06-24 17:10:00,BUY,WIN,TP,1.7773263839957207,14.36716010005792,13.66716010005792,0.0005389053366685821,40.128314440900525,0.0007839791202948199,20.0
2025-06-24 17:55:00,2025-06-25 00:00:00,BUY,LOSS,SL,-1.1507204132503364,-13.742642414404237,-14.442642414404236,0.0007961761609602371,54.22638336280464,0.001201164528804366,365.0
2025-06-25 00:20:00,2025-06-25 03:10:00,BUY,WIN,TP,0.6789755288084405,3.597835471868321,2.897835471868321,0.00035326118239561874,42.52031303456789,0.0008058050953001494,170.0
2025-06-25 04:30:00,2025-06-25 06:50:00,BUY,LOSS,SL,-1.3345511593006332,-7.180343035614743,-7.880343035614743,0.00035868953570769764,50.45986194792193,0.0007131114110054959,140.0
2025-06-25 07:05:00,2025-06-25 08:25:00,BUY,LOSS,SL,-1.4669407034833657,-6.597359052946237,-7.297359052946237,0.0002998239368630664,40.695225680804604,0.0006482366608182577,80.0
2025-06-25 08:35:00,2025-06-25 08:55:00,BUY,WIN,TP,1.5196647389339792,5.694765202136211,4.994765202136211,0.0002498255067378611,42.7124631065135,0.0003330555830076687,20.0
2025-06-25 09:05:00,2025-06-25 09:50:00,BUY,LOSS,SL,-1.4298053996277518,-6.320605235870845,-7.020605235870845,0.0002947070157247305,50.047917290395645,0.0003260942053442406,45.0
2025-06-25 10:30:00,2025-06-25 10:50:00,BUY,LOSS,SL,-1.2873464248545392,-8.064215749025582,-8.764215749025581,0.00041761438326839474,42.48251332773185,5.322179831335205e-05,20.0
2025-06-25 11:30:00,2025-06-25 11:45:00,SELL,LOSS,SL,-1.2557046217117187,-9.33044841067464,-10.030448410674639,0.0004953632273782578,45.605322235503564,-0.0003379615288043869,15.0
2025-06-25 11:50:00,2025-06-25 12:35:00,SELL,WIN,TP,1.725685477907878,11.952711737674106,11.252711737674106,0.0004617570579224863,54.82640290062456,-0.0003520506594010264,45.0
2025-06-25 13:00:00,2025-06-25 13:15:00,SELL,LOSS,SL,-1.2824743903945188,-8.1722590833315,-8.8722590833315,0.00042481727222209764,48.843226250495576,-0.0005390355961849558,15.0
2025-06-25 13:20:00,2025-06-25 14:10:00,SELL,LOSS,SL,-1.2885317688821085,-8.038481145330877,-8.738481145330876,0.00041589874302205355,58.86076463052398,-0.0005444774744782777,50.0
2025-06-25 14:20:00,2025-06-25 15:25:00,SELL,WIN,TP,1.6950980727069662,10.563023877011814,9.863023877011814,0.0004154341292337363,55.825097317326346,-0.0004055015738120282,65.0
2025-06-25 16:15:00,2025-06-25 16:25:00,SELL,LOSS,SL,-1.2882946232576675,-8.043612800198584,-8.743612800198584,0.0004162408533465863,47.49613846574822,-0.0006448706616903888,10.0
2025-06-25 16:30:00,2025-06-25 17:00:00,SELL,LOSS,SL,-1.337879700860049,-7.919266516778432,-8.619266516778431,0.0003946177677851551,56.433874758571164,-0.0006219436931289568,30.0
2025-06-25 17:15:00,2025-06-25 17:25:00,SELL,LOSS,SL,-1.24762887393959,-9.06894231421138,-9.76894231421138,0.0004845961542808103,56.73621007055497,-0.0004716641169260072,10.0
2025-06-25 18:55:00,2025-06-25 19:05:00,BUY,WIN,TP,1.7149066069808534,12.030490000640494,11.330490000640495,0.0004676830000213602,51.54634673457183,0.00033750155735923215,10.0
2025-06-25 20:05:00,2025-06-25 20:40:00,BUY,WIN,TP,1.6645293728693766,9.427370245493018,8.727370245493018,0.0003775790081830909,51.83221291312207,0.00084735074367015,35.0
2025-06-25 23:15:00,2025-06-26 02:00:00,BUY,WIN,TP,1.6247612197979353,7.793891116641551,7.093891116641551,0.0003197963705547502,51.198953005731866,0.0022662389284013873,165.0
2025-06-26 04:05:00,2025-06-26 04:15:00,BUY,LOSS,SL,-1.3783899190437876,-6.921275420871163,-7.6212754208711635,0.0003347516947247443,52.002951128008334,0.0027595557105579704,10.0
2025-06-26 04:20:00,2025-06-26 04:25:00,BUY,LOSS,SL,-1.3639703911543533,-7.12020484681196,-7.8202048468119605,0.000348013656454184,40.85685951367906,0.0027158131852822454,5.0
2025-06-26 04:30:00,2025-06-26 04:45:00,BUY,WIN,TP,1.6515261698709673,8.53076141950362,7.830761419503619,0.00034435871398345695,40.739556737967156,0.00265321174177946,15.0
2025-06-26 06:35:00,2025-06-26 07:15:00,BUY,LOSS,SL,-1.214387418728721,-10.196015077161146,-10.896015077161145,0.0005597343384773445,51.789015667542394,0.0028562161124250363,40.0
2025-06-26 07:20:00,2025-06-26 08:00:00,BUY,LOSS,SL,-1.2557795919295074,-8.837308904989104,-9.537308904989104,0.0004691539269992889,42.20519039742218,0.0027419679101530203,40.0
2025-06-26 08:10:00,2025-06-26 09:05:00,BUY,LOSS,SL,-1.3153942645015737,-7.507142464510539,-8.20714246451054,0.00038047616430069434,40.192893947364475,0.0023970261279366856,55.0
2025-06-26 09:20:00,2025-06-26 09:50:00,BUY,WIN,TP,1.7449963928727845,12.317447359118795,11.617447359118795,0.00047058157863731013,42.226702819545295,0.0019571206956798815,30.0
2025-06-26 10:40:00,2025-06-26 11:05:00,BUY,WIN,TP,1.8185290958074072,18.03789090610033,17.33789090610033,0.000661263030203368,54.46649915424723,0.0020641243537331544,25.0
2025-06-26 12:15:00,2025-06-26 14:05:00,BUY,LOSS,SL,-1.1942646590788042,-11.68047169778451,-12.38047169778451,0.0006520314465190188,54.327382121452295,0.003077068292297591,110.0
2025-06-26 15:20:00,2025-06-26 15:35:00,BUY,LOSS,SL,-1.2119991513124893,-10.29060002767077,-10.99060002767077,0.000566040001844766,45.826795177428025,0.002035636878934044,15.0
2025-06-26 15:40:00,2025-06-26 18:10:00,BUY,LOSS,SL,-1.1591944772013285,-13.106924911242967,-13.806924911242966,0.0007537949940829067,48.35477557077879,0.0019040107575341025,150.0
2025-06-26 18:20:00,2025-06-26 19:25:00,BUY,WIN,TP,1.8306975645039645,19.463722458855216,18.763722458855217,0.0007087907486285034,41.537510172557866,0.0014797199918712423,65.0
2025-06-26 20:15:00,2025-06-26 22:05:00,BUY,LOSS,SL,-1.2130332793382983,-10.249384084923129,-10.949384084923128,0.0005632922723281654,54.42892371375908,0.0017706494556257724,110.0
2025-06-26 22:45:00,2025-06-26 22:55:00,BUY,LOSS,SL,-1.3051139143093766,-7.699435966643107,-8.399435966643107,0.0003932957311094765,40.28468198389929,0.001272818016741173,10.0
2025-06-27 02:10:00,2025-06-27 02:40:00,SELL,LOSS,SL,-1.339522640145274,-7.890623373876469,-8.590623373876468,0.00039270822492507934,47.444526819182315,-0.00039536552332819497,30.0
2025-06-27 02:45:00,2025-06-27 04:50:00,SELL,LOSS,SL,-1.3126517738825145,-7.557203861815885,-8.257203861815885,0.0003838135907876565,58.25967981922036,-0.0004306416593471418,125.0
2025-06-27 05:00:00,2025-06-27 05:40:00,SELL,WIN,TP,1.7322721292104757,11.646489487207724,10.946489487207725,0.0004482163162402809,59.941893170893195,-0.00043852129646015925,40.0
2025-06-27 05:45:00,2025-06-27 06:00:00,SELL,LOSS,SL,-1.2831960490360745,-8.609133148103952,-9.309133148103951,0.00044727554320700153,47.85006900858062,-0.0003125291062724411,15.0
2025-06-27 06:05:00,2025-06-27 06:25:00,SELL,LOSS,SL,-1.313451779729076,-8.380566738937166,-9.080566738937165,0.00042537111592916884,58.1024049750857,-0.00026644379646212357,20.0
2025-06-27 06:35:00,2025-06-27 07:20:00,SELL,WIN,TP,1.6747791415891196,9.269400706924525,8.569400706924526,0.00036898002356412557,58.49361984182773,-0.00011845080274386355,45.0
2025-06-27 08:35:00,2025-06-27 09:15:00,SELL,LOSS,SL,-1.379901901547355,-6.538065254921153,-7.238065254921153,0.0003158710169946804,45.63629172140621,-0.00037544886039064806,40.0
2025-06-27 09:20:00,2025-06-27 09:35:00,SELL,LOSS,SL,-1.2757316402851124,-8.328086505193099,-9.028086505193098,0.00043520576701285924,59.615482197277814,-0.000443743374248573,15.0
2025-06-27 11:30:00,2025-06-27 12:00:00,BUY,LOSS,SL,-1.227199814873125,-9.72254166670503,-10.42254166670503,0.0005281694444470307,53.09453529986742,0.0006065525739109567,30.0
2025-06-27 12:10:00,2025-06-27 14:30:00,BUY,WIN,TP,1.7685276243689236,13.752611797364779,13.05261179736478,0.0005184203932455288,40.76087921954549,0.0006343931614487541,140.0
2025-06-27 14:50:00,2025-06-27 15:05:00,BUY,LOSS,SL,-1.2987968576702476,-7.824159738609036,-8.524159738609036,0.00040161064924052896,51.80422774678766,0.0006369407303892238,15.0
2025-06-27 15:15:00,2025-06-27 15:30:00,BUY,WIN,TP,1.761676127094593,13.305494703944177,12.605494703944178,0.0005035164901314615,53.49548736832546,0.0006058727299333988,15.0
2025-06-27 16:25:00,2025-06-27 16:30:00,BUY,LOSS,SL,-1.1561875948719382,-13.324602843624444,-14.024602843624443,0.000768306856241581,54.09325411088161,0.0012066593666770764,5.0
2025-06-27 16:35:00,2025-06-27 17:45:00,BUY,LOSS,SL,-1.1497480081920057,-13.820193268227342,-14.520193268227342,0.000801346217881776,46.24247221606433,0.0011948414438329724,70.0
2025-06-27 18:00:00,2025-06-27 20:40:00,BUY,LOSS,SL,-1.1660350661476537,-12.6410834034256,-13.3410834034256,0.0007227388935617419,45.92410163266836,0.0010438076137029295,160.0
2025-06-27 21:55:00,2025-06-27 23:00:00,SELL,LOSS,SL,-1.256262284511192,-9.804503904329518,-10.504503904329518,0.0005203002602885723,46.98643565921789,-0.00016899451170515611,65.0
2025-06-27 23:05:00,2025-06-27 23:15:00,SELL,LOSS,SL,-1.3070679523201894,-8.087555508947451,-8.78755550894745,0.0004125037005964242,56.28703426306336,-0.0002768105100847684,10.0
2025-06-30 00:00:00,2025-06-30 02:00:00,SELL,LOSS,SL,-1.7685071699749049,-11.736242574245,-12.436242574245,0.00044241617161628255,59.20005997301495,-5.829757910258415e-05,120.0
2025-06-30 02:50:00,2025-06-30 03:05:00,BUY,LOSS,SL,-1.3440360965018303,-7.032009135966997,-7.732009135966997,0.0003488006090644896,53.05779816143095,0.0008756383406365309,15.0
2025-06-30 03:15:00,2025-06-30 03:35:00,BUY,LOSS,SL,-1.342156402367662,-7.060752064097929,-7.760752064097929,0.00035071680427312287,44.55788997974267,0.0008457554331022799,20.0
2025-06-30 04:20:00,2025-06-30 04:55:00,BUY,LOSS,SL,-1.326677280101741,-7.310025060326828,-8.010025060326829,0.0003673350040217931,54.11543250087589,0.0006250657296984485,35.0
2025-06-30 05:00:00,2025-06-30 06:35:00,BUY,LOSS,SL,-1.2771556703712095,-8.29454509658476,-8.994545096584758,0.00043296967310564756,41.67382415942495,0.0006666365682537201,95.0
2025-06-30 06:50:00,2025-06-30 07:45:00,BUY,WIN,TP,1.6215985590211286,8.570784269872124,7.870784269872124,0.0003523594756623688,41.59678014672223,0.000330017225366408,55.0
2025-06-30 08:50:00,2025-06-30 08:55:00,BUY,LOSS,SL,-1.3389091984565942,-7.111157112870557,-7.811157112870557,0.00035407714085796473,53.773667232778095,0.0005347261219292854,5.0
2025-06-30 09:00:00,2025-06-30 09:15:00,BUY,LOSS,SL,-1.3288175131467053,-7.2741609799746625,-7.974160979974663,0.0003649440653316225,47.19548484359833,0.0005318075272593425,15.0
2025-06-30 09:20:00,2025-06-30 09:40:00,BUY,WIN,TP,1.7117870053744566,10.690762273482669,9.99076227348267,0.0004163587424494099,47.031293909521565,0.0005179415027865009,20.0
2025-06-30 10:05:00,2025-06-30 10:55:00,BUY,LOSS,SL,-1.2203294299002845,-9.969584974710987,-10.669584974710986,0.0005446389983140877,53.82960854683501,0.0006999036371504452,50.0
2025-06-30 11:00:00,2025-06-30 11:25:00,BUY,LOSS,SL,-1.2073127129224148,-10.482535550406102,-11.1825355504061,0.0005788357033604545,41.2812678235881,0.0007123309376932951,25.0
2025-06-30 11:40:00,2025-06-30 15:15:00,BUY,LOSS,SL,-1.2181454001208973,-10.051377287820106,-10.751377287820105,0.0005500918191879992,42.279115353962176,0.0005032857526827694,215.0
2025-06-30 15:25:00,2025-06-30 15:30:00,BUY,LOSS,SL,-1.3049475521206186,-8.13057960881246,-8.830579608812458,0.0004153719739207711,41.87579692852513,7.769177854077824e-05,5.0
2025-06-30 16:15:00,2025-06-30 17:10:00,SELL,LOSS,SL,-1.291526991119835,-7.974385407970995,-8.674385407970995,0.0004116256938647982,49.39005071045826,-0.00017773791471897837,55.0
2025-06-30 17:15:00,2025-06-30 17:20:00,SELL,LOSS,SL,-1.2277341646954842,-9.703952410508453,-10.403952410508452,0.0005269301607005245,59.90751769006153,-0.00020407769714836377,5.0
2025-06-30 17:55:00,2025-06-30 18:15:00,BUY,WIN,TP,1.819624506705637,18.15836537572737,17.45836537572737,0.0006652788458575509,54.57621026132168,0.00018632322661726874,20.0
2025-06-30 19:35:00,2025-06-30 20:20:00,BUY,WIN,TP,1.807527040819594,16.903926075276377,16.203926075276378,0.0006234642025092087,51.294627388989674,0.0013055797417256265,45.0
2025-06-30 20:35:00,2025-06-30 21:15:00,BUY,WIN,TP,1.77892211751607,14.483854176419865,13.783854176419865,0.0005427951392139955,53.622811547044286,0.0017353383230882535,40.0
2025-07-01 00:05:00,2025-07-01 00:20:00,BUY,LOSS,SL,-1.7146959218355866,-10.7963840460184,-11.496384046018399,0.000419758936401179,53.53304505683128,0.0025982433427504947,15.0
2025-07-01 00:25:00,2025-07-01 01:30:00,BUY,WIN,TP,1.209659776980986,7.652778776462981,6.9527787764629805,0.00042175929254878436,42.8183937072988,0.0025367811348475655,65.0
2025-07-01 02:25:00,2025-07-01 03:10:00,BUY,WIN,TP,1.457758963003886,5.645632870694852,4.945632870694852,0.00025818776235647856,54.0587740745914,0.002426644229018393,45.0
2025-07-01 03:25:00,2025-07-01 03:55:00,BUY,WIN,TP,1.609578183751332,7.420796200872794,6.720796200872794,0.0003073598733624268,52.5742446713542,0.002342850922470774,30.0
2025-07-01 04:30:00,2025-07-01 04:35:00,BUY,LOSS,SL,-1.374936250920922,-7.700952148110405,-8.400952148110404,0.00037339680987406317,53.98627888316208,0.002377179951157382,5.0
2025-07-01 04:40:00,2025-07-01 04:50:00,BUY,LOSS,SL,-1.313708497678677,-7.5378107807704025,-8.237810780770403,0.0003825207187179572,43.638731023043164,0.0023343568179277074,10.0
2025-07-01 05:35:00,2025-07-01 06:15:00,BUY,WIN,TP,1.5922809573587475,7.810677406882906,7.110677406882906,0.00032702258022939925,42.32231274278154,0.0019269155424042061,40.0
2025-07-01 06:30:00,2025-07-01 07:40:00,BUY,LOSS,SL,-1.4421632771714101,-6.197055178699161,-6.897055178699161,0.0002864703452466248,54.105438459259815,0.001815745171755978,70.0
2025-07-01 07:45:00,2025-07-01 08:50:00,BUY,LOSS,SL,-1.473854062440941,-6.2207087762369255,-6.920708776236926,0.0002813805850824532,40.090583420902064,0.001653725712982057,65.0
2025-07-01 08:55:00,2025-07-01 09:10:00,BUY,LOSS,SL,-1.3908786945865137,-6.405009239257995,-7.1050092392579955,0.0003070006159506038,43.09851194088636,0.0013448884650724136,15.0
2025-07-01 09:30:00,2025-07-01 10:00:00,BUY,LOSS,SL,-1.372230340763472,-7.004366280574979,-7.7043662805749795,0.000340291085371608,45.61369501614326,0.0011403897786321782,30.0
2025-07-01 10:10:00,2025-07-01 11:30:00,BUY,WIN,TP,1.7383261125514775,11.957582138218537,11.257582138218538,0.000458586071273922,41.582185760613356,0.0009500963579764932,80.0
2025-07-01 13:25:00,2025-07-01 16:00:00,BUY,LOSS,SL,-1.1908041398205576,-11.233757578283242,-11.933757578283242,0.0006289171718856033,53.170198097421746,0.0018086925383471453,155.0
2025-07-01 16:05:00,2025-07-01 16:20:00,BUY,LOSS,SL,-1.2783230692897323,-8.267304361774674,-8.967304361774673,0.0004311536241183278,41.752844142749574,0.0017163044891108648,15.0
2025-07-01 16:40:00,2025-07-01 16:40:00,BUY,LOSS,SL,-1.2280909958525867,-9.69158727319217,-10.391587273192169,0.0005261058182128115,50.75197179378391,0.0014688265708555637,0.0
2025-07-01 16:45:00,2025-07-01 17:00:00,BUY,LOSS,SL,-1.19311730751112,-11.12075961082024,-11.82075961082024,0.0006213839740547517,43.22331348246915,0.0014368610727875097,15.0
2025-07-01 17:15:00,2025-07-01 17:40:00,BUY,LOSS,SL,-1.1580396359163088,-13.189547878692952,-13.889547878692952,0.0007593031919129224,41.28217005108795,0.0011861374910788758,25.0
2025-07-01 18:55:00,2025-07-01 19:00:00,BUY,LOSS,SL,-1.1778647386482437,-11.92004972812397,-12.62004972812397,0.000674669981874909,41.96734036610938,1.5475007919318884e-05,5.0
2025-07-01 20:10:00,2025-07-01 20:20:00,SELL,LOSS,SL,-1.2441901787200065,-9.17130383144491,-9.871303831444909,0.0004914202554296224,46.518975071462,-0.0007158131550304425,10.0
2025-07-01 20:30:00,2025-07-01 22:05:00,SELL,LOSS,SL,-1.2554679441620065,-9.337332328454893,-10.037332328454893,0.0004958221552302742,56.093713893750994,-0.0007226953551842108,95.0
2025-07-01 22:30:00,2025-07-01 22:50:00,SELL,LOSS,SL,-1.3625484804755739,-7.140678425979528,-7.840678425979529,0.00034937856173190363,56.950741509513406,-0.0004483021845405055,20.0
2025-07-02 02:00:00,2025-07-02 02:10:00,BUY,LOSS,SL,-1.5680860127302194,-4.968534270627798,-5.668534270627799,0.00021123561804189234,51.89344436588524,0.0007642884573848541,10.0
2025-07-02 02:15:00,2025-07-02 02:15:00,BUY,LOSS,SL,-1.487126062905033,-5.495142052686506,-6.195142052686506,0.00024634280351239874,54.28164361520972,0.0007808989574991099,0.0
2025-07-02 02:20:00,2025-07-02 02:45:00,BUY,WIN,TP,1.4347641831519382,5.076692383558569,4.376692383558569,0.00023588974611865517,40.67059136455925,0.0007748450693405573,25.0
2025-07-02 03:05:00,2025-07-02 03:30:00,BUY,LOSS,SL,-1.5387605068432864,-5.712224586984725,-6.412224586984725,0.0002474816391322638,50.91591151084042,0.0008176570415088236,25.0
2025-07-02 03:35:00,2025-07-02 03:55:00,BUY,WIN,TP,1.4631209052218432,5.450467039795683,4.750467039795683,0.0002483489013265093,43.477553015058696,0.0007879562197685708,20.0
2025-07-02 04:35:00,2025-07-02 04:45:00,BUY,LOSS,SL,-1.441132287830526,-5.880408643067912,-6.580408643067912,0.0002720272428711523,52.19941036988534,0.00084424402833716,10.0
2025-07-02 04:50:00,2025-07-02 04:50:00,BUY,LOSS,SL,-1.3511331761096972,-6.926260127119586,-7.626260127119586,0.00034175067514137584,40.44636338319696,0.0008449775327841191,0.0
2025-07-02 05:20:00,2025-07-02 08:15:00,BUY,LOSS,SL,-1.349795368315571,-7.331747164490464,-8.031747164490463,0.0003621164776326851,41.252684263010266,0.0006599404324507674,175.0
2025-07-02 08:35:00,2025-07-02 08:45:00,BUY,LOSS,SL,-1.478543366021299,-5.561414592298173,-6.261414592298173,0.00025076097281990915,46.60810587150839,0.00025369323388013676,10.0
2025-07-02 09:10:00,2025-07-02 09:20:00,BUY,LOSS,SL,-1.4080157230271033,-6.211594697002474,-6.911594697002474,0.0002941063131335278,44.95700802494175,9.853212685073665e-05,10.0
2025-07-02 11:30:00,2025-07-02 14:25:00,SELL,WIN,TP,1.7299907288802376,11.532875515978947,10.832875515978948,0.00044442918386594724,45.25600856230076,-0.0006783792010920386,175.0
2025-07-02 15:30:00,2025-07-02 15:40:00,SELL,WIN,TP,1.841046984181121,20.84820193221162,20.14820193221162,0.0007549400644070186,59.29700218270222,-0.001290376181994457,10.0
2025-07-02 15:45:00,2025-07-02 16:05:00,SELL,LOSS,SL,-1.1497112900767978,-13.823141334742694,-14.523141334742693,0.0008015427556494864,46.17880603710682,-0.0012808122981855519,20.0
2025-07-02 16:10:00,2025-07-02 18:45:00,SELL,LOSS,SL,-1.1430546913396777,-14.382600284851698,-15.082600284851697,0.0008388400189901507,56.78953816967023,-0.00129061605663372,155.0
2025-07-02 19:45:00,2025-07-02 20:00:00,SELL,LOSS,SL,-1.2345536546052533,-9.474150304881611,-10.17415030488161,0.0005116100203253974,58.707993373988664,-0.0002594646140898771,15.0
2025-07-02 22:10:00,2025-07-03 00:35:00,BUY,LOSS,SL,-1.4241850081904248,-6.379177630782872,-7.079177630782872,0.00029861184205220423,54.39386432994084,0.0006928921863478266,145.0
2025-07-03 00:40:00,2025-07-03 00:50:00,BUY,LOSS,SL,-1.9853358567885329,-8.462505998400278,-9.162505998400277,0.00028416706655994835,40.39176288008849,0.000789168720433775,10.0
2025-07-03 01:00:00,2025-07-03 12:15:00,BUY,LOSS,SL,-1.3506899845675846,-6.932738541762105,-7.632738541762105,0.0003421825694507404,50.794015221001175,0.0007279585853072756,675.0
2025-07-03 12:20:00,2025-07-03 12:20:00,BUY,LOSS,SL,-1.4387801119717276,-6.230187144221398,-6.9301871442213985,0.0002886791429481062,41.219832211431516,0.0007270103829957186,0.0
2025-07-03 12:55:00,2025-07-03 13:10:00,BUY,LOSS,SL,-1.4505712016424055,-6.11686959369394,-6.81686959369394,0.00028112463957961984,40.23526781661784,0.0005565491003118872,15.0
2025-07-03 13:20:00,2025-07-03 14:55:00,BUY,LOSS,SL,-1.4535656015587293,-6.729980741006623,-7.429980741006623,0.00030866538273384127,47.37031914647949,0.0004786739882989277,95.0
2025-07-03 15:20:00,2025-07-03 15:30:00,BUY,LOSS,SL,-1.3499500907228972,-6.9435906082542,-7.6435906082542004,0.0003429060405503284,41.358435287238855,0.00022177729415351344,10.0
2025-07-03 16:20:00,2025-07-03 16:45:00,SELL,LOSS,SL,-1.1122146139155875,-17.840691467815727,-18.540691467815726,0.0010693794311876755,46.62524292067738,-0.0010558678157790435,25.0
2025-07-03 16:50:00,2025-07-03 17:00:00,SELL,LOSS,SL,-1.1193225354932417,-16.885163859109852,-17.58516385910985,0.0010056775906073926,51.74498319682256,-0.0011476993492816057,10.0
2025-07-03 17:05:00,2025-07-03 19:45:00,SELL,WIN,TP,1.881729816368081,28.638779153401096,27.938779153401097,0.0010146259717800472,53.732697957680216,-0.0011081925927975966,160.0
2025-07-03 20:00:00,2025-07-04 02:00:00,SELL,LOSS,SL,-1.2285263582412562,-9.6765531199676,-10.3765531199676,0.0005251035413311973,49.39216535895284,-0.0017138272385186504,360.0
2025-07-04 02:05:00,2025-07-04 02:10:00,SELL,LOSS,SL,-1.5325112821115756,-5.180210073413714,-5.880210073413714,0.0002253473382275125,52.599753750859385,-0.0009103640405387914,5.0
2025-07-04 03:35:00,2025-07-04 10:25:00,SELL,LOSS,SL,-1.2456965287361432,-5.070061572070127,-5.770061572070127,0.0002713374381380333,57.6375474513377,-0.00035305697088938715,410.0
2025-07-04 10:35:00,2025-07-04 10:45:00,SELL,LOSS,SL,-1.3324303906539132,-7.21466740287877,-7.91466740287877,0.0003609778268586242,55.265794078724696,-0.00019380098859200778,10.0
2025-07-04 11:00:00,2025-07-04 11:05:00,SELL,LOSS,SL,-1.2855807027438808,-8.102946882283945,-8.802946882283944,0.0004201964588188958,52.857327709583785,-5.105926013504458e-05,5.0
2025-07-04 11:25:00,2025-07-04 15:10:00,BUY,LOSS,SL,-1.2794301782931756,-8.241680748281443,-8.941680748281442,0.000429445383218725,52.04884225405144,8.557746695769808e-05,225.0
2025-07-04 15:50:00,2025-07-04 16:40:00,BUY,WIN,TP,1.611839876827802,7.474523025650794,6.774523025650794,0.0003091507675216992,40.18312683861092,0.00032062898011653296,50.0
2025-07-04 17:40:00,2025-07-04 20:00:00,BUY,LOSS,SL,-1.351975733227539,-7.2980994160518495,-7.99809941605185,0.00035987329440349776,53.05234284695849,0.0004613805601036969,140.0
2025-07-04 20:05:00,2025-07-04 22:40:00,BUY,LOSS,SL,-1.5239358073081353,-6.108124603640528,-6.808124603640528,0.00026720830690932717,47.42630922075391,0.000497190001746084,155.0
2025-07-04 22:45:00,2025-07-04 23:05:00,BUY,WIN,TP,0.9360116858819449,2.375243711181177,1.6752437111811762,0.00016917479037269377,44.51478711199342,0.00031095323150753806,20.0
2025-07-04 23:30:00,2025-07-04 23:30:00,BUY,LOSS,SL,-1.5680227229828618,-6.625183083164108,-7.3251830831641085,0.000281678872210949,54.78637653258524,0.0003039682830834334,0.0
2025-07-04 23:35:00,2025-07-04 23:50:00,BUY,LOSS,SL,-2.378690498231501,-10.351955720081069,-11.051955720081068,0.0002901303813387352,49.1886536539935,0.00030085807683843946,15.0
2025-07-07 00:25:00,2025-07-07 01:05:00,BUY,LOSS,SL,-1.784091916747752,-11.149267331213116,-11.849267331213117,0.0004166178220808008,53.64374992717665,0.00029865018271024724,40.0
2025-07-07 01:10:00,2025-07-07 03:00:00,BUY,WIN,TP,1.6662960465989494,9.487338871078345,8.787338871078346,0.00037957796236925577,41.550327833892716,0.0002977887217663344,110.0
2025-07-07 03:30:00,2025-07-07 04:00:00,BUY,LOSS,SL,-1.3754836748229184,-6.960140100354716,-7.660140100354716,0.00033734267335700814,51.97834592562586,0.00040563526355863466,30.0
2025-07-07 04:05:00,2025-07-07 04:40:00,BUY,LOSS,SL,-1.4244601332784734,-7.383054490907058,-8.083054490907058,0.00034553696606050727,40.12008413688111,0.00037775240527126996,35.0
2025-07-07 05:10:00,2025-07-07 05:30:00,BUY,LOSS,SL,-1.3860344787889272,-6.8218401578032815,-7.521840157803282,0.00032812267718687225,44.18621820353263,0.00015935297591362918,20.0
2025-07-07 05:40:00,2025-07-07 06:00:00,BUY,LOSS,SL,-1.3589487837725547,-7.193234260417279,-7.893234260417279,0.0003528822840278125,44.626405450305256,5.5076463468362036e-05,20.0
2025-07-07 06:10:00,2025-07-07 09:30:00,SELL,WIN,TP,1.6409732315140453,8.227107491692443,7.527107491692443,0.00033423691638978384,46.061137374822856,-5.8358836802163694e-05,200.0
2025-07-07 13:00:00,2025-07-07 15:25:00,SELL,WIN,TP,1.6635468464643974,9.888727919373565,9.188727919373566,0.00039629093064574974,48.091272211716124,-0.0019265652761424334,145.0
2025-07-07 16:05:00,2025-07-07 16:15:00,SELL,LOSS,SL,-1.3739493163138277,-6.980902456859882,-7.680902456859882,0.0003387268304572583,49.19162877618084,-0.002103813693203893,10.0
2025-07-07 16:20:00,2025-07-07 16:25:00,SELL,LOSS,SL,-1.3266398204655874,-7.310656959810678,-8.010656959810678,0.00036737713065401566,56.37476589741043,-0.0020617905206425924,5.0
2025-07-07 16:55:00,2025-07-07 17:10:00,SELL,LOSS,SL,-1.2933770883680225,-7.93544844286551,-8.63544844286551,0.0004090298961910419,54.81845213108785,-0.001802616610843799,15.0
2025-07-07 17:15:00,2025-07-07 17:35:00,SELL,LOSS,SL,-1.3107214802432066,-8.014800941707799,-8.714800941707798,0.0004076533961139128,57.4785824912738,-0.001668918258512786,20.0
2025-07-07 17:55:00,2025-07-07 19:20:00,SELL,WIN,TP,1.7050174096586355,10.404110065716644,9.704110065716645,0.00040680366885720217,52.94518944604835,-0.0013965553579338152,85.0
2025-07-07 20:35:00,2025-07-07 22:00:00,SELL,LOSS,SL,-1.16138410005382,-12.953515119517455,-13.653515119517454,0.0007435676746345608,47.02307818489591,-0.001985145021399237,85.0
2025-07-07 22:05:00,2025-07-08 01:35:00,SELL,LOSS,SL,-1.2474958591954006,-10.080943279220598,-10.780943279220597,0.0005387295519481078,56.91526449633358,-0.002013354918373622,210.0
2025-07-08 04:10:00,2025-07-08 04:10:00,BUY,LOSS,SL,-1.3281842859876452,-7.2847232998467275,-7.984723299846728,0.0003656482199898239,54.09030550710688,0.0001721528815203932,0.0
2025-07-08 04:15:00,2025-07-08 05:20:00,BUY,WIN,TP,1.6826252549669005,9.543057556858493,8.843057556858493,0.00037810191856197826,44.6104619426759,0.00017887364349289392,65.0
2025-07-08 05:35:00,2025-07-08 05:55:00,BUY,LOSS,SL,-1.3706627112194376,-7.765528083715898,-8.465528083715897,0.00037770187224767825,54.22941845888739,0.00044338975159474714,20.0
2025-07-08 06:00:00,2025-07-08 07:30:00,BUY,WIN,TP,1.6785544180990155,9.399407310893416,8.699407310893417,0.0003733135770297578,45.430951032004025,0.0004973957524616601,90.0
2025-07-08 07:35:00,2025-07-08 07:55:00,BUY,LOSS,SL,-1.4310068156770528,-5.976268064746136,-6.676268064746136,0.00027841787098312453,51.08930649443285,0.0007054191338087268,20.0
2025-07-08 08:00:00,2025-07-08 08:15:00,BUY,LOSS,SL,-1.4344267234124217,-5.943391515745165,-6.643391515745165,0.0002762261010496767,43.16765903267136,0.0006821425015781646,15.0
2025-07-08 08:50:00,2025-07-08 09:00:00,BUY,LOSS,SL,-1.494241271576742,-6.348936947941484,-7.048936947941484,0.0002832624631960261,41.840090823833066,0.0005222324989526683,10.0
2025-07-08 09:10:00,2025-07-08 10:00:00,BUY,WIN,TP,1.6221398009241244,8.156629434096464,7.456629434096464,0.0003352209811365469,42.59030685342541,0.00044658593990853923,50.0
2025-07-08 11:25:00,2025-07-08 11:45:00,BUY,LOSS,SL,-1.311645121225058,-7.575800349205884,-8.275800349205884,0.0003850533566136977,54.81514861286655,0.0008655782881408225,20.0
2025-07-08 11:50:00,2025-07-08 12:35:00,BUY,LOSS,SL,-1.3168206000344047,-7.481448743561912,-8.181448743561912,0.00037876324957079915,48.59352773763566,0.0008731281876561692,45.0
2025-07-08 14:20:00,2025-07-08 14:45:00,BUY,LOSS,SL,-1.3506748801166653,-6.932959621747535,-7.632959621747535,0.00034219730811647236,44.524493963412304,8.985958896756685e-05,25.0
2025-07-08 16:55:00,2025-07-08 17:05:00,SELL,WIN,TP,1.7779772202936444,14.41455242007741,13.71455242007741,0.0005404850806692116,46.52650868674839,-0.001131752257387042,10.0
2025-07-08 18:10:00,2025-07-08 18:15:00,SELL,LOSS,SL,-1.203370093396375,-10.650858894438041,-11.35085889443804,0.0005900572596292149,45.28408575519945,-0.0018668582987242388,5.0
2025-07-08 18:20:00,2025-07-08 20:00:00,SELL,LOSS,SL,-1.2200171726267293,-10.535689556939497,-11.235689556939496,0.000575712637129271,57.07407560836214,-0.0018527814519047059,100.0
2025-07-08 20:20:00,2025-07-08 20:55:00,SELL,LOSS,SL,-1.2015579171662665,-10.730435605341015,-11.430435605341014,0.000595362373689466,59.02335156579187,-0.001428973577674908,35.0
2025-07-08 21:25:00,2025-07-08 21:50:00,SELL,LOSS,SL,-1.305026885592959,-8.556799070718267,-9.256799070718266,0.0004371199380478272,58.169973309971176,-0.000908351829066234,25.0
2025-07-08 22:00:00,2025-07-09 05:35:00,SELL,WIN,TP,1.7131153207865921,10.748596215993246,10.048596215993246,0.00041828654053312734,58.95885466935062,-0.0006679833915628208,455.0
2025-07-09 07:35:00,2025-07-09 07:40:00,SELL,LOSS,SL,-1.5452327395419863,-5.9515662169591455,-6.651566216959146,0.0002567710811306833,45.546029643645625,-0.0007408952948633196,5.0
2025-07-09 07:45:00,2025-07-09 07:50:00,SELL,LOSS,SL,-1.5384159726738882,-6.000330054420475,-6.700330054420475,0.00026002200362797964,52.80019133563273,-0.0007449474671554768,5.0
2025-07-09 07:55:00,2025-07-09 08:10:00,SELL,LOSS,SL,-1.5134883841360236,-5.894927444882956,-6.5949274448829565,0.0002596618296588238,58.07835878973378,-0.0007327066010536232,15.0
2025-07-09 09:10:00,2025-07-09 09:35:00,SELL,LOSS,SL,-1.3995356462113537,-6.305230051607967,-7.005230051607967,0.0003003486701072133,54.36657351980794,-0.0005058245812321616,25.0
2025-07-09 09:45:00,2025-07-09 09:45:00,SELL,LOSS,SL,-1.3611377141762087,-6.784248194919161,-7.484248194919161,0.0003322832129946823,59.032483357158775,-0.0004073166654667837,0.0
2025-07-09 10:10:00,2025-07-09 10:15:00,SELL,LOSS,SL,-1.3340587426933703,-7.188273887063644,-7.888273887063644,0.00035921825913763503,55.47559704729288,-0.0002658235422927646,5.0
2025-07-09 10:30:00,2025-07-09 10:35:00,SELL,WIN,TP,1.681809895600301,9.513991070827089,8.81399107082709,0.0003771330356942391,54.605811624256056,-0.00018223808784023632,5.0
2025-07-09 11:30:00,2025-07-09 11:45:00,SELL,LOSS,SL,-1.278331784920864,-8.726385281653025,-9.426385281653024,0.000455092352110208,48.33087425031872,-0.0003646022658811976,15.0
2025-07-09 11:50:00,2025-07-09 13:35:00,SELL,WIN,TP,1.7302640661456938,11.546386403023657,10.846386403023658,0.0004448795467674754,54.78143088769901,-0.0003170649402139958,105.0
2025-07-09 15:15:00,2025-07-09 15:15:00,SELL,LOSS,SL,-1.2416364802121032,-9.249206338463466,-9.949206338463465,0.0004966137558975204,46.7364564511714,-0.0007281298037367101,0.0
2025-07-09 15:20:00,2025-07-09 15:55:00,SELL,LOSS,SL,-1.235097254099083,-9.456405885716478,-10.156405885716477,0.0005104270590477032,57.01056187836084,-0.0007141827109271581,35.0
2025-07-09 16:25:00,2025-07-09 17:15:00,SELL,LOSS,SL,-1.234032873223579,-9.491227199011497,-10.191227199011497,0.0005127484799340465,56.240789056429655,-0.0004899963781037631,50.0
2025-07-09 17:45:00,2025-07-09 19:25:00,SELL,WIN,TP,1.7802715972457928,14.583862781867985,13.883862781867986,0.0005461287593956091,59.21380137321172,-0.00023564722064062238,100.0
2025-07-09 19:45:00,2025-07-09 21:00:00,SELL,LOSS,SL,-1.3560610655710512,-6.8553126248531475,-7.555312624853148,0.0003370208416568798,47.08498355661808,-0.000362475245803795,75.0
2025-07-09 21:40:00,2025-07-09 22:10:00,SELL,LOSS,SL,-1.3811670989988536,-6.522338325442443,-7.222338325442443,0.0003148225550294433,53.010772316867374,-0.00019727406574343576,30.0
2025-07-09 23:10:00,2025-07-09 23:20:00,BUY,LOSS,SL,-1.499347663527413,-5.704964233893316,-6.404964233893316,0.0002536642822595361,52.72834553887466,0.0001218730053356154,10.0
2025-07-09 23:30:00,2025-07-09 23:50:00,BUY,WIN,TP,1.5446181030371526,6.105452597054552,5.405452597054552,0.00026351508656847057,44.24759268950038,0.00012846773496666408,20.0
2025-07-10 00:00:00,2025-07-10 00:00:00,BUY,LOSS,SL,-2.507644536144085,-13.47261921216281,-14.172619212162811,0.0003581746141441418,51.84373565259297,0.00016785850915446154,0.0
2025-07-10 00:05:00,2025-07-10 02:20:00,BUY,WIN,TP,0.9411708266077145,4.977721394016137,4.277721394016137,0.0003525907131338343,46.82791274156971,0.0001662116307705741,135.0
2025-07-10 04:15:00,2025-07-10 06:40:00,BUY,LOSS,SL,-1.3782749579464257,-6.558443460735062,-7.258443460735062,0.00031722956404907197,53.969799819454884,0.0011838611840331303,145.0
2025-07-10 06:50:00,2025-07-10 07:00:00,BUY,LOSS,SL,-1.607574488732069,-5.556366320420123,-6.256366320420123,0.00023042442136135018,46.118382534681224,0.0011455804475566378,10.0
2025-07-10 07:40:00,2025-07-10 08:30:00,BUY,WIN,TP,1.433681390616205,4.556845670179023,3.8568456701790232,0.00021189485567266558,40.28677610853305,0.0009470641987860962,50.0
2025-07-10 09:10:00,2025-07-10 09:35:00,BUY,LOSS,SL,-1.4898314286106848,-6.083037312800908,-6.783037312800908,0.0002722024875200851,46.26880822379198,0.0008690019397077364,25.0
2025-07-10 09:50:00,2025-07-10 10:40:00,BUY,LOSS,SL,-1.371520960536981,-6.644948714060049,-7.344948714060049,0.00032299658093732514,40.324449788976835,0.0007902014206617736,50.0
2025-07-10 10:50:00,2025-07-10 14:05:00,BUY,LOSS,SL,-1.3248821508570514,-7.340470583722534,-8.040470583722534,0.0003693647055814623,41.63177530503551,0.0006076652792565973,195.0
2025-07-10 16:05:00,2025-07-10 16:25:00,SELL,WIN,TP,1.6874278465738861,10.257193013990763,9.557193013990764,0.00040523976713299954,49.39742081386266,-0.0006985033809348007,20.0
2025-07-10 18:10:00,2025-07-10 22:40:00,SELL,LOSS,SL,-1.1747542697247924,-12.100177516890941,-12.80017751689094,0.0006866785011260468,46.11515367648451,-0.001900330915241888,270.0
2025-07-10 23:00:00,2025-07-10 23:55:00,SELL,LOSS,SL,-1.5065877143267004,-6.245382804616737,-6.945382804616737,0.0002763588536411795,58.901881543718495,-0.001335642762943401,55.0
2025-07-11 00:05:00,2025-07-11 00:35:00,SELL,LOSS,SL,-2.02286829708036,-8.50386477151924,-9.203864771519239,0.000280257651434558,53.30512040717834,-0.0010064575479529214,30.0
2025-07-11 00:50:00,2025-07-11 01:10:00,SELL,LOSS,SL,-1.4136766644280432,-6.151224409742116,-6.851224409742116,0.000290081627316092,59.45968090810347,-0.0008044874943720082,20.0
2025-07-11 02:05:00,2025-07-11 03:05:00,SELL,WIN,TP,1.3953258000455424,4.384375950365017,3.684375950365017,0.0002094791983454781,56.643514112219286,-0.0004137029837700812,60.0
2025-07-11 04:40:00,2025-07-11 10:15:00,SELL,LOSS,SL,-1.2482250736119853,-9.554343585652424,-10.254343585652423,0.0005102895723767661,49.35559755596998,-0.0011115260707892372,335.0
2025-07-11 10:50:00,2025-07-11 13:00:00,SELL,LOSS,SL,-1.2958720862715871,-7.883710101492112,-8.583710101492112,0.000405580673432765,59.044759040973176,-0.0006192773597006873,130.0
2025-07-11 13:10:00,2025-07-11 14:05:00,SELL,LOSS,SL,-1.3241185378253113,-7.3535237573178796,-8.05352375731788,0.00037023491715454604,58.87917691975652,-0.0002563305349703171,55.0
2025-07-11 14:20:00,2025-07-11 15:10:00,SELL,WIN,TP,1.6761895308205836,9.317614600661962,8.617614600661962,0.0003705871533553678,54.14562970720574,-5.257452421636444e-06,50.0
2025-07-11 15:25:00,2025-07-11 15:30:00,SELL,LOSS,SL,-1.3485799401912906,-7.737564814838336,-8.437564814838336,0.0003825043209892782,45.37674810560037,-2.3302592998319938e-05,5.0
2025-07-11 15:35:00,2025-07-11 16:35:00,SELL,LOSS,SL,-1.283944015340348,-8.139277825040402,-8.839277825040401,0.000422618521669324,58.86621803245291,-5.872266490403177e-06,60.0
2025-07-11 16:50:00,2025-07-11 17:00:00,BUY,LOSS,SL,-1.2140500523843794,-10.209248117200453,-10.909248117200452,0.0005606165411466376,54.90952418949272,0.0001231884348138479,10.0
2025-07-11 17:05:00,2025-07-11 17:15:00,BUY,LOSS,SL,-1.2237314399481747,-9.84536009966661,-10.54536009966661,0.0005363573399778394,45.39173400289052,0.00011103015187274856,10.0
2025-07-11 17:35:00,2025-07-11 18:30:00,SELL,LOSS,SL,-1.2128713594632763,-10.25581108016802,-10.955811080168019,0.0005637207386778004,50.62085809706724,-1.5857726820112106e-05,55.0
2025-07-11 19:00:00,2025-07-11 19:30:00,BUY,LOSS,SL,-1.2578188122730465,-8.781647243389234,-9.481647243389233,0.00046544314955930673,53.9311460536294,0.00020590238223738844,30.0
2025-07-11 19:35:00,2025-07-11 23:20:00,BUY,LOSS,SL,-1.2693425267791065,-8.482940200810617,-9.182940200810616,0.00044552934672065485,44.50165691532371,0.00020627988238408612,225.0
2025-07-11 23:45:00,2025-07-11 23:50:00,SELL,LOSS,SL,-1.537011528449212,-6.010530572899251,-6.710530572899251,0.0002607020381933507,49.33931339627114,-0.00011488116411229043,5.0
2025-07-11 23:55:00,2025-07-14 00:00:00,SELL,WIN,TP,1.634774921131626,8.05693537571608,7.35693537571608,0.0003285645125238518,59.20488206630171,-0.00011076825921008115,2885.0
2025-07-14 01:05:00,2025-07-14 03:15:00,SELL,LOSS,SL,-1.1845548050303174,-11.553200409516883,-12.253200409516882,0.0006502133606345158,54.00896130468642,-0.0006750936008070862,130.0
2025-07-14 04:50:00,2025-07-14 05:20:00,SELL,WIN,TP,1.6102613735447033,7.850124165430751,7.150124165430751,0.00032500413884770476,56.56831968875786,-3.739510645117683e-05,30.0
2025-07-14 06:25:00,2025-07-14 06:50:00,SELL,LOSS,SL,-1.4399545431193308,-6.873220399341138,-7.573220399341138,0.00031821469328937625,45.84454689357294,-0.000248069029171738,25.0
2025-07-14 06:55:00,2025-07-14 08:35:00,SELL,WIN,TP,1.567389129563925,7.246184673934454,6.546184673934454,0.00030820615579783443,49.64957465528218,-0.00029418465211628053,100.0
2025-07-14 10:10:00,2025-07-14 10:15:00,SELL,LOSS,SL,-1.3166347750464573,-7.48478304297404,-8.18478304297404,0.0003789855361983338,53.504889097789054,-0.0008888892978260454,5.0
2025-07-14 11:55:00,2025-07-14 12:30:00,SELL,LOSS,SL,-1.3315163211911418,-7.229596930650593,-7.929596930650593,0.00036197312871005794,55.355489464987,-0.0002440676847210721,35.0
2025-07-14 12:45:00,2025-07-14 13:00:00,SELL,LOSS,SL,-1.4041659692374258,-7.29588525466963,-7.99588525466963,0.00034639235031129115,59.039473755201385,-5.566133008505503e-05,15.0
2025-07-14 13:45:00,2025-07-14 15:30:00,BUY,LOSS,SL,-1.4037895555838271,-6.605421360522433,-7.305421360522433,0.00031369475736819815,52.150900863950845,0.00024869016816264633,105.0
2025-07-14 16:00:00,2025-07-14 16:05:00,BUY,LOSS,SL,-1.3793602607727165,-6.54483014202276,-7.24483014202276,0.0003163220094682418,45.585130176362554,0.00034033368817865117,5.0
2025-07-14 16:35:00,2025-07-14 17:30:00,BUY,WIN,TP,1.6796644367527336,9.438215212518998,8.738215212518998,0.0003746071737506315,44.24438207034582,0.00019216934236987449,55.0
2025-07-14 17:55:00,2025-07-14 18:35:00,BUY,WIN,TP,1.7331429670410299,11.690369581339311,10.990369581339312,0.0004496789860446345,44.87926991895397,0.00017261318304551132,40.0
2025-07-14 18:50:00,2025-07-14 18:50:00,BUY,LOSS,SL,-1.2166538439363388,-10.108184001244446,-10.808184001244445,0.0005538789334162947,43.347715348198285,0.00016888145706350777,0.0
2025-07-14 21:05:00,2025-07-14 21:30:00,SELL,LOSS,SL,-1.4241454300866931,-7.051131972754652,-7.751131972754652,0.00033007546485033546,46.00791882021188,-0.0008273152172650899,25.0
2025-07-14 21:35:00,2025-07-15 00:00:00,SELL,WIN,TP,1.5343998037244704,6.920614754025047,6.220614754025047,0.0003006871584674823,57.854228485996046,-0.0008606266892747794,145.0
2025-07-15 00:35:00,2025-07-15 03:00:00,SELL,LOSS,SL,-2.4498276472841254,-8.110738354997956,-8.810738354997955,0.0002207158903331957,49.61636401586695,-0.0007944365339647153,145.0
2025-07-15 03:55:00,2025-07-15 06:00:00,SELL,LOSS,SL,-1.58694218262141,-5.677865183621575,-6.377865183621576,0.0002385243455747855,57.95513873957266,-0.0004131930164574804,125.0
2025-07-15 06:10:00,2025-07-15 07:05:00,SELL,LOSS,SL,-1.5476607676945833,-5.934490480010277,-6.634490480010277,0.0002556326986674035,56.40879517081879,-0.00017020722418026324,55.0
2025-07-15 07:20:00,2025-07-15 08:20:00,BUY,WIN,TP,1.365143052819336,4.085600404745383,3.385600404745383,0.00019952001349150087,53.897127633824105,2.7555094895603816e-05,60.0
2025-07-15 09:30:00,2025-07-15 09:50:00,BUY,LOSS,SL,-1.519854840843888,-5.554866417932557,-6.254866417932557,0.00024365776119543138,49.56960793181556,0.0004169576434536193,20.0
2025-07-15 10:00:00,2025-07-15 10:00:00,BUY,LOSS,SL,-1.4059282812468035,-6.234280840130977,-6.9342808401309775,0.00029561872267533314,41.95722229206696,0.0004294862043006109,0.0
2025-07-15 10:20:00,2025-07-15 10:30:00,BUY,WIN,TP,1.664590055968571,8.933134374998343,8.233134374998343,0.0003577711458332499,43.98750199970015,0.0003646788325257777,10.0
2025-07-15 11:35:00,2025-07-15 13:15:00,BUY,LOSS,SL,-1.3206287075279328,-7.413970170912363,-8.113970170912363,0.0003742646780608083,51.915479169162786,0.0006083021449880821,100.0
2025-07-15 13:20:00,2025-07-15 14:10:00,BUY,LOSS,SL,-1.354134121463619,-6.88282001339122,-7.5828200133912205,0.00033885466755944905,40.297196833902724,0.0005622974730368213,50.0
2025-07-15 15:45:00,2025-07-15 15:50:00,SELL,LOSS,SL,-1.1810295884398756,-11.743125958096211,-12.44312595809621,0.0006628750638730911,46.917590309734585,-8.680925301196574e-05,5.0
2025-07-15 15:55:00,2025-07-15 16:30:00,SELL,WIN,TP,1.8270917343223612,19.020288642022788,18.32028864202279,0.0006940096214007742,54.68862976534283,-9.109073642754595e-05,35.0
2025-07-15 21:10:00,2025-07-16 02:20:00,SELL,LOSS,SL,-1.340086178385344,-7.092776109120378,-7.792776109120378,0.0003528517406080979,48.25305019879766,-0.003643625477233625,310.0
2025-07-16 03:15:00,2025-07-16 03:25:00,SELL,LOSS,SL,-1.727008749365314,-4.5134486024531615,-5.213448602453162,0.00017422990683022167,46.18830099600266,-0.0020485845098494604,10.0
2025-07-16 03:30:00,2025-07-16 03:35:00,SELL,LOSS,SL,-1.643674253644662,-4.596445546497939,-5.296445546497939,0.00018642970309983286,57.91596114541326,-0.00198388213765055,5.0
2025-07-16 03:55:00,2025-07-16 04:15:00,SELL,LOSS,SL,-1.512188602944772,-5.314330443221691,-6.0143304432216915,0.00023428869621484614,58.77680779000669,-0.0018190930383377157,20.0
2025-07-16 05:05:00,2025-07-16 06:20:00,SELL,LOSS,SL,-1.5347808541486674,-5.452857184883074,-6.152857184883074,0.00023685714565889492,55.403413430154124,-0.0013630806614064461,75.0
2025-07-16 06:35:00,2025-07-16 06:45:00,SELL,WIN,TP,1.2687179098022545,3.6433377027793497,2.9433377027793495,0.0001914445900926548,58.42927778422225,-0.0010178071390534171,10.0
2025-07-16 06:55:00,2025-07-16 07:05:00,SELL,LOSS,SL,-1.5692806200182339,-4.961885257823016,-5.661885257823016,0.00021079235052154523,45.7889724529518,-0.0009792805665869153,10.0
2025-07-16 07:10:00,2025-07-16 07:45:00,SELL,LOSS,SL,-1.6279886165181534,-5.1847711047516825,-5.884771104751683,0.00021231807365010305,57.334844962545965,-0.0009297723232442046,35.0
2025-07-16 08:15:00,2025-07-16 08:50:00,SELL,LOSS,SL,-1.6274061703902605,-4.928341271840152,-5.628341271840152,0.00020188941812263527,58.3059321691418,-0.0006417181138425043,35.0
2025-07-16 09:50:00,2025-07-16 09:55:00,SELL,LOSS,SL,-1.5303414825175268,-6.059712881653754,-6.759712881653754,0.00026398085877690574,54.02362492466824,-0.00023667954925921109,5.0
2025-07-16 10:15:00,2025-07-16 10:40:00,SELL,WIN,TP,1.566036058965561,6.856487902985554,6.156487902985554,0.0002918829300995484,57.180692513999595,-0.00010999532717193006,25.0
2025-07-16 11:00:00,2025-07-16 11:10:00,SELL,LOSS,SL,-1.3532904901366767,-6.894957408289247,-7.594957408289247,0.0003396638272192961,46.86032871757797,-7.670234687129351e-05,10.0
2025-07-16 11:15:00,2025-07-16 13:15:00,SELL,WIN,TP,1.6693748278141034,9.08846313849201,8.38846313849201,0.0003629487712830784,54.614970177641354,-6.096973514968518e-05,120.0
2025-07-16 13:35:00,2025-07-16 14:50:00,SELL,WIN,TP,1.6054267012060872,7.3237800707855145,6.623780070785514,0.0003041260023594972,49.65059676016608,-0.0001309159320581621,75.0
2025-07-16 15:35:00,2025-07-16 15:55:00,SELL,WIN,TP,1.7511225139601132,12.664948426162749,11.96494842616275,0.00048216494753874835,51.91306524071692,-0.0005247269975887647,20.0
2025-07-16 17:55:00,2025-07-16 18:00:00,SELL,LOSS,SL,-1.1294780532487871,-15.701969907914592,-16.40196990791459,0.0009267979938609257,59.157618626716065,-0.0018852688369095372,5.0
2025-07-16 19:00:00,2025-07-17 09:20:00,BUY,LOSS,SL,-1.0567831246055384,-33.49955884788411,-34.19955884788411,0.0021133039231922674,49.72658635095328,0.00033915739854939453,860.0
2025-07-17 10:45:00,2025-07-17 11:25:00,SELL,LOSS,SL,-1.2211237989409118,-9.940236413363145,-10.640236413363144,0.0005426824275574846,49.397988195436156,-0.0014827965131665177,40.0
2025-07-17 11:40:00,2025-07-17 13:10:00,SELL,WIN,TP,1.7463283907197957,12.391576306907815,11.691576306907816,0.0004730525435635706,55.64463451482112,-0.0014774982636645007,90.0
2025-07-17 15:15:00,2025-07-17 15:30:00,SELL,WIN,TP,1.7074512805991457,10.505642654586445,9.805642654586446,0.0004101880884862471,49.5668203860749,-0.0018273062544906793,15.0
2025-07-17 15:40:00,2025-07-17 15:45:00,SELL,LOSS,SL,-1.191557495041184,-11.19665659969613,-11.89665659969613,0.0006264437733130838,47.00423479671214,-0.001847330266598668,5.0
2025-07-17 15:50:00,2025-07-17 18:50:00,SELL,LOSS,SL,-1.1859597279357212,-11.479515129330519,-12.179515129330518,0.0006453010086220026,59.46597344845903,-0.0018149381694574362,180.0
2025-07-17 19:00:00,2025-07-17 21:20:00,SELL,WIN,TP,1.7513189982288986,12.676377263903383,11.976377263903384,0.00048254590879678313,57.08883125403149,-0.00100743711398521,140.0
2025-07-17 21:35:00,2025-07-17 22:10:00,SELL,LOSS,SL,-1.3614611666577014,-6.779788054810807,-7.4797880548108076,0.00033198587032077105,47.52811357091833,-0.0008610430031152916,35.0
2025-07-17 22:15:00,2025-07-17 22:30:00,SELL,LOSS,SL,-1.3661882829543153,-6.715504082976252,-7.415504082976252,0.0003277002721983854,59.48171672908357,-0.0008113657761381621,15.0
2025-07-17 23:25:00,2025-07-18 01:00:00,SELL,LOSS,SL,-1.4747568425733992,-5.591414548641736,-6.291414548641736,0.0002527609699093804,57.75016339807883,-0.0004340326531606653,95.0
2025-07-18 04:30:00,2025-07-18 04:45:00,BUY,WIN,TP,1.5150303582235123,6.560335901875538,5.860335901875538,0.00028867786339582666,54.08588208769082,0.0011431554347454131,15.0
2025-07-18 05:10:00,2025-07-18 07:10:00,BUY,LOSS,SL,-1.3776847988700078,-6.930649911472729,-7.630649911472729,0.00033537666076489134,54.330715925762235,0.0012966217230880872,120.0
2025-07-18 07:50:00,2025-07-18 08:15:00,BUY,LOSS,SL,-1.7006370295775268,-5.339999610535238,-6.039999610535238,0.00020933330736907452,40.68053013224744,0.0011789999588320832,25.0
2025-07-18 08:45:00,2025-07-18 09:00:00,BUY,LOSS,SL,-1.5337170903461865,-5.459938466215496,-6.159938466215496,0.0002373292310810997,43.40280407632674,0.0009138249441298374,15.0
2025-07-18 09:15:00,2025-07-18 10:00:00,BUY,WIN,TP,1.5516861217226252,6.2300882360284655,5.530088236028465,0.000267669607867644,46.58656820307819,0.000793273074699119,45.0
2025-07-18 10:50:00,2025-07-18 11:00:00,BUY,WIN,TP,1.6309865303950755,8.83971271910178,8.13971271910178,0.00036132375730337646,53.090310844188984,0.0007654865404185252,10.0
2025-07-18 12:25:00,2025-07-18 15:05:00,BUY,WIN,TP,1.6837213480114643,9.582367976358054,8.882367976358054,0.00037941226587863414,54.712948157407936,0.0012573817033878498,160.0
2025-07-18 15:30:00,2025-07-18 16:20:00,BUY,WIN,TP,1.734190974272389,11.743558162276702,11.043558162276703,0.0004514519387425307,54.88901001854944,0.0015627089227925328,50.0
2025-07-18 16:40:00,2025-07-18 17:00:00,BUY,WIN,TP,1.7645045895347138,14.236195573799305,13.536195573799306,0.0005378731857933387,51.979488865366285,0.001783037737476123,20.0
2025-07-18 17:15:00,2025-07-18 17:55:00,BUY,LOSS,SL,-1.1951682011222815,-11.022813909486317,-11.722813909486316,0.0006148542606324597,51.45823502414735,0.001881499263578279,40.0
2025-07-18 18:00:00,2025-07-18 19:15:00,BUY,LOSS,SL,-1.2226609287076664,-9.884040655211844,-10.584040655211844,0.0005389360436808172,43.40207090322077,0.0017548038145829281,75.0
2025-07-18 21:00:00,2025-07-18 21:15:00,BUY,LOSS,SL,-1.3968873107378792,-7.39117445477345,-8.09117445477345,0.00035274496365156636,41.13696608940651,0.00031374951385299,15.0
2025-07-18 23:00:00,2025-07-18 23:05:00,SELL,LOSS,SL,-1.5758831513312674,-6.020219422836502,-6.720219422836502,0.00025468129485574955,49.7784136573061,-0.00041736189462637796,5.0
2025-07-18 23:10:00,2025-07-21 00:05:00,SELL,LOSS,SL,-1.5849357036305294,-5.690138175812995,-6.390138175812996,0.00023934254505418565,59.89935269214418,-0.0004176993012956487,2935.0
2025-07-21 00:15:00,2025-07-21 00:40:00,SELL,LOSS,SL,-1.7954998063868344,-11.2853566523291,-11.985356652329099,0.0004190237768219046,58.272775246925356,-0.000384839785317892,25.0
2025-07-21 01:05:00,2025-07-21 03:10:00,SELL,LOSS,SL,-1.243523482814554,-9.191484300389718,-9.891484300389717,0.0004927656200259948,49.20988436062583,-0.000248805955947784,125.0
2025-07-21 03:20:00,2025-07-21 03:50:00,SELL,WIN,TP,1.6411957170773213,8.23332505029153,7.53332505029153,0.00033444416834304115,55.02524361336843,-0.00013192701207587199,30.0
2025-07-21 04:15:00,2025-07-21 07:55:00,SELL,LOSS,SL,-1.407530306301068,-7.252990998535944,-7.952990998535944,0.00034353273323569066,46.52513847912047,-0.0002438619443112522,220.0
2025-07-21 09:05:00,2025-07-21 09:10:00,SELL,LOSS,SL,-1.5688195424144293,-5.516053600252089,-6.216053600252089,0.00023440357335020417,57.99648755279786,-1.1740309146412997e-05,5.0
2025-07-21 09:20:00,2025-07-21 09:30:00,BUY,WIN,TP,1.5599829572052546,6.381501282620296,5.681501282620296,0.00027271670942069466,50.99591278998327,2.9096679796891678e-05,10.0
2025-07-21 10:35:00,2025-07-21 11:30:00,BUY,WIN,TP,1.6510456897427135,8.51653684789191,7.81653684789191,0.00034388456159640434,50.53982461448541,0.00042037308566311715,55.0
2025-07-21 11:55:00,2025-07-21 13:15:00,BUY,LOSS,SL,-1.303003570915683,-8.170553162981419,-8.870553162981418,0.0004180368775320912,51.831063780939076,0.0006435839578626812,80.0
2025-07-21 13:25:00,2025-07-21 14:00:00,BUY,WIN,TP,1.664776486325812,8.93910347320961,8.23910347320961,0.00035797011577368956,44.516354004267995,0.0006634881020270988,35.0
2025-07-21 16:05:00,2025-07-21 17:00:00,BUY,WIN,TP,1.6815703823032628,9.505481022900742,8.805481022900743,0.00037684936742998873,51.02943313556001,0.0015100903036067148,55.0
2025-07-21 19:20:00,2025-07-21 20:20:00,BUY,LOSS,SL,-1.2387663319214484,-9.338751320232962,-10.038751320232961,0.0005025834213488402,51.14026181727346,0.002980324763998121,60.0
2025-07-21 20:40:00,2025-07-22 00:00:00,BUY,LOSS,SL,-1.282919374552896,-8.162236601309413,-8.862236601309412,0.00042414910675391096,45.6247526623652,0.002844935295116091,200.0
2025-07-22 00:05:00,2025-07-22 03:10:00,BUY,LOSS,SL,-1.662910652458692,-7.525496745109159,-8.225496745109158,0.0003016997830073154,45.31584539469975,0.0019176469064181578,185.0
2025-07-22 03:30:00,2025-07-22 04:35:00,BUY,LOSS,SL,-1.5117313906032197,-5.612885382622933,-6.312885382622933,0.0002475256921748438,44.78989524257952,0.0012699979229737757,65.0
2025-07-22 04:50:00,2025-07-22 10:50:00,BUY,LOSS,SL,-1.4284789534672484,-6.334290143366937,-7.034290143366937,0.000295619342891188,45.84724726058178,0.0009581444416890683,360.0
2025-07-22 10:55:00,2025-07-22 11:05:00,BUY,WIN,TP,1.590784592480082,8.163543167776668,7.463543167776668,0.0003421181055925648,42.85246975273308,0.00037143556147034573,10.0
2025-07-22 11:15:00,2025-07-22 11:35:00,BUY,WIN,TP,1.655822109732018,9.140802176565112,8.440802176565112,0.00036802673921880463,53.23100525217076,0.0003711209307657448,20.0
2025-07-22 12:35:00,2025-07-22 13:00:00,BUY,WIN,TP,1.6110094774990211,8.283026882726976,7.583026882726975,0.00034276756275758137,54.44789950419006,0.0006256704127889368,25.0
2025-07-22 13:35:00,2025-07-22 14:25:00,BUY,LOSS,SL,-1.407471327353193,-6.908320820979917,-7.608320820979917,0.0003272213880652917,53.299328321922665,0.000855728192226568,50.0
2025-07-22 14:35:00,2025-07-22 15:15:00,BUY,LOSS,SL,-1.4031635849416981,-6.612727217848212,-7.312727217848212,0.0003141818145232865,45.57428906918923,0.0008657964774414495,40.0
2025-07-22 16:25:00,2025-07-22 17:40:00,BUY,WIN,TP,1.7563994184200324,12.978289840897684,12.278289840897685,0.0004926096613632246,47.039303640328924,0.000391204479962326,75.0
2025-07-22 20:30:00,2025-07-23 02:35:00,BUY,LOSS,SL,-1.2419590146406427,-9.239276452143596,-9.939276452143595,0.0004959517634762881,53.44745275862127,0.002719557754250257,365.0
2025-07-23 03:25:00,2025-07-23 04:00:00,BUY,WIN,TP,1.566690080014478,7.231268003588866,6.531268003588866,0.0003077089334529421,41.50698335777067,0.001525117892215544,35.0
2025-07-23 04:05:00,2025-07-23 04:40:00,BUY,LOSS,SL,-1.3170939380686766,-7.891915239920154,-8.591915239920153,0.00039946101599474106,47.75653103526254,0.0013675676589015584,35.0
2025-07-23 04:55:00,2025-07-23 07:20:00,BUY,LOSS,SL,-1.3043178006583422,-7.714869245591259,-8.414869245591259,0.0003943246163727742,46.81909882140614,0.001096848917317761,145.0
2025-07-23 07:30:00,2025-07-23 08:35:00,BUY,LOSS,SL,-1.3969216650367655,-6.334899851922347,-7.034899851922347,0.000302326656794827,44.40993372180362,0.0006490285772684512,65.0
2025-07-23 08:50:00,2025-07-23 09:55:00,BUY,WIN,TP,1.597715562332832,7.148892034899014,6.448892034899014,0.0002982964011633317,40.378597043713356,0.00037104087528816443,65.0
2025-07-23 10:40:00,2025-07-23 11:35:00,BUY,LOSS,SL,-1.2579074833901474,-8.779246884732949,-9.479246884732948,0.00046528312564889676,51.96958577220653,0.00041864288323556487,55.0
2025-07-23 11:40:00,2025-07-23 13:50:00,BUY,LOSS,SL,-1.2626819097693804,-8.652394219230008,-9.352394219230007,0.0004568262812819857,40.66021516271373,0.00039536147021013157,130.0
2025-07-23 14:45:00,2025-07-23 16:00:00,SELL,WIN,TP,1.666381405498527,8.9907654409356,8.290765440935601,0.000359692181364516,51.366706702768184,-0.00014786799407184859,75.0
2025-07-23 16:15:00,2025-07-23 16:35:00,SELL,WIN,TP,1.7226858128883848,11.181665444138368,10.481665444138368,0.00043272218147125986,48.02428810770663,-0.0003658300613804677,20.0
2025-07-23 16:55:00,2025-07-23 17:00:00,SELL,LOSS,SL,-1.274112885511748,-9.296264078451298,-9.996264078451297,0.0004864176052300457,50.743249981991205,-0.000506490664790693,5.0
2025-07-23 17:15:00,2025-07-23 17:50:00,SELL,LOSS,SL,-1.2576994769834298,-9.272929205138324,-9.972929205138323,0.000491528613675944,56.535367442002034,-0.0004385754533735575,35.0
2025-07-23 18:00:00,2025-07-23 18:15:00,SELL,LOSS,SL,-1.2280701839339794,-9.692307398327248,-10.392307398327247,0.000526153826555216,57.40203749104986,-0.0003127580141069064,15.0
2025-07-23 18:25:00,2025-07-23 18:55:00,SELL,LOSS,SL,-1.239992429533278,-9.300236584547793,-10.000236584547793,0.0005000157723031348,58.53723437494738,-0.00018165166642103436,30.0
2025-07-23 20:55:00,2025-07-23 22:05:00,BUY,WIN,TP,1.821574679943594,18.37650857435438,17.67650857435438,0.0006725502858118342,52.55798360286051,0.0009187155962022686,70.0
2025-07-23 23:40:00,2025-07-23 23:50:00,BUY,LOSS,SL,-1.4876744226926755,-5.796041932052175,-6.496041932052175,0.0002597361288034335,51.136186396624154,0.0018606433643220122,10.0
2025-07-23 23:55:00,2025-07-23 23:55:00,BUY,LOSS,SL,-1.4184337972732721,-7.118715060027823,-7.818715060027823,0.0003345810040018582,50.36106153379581,0.001862697114421108,0.0
2025-07-24 00:00:00,2025-07-24 02:15:00,BUY,WIN,TP,0.6858687339595358,3.5490422543384144,2.8490422543384133,0.0003449680751445852,42.083373800548024,0.001848849311687717,135.0
2025-07-24 02:55:00,2025-07-24 03:00:00,BUY,LOSS,SL,-1.551882911144434,-5.061561399441337,-5.761561399441337,0.0002174374266293976,54.22160961619451,0.0017287433032500132,5.0
2025-07-24 03:20:00,2025-07-24 03:30:00,BUY,LOSS,SL,-1.4768489142903172,-5.574780535421573,-6.2747805354215735,0.00025165203569478897,42.87874065734325,0.0016182271818609983,10.0
2025-07-24 03:55:00,2025-07-24 04:30:00,BUY,WIN,TP,1.5900676019201325,6.9819357944529665,6.281935794452966,0.00029273119314844495,45.6027890967033,0.0014172505566922844,35.0
2025-07-24 05:00:00,2025-07-24 09:05:00,BUY,LOSS,SL,-1.3901314922389358,-6.413829018698112,-7.113829018698112,0.0003075886012465534,54.47679656459817,0.001363955203256273,245.0
2025-07-24 10:15:00,2025-07-24 10:35:00,BUY,LOSS,SL,-1.3545483124784303,-6.876882153005613,-7.576882153005613,0.0003384588102003351,45.81625911742377,0.0005299584222346887,20.0
2025-07-24 10:45:00,2025-07-24 10:50:00,BUY,LOSS,SL,-1.3599237560294224,-7.556732409284226,-8.256732409284226,0.00037044882728554774,44.001899875582495,0.0004113660609643688,5.0
2025-07-24 11:00:00,2025-07-24 12:05:00,BUY,LOSS,SL,-1.366129556912832,-7.835674600289009,-8.535674600289008,0.00038237830668599166,41.0593644466407,0.00032469491674036455,65.0
2025-07-24 14:15:00,2025-07-24 14:45:00,SELL,LOSS,SL,-1.5144410874755476,-6.182100071565175,-6.8821000715651754,0.00027214000477104226,46.68114193047004,-0.0005930353202490135,30.0
2025-07-24 14:50:00,2025-07-24 15:30:00,SELL,WIN,TP,1.6313709451094007,7.96591495500001,7.26591495500001,0.00032553049850003333,58.63652858005958,-0.0006591051762987465,40.0
2025-07-24 16:10:00,2025-07-24 16:10:00,SELL,LOSS,SL,-1.188861123386537,-11.330812735429884,-12.030812735429883,0.0006353875156953392,57.31916425955439,-0.0008426546154935988,0.0
2025-07-24 16:20:00,2025-07-24 16:25:00,SELL,LOSS,SL,-1.1766289683453386,-11.990853838203396,-12.690853838203395,0.0006793902558801657,59.71067384624057,-0.0007887288741981191,5.0
2025-07-24 17:25:00,2025-07-25 00:00:00,SELL,WIN,TP,1.8581508247712581,23.579068959681116,22.879068959681117,0.0008459689653227104,54.434883843664934,-2.763052799492627e-05,395.0
2025-07-25 00:55:00,2025-07-25 02:00:00,SELL,LOSS,SL,-1.3813736994113743,-7.606410125399874,-8.306410125399873,0.00036709400835999205,46.76661609854873,-0.0005584421240680815,65.0
2025-07-25 02:30:00,2025-07-25 02:50:00,SELL,LOSS,SL,-1.4911496251545642,-5.464870963575595,-6.164870963575595,0.0002443247309050298,58.052727897535334,-0.0005891326958260557,20.0
2025-07-25 03:00:00,2025-07-25 03:45:00,SELL,LOSS,SL,-1.4508140381500376,-5.792777171240025,-6.492777171240025,0.00026618514474930103,56.910603824053204,-0.000532178445191045,45.0
2025-07-25 03:50:00,2025-07-25 04:10:00,SELL,WIN,TP,1.5734635795027687,6.640076455378254,5.940076455378254,0.0002813358818459547,53.03274437266815,-0.00045049610308800503,20.0
2025-07-25 06:35:00,2025-07-25 06:45:00,SELL,LOSS,SL,-1.5410315439844509,-5.696642131567618,-6.396642131567618,0.00024644280877112324,47.0381973918578,-0.0009050466702305027,10.0
2025-07-25 06:50:00,2025-07-25 07:35:00,SELL,WIN,TP,1.4290602563748709,5.005993267530375,4.305993267530375,0.00023353310891768448,58.484485117524095,-0.0008880534254496197,45.0
2025-07-25 07:55:00,2025-07-25 08:35:00,SELL,LOSS,SL,-1.5849393380192731,-5.690115869298582,-6.390115869298582,0.00023934105795329598,48.8410581093209,-0.0008620705844077925,40.0
2025-07-25 08:40:00,2025-07-25 08:55:00,SELL,LOSS,SL,-1.4607639960745638,-5.7065552329065055,-6.406555232906506,0.0002604370155270375,56.531321918848796,-0.0008378065511192023,15.0
2025-07-25 09:10:00,2025-07-25 09:30:00,SELL,LOSS,SL,-1.3944018426482008,-6.717421711933445,-7.417421711933446,0.00032116144746222795,56.92579184348295,-0.000735383658969635,20.0
2025-07-25 09:55:00,2025-07-25 10:15:00,SELL,LOSS,SL,-1.309233632669185,-7.620841622119488,-8.320841622119488,0.00038805610814130316,55.05951575041364,-0.0004722647083157394,20.0
2025-07-25 10:20:00,2025-07-25 11:10:00,SELL,WIN,TP,1.7185675100916966,10.991700066943078,10.29170006694308,0.00042639000223140643,59.72686004785509,-0.00036693107742413744,50.0
2025-07-25 11:35:00,2025-07-25 12:05:00,SELL,WIN,TP,1.7124012505496344,11.908266317737006,11.208266317737007,0.0004636088772579184,50.91747025499425,-0.0002325235774105483,30.0
2025-07-25 13:35:00,2025-07-25 13:50:00,SELL,WIN,TP,1.6140154383609175,8.363108780864216,7.663108780864216,0.0003454369593621133,45.44805890313486,-0.0006499454432502549,15.0
2025-07-25 15:10:00,2025-07-25 15:45:00,SELL,WIN,TP,1.6660110863410427,9.976445434007665,9.276445434007666,0.0003992148478002215,45.66660657331995,-0.001215645723572134,35.0
2025-07-25 16:10:00,2025-07-25 17:15:00,SELL,LOSS,SL,-1.1972230130981383,-10.92672396453207,-11.626723964532069,0.0006084482643021134,49.04644837782229,-0.00138324246780952,65.0
2025-07-25 17:35:00,2025-07-25 20:35:00,SELL,LOSS,SL,-1.1876587715325866,-11.391877775281255,-12.091877775281255,0.0006394585183520711,57.37406123126688,-0.0012783942133500759,180.0
2025-07-25 21:35:00,2025-07-25 21:45:00,SELL,LOSS,SL,-1.4618186935571778,-6.330703862580609,-7.0307038625806095,0.00028871359083873976,59.22498400418794,-0.0003829872293517056,10.0
2025-07-25 23:05:00,2025-07-25 23:20:00,BUY,LOSS,SL,-1.5003718713701066,-5.397324516007028,-6.097324516007028,0.0002398216344004827,49.641447322582565,9.179618513455168e-05,15.0
2025-07-25 23:25:00,2025-07-28 00:00:00,BUY,WIN,TP,1.467622311601529,4.962116592131662,4.262116592131662,0.0002254038864044183,41.092621191828876,0.00010107442503315411,2915.0
2025-07-28 01:10:00,2025-07-28 03:15:00,BUY,WIN,TP,1.7446649487955537,12.299121851913753,11.599121851913754,0.0004699707283970927,54.685467352922466,0.0006741060372841279,125.0
2025-07-28 03:35:00,2025-07-28 04:35:00,BUY,LOSS,SL,-1.2735430094894198,-8.380318039783873,-9.080318039783872,0.00043868786931895075,51.96587297637836,0.0010706720524009672,60.0
2025-07-28 04:40:00,2025-07-28 04:50:00,BUY,LOSS,SL,-1.2862019955872448,-8.089264322936195,-8.789264322936194,0.0004192842881957317,40.466927835607464,0.0011057951986201964,10.0
2025-07-28 04:55:00,2025-07-28 05:05:00,BUY,LOSS,SL,-1.296924820519848,-7.8621405675975735,-8.562140567597574,0.00040414270450657403,40.92484169105123,0.001029440865743636,10.0
2025-07-28 05:30:00,2025-07-28 08:10:00,BUY,LOSS,SL,-1.3325770031583597,-7.2122804129752565,-7.912280412975257,0.0003608186941983812,40.620339442455546,0.0008301207980747627,160.0
2025-07-28 15:05:00,2025-07-28 16:20:00,SELL,WIN,TP,1.8268362522625965,18.989570837074222,18.289570837074223,0.0006929856945691491,53.00615570247108,-0.004172187215744971,75.0
2025-07-28 17:30:00,2025-07-28 18:15:00,SELL,WIN,TP,1.810369854372243,17.1843233420639,16.484323342063902,0.0006328107780687821,50.07147249129839,-0.004319882417277876,45.0
2025-07-28 22:00:00,2025-07-29 03:55:00,SELL,WIN,TP,1.6338975969701697,8.033314313718588,7.333314313718588,0.00032777714379065654,47.78318598650312,-0.005218816046367314,355.0
2025-07-29 04:20:00,2025-07-29 04:40:00,SELL,LOSS,SL,-1.4124041365367592,-6.164650692196825,-6.864650692196825,0.0002909767128130491,53.24545917336829,-0.003019273870465522,20.0
2025-07-29 04:55:00,2025-07-29 05:15:00,SELL,LOSS,SL,-1.3799686606440007,-6.537232794276291,-7.2372327942762915,0.0003158155196183991,51.95818665765729,-0.002773987947224388,20.0
2025-07-29 05:20:00,2025-07-29 06:30:00,SELL,WIN,TP,1.6059183655553464,7.335163086382292,6.635163086382292,0.00030450543621271097,57.54675756625303,-0.002605892052518266,70.0
2025-07-29 08:00:00,2025-07-29 08:55:00,SELL,WIN,TP,1.647678934972717,8.417952763411641,7.717952763411641,0.00034059842544706046,57.35137591258956,-0.0022633859373564214,55.0
2025-07-29 09:15:00,2025-07-29 09:30:00,SELL,WIN,TP,1.6959706374270818,10.040961575348973,9.340961575348974,0.0003946987191783049,52.340420250768396,-0.0020942264442018743,15.0
2025-07-29 11:00:00,2025-07-29 11:10:00,SELL,LOSS,SL,-1.1599716058906357,-13.051996815175858,-13.751996815175858,0.0007501331210117163,50.323497483959066,-0.003151091158192454,10.0
2025-07-29 11:15:00,2025-07-29 12:20:00,SELL,LOSS,SL,-1.1673457747684908,-12.556172377164309,-13.256172377164308,0.0007170781584776646,58.8289907033579,-0.003075836073033189,65.0
2025-07-29 12:50:00,2025-07-29 13:25:00,SELL,LOSS,SL,-1.2106970641548882,-10.343071101725364,-11.043071101725364,0.0005695380734482992,58.36190500006567,-0.002207832781978558,35.0
2025-07-29 13:35:00,2025-07-29 14:05:00,SELL,WIN,TP,1.7729149553212489,14.05309153710579,13.35309153710579,0.0005284363845701693,59.33313375309714,-0.0017738162370075639,30.0
2025-07-29 16:50:00,2025-07-29 16:55:00,SELL,LOSS,SL,-1.1929026992966982,-11.131129147298612,-11.831129147298611,0.0006220752764865741,50.443774396856796,-0.0029679047677138026,5.0
2025-07-29 17:05:00,2025-07-29 19:45:00,SELL,LOSS,SL,-1.1701538893235646,-12.378659160573878,-13.078659160573878,0.0007052439440382618,50.02656886213323,-0.002922844095035293,160.0
2025-07-29 19:55:00,2025-07-29 20:15:00,SELL,LOSS,SL,-1.2380446654054753,-9.361606125194854,-10.061606125194853,0.000504107075012988,58.02116244845407,-0.00232320491499749,20.0
2025-07-29 20:35:00,2025-07-30 03:15:00,SELL,LOSS,SL,-1.2298381607320612,-9.63159765230801,-10.331597652308009,0.0005221065101539306,57.55213763725978,-0.001956376348303701,400.0
2025-07-30 04:25:00,2025-07-30 07:00:00,BUY,LOSS,SL,-1.425381337352116,-6.366580531781173,-7.066580531781173,0.0002977720354521147,54.84347768476683,3.968189149272661e-06,155.0
2025-07-30 07:35:00,2025-07-30 07:50:00,BUY,LOSS,SL,-1.4405467917735193,-6.212822237000358,-6.912822237000358,0.0002875214824666184,41.90416240770107,0.00021350208541837112,15.0
2025-07-30 08:25:00,2025-07-30 08:50:00,BUY,LOSS,SL,-1.4804615977928026,-5.854530411438562,-6.554530411438562,0.0002636353607625741,48.50522000037668,2.2979032458625426e-05,25.0
2025-07-30 09:25:00,2025-07-30 09:40:00,SELL,LOSS,SL,-1.3246055963913486,-7.345190902469521,-8.045190902469521,0.0003696793934980129,45.60004737880688,-0.00017554795580498883,15.0
2025-07-30 09:45:00,2025-07-30 09:50:00,SELL,LOSS,SL,-1.3273729785609307,-7.298315737335613,-7.998315737335613,0.00036655438248898835,52.6905130668017,-0.00018018885557102848,5.0
2025-07-30 09:55:00,2025-07-30 10:05:00,SELL,LOSS,SL,-1.3393600446387963,-7.8934457122927775,-8.593445712292777,0.0003928963808195771,59.88825550193796,-0.00016808347113150823,10.0
2025-07-30 10:15:00,2025-07-30 12:45:00,SELL,WIN,TP,1.7365844824704797,11.866620834487108,11.166620834487109,0.0004555540278162193,57.86896514704706,-0.00010049331359529567,150.0
2025-07-30 13:00:00,2025-07-30 13:35:00,SELL,WIN,TP,1.6921659199778778,9.89461158992302,9.19461158992302,0.00038982038633080185,46.79080806464011,-0.00017661403047641855,35.0
2025-07-30 17:45:00,2025-07-30 21:00:00,SELL,LOSS,SL,-1.1775378842601945,-11.938681146847351,-12.63868114684735,0.0006759120764564285,45.32720966522646,-0.0037047580664224533,195.0
2025-07-30 21:20:00,2025-07-30 21:30:00,SELL,LOSS,SL,-1.2208735642609778,-9.94945874587858,-10.64945874587858,0.0005432972497252854,56.5000445374548,-0.0032130442718967256,10.0
2025-07-31 01:05:00,2025-07-31 01:45:00,SELL,LOSS,SL,-1.220073655092964,-9.979079859602646,-10.679079859602645,0.0005452719906402041,53.58998049439953,-0.005372898186924102,40.0
2025-07-31 02:15:00,2025-07-31 02:35:00,SELL,LOSS,SL,-1.3079834317315588,-7.644470236207044,-8.344470236207044,0.00038963134908050895,54.18339598756099,-0.004807761261689247,20.0
2025-07-31 04:10:00,2025-07-31 04:35:00,SELL,LOSS,SL,-1.3329227764224396,-7.20665922392769,-7.90665922392769,0.00036044394826180795,49.77358656367776,-0.0034884415334697216,25.0
2025-07-31 04:50:00,2025-07-31 06:25:00,SELL,WIN,TP,1.7208020416533678,11.094077096117228,10.394077096117229,0.00042980256987057197,50.20628557826961,-0.003146880870144253,95.0
2025-07-31 06:45:00,2025-07-31 07:35:00,SELL,LOSS,SL,-1.2276040808314028,-9.708469801705121,-10.40846980170512,0.0005272313201136165,45.1366829610224,-0.0027483302947393096,50.0
2025-07-31 07:40:00,2025-07-31 07:55:00,SELL,LOSS,SL,-1.3044682630778304,-7.711946229810727,-8.411946229810727,0.0003941297486541021,58.79914595323506,-0.002513036519580014,15.0
2025-07-31 08:35:00,2025-07-31 09:05:00,SELL,LOSS,SL,-1.3074891724837747,-7.653864659559615,-8.353864659559616,0.00039025764397058885,59.93551811783735,-0.001975637000138253,30.0
2025-07-31 09:10:00,2025-07-31 09:15:00,SELL,LOSS,SL,-1.2966018661283494,-8.305893613554703,-9.005893613554703,0.000427059574236989,59.159728065651414,-0.0016935980717296406,5.0
2025-07-31 10:05:00,2025-07-31 10:45:00,SELL,WIN,TP,1.770164214868075,13.863357200592642,13.163357200592642,0.0005221119066864299,58.702070393595626,-0.0009932114918536072,40.0
2025-07-31 10:50:00,2025-07-31 11:05:00,SELL,LOSS,SL,-1.213529530285225,-10.229747387144194,-10.929747387144193,0.0005619831591429152,49.13696076269627,-0.0007609163499855409,15.0
2025-07-31 11:10:00,2025-07-31 12:55:00,SELL,WIN,TP,1.7868244200316847,15.087487771981568,14.387487771981569,0.0005629162590660468,57.23438745839661,-0.000646650946284355,105.0
2025-07-31 13:10:00,2025-07-31 13:30:00,SELL,WIN,TP,1.7034794313964692,11.489789321645684,10.789789321645685,0.00044965964405482275,45.766562376172146,-0.0005595718938102845,20.0
2025-07-31 13:55:00,2025-07-31 14:10:00,SELL,LOSS,SL,-1.2616183703886692,-9.162486946835179,-9.862486946835178,0.00048416579645561635,49.698758470607665,-0.0007247885216126182,15.0
2025-07-31 14:15:00,2025-07-31 15:30:00,SELL,WIN,TP,1.7400948090415231,12.051204690156215,11.351204690156216,0.0004617068230052319,59.66813616444093,-0.00066209258644645,75.0
2025-07-31 15:40:00,2025-07-31 16:05:00,SELL,WIN,TP,1.808923526664761,17.040624055709298,16.3406240557093,0.000628020801856983,49.71960108392539,-0.00044174935505081336,25.0
2025-07-31 17:15:00,2025-07-31 17:30:00,SELL,LOSS,SL,-1.1805163486512522,-11.771396017307566,-12.471396017307566,0.0006647597344871853,51.26782879716428,-0.0012511050972794369,15.0
2025-07-31 18:25:00,2025-07-31 20:10:00,SELL,WIN,TP,1.8148299690664247,17.641590962931964,16.941590962931965,0.000648053032097751,57.0572718134053,-0.0007104713382319883,105.0
2025-07-31 21:10:00,2025-07-31 21:30:00,SELL,LOSS,SL,-1.2993281504388092,-8.24754865927123,-8.947548659271229,0.0004231699106180314,49.64871473168525,-0.0009181059713143647,20.0
2025-07-31 21:45:00,2025-07-31 22:55:00,SELL,WIN,TP,1.6948182860529026,9.996250677797992,9.296250677797993,0.00039320835592661016,56.20382462109513,-0.0008250984002495798,70.0
2025-08-01 00:10:00,2025-08-01 01:30:00,SELL,LOSS,SL,-1.751312140599787,-9.557119322904713,-10.257119322904712,0.0003638079548602767,46.57385118683829,-0.0010400902068361528,80.0
2025-08-01 01:50:00,2025-08-01 02:10:00,SELL,LOSS,SL,-1.4943642789623022,-6.347879730323589,-7.047879730323589,0.00028319198202150005,57.041511157446905,-0.0009443174958805312,20.0
2025-08-01 02:15:00,2025-08-01 02:40:00,SELL,LOSS,SL,-1.385624200115833,-7.186396495342471,-7.8863964953424714,0.00034575976635609665,49.11610222502891,-0.0008964848269090719,25.0
2025-08-01 02:45:00,2025-08-01 04:10:00,SELL,LOSS,SL,-1.3420359603414447,-7.454971465875358,-8.154971465875358,0.00037033143105834343,58.68603155308798,-0.0008529809062178817,85.0
2025-08-01 04:15:00,2025-08-01 04:40:00,SELL,WIN,TP,1.7222576469960094,11.161652989036398,10.461652989036399,0.00043205509963454127,56.974833098029585,-0.0005370570621454629,25.0
2025-08-01 05:30:00,2025-08-01 06:05:00,SELL,LOSS,SL,-1.2701963768871545,-8.461821378721734,-9.161821378721733,0.00044412142524817084,45.896698230125374,-0.000713299564602643,35.0
2025-08-01 06:10:00,2025-08-01 08:35:00,SELL,LOSS,SL,-1.3074096604751073,-8.505976412416459,-9.205976412416458,0.0004337317608277714,56.37894022586395,-0.0007904392723661058,145.0
2025-08-01 09:50:00,2025-08-01 10:20:00,BUY,LOSS,SL,-1.340595641819734,-7.084859167260514,-7.784859167260514,0.0003523239444840153,53.42274364128667,2.393765832953143e-05,30.0
2025-08-01 10:25:00,2025-08-01 10:50:00,BUY,LOSS,SL,-1.2933605704727864,-7.935793904065156,-8.635793904065157,0.000409052926937724,42.15892713438013,7.259985191931939e-05,25.0
2025-08-01 11:30:00,2025-08-01 11:45:00,SELL,WIN,TP,1.7048035395048313,10.39526817483274,9.69526817483274,0.0004065089391611133,46.7248171555296,-0.00011240741337759097,15.0
2025-08-01 13:05:00,2025-08-01 13:30:00,SELL,LOSS,SL,-1.2602581949397362,-8.716208730398666,-9.416208730398665,0.0004610805820265921,48.0302025615796,-0.0007313065014142861,25.0
2025-08-01 13:35:00,2025-08-01 15:00:00,SELL,WIN,TP,1.740607433370269,12.078578121087059,11.37857812108706,0.00046261927070290415,58.67197713605578,-0.0007450544411469195,85.0
2025-08-01 18:05:00,2025-08-01 20:00:00,BUY,LOSS,SL,-1.093178176206343,-21.11782820060679,-21.81782820060679,0.0012878552133737625,54.53715153760158,0.006111141483237992,115.0
2025-08-01 20:25:00,2025-08-01 20:35:00,BUY,LOSS,SL,-1.1526828272833392,-13.589145066456453,-14.289145066456452,0.0007859430044303917,40.868129278119504,0.005764405167048903,10.0
2025-08-01 20:55:00,2025-08-01 21:35:00,BUY,WIN,TP,1.817785174759089,18.954505087453125,18.254505087453126,0.0006951501695817363,41.042177934991116,0.005254402373386258,40.0
2025-08-01 21:55:00,2025-08-01 22:00:00,BUY,LOSS,SL,-1.189035952344134,-11.950998111412746,-12.650998111412745,0.0006700665407607772,48.53323736923498,0.004773241151315499,5.0
2025-08-01 22:05:00,2025-08-01 22:30:00,BUY,WIN,TP,1.8261656799057469,18.909374294167748,18.20937429416775,0.0006903124764722935,46.659804768939374,0.004650262006491879,25.0
2025-08-04 01:15:00,2025-08-04 03:10:00,BUY,LOSS,SL,-1.3492463574161262,-10.430932456893046,-11.130932456893046,0.0005153954971262017,50.37337241610092,0.005702689759996327,115.0
2025-08-04 04:40:00,2025-08-04 05:15:00,BUY,WIN,TP,1.857744721655411,15.671078724982614,14.971078724982615,0.000562369290832731,42.22445840450661,0.0033879568932759785,35.0
2025-08-04 05:50:00,2025-08-04 09:25:00,BUY,LOSS,SL,-1.1638871792403103,-8.522110280758575,-9.222110280758574,0.0004881406853839359,54.1773190372428,0.00307016048110742,215.0
2025-08-04 09:35:00,2025-08-04 10:15:00,BUY,LOSS,SL,-1.1347754627657691,-9.261723042359181,-9.96172304235918,0.0005441148694906821,45.69106393373242,0.0021446463202483557,40.0
2025-08-04 10:55:00,2025-08-04 11:30:00,BUY,LOSS,SL,-1.119855881357287,-10.277688967310082,-10.977688967310081,0.0006118459311540333,47.69349194331721,0.0014564558135419237,35.0
2025-08-04 11:35:00,2025-08-04 12:35:00,BUY,WIN,TP,1.8812756126329955,17.430312506015444,16.730312506015444,0.0006176770835338265,40.25711538200766,0.0011475510844600745,60.0
2025-08-04 12:50:00,2025-08-04 13:00:00,BUY,LOSS,SL,-1.1284125023811147,-9.666144102817308,-10.366144102817307,0.0005710762735211377,54.57498419449069,0.0009765008584095014,10.0
2025-08-04 13:05:00,2025-08-04 14:00:00,BUY,WIN,TP,1.8669192637210652,15.431318217121172,14.731318217121173,0.0005510439405706759,47.062570266610514,0.0009319035300290324,55.0
2025-08-04 14:35:00,2025-08-04 15:00:00,BUY,LOSS,SL,-1.114914772942027,-9.702101343440738,-10.402101343440737,0.0005801400895626459,52.75069718667748,0.0009546922007950265,25.0
2025-08-04 15:05:00,2025-08-04 15:20:00,BUY,WIN,TP,1.8851129188792144,16.408397710942936,15.708397710942936,0.0005802799236980622,41.234333166513736,0.0008801298916767397,15.0
2025-08-04 15:55:00,2025-08-04 17:50:00,BUY,LOSS,SL,-1.0970819513876946,-11.300575809467638,-12.000575809467637,0.0006867050539644726,48.88289477577343,0.0010248605229672414,115.0
2025-08-04 18:10:00,2025-08-04 19:15:00,BUY,LOSS,SL,-1.0826729514920883,-13.09585459272855,-13.79585459272855,0.0008063903061818742,47.1690347487856,0.0009518175310159194,65.0
2025-08-04 19:30:00,2025-08-05 02:10:00,BUY,WIN,TP,1.8784425906429032,18.543757395696005,17.843757395696006,0.0006581252465231794,45.17929816784451,0.0005398167731023307,400.0
2025-08-05 03:20:00,2025-08-05 03:25:00,BUY,LOSS,SL,-1.3049808672307206,-5.13467305308759,-5.83467305308759,0.00026231153687251003,54.99429909618451,0.0007256170782450333,5.0
2025-08-05 03:30:00,2025-08-05 03:40:00,BUY,LOSS,SL,-1.301999302418188,-5.173519112101531,-5.8735191121015315,0.0002649012741400656,44.01561132177419,0.0007209352759069976,10.0
2025-08-05 04:45:00,2025-08-05 05:00:00,BUY,LOSS,SL,-1.2108978733187679,-6.889957803349799,-7.589957803349799,0.000379330520223252,42.28385189110102,0.00032764157094122837,15.0
2025-08-05 06:45:00,2025-08-05 08:30:00,SELL,WIN,TP,1.7742697173148174,9.432157863139647,8.732157863139648,0.0003544052621046555,48.35736127241047,-0.00033045162439693243,105.0
2025-08-05 09:25:00,2025-08-05 10:25:00,SELL,LOSS,SL,-1.2081033615902328,-6.966365285164721,-7.666365285164721,0.00038442435234431547,56.37799589982032,-0.0008071025800127085,60.0
2025-08-05 10:35:00,2025-08-05 10:50:00,SELL,WIN,TP,1.829679267338326,11.8168068127683,11.116806812768301,0.0004305602270922838,54.18168369318379,-0.0007612711736997291,15.0
2025-08-05 11:10:00,2025-08-05 11:55:00,SELL,WIN,TP,1.8712603840677915,15.988756899463764,15.288756899463765,0.0005696252299821228,46.89907380193539,-0.000847404343222502,45.0
2025-08-05 12:15:00,2025-08-05 12:50:00,SELL,LOSS,SL,-1.1318241648803453,-9.444448842125817,-10.144448842125817,0.0005562965894751083,45.14159309249666,-0.0012150210260628569,35.0
2025-08-05 12:55:00,2025-08-05 14:35:00,SELL,WIN,TP,1.8478073064392921,13.355358851550582,12.655358851550583,0.00048184529505169055,52.5616938869317,-0.0012113998868994447,100.0
2025-08-05 14:50:00,2025-08-05 15:05:00,SELL,LOSS,SL,-1.1265511217072488,-8.901944972983355,-9.601944972983354,0.0005267963315321948,45.575091471172044,-0.0012001479981202934,15.0
2025-08-05 15:10:00,2025-08-05 16:35:00,SELL,LOSS,SL,-1.1164720512449045,-9.585750738581144,-10.285750738581143,0.0005723833825721416,56.294981059335285,-0.001175466587425733,85.0
2025-08-05 16:50:00,2025-08-05 17:00:00,SELL,LOSS,SL,-1.1017674864907527,-10.826321101984448,-11.526321101984447,0.0006550880734655833,54.121295884029585,-0.0009193650248764396,10.0
2025-08-05 17:05:00,2025-08-05 17:40:00,SELL,LOSS,SL,-1.0829984020609293,-13.04842473070622,-13.748424730706219,0.0008032283153804121,50.71292893856859,-0.0009238102076001287,35.0
2025-08-05 20:50:00,2025-08-05 21:45:00,BUY,LOSS,SL,-1.1882024398900097,-7.576112874526552,-8.276112874526552,0.00042507419163504995,47.90348362572913,0.0011918311770424683,55.0
2025-08-05 21:55:00,2025-08-05 22:05:00,BUY,LOSS,SL,-1.2314710460346632,-6.384233711115205,-7.084233711115205,0.0003456155807410474,41.87225982366991,0.0011647328229278386,10.0
2025-08-05 22:45:00,2025-08-06 02:50:00,BUY,WIN,TP,1.7422002165997164,8.109550102583054,7.4095501025830535,0.00031031833675278616,46.01655408564372,0.0009809008582883916,245.0
2025-08-06 03:15:00,2025-08-06 03:30:00,BUY,LOSS,SL,-1.2819764061917567,-5.455675204201115,-6.155675204201115,0.0002837116802800271,52.670143357562246,0.0007960027912792267,15.0
2025-08-06 03:35:00,2025-08-06 04:00:00,BUY,LOSS,SL,-1.2775612416197064,-5.523370197500953,-6.223370197500953,0.0002882246798333487,44.69405488234055,0.0007714221107857355,25.0
2025-08-06 04:40:00,2025-08-06 05:00:00,BUY,LOSS,SL,-1.28419457182331,-5.422459254943356,-6.122459254943356,0.0002814972836629556,42.07289233936025,0.0005244186087354219,20.0
2025-08-06 05:20:00,2025-08-06 06:20:00,BUY,WIN,TP,1.7236947863957683,7.48604674044926,6.78604674044926,0.0002895348913482792,44.567024337879914,0.0003731763652667919,60.0
2025-08-06 08:10:00,2025-08-06 09:30:00,BUY,WIN,TP,1.7208698854400306,7.398140705051715,6.698140705051715,0.0002866046901684222,48.32723965831643,0.000615549460813769,80.0
2025-08-06 09:45:00,2025-08-06 09:55:00,BUY,LOSS,SL,-1.2016063879623746,-6.55617632019324,-7.25617632019324,0.0003637450880129133,54.56046202412101,0.0006677125220717617,10.0
2025-08-06 10:00:00,2025-08-06 10:15:00,BUY,LOSS,SL,-1.2072775206804622,-6.406894816132779,-7.106894816132779,0.00035379298774212796,44.416795014919096,0.0006536424600644963,15.0
2025-08-06 10:40:00,2025-08-06 11:25:00,BUY,LOSS,SL,-1.20735777678023,-6.404840826712009,-7.104840826712009,0.0003536560551141666,46.1743931731379,0.0005296130299652368,45.0
2025-08-06 11:40:00,2025-08-06 12:50:00,BUY,WIN,TP,1.8288417647180664,11.753602962055178,11.053602962055178,0.0004284534320684864,43.26951114146709,0.00044427723729167923,70.0
2025-08-06 15:00:00,2025-08-06 15:45:00,BUY,WIN,TP,1.8598498514848234,13.27040942295843,12.57040942295843,0.00047568031409863114,53.825350065563214,0.0014322795971251079,45.0
2025-08-06 17:10:00,2025-08-06 18:15:00,BUY,WIN,TP,1.8146436871908387,17.62205229180649,16.92205229180649,0.0006474017430601989,52.95604463525322,0.002226709522142656,65.0
2025-08-06 18:40:00,2025-08-06 18:40:00,BUY,LOSS,SL,-1.1739877182505027,-12.145557824997798,-12.845557824997798,0.0006897038549998456,53.27525940662887,0.0026296899295492615,0.0
2025-08-06 18:45:00,2025-08-06 21:05:00,BUY,WIN,TP,1.8252939086943227,18.806035960710755,18.106035960710756,0.0006868678653570023,54.837621993026154,0.0026384594870156874,140.0
2025-08-06 22:50:00,2025-08-06 23:35:00,BUY,LOSS,SL,-1.3968349335482662,-6.335890991010927,-7.035890991010927,0.00030239273273412496,48.66542026903974,0.0032382131869506114,45.0
2025-08-06 23:40:00,2025-08-07 00:25:00,BUY,LOSS,SL,-1.367359938410695,-6.699826605446744,-7.399826605446744,0.000326655107029771,51.43181185967172,0.0030349237744937696,45.0
2025-08-07 00:30:00,2025-08-07 01:00:00,BUY,WIN,TP,0.9996364551308867,4.596656602679099,3.896656602679098,0.0003065552200892891,43.3693223399384,0.0028068522612909597,30.0
2025-08-07 02:05:00,2025-08-07 03:00:00,BUY,LOSS,SL,-1.538020141609567,-6.28906624465466,-6.98906624465466,0.0002726044163102875,51.8503982745583,0.0025786688561406645,55.0
2025-08-07 03:05:00,2025-08-07 03:30:00,BUY,LOSS,SL,-1.4387429779739997,-5.902629763584886,-6.602629763584886,0.0002735086509056769,41.69677539376296,0.0023983026705336474,25.0
2025-08-07 03:50:00,2025-08-07 04:50:00,BUY,WIN,TP,1.5449868163325382,6.45140636886944,5.75140636886944,0.00027838021229561853,40.97734244164395,0.0020910718921589577,60.0
2025-08-07 05:00:00,2025-08-07 07:00:00,BUY,WIN,TP,1.6098853877646278,7.840727162774742,7.140727162774742,0.0003246909054258125,54.0089129841932,0.0017312465456555959,120.0
2025-08-07 08:20:00,2025-08-07 09:30:00,BUY,WIN,TP,1.4971593813768609,5.954806855008378,5.254806855008378,0.00026516022850027086,54.657259374805065,0.0016988666031008126,70.0
2025-08-07 09:45:00,2025-08-07 10:35:00,BUY,WIN,TP,1.6368066380291917,8.112075431304234,7.412075431304234,0.0003304025143768299,54.62236136725376,0.0017238623745252646,50.0
2025-08-07 11:15:00,2025-08-07 12:35:00,BUY,LOSS,SL,-1.202783895520539,-10.676444529184458,-11.376444529184457,0.0005917629686123091,54.270350590644156,0.001955752365072616,80.0
2025-08-07 12:40:00,2025-08-07 13:00:00,BUY,LOSS,SL,-1.2757825544648254,-8.326881308692723,-9.026881308692722,0.00043512542057945523,42.979360202673774,0.001797592479538146,20.0
2025-08-07 13:50:00,2025-08-07 14:00:00,BUY,LOSS,SL,-1.3180350884134553,-7.459752856137512,-8.159752856137512,0.00037731685707589354,42.36372074893128,0.0012514496993467628,10.0
2025-08-07 15:20:00,2025-08-07 16:20:00,BUY,LOSS,SL,-1.2044170335848725,-10.605528426047982,-11.305528426047982,0.0005870352284031887,44.09586657314162,0.0001689069472232685,60.0
2025-08-07 16:30:00,2025-08-07 17:05:00,SELL,WIN,TP,1.8491024851096862,22.057251742129825,21.357251742129826,0.0007952417247376446,51.52470377412367,-0.0001507080225395807,35.0
2025-08-07 18:15:00,2025-08-07 18:35:00,SELL,LOSS,SL,-1.1480658200798473,-13.956755684933352,-14.656755684933351,0.0008104503789955368,45.58293680705386,-0.0012291575895451157,20.0
2025-08-07 18:40:00,2025-08-07 22:35:00,SELL,LOSS,SL,-1.1733574786872558,-12.183169007939231,-12.88316900793923,0.0006922112671959399,54.83673831123161,-0.0012647065459345797,235.0
2025-08-08 00:05:00,2025-08-08 01:00:00,SELL,LOSS,SL,-1.7161606184314602,-12.94020796595478,-13.640207965954781,0.0005026805310636292,58.28633980327717,-3.346431161710406e-05,55.0
2025-08-08 03:20:00,2025-08-08 03:25:00,BUY,LOSS,SL,-1.4758446831562728,-5.892899505353975,-6.592899505353976,0.0002661933003569808,54.53608896008745,0.0011982173703675159,5.0
2025-08-08 03:30:00,2025-08-08 04:05:00,BUY,LOSS,SL,-1.4626460432080952,-6.32295926737325,-7.02295926737325,0.0002881972844914798,42.32394827323547,0.0011982440865458965,35.0
2025-08-08 05:10:00,2025-08-08 06:05:00,BUY,LOSS,SL,-1.3342669051112417,-7.184918376531988,-7.884918376531989,0.00035899455843542,41.33298271576858,0.0007921665376109388,55.0
2025-08-08 06:15:00,2025-08-08 08:10:00,BUY,LOSS,SL,-1.4023377161467898,-6.622400917807068,-7.322400917807069,0.0003148267278537973,43.06500620962965,0.0005809455085170612,115.0
2025-08-08 09:20:00,2025-08-08 10:00:00,SELL,LOSS,SL,-1.4234093801807752,-6.723560916732872,-7.423560916732872,0.0003149040611155848,46.064550823564595,-0.00020318989220169392,40.0
2025-08-08 10:10:00,2025-08-08 10:30:00,SELL,LOSS,SL,-1.3307910933249154,-7.241500803142762,-7.9415008031427625,0.0003627667202095389,59.356874779042485,-0.0002882297675383949,20.0
2025-08-08 10:50:00,2025-08-08 11:10:00,SELL,LOSS,SL,-1.3014953032552532,-7.770242257724578,-8.470242257724578,0.00039801615051503073,56.71015697902097,-0.00017814090565293483,20.0
2025-08-08 11:20:00,2025-08-08 11:30:00,SELL,WIN,TP,1.678779320034716,9.407248550713089,8.70724855071309,0.00037357495169042774,56.84487691155135,-7.509189868648569e-05,10.0
2025-08-08 12:55:00,2025-08-08 13:40:00,SELL,WIN,TP,1.707986626095332,10.528202478764094,9.828202478764094,0.0004109400826254739,47.661883982467366,-0.0006305459624709187,45.0
2025-08-08 13:55:00,2025-08-08 14:10:00,SELL,LOSS,SL,-1.3006852280913526,-7.7863266693405135,-8.486326669340514,0.00039908844462269367,45.136474428332576,-0.0008293166056827506,15.0
2025-08-08 14:15:00,2025-08-08 14:40:00,SELL,LOSS,SL,-1.356038194361376,-7.998243596496044,-8.698243596496043,0.0003932162397664753,55.40246607352798,-0.0008371716853243782,25.0
2025-08-08 14:50:00,2025-08-08 15:30:00,SELL,LOSS,SL,-1.3103493319100088,-7.599915820414725,-8.299915820414725,0.00038666105469432676,59.16381847866886,-0.0007354104481065438,40.0
2025-08-08 15:35:00,2025-08-08 16:15:00,SELL,LOSS,SL,-1.2805200753134216,-8.216653061243061,-8.91665306124306,0.0004277768707495595,57.6000984853227,-0.0006067110257244046,40.0
2025-08-08 16:20:00,2025-08-08 17:05:00,SELL,LOSS,SL,-1.2616770229126757,-8.678708646118615,-9.378708646118614,0.0004585805764079075,59.76451718989444,-0.00048826701480852996,45.0
2025-08-08 17:30:00,2025-08-08 18:15:00,SELL,LOSS,SL,-1.2335189954801735,-9.508152376635358,-10.208152376635358,0.0005138768251090172,54.93747870899758,-0.00015834516362267514,45.0
2025-08-08 18:45:00,2025-08-08 19:10:00,BUY,LOSS,SL,-1.2557682965958104,-8.837619689216346,-9.537619689216346,0.00046917464594779584,54.64006110117371,0.0002300723926420556,25.0
2025-08-08 19:15:00,2025-08-08 22:20:00,BUY,LOSS,SL,-1.259002408024982,-8.749742335315979,-9.449742335315978,0.00046331615568777427,43.83403130288192,0.00029723350050447905,185.0
2025-08-11 00:05:00,2025-08-11 00:05:00,SELL,LOSS,SL,-1.7402612040952157,-9.403498086717917,-10.103498086717916,0.0003602332057812478,48.6791900658397,-0.0003384235098462529,0.0
2025-08-11 00:10:00,2025-08-11 04:45:00,SELL,LOSS,SL,-1.5637895189234412,-9.153248223381958,-9.853248223381957,0.0003902165482254446,58.80072302489946,-0.0003295610119808945,275.0
2025-08-11 08:05:00,2025-08-11 09:45:00,BUY,LOSS,SL,-1.524132084925223,-5.234248831106767,-5.934248831106768,0.00022894992207376383,45.04975392776867,0.0009783690742812823,100.0
2025-08-11 11:25:00,2025-08-11 12:10:00,BUY,LOSS,SL,-1.3690606601183732,-7.048205174159149,-7.748205174159149,0.00034321367827734546,44.63036492927135,0.00020753332707190708,45.0
2025-08-11 13:20:00,2025-08-11 14:25:00,SELL,WIN,TP,1.6437880776635554,8.306343371056869,7.606343371056869,0.0003368781123685551,46.17998001806916,-0.0003573749102245838,65.0
2025-08-11 16:45:00,2025-08-11 17:00:00,SELL,WIN,TP,1.7411085420243375,12.105441408323948,11.405441408323949,0.0004635147136107964,50.9610871251923,-0.0016082750491059894,15.0
2025-08-11 18:30:00,2025-08-11 19:20:00,SELL,LOSS,SL,-1.2396444800974613,-9.311126478974007,-10.011126478974006,0.0005007417652649379,49.1239407563426,-0.002466535914277923,50.0
2025-08-11 19:35:00,2025-08-11 20:55:00,SELL,LOSS,SL,-1.3479457135220991,-7.748023103244737,-8.448023103244736,0.0003832015402163678,49.503665455628386,-0.002339264569790167,80.0
2025-08-11 21:05:00,2025-08-11 21:30:00,SELL,LOSS,SL,-1.412489439841003,-6.848608974743485,-7.548608974743485,0.00032324059831627123,55.944603602859736,-0.002088086169013792,25.0
2025-08-11 21:35:00,2025-08-11 22:30:00,SELL,WIN,TP,1.563039950686606,7.15415495371219,6.45415495371219,0.00030513849845705123,58.51624336799964,-0.0019302625386967698,55.0
2025-08-11 23:10:00,2025-08-11 23:15:00,SELL,LOSS,SL,-1.5152450173086487,-5.881648405736904,-6.581648405736904,0.0002587765603824648,47.898386020346116,-0.0016692790817429692,5.0
2025-08-11 23:20:00,2025-08-11 23:25:00,SELL,LOSS,SL,-1.484108790586631,-5.824737655967015,-6.524737655967015,0.0002616491770644753,57.312102718239096,-0.0016266381375120709,5.0
2025-08-12 00:00:00,2025-08-12 00:00:00,SELL,LOSS,SL,-2.414466088309847,-11.60746767716811,-12.307467677168109,0.0003204978451444933,58.44671848510128,-0.001331955334875401,0.0
2025-08-12 00:05:00,2025-08-12 01:00:00,SELL,LOSS,SL,-2.340720803275372,-10.649791414512062,-11.349791414512062,0.00030331942763417804,51.52028749546625,-0.0013133294329665812,55.0
2025-08-12 01:10:00,2025-08-12 03:00:00,SELL,LOSS,SL,-1.5094724438820286,-5.629347922181159,-6.329347922181159,0.00024862319481204693,58.28253658236256,-0.001079510939900663,110.0
2025-08-12 03:10:00,2025-08-12 03:35:00,SELL,LOSS,SL,-1.6120422556136003,-5.004360822432373,-5.704360822432373,0.00020695738816220753,54.66948284033579,-0.0007321745079644781,25.0
2025-08-12 03:45:00,2025-08-12 04:35:00,SELL,LOSS,SL,-1.5233256305479528,-5.530626686506045,-6.230626686506045,0.00024204177910043076,58.892040543822844,-0.0006369208680627736,50.0
2025-08-12 04:50:00,2025-08-12 07:50:00,SELL,LOSS,SL,-1.4341877819755435,-6.275986793905274,-6.975986793905274,0.00029173245292694953,58.2988013841158,-0.00042820855759329035,180.0
2025-08-12 08:20:00,2025-08-12 08:45:00,BUY,LOSS,SL,-1.4248233529377692,-6.03705520789408,-6.73705520789408,0.0002824703471928828,42.573544721208876,1.719049480053414e-05,25.0
2025-08-12 09:45:00,2025-08-12 10:30:00,SELL,LOSS,SL,-1.361551744126,-6.778540497297956,-7.478540497297956,0.00033190269981983085,48.91943882916322,-0.00020281506375474656,45.0
2025-08-12 10:35:00,2025-08-12 12:25:00,SELL,WIN,TP,1.7088767433585652,10.565896292627631,9.865896292627632,0.00041219654308759495,57.3153962281812,-0.0002642130667431797,110.0
2025-08-12 13:05:00,2025-08-12 14:45:00,SELL,WIN,TP,1.6473603702511994,8.875873382986578,8.175873382986579,0.000359195779432873,48.399015624987726,-0.0004395593550312604,100.0
2025-08-12 15:00:00,2025-08-12 15:00:00,SELL,LOSS,SL,-1.3458120119142138,-7.005140185953194,-7.705140185953194,0.0003470093457301661,45.06796168178961,-0.0006176314114925141,0.0
2025-08-12 15:05:00,2025-08-12 15:30:00,SELL,LOSS,SL,-1.3372734437129876,-7.1369158869553955,-7.836915886955396,0.0003557943924637235,54.99976828746792,-0.000610629136459595,25.0
2025-08-12 16:25:00,2025-08-12 16:40:00,BUY,WIN,TP,1.8651116032721788,24.888729997021986,24.188729997021987,0.0008896243332340412,51.52520498900253,0.00014881476981409847,15.0
2025-08-12 19:00:00,2025-08-13 10:05:00,BUY,WIN,TP,1.8653126468736287,24.92856742995222,24.22856742995222,0.0008909522476650555,54.95684401250471,0.0022757572100025047,905.0
2025-08-13 13:25:00,2025-08-13 13:35:00,BUY,LOSS,SL,-1.3295648528919617,-7.261747465498323,-7.961747465498323,0.0003641164976999055,53.82429610749906,0.0026199302172138506,10.0
2025-08-13 13:40:00,2025-08-13 14:05:00,BUY,LOSS,SL,-1.3281989306268907,-7.2844785647589765,-7.984478564758977,0.00036563190431730853,45.06962146988596,0.0026002716409152526,25.0
2025-08-13 14:30:00,2025-08-13 15:35:00,BUY,LOSS,SL,-1.351144139611123,-6.926100073871154,-7.626100073871154,0.00034174000492468847,40.942780007292,0.002354714973492378,65.0
2025-08-13 16:30:00,2025-08-13 17:20:00,BUY,WIN,TP,1.736403085497506,11.857216006486283,11.157216006486284,0.0004552405335495705,41.94740096997859,0.0014975479528491764,50.0
2025-08-13 18:05:00,2025-08-13 20:10:00,BUY,LOSS,SL,-1.2198880630833644,-9.985983244199947,-10.685983244199946,0.0005457322162800508,53.09254273117746,0.001385468950318769,125.0
2025-08-13 20:20:00,2025-08-13 21:10:00,BUY,LOSS,SL,-1.3432705700238008,-7.434992410995976,-8.134992410995975,0.0003689994940664403,41.321081768574246,0.0010688483435186136,50.0
2025-08-13 21:55:00,2025-08-14 02:00:00,BUY,WIN,TP,1.5770598003371188,6.711841633576101,6.0118416335761005,0.00028372805445254053,40.53039848347397,0.0005325386851950942,245.0
2025-08-14 03:25:00,2025-08-14 05:15:00,BUY,LOSS,SL,-1.769519829850438,-4.8289745092184955,-5.528974509218496,0.0001819316339479624,54.97306580956816,0.00043937667294247085,110.0
2025-08-14 05:45:00,2025-08-14 06:15:00,BUY,LOSS,SL,-1.4557519646339745,-5.749516710137768,-6.449516710137768,0.0002633011140091983,40.17034563830521,0.0004016921763165815,30.0
2025-08-14 06:30:00,2025-08-14 08:25:00,BUY,LOSS,SL,-1.5002208188575221,-5.398410806073815,-6.098410806073815,0.00023989405373829923,41.763631832428814,0.00021657883033188163,115.0
2025-08-14 08:45:00,2025-08-14 09:10:00,SELL,LOSS,SL,-1.631997795319514,-4.906339601294706,-5.606339601294706,0.00020042264008632272,46.674681625993514,-2.4633699958309663e-05,25.0
2025-08-14 09:15:00,2025-08-14 09:40:00,SELL,WIN,TP,1.5960090121653088,7.111089871828093,6.411089871828093,0.00029703632906095446,57.51562803564947,-6.552164479245448e-05,25.0
2025-08-14 11:30:00,2025-08-14 11:50:00,SELL,WIN,TP,1.7354300962088218,11.80698986700104,11.10698986700104,0.00045356632890002676,46.673656937570655,-0.0008617287568055687,20.0
2025-08-14 12:10:00,2025-08-14 12:30:00,SELL,LOSS,SL,-1.2455639313787572,-9.130066715798279,-9.830066715798278,0.0004886711143865275,46.85562608630417,-0.0010961809868792471,20.0
2025-08-14 12:35:00,2025-08-14 13:20:00,SELL,LOSS,SL,-1.2896360064830972,-8.014696928936726,-8.714696928936725,0.0004143131285958102,53.18103969288603,-0.0010741999040990713,45.0
2025-08-14 13:45:00,2025-08-14 14:00:00,SELL,LOSS,SL,-1.327808689110111,-7.69606356731377,-8.39606356731377,0.00038640423782095783,56.34934324467602,-0.0008854788097547583,15.0
2025-08-14 14:05:00,2025-08-14 15:25:00,SELL,WIN,TP,1.6876621304821617,9.725979880573355,9.025979880573356,0.0003841993293524525,57.38444816647616,-0.000787073776721936,80.0
2025-08-14 17:20:00,2025-08-14 18:45:00,SELL,WIN,TP,1.8437048001210163,21.23333693415732,20.533336934157322,0.0007677778978052517,48.2516785872893,-0.0017393192986796535,85.0
2025-08-14 20:10:00,2025-08-14 22:30:00,SELL,LOSS,SL,-1.29081786974465,-8.877156488891423,-9.577156488891422,0.00045847709925937106,48.679591066206676,-0.00253217462766675,140.0
2025-08-14 22:55:00,2025-08-15 01:00:00,SELL,LOSS,SL,-1.4461057466987433,-5.834917759567769,-6.534917759567769,0.0002689945173044525,57.77813160543728,-0.0021298241378286953,125.0
2025-08-15 01:30:00,2025-08-15 03:55:00,SELL,LOSS,SL,-1.7179335693312432,-5.025061718392907,-5.725061718392907,0.00019500411455959993,56.23380747417049,-0.001373598064573489,145.0
2025-08-15 04:00:00,2025-08-15 04:40:00,SELL,LOSS,SL,-1.5094779559577107,-5.333028228113188,-6.033028228113189,0.00023553521520757194,56.62552840886564,-0.0009258718502989094,40.0
2025-08-15 05:00:00,2025-08-15 05:05:00,SELL,LOSS,SL,-1.5375439366704136,-6.292688708623449,-6.992688708623449,0.00027284591390816135,52.02313293364992,-0.0007052051413320992,5.0
2025-08-15 05:10:00,2025-08-15 06:15:00,SELL,LOSS,SL,-1.4474804159951684,-5.822522406923468,-6.522522406923468,0.00026816816046163156,59.271606181436404,-0.0006644518863825333,65.0
2025-08-15 06:55:00,2025-08-15 08:25:00,SELL,LOSS,SL,-1.5796682381698228,-5.450249415621887,-6.150249415621887,0.0002300166277081486,58.809676295587636,-0.00025787737869120697,90.0
2025-08-15 09:30:00,2025-08-15 10:00:00,BUY,WIN,TP,1.568963479690294,6.551960519292767,5.851960519292767,0.00027839868397643047,54.45488734407785,0.00027248798459300616,30.0
2025-08-15 11:40:00,2025-08-15 12:10:00,BUY,WIN,TP,1.5327420790073465,6.560582539729467,5.860582539729466,0.00028535275132434746,53.61673132705488,0.0008886794177769275,30.0
2025-08-15 13:25:00,2025-08-15 15:30:00,BUY,LOSS,SL,-1.4399856788228214,-6.545602496315304,-7.245602496315304,0.0003030401664210297,49.5746621844308,0.0012353271872129756,125.0
2025-08-15 15:55:00,2025-08-15 16:50:00,BUY,WIN,TP,1.7910088830421933,15.425612515994192,14.725612515994193,0.0005741870838664574,49.59911005551782,0.0012487761326209768,55.0
2025-08-15 18:15:00,2025-08-18 04:20:00,BUY,LOSS,SL,-1.225213619058403,-10.336434741130317,-11.036434741130316,0.0005624289827420333,49.7414027324185,0.0018547071123560244,3485.0
2025-08-18 04:50:00,2025-08-18 07:35:00,BUY,WIN,TP,1.5129044402963752,6.52253805506974,5.82253805506974,0.0002874179351690162,45.950088124200214,0.0005336621200715541,165.0
2025-08-18 08:15:00,2025-08-18 08:30:00,BUY,LOSS,SL,-1.516325178460468,-5.2861751374726245,-5.986175137472625,0.0002324116758314944,48.63293296249325,0.0004336332433263479,15.0
2025-08-18 08:35:00,2025-08-18 09:25:00,BUY,LOSS,SL,-1.5907711321024383,-5.385405771068051,-6.085405771068051,0.0002256937180711894,41.59540814801295,0.00041131754124124065,50.0
2025-08-18 10:15:00,2025-08-18 10:45:00,BUY,LOSS,SL,-1.3462270814311008,-6.99890007609991,-7.6989000760999105,0.00034659333840660826,52.136813827239806,0.00015106830186328857,30.0
2025-08-18 10:50:00,2025-08-18 10:50:00,BUY,LOSS,SL,-1.2743251585903108,-8.36155639989331,-9.061556399893309,0.0004374370933262454,40.3429199588652,8.226613099471258e-05,0.0
2025-08-18 11:50:00,2025-08-18 14:55:00,SELL,WIN,TP,1.7300803739360946,11.53730359847074,10.83730359847074,0.0004445767866157142,46.221164645900565,-0.0004544406628943509,185.0
2025-08-18 16:00:00,2025-08-18 17:05:00,SELL,LOSS,SL,-1.2985819494657784,-8.26341213325009,-8.96341213325009,0.0004242274755500173,49.00734656489025,-0.0010439603751106752,65.0
2025-08-18 17:15:00,2025-08-18 17:45:00,SELL,WIN,TP,1.7284093092680344,11.455240782743537,10.755240782743538,0.00044184135942478784,52.86467078711009,-0.0010329526179897464,30.0
2025-08-18 18:25:00,2025-08-19 04:20:00,SELL,WIN,TP,1.7396289591317462,12.026422431615359,11.32642243161536,0.00046088074772051565,46.1137125659683,-0.0011819998679201138,595.0
2025-08-19 05:15:00,2025-08-19 07:50:00,SELL,LOSS,SL,-1.3215296209584357,-7.398240045923131,-8.09824004592313,0.0003732160030615992,49.609277457087444,-0.0009942166824752352,155.0
2025-08-19 08:00:00,2025-08-19 08:05:00,SELL,LOSS,SL,-1.4532349032614948,-5.771450537121335,-6.471450537121335,0.00026476336914143514,58.35953064244774,-0.0007821790213327073,5.0
2025-08-19 08:35:00,2025-08-19 08:50:00,SELL,WIN,TP,1.442742307896346,5.178007691373001,4.4780076913730005,0.00023926692304573348,59.58096932835532,-0.0006177591893723466,15.0
2025-08-19 09:25:00,2025-08-19 09:30:00,SELL,LOSS,SL,-1.3859730548669686,-6.463537978371046,-7.163537978371046,0.00031090253189139226,49.40032001551728,-0.0005836255662652334,5.0
2025-08-19 09:40:00,2025-08-19 09:45:00,SELL,LOSS,SL,-1.3629178132325535,-6.759800633557165,-7.459800633557165,0.0003306533755704707,55.82954215104854,-0.00054132590497602,5.0
2025-08-19 11:15:00,2025-08-19 13:20:00,BUY,WIN,TP,1.696393763914131,10.057463952018587,9.357463952018588,0.00039524879840060556,54.424878924324915,0.0002155489447519532,125.0
2025-08-19 14:25:00,2025-08-19 14:30:00,BUY,LOSS,SL,-1.3627590572224404,-7.137636282737768,-7.837636282737768,0.00034917575218247203,54.65241391619221,0.0008773989379258218,5.0
2025-08-19 14:35:00,2025-08-19 15:30:00,BUY,LOSS,SL,-1.3516709492404584,-6.918421080523294,-7.618421080523294,0.0003412280720348732,42.96278513426026,0.0008685737855622655,55.0
2025-08-19 15:40:00,2025-08-19 16:10:00,BUY,LOSS,SL,-1.2931374635975248,-7.94046385579492,-8.64046385579492,0.0004093642570529845,42.032848906497556,0.0008247075627167977,30.0
2025-08-19 16:30:00,2025-08-19 17:15:00,BUY,LOSS,SL,-1.2970758046961466,-8.295673999581853,-8.995673999581852,0.00042637826663879523,42.087805604102776,0.0005969325373875733,45.0
2025-08-19 17:25:00,2025-08-19 17:45:00,BUY,LOSS,SL,-1.3008099610988517,-8.64871599562078,-9.348715995620779,0.00044324773304145335,44.706163589303365,0.00037876510079581927,20.0
2025-08-19 17:50:00,2025-08-19 18:35:00,BUY,LOSS,SL,-1.2756489869553365,-8.330043951482601,-9.0300439514826,0.00043533626343218826,43.639340067312645,0.0002356434738695068,45.0
2025-08-19 22:30:00,2025-08-20 03:00:00,SELL,WIN,TP,1.4908982108790276,5.856974941906625,5.156974941906625,0.0002618991647302236,45.121114666169404,-0.001085754943916717,270.0
2025-08-20 04:00:00,2025-08-20 04:25:00,SELL,WIN,TP,1.5405216139329072,6.370247557284893,5.670247557284893,0.00027567491857612695,48.075704708927184,-0.0012437253246591062,25.0
2025-08-20 06:05:00,2025-08-20 07:10:00,SELL,LOSS,SL,-1.3826377800718614,-7.226875400605735,-7.926875400605735,0.00034845836004038114,53.642134146515176,-0.001550461854712637,65.0
2025-08-20 07:15:00,2025-08-20 09:00:00,SELL,LOSS,SL,-1.3930920249382994,-6.379080433602112,-7.079080433602112,0.0003052720289068263,57.87929493801296,-0.0013251092226427286,105.0
2025-08-20 09:35:00,2025-08-20 10:05:00,SELL,LOSS,SL,-1.323591079336931,-8.180640097057655,-8.880640097057654,0.00041204267313712004,50.017945194407616,-0.0010204224756695801,30.0
2025-08-20 10:10:00,2025-08-20 10:20:00,SELL,LOSS,SL,-1.3166457113253898,-7.900397074847897,-8.600397074847896,0.0004000264716565164,57.99478938971917,-0.0009085053970592227,10.0
2025-08-20 10:45:00,2025-08-20 11:00:00,SELL,LOSS,SL,-1.3090933022347009,-7.623484323297379,-8.323484323297379,0.0003882322882197929,54.61014851381247,-0.0006916050863343681,15.0
2025-08-20 11:10:00,2025-08-20 11:40:00,SELL,WIN,TP,1.666737422513761,9.502420363724186,8.802420363724186,0.00038008067879080485,57.27884189337494,-0.0005786396709686059,30.0
2025-08-20 11:55:00,2025-08-20 12:35:00,SELL,LOSS,SL,-1.3191931517147701,-7.852508660642675,-8.552508660642674,0.0003968339107094952,47.009353986597844,-0.0005133554414291641,40.0
2025-08-20 12:45:00,2025-08-20 13:10:00,SELL,LOSS,SL,-1.3365380589820326,-7.148577826367329,-7.848577826367329,0.00035657185509111453,58.74798572403905,-0.0004015661447380747,25.0
2025-08-20 13:45:00,2025-08-20 15:15:00,SELL,LOSS,SL,-1.3265251271784722,-7.3125926006183155,-8.012592600618316,0.0003675061733745894,53.960581743643644,-6.0885884636263654e-05,90.0
2025-08-20 16:50:00,2025-08-20 17:00:00,BUY,LOSS,SL,-1.2354122754823356,-9.446160321554963,-10.146160321554962,0.0005097440214369682,54.26790707106987,0.0007816330205991928,10.0
2025-08-20 17:05:00,2025-08-20 17:15:00,BUY,LOSS,SL,-1.2184673347952435,-10.039218012555672,-10.739218012555671,0.0005492812008370905,53.587794608719065,0.0008040802502788935,10.0
2025-08-20 17:20:00,2025-08-20 18:50:00,BUY,LOSS,SL,-1.2188109361246773,-10.02627987375535,-10.726279873755349,0.00054841865825039,43.99590000913421,0.0007893121096775868,90.0
2025-08-20 19:05:00,2025-08-20 20:50:00,BUY,WIN,TP,1.7459854276588112,12.372415254825043,11.672415254825044,0.0004724138418274794,45.20516265140926,0.0006618243332014995,105.0
2025-08-20 21:05:00,2025-08-20 22:00:00,BUY,LOSS,SL,-1.2799062927917204,-8.23072358983865,-8.93072358983865,0.0004287149059892856,48.734776894443925,0.0007846734343952555,55.0
2025-08-20 22:10:00,2025-08-20 23:05:00,BUY,LOSS,SL,-1.3438649459689944,-7.034613243079167,-7.734613243079167,0.00034897421620527926,41.446699242298315,0.0006263367082612881,55.0
2025-08-20 23:40:00,2025-08-21 03:00:00,BUY,LOSS,SL,-1.5857489992295557,-5.955874961619554,-6.6558749616195545,0.0002503916641080278,40.51703875114001,0.0002628039196403975,200.0
2025-08-21 03:20:00,2025-08-21 03:40:00,SELL,WIN,TP,1.4428817430215475,4.661823777812459,3.9618237778124588,0.00021539412592707564,46.89815549936123,-5.7038075844007e-05,20.0
2025-08-21 04:00:00,2025-08-21 04:40:00,SELL,LOSS,SL,-1.533892190337414,-5.746074649895181,-6.4460746498951815,0.0002497383099930187,46.204402394899354,-0.0001887813119878512,40.0
2025-08-21 04:45:00,2025-08-21 09:20:00,SELL,WIN,TP,1.57961443988766,6.763567214443513,6.063567214443513,0.00028545224048146846,53.03695633041155,-0.00025239366884566294,275.0
2025-08-21 10:20:00,2025-08-21 10:30:00,SELL,LOSS,SL,-1.3409173271786903,-7.866524933042516,-8.566524933042515,0.000391101662202898,57.96833891856227,-0.0006021086721283986,10.0
2025-08-21 11:20:00,2025-08-21 11:30:00,SELL,LOSS,SL,-1.328316345085457,-8.091685747413589,-8.791685747413588,0.0004061123831609684,57.99512254308259,-0.0002009783919749708,10.0
2025-08-21 11:45:00,2025-08-21 12:10:00,SELL,LOSS,SL,-1.3116502399565921,-7.575705483976878,-8.275705483976878,0.00038504703226517996,56.97398208271023,-6.758981369081596e-05,25.0
2025-08-21 13:00:00,2025-08-21 13:15:00,BUY,LOSS,SL,-1.4320174922446975,-6.960914286337614,-7.660914286337614,0.00032406095242249296,49.59075294623801,0.0002508908288079148,15.0
2025-08-21 13:35:00,2025-08-21 14:30:00,BUY,LOSS,SL,-1.3917013361781432,-6.395337911181829,-7.095337911181829,0.00030635586074550424,44.9469195642133,0.00022832233297265248,55.0
2025-08-21 15:35:00,2025-08-21 16:40:00,SELL,WIN,TP,1.7231426083550265,11.203084290472699,10.5030842904727,0.00043343614301572756,58.98194608161007,-6.331923457336686e-05,65.0
2025-08-21 18:30:00,2025-08-22 06:35:00,SELL,WIN,TP,1.8321094599590695,19.642542260727836,18.942542260727837,0.0007147514086909342,47.365554441308134,-0.001301182907189169,725.0
2025-08-22 08:45:00,2025-08-22 09:15:00,SELL,LOSS,SL,-1.4737519535134067,-5.599456628412745,-6.299456628412745,0.0002532971085608307,46.29639598402902,-0.0015654017618196292,30.0
2025-08-22 09:20:00,2025-08-22 10:05:00,SELL,LOSS,SL,-1.4061011063837556,-6.232393735709361,-6.932393735709361,0.0002954929157139148,58.66981095980745,-0.0015681951326380617,45.0
2025-08-22 10:25:00,2025-08-22 12:05:00,SELL,LOSS,SL,-1.3316931295530214,-7.226702694824037,-7.926702694824037,0.00036178017965496996,55.43931038104459,-0.001381538262108295,100.0
2025-08-22 12:15:00,2025-08-22 14:35:00,SELL,LOSS,SL,-1.416787300421126,-6.7986107013797685,-7.498610701379769,0.00031990738009193,57.892340978880505,-0.001009320899807875,140.0
2025-08-22 15:45:00,2025-08-22 16:00:00,SELL,LOSS,SL,-1.3882767159165927,-6.435869023850159,-7.135869023850159,0.000309057934923391,58.57182600317705,-0.00020759358363475755,15.0
2025-08-22 16:30:00,2025-08-22 16:35:00,BUY,LOSS,SL,-1.3392771315820728,-7.1053973652938955,-7.805397365293896,0.00035369315768623227,53.08479076269188,3.343181807213824e-05,5.0
2025-08-22 16:40:00,2025-08-22 16:55:00,BUY,LOSS,SL,-1.3233249966278093,-7.367153850687401,-8.0671538506874,0.00037114359004577585,42.08289066727997,4.0866635147907004e-05,15.0
2025-08-22 21:25:00,2025-08-22 21:45:00,BUY,LOSS,SL,-1.2602120605893816,-8.717434941036139,-9.417434941036138,0.00046116232940246466,51.72838742859534,0.005963334398100706,20.0
2025-08-22 21:50:00,2025-08-22 22:00:00,BUY,LOSS,SL,-1.2907205147699405,-7.991513527775694,-8.691513527775694,0.00041276756851838273,43.276283660126424,0.005870682133399807,10.0
2025-08-22 22:25:00,2025-08-25 01:15:00,BUY,LOSS,SL,-1.3357583940592848,-7.160997764607411,-7.860997764607411,0.00035739985097378677,41.37666385471589,0.005552335908250328,3050.0
2025-08-25 04:20:00,2025-08-25 04:25:00,BUY,LOSS,SL,-1.4097503079647042,-6.192919212046209,-6.892919212046209,0.0002928612808030837,47.95450033856299,0.002064328793672132,5.0
2025-08-25 04:35:00,2025-08-25 06:55:00,BUY,WIN,TP,1.623256425659418,7.755571070600788,7.055571070600788,0.0003185190356867218,40.30387810416059,0.0019291264907970174,140.0
2025-08-25 07:25:00,2025-08-25 08:15:00,BUY,LOSS,SL,-1.6705146722176047,-4.9827833496698375,-5.682783349669838,0.00019885222331137307,50.54957628932446,0.0012282838424755305,50.0
2025-08-25 08:25:00,2025-08-25 08:55:00,BUY,LOSS,SL,-1.620249954923712,-4.702055833637895,-5.402055833637895,0.00019347038890921514,42.927703983460134,0.0011034749329041915,30.0
2025-08-25 09:00:00,2025-08-25 09:05:00,BUY,WIN,TP,1.4974783746615004,5.363870803725825,4.663870803725825,0.0002387956934575344,41.06688269073471,0.0009882586649432312,5.0
2025-08-25 10:30:00,2025-08-25 10:35:00,BUY,LOSS,SL,-1.354129839380158,-6.882881474067768,-7.582881474067769,0.00033885876493783745,52.754263546866504,0.0012474754248961162,5.0
2025-08-25 10:40:00,2025-08-25 10:50:00,BUY,LOSS,SL,-1.3637759742136728,-7.122994740394782,-7.822994740394782,0.00034819964935965344,41.1631976565673,0.0012243802730660391,10.0
2025-08-25 11:15:00,2025-08-25 12:15:00,BUY,LOSS,SL,-1.3170629252148773,-7.4771065200389435,-8.177106520038944,0.00037847376800259283,41.43216474900526,0.001012935869668441,60.0
2025-08-25 14:05:00,2025-08-25 14:55:00,BUY,WIN,TP,1.5987417722310835,7.570210794502165,6.870210794502165,0.00031567369315004884,41.476048592448905,5.7237392964815115e-05,50.0
2025-08-25 15:10:00,2025-08-25 16:15:00,SELL,LOSS,SL,-1.3505863373160933,-6.934255983219038,-7.634255983219038,0.00034228373221455985,52.96822296961526,-4.6187454543211715e-06,65.0
2025-08-25 16:25:00,2025-08-25 16:45:00,BUY,WIN,TP,1.6398718882484915,8.651800528757482,7.951800528757482,0.00035172668429190695,50.372983419082146,3.0549827116477246e-05,20.0
2025-08-25 17:05:00,2025-08-25 17:50:00,BUY,LOSS,SL,-1.2882005856663876,-8.045650042098206,-8.745650042098205,0.0004163766694732556,53.67422941046151,0.00014092424201206377,45.0
2025-08-25 23:20:00,2025-08-25 23:45:00,SELL,LOSS,SL,-1.3775404230097668,-7.662318289678014,-8.362318289678013,0.0003708212193118881,48.930846123380896,-0.0036843407075024537,25.0
2025-08-25 23:50:00,2025-08-26 03:00:00,SELL,LOSS,SL,-1.3274604952622813,-7.296846264030353,-7.996846264030353,0.00036645641760204786,52.770487434453166,-0.003644545014053424,190.0
2025-08-26 04:10:00,2025-08-26 09:15:00,SELL,WIN,TP,1.8162180698497707,17.788432862018833,17.088432862018834,0.0006529477620673201,55.76882728097357,-0.0019128462813595704,305.0
2025-08-26 09:30:00,2025-08-26 10:05:00,SELL,WIN,TP,1.7590804470831616,13.142747304693692,12.442747304693693,0.0004980915768230982,46.83205470493389,-0.0010550117113172774,35.0
2025-08-26 10:35:00,2025-08-26 11:20:00,SELL,WIN,TP,1.817873659813626,17.966498334705673,17.266498334705673,0.0006588832778235546,52.43388340879995,-0.0012897186760383317,45.0
2025-08-26 11:30:00,2025-08-26 12:05:00,SELL,LOSS,SL,-1.1947151164524998,-11.044274572997036,-11.744274572997035,0.0006162849715330807,46.00007290735443,-0.0013472064758630609,35.0
2025-08-26 12:10:00,2025-08-26 12:15:00,SELL,LOSS,SL,-1.2134629117915743,-10.232378181730816,-10.932378181730815,0.0005621585454487632,57.25556016989456,-0.0013417024807889089,5.0
2025-08-26 12:35:00,2025-08-26 12:45:00,SELL,LOSS,SL,-1.2170607220892111,-10.092610393418887,-10.792610393418887,0.0005528406928945424,57.09664099002172,-0.0011394110732270146,10.0
2025-08-26 13:35:00,2025-08-26 14:00:00,SELL,LOSS,SL,-1.276876023825764,-8.762277107806403,-9.462277107806402,0.00045748514052036443,58.651626190994996,-0.0005752586524789827,25.0
2025-08-26 14:30:00,2025-08-26 14:30:00,SELL,LOSS,SL,-1.2896311495399677,-8.014801145729699,-8.714801145729698,0.00041432007638200194,53.668318923016756,-0.0001820161904422246,0.0
2025-08-26 15:40:00,2025-08-26 16:00:00,BUY,LOSS,SL,-1.234592994876413,-9.472863381740225,-10.172863381740225,0.0005115242254493973,49.90853854149099,0.00040917770102355533,20.0
2025-08-26 16:10:00,2025-08-26 17:20:00,BUY,WIN,TP,1.7843266476882171,14.891909136701265,14.191909136701266,0.0005563969712233652,43.38428837729602,0.00041202551129493337,70.0
2025-08-26 18:00:00,2025-08-26 20:30:00,BUY,LOSS,SL,-1.219832798596571,-10.54293232006208,-11.24293232006208,0.00057619548800421,51.876265222657366,0.0007100531575523483,150.0
2025-08-26 20:40:00,2025-08-26 20:50:00,BUY,LOSS,SL,-1.342357407830618,-7.05766336240796,-7.7576633624079605,0.00035051089082718145,41.0604098893071,0.0006104171431338123,10.0
2025-08-26 21:45:00,2025-08-26 23:00:00,BUY,LOSS,SL,-1.39161305827134,-6.751727897907665,-7.4517278979076655,0.0003234485265271194,41.157606222495104,0.0001563412753537996,75.0
2025-08-26 23:10:00,2025-08-27 04:35:00,BUY,LOSS,SL,-1.3957373813158502,-6.701163826582134,-7.401163826582134,0.00032007758843882885,40.911341572208876,3.100825713331368e-05,325.0
2025-08-27 05:50:00,2025-08-27 06:50:00,SELL,WIN,TP,1.4593714063301657,5.398794748987303,4.698794748987303,0.0002466264916328767,45.589334452785096,-0.0005643435100710636,60.0
2025-08-27 08:45:00,2025-08-27 09:05:00,SELL,LOSS,SL,-1.64527191280145,-5.099468550114004,-5.799468550114004,0.0002066312366742473,45.709199194534605,-0.0011551877415143519,20.0
2025-08-27 09:10:00,2025-08-27 09:25:00,SELL,LOSS,SL,-1.5017110409653276,-5.387722519593495,-6.087722519593495,0.00023918150130616014,45.076715888448646,-0.0011613959677820862,15.0
2025-08-27 09:30:00,2025-08-27 09:40:00,SELL,LOSS,SL,-1.4790566087048198,-5.557384758487081,-6.257384758487081,0.00025049231723254535,51.55735301195212,-0.001153497686413596,10.0
2025-08-27 09:50:00,2025-08-27 10:10:00,SELL,WIN,TP,1.4724428463466916,5.861222724239825,5.161222724239825,0.00026537409080799147,54.215195912580164,-0.0011126998388673037,20.0
2025-08-27 12:25:00,2025-08-27 13:50:00,SELL,WIN,TP,1.6609126423882958,10.2861887083776,9.5861887083776,0.0004128729569459498,45.87646726175084,-0.002083430125892738,85.0
2025-08-27 14:15:00,2025-08-27 15:05:00,SELL,LOSS,SL,-1.3194160222349296,-7.8483553351702415,-8.54835533517024,0.00039655702234470564,48.776036159393506,-0.002354337216518454,50.0
2025-08-27 15:30:00,2025-08-27 16:50:00,SELL,LOSS,SL,-1.2906128596022488,-7.99380712355122,-8.69380712355122,0.0004129204749034529,58.230146894220894,-0.0021488342572997254,80.0
2025-08-27 17:00:00,2025-08-27 18:05:00,SELL,LOSS,SL,-1.2209942761823627,-9.945007332744925,-10.645007332744925,0.0005430004888495939,57.62216986649085,-0.0017384787712135807,65.0
2025-08-27 21:10:00,2025-08-28 01:30:00,BUY,WIN,TP,1.6855188435376878,10.719363045459176,10.019363045459176,0.00042397876818198096,51.258179319748784,0.0007611329854251281,260.0
2025-08-28 03:15:00,2025-08-28 04:10:00,BUY,WIN,TP,1.3758154741082071,3.9675252279820734,3.2675252279820732,0.00019225084093270933,48.7288732730564,0.0014103805104213052,55.0
2025-08-28 04:25:00,2025-08-28 04:35:00,BUY,LOSS,SL,-1.6301383825648812,-5.173906010707217,-5.873906010707217,0.0002115937340471454,52.19581386554106,0.001407131029659947,10.0
2025-08-28 04:40:00,2025-08-28 05:05:00,BUY,WIN,TP,1.4078883027100026,4.75548214688293,4.055482146882929,0.00022518273822945398,43.74740359705299,0.0013836779852880454,25.0
2025-08-28 05:40:00,2025-08-28 06:40:00,BUY,LOSS,SL,-1.5213894430357668,-5.835904287503578,-6.535904287503578,0.0002557269525001766,53.45975495060477,0.0013912596482437145,60.0
2025-08-28 07:20:00,2025-08-28 07:50:00,BUY,LOSS,SL,-1.5456006249219874,-5.099116455846018,-5.799116455846018,0.0002199410970563624,40.14145759673702,0.0011768867757742107,30.0
2025-08-28 08:55:00,2025-08-28 09:00:00,BUY,LOSS,SL,-1.6028035621104997,-4.786047384487822,-5.486047384487822,0.00019906982563249858,44.754794940636685,0.0007376769382507753,5.0
2025-08-28 09:05:00,2025-08-28 09:30:00,BUY,LOSS,SL,-1.5168912621874637,-5.282357183564044,-5.982357183564044,0.00023215714557087762,45.984313035981984,0.0007001554693548684,25.0
2025-08-28 09:40:00,2025-08-28 10:00:00,BUY,WIN,TP,1.6162037318809506,7.579976563208548,6.8799765632085474,0.0003126658854402971,47.4098356976865,0.0006238011733805671,20.0
2025-08-28 10:15:00,2025-08-28 10:20:00,BUY,LOSS,SL,-1.3151341632617533,-7.5118529497701685,-8.211852949770169,0.00038079019665138706,53.44038593574303,0.0006036012467991458,5.0
2025-08-28 10:25:00,2025-08-28 11:10:00,BUY,LOSS,SL,-1.3259715177631364,-7.321954839342591,-8.021954839342591,0.00036813032262287637,41.72626577634829,0.0005673752866681703,45.0
2025-08-28 11:15:00,2025-08-28 12:05:00,BUY,WIN,TP,1.711530648321359,10.679661978130884,9.979661978130885,0.0004159887326043542,40.367339955122894,0.00043722163925696833,50.0
2025-08-28 14:45:00,2025-08-28 15:05:00,BUY,WIN,TP,1.695217551899323,10.011703798674244,9.311703798674245,0.00039372345995580853,51.80626355849507,0.0012959271904848801,20.0
2025-08-28 15:35:00,2025-08-28 15:40:00,BUY,WIN,TP,1.7634430775220118,13.41832446197413,12.718324461974131,0.0005072774820658007,49.24197266420487,0.0015024951494408967,5.0
2025-08-28 16:00:00,2025-08-28 16:30:00,BUY,LOSS,SL,-1.1764111133784363,-12.003438805687082,-12.703438805687082,0.0006802292537124843,50.343205395494934,0.001645771726634937,30.0
2025-08-28 16:35:00,2025-08-28 17:10:00,BUY,WIN,TP,1.8109073218554812,17.2382834244307,16.538283424430702,0.000634609447480993,44.38959393861017,0.001558854787646169,35.0
2025-08-28 17:45:00,2025-08-28 18:05:00,BUY,LOSS,SL,-1.1955412731473554,-11.00521775801042,-11.70521775801042,0.0006136811838672932,51.29305888477057,0.0017523668108403445,20.0
2025-08-28 18:15:00,2025-08-28 19:30:00,BUY,WIN,TP,1.774657921116312,14.963250835461585,14.263250835461585,0.0005621083611820705,43.40160945011091,0.0016397055142778338,75.0
2025-08-28 21:00:00,2025-08-28 23:00:00,BUY,LOSS,SL,-1.3100621434149382,-7.605287869635744,-8.305287869635745,0.0003870191913090227,53.385137187859215,0.0019638378488682218,120.0
2025-08-28 23:55:00,2025-08-29 00:05:00,BUY,LOSS,SL,-1.7118398314617165,-5.2905828850325,-5.9905828850325005,0.00020603885900219007,47.13883657872688,0.0014650676483423108,10.0
2025-08-29 00:10:00,2025-08-29 00:10:00,BUY,LOSS,SL,-2.0141684107320774,-7.348309255983583,-8.048309255983582,0.00024322061706554712,45.850768084966965,0.0014091755390375216,0.0
2025-08-29 00:40:00,2025-08-29 01:40:00,BUY,LOSS,SL,-2.0206702940438688,-7.32506876274482,-8.02506876274482,0.00024167125084965715,40.03174683389584,0.0012464036905293074,60.0
2025-08-29 02:05:00,2025-08-29 03:50:00,BUY,LOSS,SL,-1.5957859329081376,-5.089064889004279,-5.789064889004279,0.0002126043259336889,47.26067259071085,0.0008926580424664099,105.0
2025-08-29 03:55:00,2025-08-29 04:05:00,BUY,LOSS,SL,-1.4659552455007352,-5.663031948627693,-6.363031948627693,0.00025753546324185816,40.76260277023903,0.0006538870229799709,10.0
2025-08-29 04:15:00,2025-08-29 04:15:00,BUY,LOSS,SL,-1.3858377393465382,-6.46517350803608,-7.16517350803608,0.0003110115672024765,45.682271598621064,0.0005764692203118482,0.0
2025-08-29 06:50:00,2025-08-29 08:55:00,SELL,LOSS,SL,-1.65827307801005,-5.5420780425208465,-6.242078042520847,0.0002228052028347525,53.03937629711354,-0.0002856130317538952,125.0
2025-08-29 09:10:00,2025-08-29 09:25:00,SELL,LOSS,SL,-1.4989035089664848,-5.407912086505127,-6.107912086505127,0.00024052747243368078,54.30820369569956,-0.0003146070059374395,15.0
2025-08-29 09:35:00,2025-08-29 10:00:00,SELL,LOSS,SL,-1.4647155379999617,-5.988522643717063,-6.6885226437170635,0.00027256817624783804,52.61925724410564,-0.0002775030760180375,25.0
2025-08-29 10:05:00,2025-08-29 10:10:00,SELL,LOSS,SL,-1.3707979369603702,-7.024084604071211,-7.724084604071211,0.00034160564027141784,52.51625158402451,-0.0002595123025770363,5.0
2025-08-29 10:15:00,2025-08-29 10:50:00,SELL,LOSS,SL,-1.3348454852666176,-7.175613765754572,-7.875613765754572,0.00035837425105035304,59.97951541066774,-0.00022496482273615115,35.0
2025-08-29 11:10:00,2025-08-29 11:30:00,SELL,LOSS,SL,-1.2919029890459874,-7.966432231073937,-8.666432231073937,0.0004110954820716102,57.96809840492996,-8.607831285334377e-05,20.0
2025-08-29 11:55:00,2025-08-29 12:30:00,BUY,LOSS,SL,-1.251929741899363,-8.944849140992005,-9.644849140992005,0.000476323276066186,53.46402634356584,0.00020187863345699775,35.0
2025-08-29 12:35:00,2025-08-29 14:20:00,BUY,LOSS,SL,-1.25313135677034,-8.910932533076487,-9.610932533076486,0.0004740621688717369,42.82071589571925,0.0003005526993384855,105.0
2025-08-29 14:50:00,2025-08-29 15:05:00,BUY,LOSS,SL,-1.358002292466751,-6.827900764538184,-7.527900764538185,0.0003351933843025564,42.76194489588772,4.496536932796502e-06,15.0
2025-08-29 15:55:00,2025-08-29 16:45:00,SELL,LOSS,SL,-1.2654754075232688,-9.056971780271082,-9.756971780271082,0.00047713145201801996,46.38750201535704,-0.0002862502119365118,50.0
2025-08-29 16:50:00,2025-08-29 16:55:00,SELL,LOSS,SL,-1.2285490623073991,-9.675770663101634,-10.375770663101633,0.0005250513775401528,52.126771512436925,-0.00033515464428868214,5.0
2025-08-29 17:00:00,2025-08-29 17:05:00,SELL,LOSS,SL,-1.2225509120793667,-9.888036949307487,-10.588036949307487,0.0005392024632871705,59.413319828585045,-0.00030379164390836877,5.0
2025-08-29 19:35:00,2025-08-29 23:45:00,BUY,LOSS,SL,-1.2306635418086573,-9.603573923672592,-10.303573923672591,0.0005202382615782448,53.23063637014872,0.0012831921089875298,250.0
2025-09-01 00:05:00,2025-09-01 00:40:00,BUY,LOSS,SL,-1.6170110344201998,-8.648364641648563,-9.348364641648562,0.00035655764277654333,51.27751615069586,0.0010311903746800244,35.0
2025-09-01 00:45:00,2025-09-01 05:05:00,BUY,WIN,TP,0.9402718909875908,4.613838013312814,3.9138380133128132,0.0003271279337771136,42.92020899502622,0.0009247917726691313,260.0
2025-09-01 06:55:00,2025-09-01 08:30:00,BUY,WIN,TP,1.5751585171762486,6.673748787591884,5.973748787591884,0.0002824582929197255,49.53955899702447,0.001014190448660468,95.0
2025-09-01 10:10:00,2025-09-01 10:35:00,BUY,LOSS,SL,-1.3301310706761202,-7.252379857229239,-7.952379857229239,0.0003634919904818983,52.7415039660093,0.0015581007447487139,25.0
2025-09-01 10:40:00,2025-09-01 11:45:00,BUY,WIN,TP,1.6687927626710386,9.06932770260729,8.36932770260729,0.00036231092342025424,44.85237153445973,0.0015373680998431727,65.0
2025-09-01 12:10:00,2025-09-01 12:55:00,BUY,LOSS,SL,-1.301198685489937,-7.776121698778591,-8.476121698778591,0.00039840811325184995,54.22480159476416,0.0016185630775180648,45.0
2025-09-01 13:00:00,2025-09-01 14:55:00,BUY,LOSS,SL,-1.3983556224834348,-7.020639567057117,-7.720639567057117,0.0003347093044704803,40.156499311270736,0.0015331422320015164,115.0
2025-09-01 16:15:00,2025-09-01 16:45:00,BUY,LOSS,SL,-1.3824340231756636,-6.868177214523806,-7.568177214523806,0.0003312118143015248,48.01872554365109,0.0007198490648119282,30.0
2025-09-01 16:50:00,2025-09-01 18:15:00,BUY,LOSS,SL,-1.3851183613806746,-6.83354820369607,-7.53354820369607,0.00032890321357974224,41.18515880011563,0.0005686901038131076,85.0
2025-09-01 18:30:00,2025-09-01 18:55:00,BUY,LOSS,SL,-1.394824247304201,-6.7122677697048925,-7.412267769704893,0.00032081785131368197,40.83809501873861,0.00018317750608298766,25.0
2025-09-01 19:25:00,2025-09-01 21:45:00,SELL,LOSS,SL,-1.4571076248193786,-6.05657034981809,-6.75657034981809,0.00027710468998787073,45.58955590285908,-0.00011661900713266782,140.0
2025-09-01 21:50:00,2025-09-01 22:00:00,SELL,LOSS,SL,-2.0394515952683405,-4.120296096094664,-4.820296096094665,0.0001346864064063707,57.978161054446275,-0.00022435027557299314,10.0
2025-09-02 00:00:00,2025-09-02 01:05:00,BUY,LOSS,TP,-0.4259858338787585,-1.1940315684964835,-1.8940315684964846,0.0001868656143834855,52.06414562605277,9.445434202004499e-05,65.0
2025-09-02 01:40:00,2025-09-02 02:45:00,BUY,WIN,TP,1.3245730418310115,3.726070967472696,3.0260709674726955,0.00018753569891577087,54.02876392649228,8.196243449298812e-05,65.0
2025-09-02 03:05:00,2025-09-02 03:05:00,BUY,LOSS,SL,-1.5407942594193593,-5.128437698160158,-5.828437698160158,0.00022189584654407852,47.83186414403252,0.00021032223206285394,0.0
2025-09-02 03:25:00,2025-09-02 03:45:00,BUY,LOSS,SL,-1.552618012514532,-5.33817964122195,-6.038179641221951,0.0002292119760814871,41.44610438737115,0.00016014559197929934,20.0
2025-09-02 04:50:00,2025-09-02 05:15:00,SELL,WIN,TP,1.6320470350268228,7.983859195868772,7.2838591958687715,0.00032612863986227484,46.63854488829268,-9.662906472929222e-05,25.0
2025-09-02 05:45:00,2025-09-02 08:20:00,SELL,WIN,TP,1.6321945711594887,7.987783751187274,7.287783751187273,0.0003262594583729328,45.04484991464986,-0.00034408340181024677,155.0
2025-09-02 08:35:00,2025-09-02 09:00:00,SELL,LOSS,SL,-1.5078341514597353,-5.938293622536282,-6.638293622536282,0.00026255290816915873,47.88955636999676,-0.0007307140838732629,25.0
2025-09-02 09:10:00,2025-09-02 09:30:00,SELL,LOSS,SL,-1.469999377376035,-5.629792307490365,-6.329792307490365,0.00025531948716599244,59.047670055529196,-0.0006965987255613815,20.0
2025-09-02 10:10:00,2025-09-02 10:10:00,SELL,WIN,TP,1.7031116458891762,10.325770344821873,9.625770344821873,0.00040419234482740464,52.91104816061151,-0.00044789850308468715,0.0
2025-09-02 14:05:00,2025-09-02 14:55:00,SELL,LOSS,SL,-1.1960444958008336,-10.981589070619279,-11.681589070619278,0.000612105938041359,49.42989596048638,-0.00325157053419578,50.0
2025-09-02 15:10:00,2025-09-02 15:25:00,SELL,WIN,TP,1.7911497085993613,15.4372275655297,14.7372275655297,0.000574574252184301,58.50134532399628,-0.0030925022300234417,15.0
2025-09-02 16:05:00,2025-09-02 16:10:00,SELL,LOSS,SL,-1.1676222606532505,-12.5384305222058,-13.2384305222058,0.0007158953681471262,47.253525361117255,-0.003297995515198826,5.0
2025-09-02 16:15:00,2025-09-02 16:40:00,SELL,LOSS,SL,-1.1760659361678214,-12.023442644148318,-12.723442644148317,0.0006815628429431817,57.29085637077172,-0.0032318241375577372,25.0
2025-09-02 16:50:00,2025-09-02 16:55:00,SELL,LOSS,SL,-1.1871395776188618,-11.418489166765,-12.118489166764999,0.0006412326111177206,56.932489411435895,-0.002928234617559422,5.0
2025-09-02 18:00:00,2025-09-02 20:40:00,SELL,WIN,TP,1.8255830134196989,18.84019147780982,18.14019147780982,0.0006880063825936633,55.62747591641812,-0.0016470657835256919,160.0
2025-09-02 22:20:00,2025-09-02 22:45:00,SELL,LOSS,SL,-1.3987099971560677,-6.314559486441527,-7.014559486441527,0.0003009706324294024,45.55862740298214,-0.001597749069550236,25.0
2025-09-02 22:50:00,2025-09-02 23:10:00,SELL,LOSS,SL,-1.4864336043479212,-5.805980144087718,-6.505980144087718,0.0002603986762724871,51.4754973287796,-0.0015517367539068516,20.0
2025-09-02 23:15:00,2025-09-03 00:00:00,SELL,WIN,TP,1.4231307962917141,5.180679871626284,4.4806798716262835,0.00024268932905420937,56.21765408278864,-0.0014825512739220503,45.0
2025-09-03 00:15:00,2025-09-03 01:00:00,SELL,LOSS,SL,-1.551958963788756,-7.310495110276102,-8.010495110276104,0.0003140330073517959,46.201795589203776,-0.0013596272180949054,45.0
2025-09-03 01:10:00,2025-09-03 02:35:00,SELL,WIN,TP,1.5789845994708216,6.750756089868994,6.050756089868994,0.0002850252029956389,54.57134829199672,-0.0012111191447066183,85.0
2025-09-03 03:55:00,2025-09-03 04:15:00,SELL,WIN,TP,1.4506880627582106,5.28183701974805,4.58183701974805,0.0002427279006582417,56.91420217999568,-0.001198485024240803,20.0
2025-09-03 04:35:00,2025-09-03 06:40:00,SELL,WIN,TP,1.5575161600494414,6.335890342124697,5.635890342124696,0.0002711963447374731,51.00727762015383,-0.0012083571886971622,125.0
2025-09-03 07:15:00,2025-09-03 07:50:00,SELL,LOSS,SL,-1.5743420138055149,-5.208133401926927,-5.908133401926928,0.00022054222679509234,49.8106333435558,-0.001192820895430824,35.0
2025-09-03 07:55:00,2025-09-03 08:20:00,SELL,LOSS,SL,-1.6692010076850152,-4.988638655698761,-5.688638655698761,0.0001992425770465497,59.82729393774343,-0.0011141086767614272,25.0
2025-09-03 08:35:00,2025-09-03 09:15:00,SELL,LOSS,SL,-1.6327127247121702,-4.902942608534287,-5.6029426085342875,0.00020019617390228535,54.79718521211636,-0.000978579435997995,40.0
2025-09-03 09:20:00,2025-09-03 09:30:00,SELL,LOSS,SL,-1.4494454616963535,-5.804935311185953,-6.504935311185953,0.00026699568741237666,56.40429895617183,-0.0008821579092783693,10.0
2025-09-03 09:55:00,2025-09-03 10:15:00,SELL,WIN,TP,1.5953157408042251,7.490036586922612,6.790036586922612,0.0003130012195640605,53.901832573679215,-0.0006884042943746671,20.0
2025-09-03 10:35:00,2025-09-03 10:45:00,SELL,LOSS,SL,-1.2477419088293666,-9.065625781707197,-9.765625781707197,0.00048437505211374403,45.579419728991255,-0.0007945977326382359,10.0
2025-09-03 10:50:00,2025-09-03 11:00:00,SELL,LOSS,SL,-1.2273763077789521,-9.716392070848045,-10.416392070848044,0.0005277594713899013,53.60417546563416,-0.0007895852818771143,10.0
2025-09-03 11:45:00,2025-09-03 11:50:00,SELL,LOSS,SL,-1.2403909451899962,-9.80379187742829,-10.50379187742829,0.000526919458495286,58.88431798918306,-0.0002839103533225362,5.0
2025-09-03 13:10:00,2025-09-03 13:30:00,BUY,LOSS,SL,-1.2719434394582916,-8.419023439526917,-9.119023439526917,0.0004412682293017836,52.00039950791458,0.00048743580444310375,20.0
2025-09-03 13:35:00,2025-09-03 13:40:00,BUY,LOSS,SL,-1.3066393645380163,-8.096203813761958,-8.796203813761958,0.0004130802542507435,42.19402842122686,0.0005152918352318014,5.0
2025-09-03 13:55:00,2025-09-03 15:10:00,BUY,WIN,TP,1.6934304557948339,10.495229962767207,9.795229962767207,0.0004131743320922742,41.26315672966442,0.0004511856252036317,75.0
2025-09-03 15:40:00,2025-09-03 15:40:00,BUY,LOSS,SL,-1.2539494385974221,-8.888025120045583,-9.588025120045582,0.00047253500800299025,53.47732474828397,0.0005322034237713602,0.0
2025-09-03 15:45:00,2025-09-03 17:00:00,BUY,WIN,TP,1.7474806347362841,12.456332365798485,11.756332365798485,0.0004752110788599203,43.4489723959205,0.0005187358587686042,75.0
2025-09-03 17:55:00,2025-09-03 18:30:00,BUY,WIN,TP,1.8190768006977056,18.097945724389742,17.397945724389743,0.0006632648574796754,51.73767293731357,0.0009325514425386761,35.0
2025-09-03 19:05:00,2025-09-03 20:55:00,BUY,LOSS,SL,-1.219792851744345,-9.989529303226362,-10.689529303226362,0.0005459686202151376,51.59108741143539,0.0014038401276683654,110.0
2025-09-03 21:10:00,2025-09-03 21:35:00,BUY,LOSS,SL,-1.3219819680343063,-7.390375172215278,-8.090375172215278,0.00037269167814766327,43.506515451266516,0.0012916461293663861,25.0
2025-09-03 21:45:00,2025-09-03 22:15:00,BUY,LOSS,SL,-1.3705419350819814,-7.027624757450544,-7.727624757450545,0.00034184165049677386,40.18380462872051,0.00113333807021343,30.0
2025-09-03 22:35:00,2025-09-04 03:40:00,BUY,LOSS,SL,-1.4661897203029326,-6.29009888656573,-6.99009888656573,0.0002860065924376975,40.76730435091323,0.0008542077584516861,305.0
2025-09-04 03:45:00,2025-09-04 04:10:00,BUY,LOSS,SL,-1.5200622968468962,-5.261123813268685,-5.961123813268685,0.00023074158755125037,41.25947165062813,0.0002456997461890431,25.0
2025-09-04 04:20:00,2025-09-04 04:30:00,BUY,WIN,TP,1.4822815379672944,6.012517339069481,5.312517339069481,0.0002704172446356155,44.722810930853775,0.00017222587707155235,10.0
2025-09-04 04:45:00,2025-09-04 05:10:00,BUY,LOSS,SL,-1.3660591589739313,-6.7172379815476395,-7.41723798154764,0.0003278158654364413,53.69248367304338,0.00019266321488276006,25.0
2025-09-04 05:15:00,2025-09-04 08:00:00,BUY,LOSS,SL,-1.4151618035254292,-6.135658976126755,-6.835658976126755,0.0002890439317417998,40.274217339980574,0.00013676347896240948,165.0
2025-09-04 08:25:00,2025-09-04 08:55:00,SELL,LOSS,SL,-1.5783683572592997,-4.9122034554753595,-5.61220345547536,0.00020748023036498266,46.95992556217803,-0.00023051937044038517,30.0
2025-09-04 09:00:00,2025-09-04 09:05:00,SELL,LOSS,SL,-1.5791782085640351,-4.907851734378553,-5.607851734378553,0.0002071901156252356,59.412405561277254,-0.00021994761748667102,5.0
2025-09-04 09:35:00,2025-09-04 09:50:00,SELL,LOSS,SL,-1.4782192273656725,-5.563964092191596,-6.263964092191596,0.0002509309394794646,52.35317546494824,-0.00013392280158730507,15.0
2025-09-04 09:55:00,2025-09-04 10:20:00,SELL,WIN,TP,1.752928915224874,7.8043199936011955,7.104319993601195,0.00029681066645337827,53.118596441985815,-0.00012670349480581322,25.0
2025-09-04 10:30:00,2025-09-04 12:00:00,SELL,LOSS,SL,-1.1786101364712027,-7.258665021664955,-7.958665021664955,0.0004105776681110257,49.80312122941505,-0.0001559188832809255,90.0
2025-09-04 12:05:00,2025-09-04 12:20:00,SELL,WIN,TP,1.8380525700867538,12.484655225331588,11.784655225331589,0.00045282184084437146,54.0555147158691,-0.00013443990330586075,15.0
2025-09-04 13:10:00,2025-09-04 13:10:00,SELL,LOSS,SL,-1.1540242050864946,-8.241734634386054,-8.941734634386053,0.0004761156422924523,50.68084704696003,-0.0003614387127695018,0.0
2025-09-04 13:20:00,2025-09-04 14:55:00,SELL,WIN,TP,1.8441299099850732,13.014317889912798,12.314317889912799,0.00047047726299706305,57.89943696544597,-0.0003192143939387826,95.0
2025-09-04 15:05:00,2025-09-04 15:15:00,SELL,LOSS,SL,-1.1677504684982003,-6.96123521414027,-7.66123521414027,0.00039741568094261835,49.8947344737781,-0.00038344627559583344,10.0
2025-09-04 15:20:00,2025-09-04 15:35:00,SELL,WIN,TP,1.8592725522909306,13.211868633720037,12.511868633720038,0.0004737289544573388,55.350023111782086,-0.0003802125215282004,15.0
2025-09-04 16:00:00,2025-09-05 02:35:00,SELL,LOSS,SL,-1.1046091065591972,-10.559397196783337,-11.259397196783336,0.0006372931464522745,53.233068518498975,-0.0005393949261629505,635.0
2025-09-05 06:00:00,2025-09-05 08:55:00,BUY,WIN,TP,1.6652903781013404,5.970394404527602,5.270394404527602,0.00023901314681759473,52.87480876859471,0.0009405582081958297,175.0
2025-09-05 09:15:00,2025-09-05 09:20:00,BUY,LOSS,SL,-1.2736019116737607,-5.585934267268077,-6.285934267268077,0.0002923956178178085,48.51148843091406,0.0010185334732222273,5.0
2025-09-05 09:30:00,2025-09-05 11:15:00,BUY,WIN,TP,1.7867193898469358,9.215049260338771,8.515049260338772,0.0003438349753446557,51.93667158141894,0.0009903433697393549,105.0
2025-09-05 11:35:00,2025-09-05 12:10:00,BUY,WIN,TP,1.7902609164519254,9.389222908689478,8.689222908689478,0.0003496407636230076,54.393550155858435,0.0010503819874791986,35.0
2025-09-05 14:05:00,2025-09-05 14:15:00,BUY,LOSS,SL,-1.2195535116418126,-5.554698271606039,-6.254698271606039,0.0003036465514404376,51.99428181097127,0.0015253800630807834,10.0
2025-09-05 14:20:00,2025-09-05 14:45:00,BUY,LOSS,SL,-1.2071205680783423,-5.828105722565201,-6.5281057225652015,0.0003218737148376905,43.56431251690132,0.0015141909204106074,25.0
2025-09-05 15:00:00,2025-09-05 15:05:00,BUY,WIN,TP,1.8382613499725173,11.365628126982386,10.665628126982387,0.0004121876042327179,51.2646292724291,0.0013693213803473991,5.0
2025-09-05 17:30:00,2025-09-05 21:15:00,BUY,LOSS,SL,-1.0710022208863204,-15.084066491399927,-15.784066491399926,0.0009389377660933385,53.461008788031656,0.003217288545722008,225.0
2025-09-05 22:10:00,2025-09-05 22:35:00,BUY,LOSS,SL,-1.1942959881237722,-7.376143993439354,-8.076143993439354,0.00041174293289601536,46.04023690310696,0.0021631314295438298,25.0
2025-09-05 23:00:00,2025-09-08 00:00:00,BUY,LOSS,SL,-1.5315676042627222,-7.779316305862668,-8.47931630586267,0.00033862108705749684,42.80426233828131,0.0017045308126879544,2940.0
2025-09-08 00:10:00,2025-09-08 01:10:00,BUY,LOSS,SL,-2.245903673710796,-11.536833717600542,-12.236833717600542,0.0003424555811733035,41.326348611387175,0.0012455061439671233,60.0
2025-09-08 02:05:00,2025-09-08 04:00:00,BUY,WIN,TP,1.740904922954326,8.06300888216769,7.36300888216769,0.00030876696273894204,40.74746643057416,0.0005498098973908405,115.0
2025-09-08 04:20:00,2025-09-08 07:10:00,BUY,LOSS,SL,-1.2450596293746605,-6.096767382951417,-6.796767382951417,0.0003264511588634647,52.76958185470978,0.00023286526428356602,170.0
2025-09-08 07:20:00,2025-09-08 08:05:00,BUY,WIN,TP,1.7008357819925106,6.822349784959637,6.122349784959637,0.00026741165949862336,46.36547466924327,0.0001352834732151198,45.0
2025-09-08 08:45:00,2025-09-08 09:10:00,BUY,WIN,TP,1.6846311277745931,6.410135975248955,5.710135975248955,0.00025367119917495774,52.16737022588213,0.0002511570722951717,25.0
2025-09-08 09:20:00,2025-09-08 09:50:00,BUY,WIN,TP,1.777548791966336,9.588882745185192,8.888882745185192,0.0003596294248395318,50.50086454535316,0.00030460208022287105,30.0
2025-09-08 11:30:00,2025-09-08 12:10:00,BUY,LOSS,SL,-1.1517507140893937,-8.348730304834083,-9.048730304834082,0.00048324868698895247,50.60603033022456,0.0008956224561915693,40.0
2025-09-08 12:15:00,2025-09-08 15:50:00,BUY,WIN,TP,1.8369604793412047,12.39366086888848,11.69366086888848,0.00044978869562958113,42.22226922078888,0.0009000437118358295,215.0
2025-09-08 17:15:00,2025-09-08 19:35:00,BUY,LOSS,SL,-1.138163495681283,-8.237801816384337,-8.937801816384336,0.00048252012109225906,53.56396718510824,0.0013455019322683448,140.0
2025-09-08 19:55:00,2025-09-08 20:05:00,BUY,LOSS,SL,-1.2086823747199988,-6.95036584479216,-7.6503658447921605,0.000383357722986101,41.76062265408772,0.0012868624357265102,10.0
2025-09-08 20:20:00,2025-09-08 21:15:00,BUY,WIN,TP,1.7839477912164974,9.90842612308094,9.20842612308094,0.0003702808707693888,42.0773599415952,0.001154032999401533,55.0
2025-09-08 23:20:00,2025-09-09 02:10:00,BUY,WIN,TP,1.3712440994255717,5.88838858620592,5.188388586205919,0.0002862796195402112,52.94678022143289,0.0015433616792113192,170.0
2025-09-09 03:05:00,2025-09-09 03:25:00,BUY,WIN,TP,1.6444697456287296,5.5504803613527285,4.850480361352728,0.00022501601204508588,54.607525965358555,0.0015700140375694005,20.0
2025-09-09 04:10:00,2025-09-09 04:30:00,BUY,LOSS,SL,-1.3050325197026331,-5.134006777932542,-5.834006777932542,0.00026226711852880824,54.00018976816385,0.0016067489510682709,20.0
2025-09-09 04:35:00,2025-09-09 04:50:00,BUY,WIN,TP,1.7086147194531411,7.036517628810169,6.336517628810169,0.0002745505876270231,47.460372066940856,0.0015589875502353134,15.0
2025-09-09 05:25:00,2025-09-09 05:50:00,BUY,LOSS,SL,-1.2788153500925052,-5.503923724435777,-6.203923724435777,0.0002869282482957351,52.95452711317842,0.0015829581596495945,25.0
2025-09-09 05:55:00,2025-09-09 06:20:00,BUY,LOSS,SL,-1.2770768153295586,-5.530928946807422,-6.230928946807422,0.00028872859645376434,41.509796028937515,0.0015358173901434125,25.0
2025-09-09 06:30:00,2025-09-09 07:45:00,BUY,WIN,TP,1.6963974380294042,6.705071631892912,6.005071631892912,0.00026350238772978137,40.696651517844174,0.0013813453521771546,75.0
2025-09-09 08:20:00,2025-09-09 08:50:00,BUY,WIN,TP,1.676698709091051,6.223416074983091,5.523416074983091,0.00024744720249943424,53.83005198158391,0.0011731158465735358,30.0
2025-09-09 09:05:00,2025-09-09 09:20:00,BUY,LOSS,SL,-1.2636829561445653,-5.750919852939206,-6.450919852939206,0.000303394656862667,54.93191976203694,0.0012003654386816276,15.0
2025-09-09 09:25:00,2025-09-09 09:25:00,BUY,LOSS,SL,-1.2324460809199613,-6.36248755518145,-7.06248755518145,0.0003441658370120312,51.26600438328521,0.001170874293958235,0.0
2025-09-09 09:40:00,2025-09-09 09:40:00,BUY,LOSS,SL,-1.2015466534372996,-6.557793425194257,-7.257793425194257,0.00036385289501289925,43.876967566243316,0.00109977695318908,0.0
2025-09-09 10:00:00,2025-09-09 10:40:00,BUY,LOSS,SL,-1.1782982443063057,-7.26943820327398,-7.96943820327398,0.00041129588021821125,42.38791343831691,0.000960420213289126,40.0
2025-09-09 11:30:00,2025-09-09 14:35:00,BUY,LOSS,SL,-1.1308727734048576,-9.505109568490054,-10.205109568490053,0.0005603406378993144,47.07729053197157,0.0002778060048675979,185.0
2025-09-09 16:20:00,2025-09-09 16:35:00,SELL,LOSS,SL,-1.1485664149999761,-7.730996369537223,-8.430996369537223,0.00044873309130242226,46.91212622006448,-0.0008243405105585744,15.0
2025-09-09 16:40:00,2025-09-09 17:00:00,SELL,LOSS,SL,-1.1382654402443244,-8.232465308995017,-8.932465308995017,0.000482164353932947,58.755833181646565,-0.0008489976755081674,20.0
2025-09-09 17:45:00,2025-09-09 20:45:00,SELL,WIN,TP,1.9164225761902205,22.929907250455074,22.229907250455074,0.0007976635750151978,45.40393646080078,-0.0010672415907790889,180.0
2025-09-09 22:35:00,2025-09-10 01:05:00,SELL,LOSS,SL,-1.2269463912592695,-6.487592339942027,-7.187592339942027,0.00035250615599608073,45.90514374708514,-0.002144513924121627,150.0
2025-09-10 01:15:00,2025-09-10 02:20:00,SELL,WIN,TP,1.6387729917703313,7.258695299907016,6.558695299907016,0.00029528984333026913,52.759709652738024,-0.0018516794896337174,65.0
2025-09-10 04:40:00,2025-09-10 04:55:00,SELL,LOSS,SL,-1.2348385459377662,-6.30989367272785,-7.00989367272785,0.0003406595781818158,48.525254137666934,-0.0018113027517125957,15.0
2025-09-10 05:00:00,2025-09-10 05:05:00,SELL,LOSS,SL,-1.2188466056733467,-6.6832927214376605,-7.383292721437661,0.0003655528480958471,52.603258632258495,-0.0017615577224854295,5.0
2025-09-10 05:40:00,2025-09-10 06:45:00,SELL,LOSS,SL,-1.2462465825591351,-6.073164076142356,-6.773164076142356,0.00032487760507608754,58.13726472191582,-0.0015323604999146756,65.0
2025-09-10 07:00:00,2025-09-10 07:25:00,SELL,LOSS,SL,-1.3643219953892054,-4.493789601470643,-5.193789601470643,0.0002195859734313914,59.501426339595426,-0.0011267423760212836,25.0
2025-09-10 08:45:00,2025-09-10 09:05:00,SELL,LOSS,SL,-1.3398104036535265,-4.731380990982047,-5.431380990982047,0.00023542539939878132,50.14023764064838,-0.0006072978760323089,20.0
2025-09-10 09:10:00,2025-09-10 09:55:00,SELL,WIN,TP,1.7427401704646084,8.129089599143803,7.429089599143803,0.0003109696533047658,59.44663279922787,-0.0005744930361664125,45.0
2025-09-10 10:30:00,2025-09-10 12:45:00,SELL,LOSS,SL,-1.123504995751862,-10.006522309510833,-10.706522309510833,0.0005937681539673505,47.25553792388989,-0.0006410319887995009,135.0
2025-09-10 13:10:00,2025-09-10 14:40:00,SELL,WIN,TP,1.8349864014466715,12.232234550869071,11.532234550869072,0.00044440781836227694,54.057505064908376,-0.0005367835629479512,90.0
2025-09-10 14:50:00,2025-09-10 15:00:00,SELL,LOSS,SL,-1.1731350864133387,-6.775836779915444,-7.475836779915444,0.0003850557853276459,49.00724361061516,-0.0006262614668519628,10.0
2025-09-10 15:05:00,2025-09-10 15:10:00,SELL,WIN,TP,1.8312792878418866,10.853909187662381,10.153909187662382,0.0003951303062553975,57.487059043700285,-0.0005870733199868639,5.0
2025-09-10 15:40:00,2025-09-10 16:30:00,SELL,LOSS,SL,-1.0897630343159408,-12.140443364250352,-12.840443364250351,0.0007426962242833985,55.21854472138194,-0.0005560776469522022,50.0
2025-09-10 17:25:00,2025-09-10 19:50:00,BUY,LOSS,SL,-1.099768852778509,-11.02316827497296,-11.72316827497296,0.0006682112183314914,51.5851776697855,5.796877778418974e-05,145.0
2025-09-10 20:05:00,2025-09-10 20:25:00,BUY,LOSS,SL,-1.1902718532134837,-7.5067657130222445,-8.206765713022245,0.0004204510475347946,42.226466232440906,0.00018207142808512877,20.0
2025-09-10 21:10:00,2025-09-10 21:20:00,SELL,LOSS,SL,-1.254470826707272,-5.915668257644357,-6.615668257644357,0.00031437788384301713,45.94581687516016,-7.28660991142771e-05,10.0
2025-09-10 21:25:00,2025-09-10 22:05:00,SELL,WIN,TP,1.744181447937755,8.181649535018522,7.481649535018522,0.00031272165116732033,57.65462557519118,-7.637296930362858e-05,40.0
2025-09-10 23:00:00,2025-09-11 02:15:00,SELL,LOSS,SL,-1.3729604535770967,-5.521874130657466,-6.221874130657466,0.00026812494204386984,46.24997667942415,-0.0004195416638870242,195.0
2025-09-11 02:40:00,2025-09-11 03:15:00,SELL,WIN,TP,1.5645208316948171,4.311170624625805,3.611170624625805,0.00018370568748755575,59.69217956431964,-0.00045667332997378907,35.0
2025-09-11 04:25:00,2025-09-11 04:30:00,SELL,LOSS,SL,-1.312216638086002,-5.043485111352241,-5.743485111352241,0.00025623234075681053,47.29579780111661,-0.00048159042860351775,5.0
2025-09-11 04:35:00,2025-09-11 08:50:00,SELL,WIN,TP,1.68203281991029,6.347948814474736,5.647948814474736,0.00025159829381581034,55.85544823114355,-0.0004640282023193887,255.0
2025-09-11 09:10:00,2025-09-11 09:15:00,SELL,WIN,TP,1.7710232135751394,9.281411838625388,8.581411838625389,0.0003493803946208531,49.98758687653243,-0.00047669770317071425,5.0
2025-09-11 09:25:00,2025-09-11 12:40:00,SELL,WIN,TP,1.7823558158024435,9.827172671085329,9.12717267108533,0.00036757242236954644,47.6799858345911,-0.0005214134683471094,195.0
2025-09-11 13:15:00,2025-09-11 15:15:00,SELL,WIN,TP,1.8055998696060467,10.216864837187524,9.516864837187525,0.0003772288279062689,47.980272543702206,-0.0006544703961615106,120.0
2025-09-11 15:30:00,2025-09-11 15:30:00,SELL,LOSS,SL,-1.0668301779432028,-15.963299975796485,-16.663299975796484,0.0009975533317196999,49.43613201643725,-0.0007694469783918745,0.0
2025-09-11 15:50:00,2025-09-11 15:55:00,SELL,LOSS,SL,-1.060073851247777,-17.64617765016363,-18.34617765016363,0.0011097451766776019,56.244732480750756,-0.0005092711383485327,5.0
2025-09-11 17:55:00,2025-09-12 12:05:00,BUY,LOSS,SL,-1.0768543773887664,-14.011620599585605,-14.711620599585604,0.0008674413733057552,50.08183865748517,0.0013905554416029364,1090.0
2025-09-12 12:25:00,2025-09-12 12:40:00,BUY,LOSS,SL,-1.1809861318905297,-7.177813744675975,-7.877813744675975,0.00040518758297835986,42.56371525127099,9.672105807845277e-05,15.0
2025-09-12 13:00:00,2025-09-12 13:15:00,SELL,LOSS,SL,-1.1846097126918946,-7.058516396349367,-7.758516396349367,0.0003972344264232754,47.04823700374881,-5.287098001738322e-05,15.0
2025-09-12 13:20:00,2025-09-12 13:40:00,SELL,LOSS,SL,-1.1830065067848416,-7.110715243547348,-7.810715243547349,0.00040071434956985,55.49390278878436,-5.333331157442167e-05,20.0
2025-09-12 14:20:00,2025-09-12 14:40:00,BUY,LOSS,SL,-1.18747985462428,-6.333906418927281,-7.033906418927281,0.0003555937612618678,50.309523816326184,0.00010372422320004127,20.0
2025-09-12 14:45:00,2025-09-12 15:00:00,BUY,LOSS,SL,-1.1857527238092758,-6.383501137925517,-7.083501137925517,0.000358900075861633,41.73906692190041,6.753401282666438e-05,15.0
2025-09-12 16:55:00,2025-09-12 17:00:00,SELL,LOSS,SL,-1.133410063799814,-8.495686393648171,-9.19568639364817,0.0004997124262431587,46.985775825097036,-0.0006233794849930252,5.0
2025-09-12 17:10:00,2025-09-12 17:20:00,SELL,LOSS,SL,-1.118703999731612,-9.424315964592477,-10.124315964592476,0.0005616210643061996,56.93054267317281,-0.0006002675224425769,10.0
2025-09-12 17:35:00,2025-09-12 20:05:00,SELL,LOSS,SL,-1.1211477883248375,-9.254380982331,-9.954380982331,0.0005502920654887788,59.960027685883105,-0.0005181989962874667,150.0
2025-09-12 22:35:00,2025-09-12 23:05:00,BUY,LOSS,SL,-1.3120385082389345,-5.045679197649332,-5.745679197649332,0.00025637861317668486,51.81781623595577,0.0005280933487132877,30.0
2025-09-12 23:20:00,2025-09-15 01:55:00,BUY,LOSS,SL,-1.6897777460405778,-6.614304303811455,-7.314304303811456,0.0002609536202540373,40.13158422030113,0.0005241448384607494,3035.0
2025-09-15 02:05:00,2025-09-15 02:10:00,BUY,LOSS,SL,-1.313084418922576,-5.0328320653246985,-5.732832065324699,0.00025552213768833,45.80545811292504,0.0002897136282025148,5.0
2025-09-15 02:20:00,2025-09-15 03:00:00,BUY,LOSS,SL,-1.3282973388452743,-4.855223049388035,-5.555223049388035,0.00024368153662583571,40.61644786689345,0.0002525799833112963,40.0
2025-09-15 03:15:00,2025-09-15 03:20:00,BUY,LOSS,SL,-1.3324591287987928,-4.8094662352503805,-5.509466235250381,0.00024063108235001837,44.29148938582679,0.00010777478837020738,5.0
2025-09-15 03:40:00,2025-09-15 06:25:00,BUY,WIN,TP,1.6594385989771945,5.847187358262263,5.147187358262263,0.00023490624527539088,42.46121343492905,3.6781508391259266e-05,165.0
2025-09-15 07:35:00,2025-09-15 08:30:00,BUY,LOSS,SL,-1.39821655561546,-4.213435737611037,-4.913435737611037,0.00020089571584071874,54.424093897531534,0.0001569122977311821,55.0
2025-09-15 08:35:00,2025-09-15 09:00:00,BUY,LOSS,SL,-1.423411191042556,-4.034124428892082,-4.734124428892082,0.0001889416285928276,45.59013392751238,0.00018752472087313343,25.0
2025-09-15 09:10:00,2025-09-15 09:15:00,BUY,LOSS,SL,-1.400927375242121,-4.19306077385042,-4.89306077385042,0.00019953738492331594,42.955490137040464,0.00014434171011457053,5.0
2025-09-15 09:55:00,2025-09-15 10:00:00,SELL,LOSS,SL,-1.2843175904943607,-4.9689129226487925,-5.668912922648793,0.0002579275281766384,45.976407435390705,-4.362443589789322e-05,5.0
2025-09-15 10:05:00,2025-09-15 10:05:00,SELL,LOSS,SL,-1.2373805473418205,-5.733909611877484,-6.433909611877485,0.00030892730745842614,56.55388120253639,-4.666547400966614e-05,0.0
2025-09-15 10:50:00,2025-09-15 12:20:00,BUY,WIN,TP,1.808338678707797,10.378580994659371,9.678580994659372,0.0003826193664886087,51.138642462307,0.0001653795488085752,90.0
2025-09-15 13:55:00,2025-09-15 15:00:00,BUY,WIN,TP,1.8249970770893926,11.471218602581702,10.771218602581703,0.0004190406200860793,54.67626504868784,0.0009923914405918222,65.0
2025-09-15 16:10:00,2025-09-15 16:25:00,BUY,LOSS,SL,-1.1612025148612832,-7.203377167288693,-7.903377167288693,0.00041355847781918245,53.814488936653014,0.0016249581849914208,15.0
2025-09-15 16:30:00,2025-09-15 17:00:00,BUY,LOSS,SL,-1.1572377271935612,-7.359796836601372,-8.059796836601372,0.000423986455773453,47.989639606387435,0.0016088761305326216,30.0
2025-09-15 17:30:00,2025-09-15 18:30:00,BUY,WIN,TP,1.8402661704557397,11.520829217619323,10.820829217619323,0.0004173609739206411,40.86173115122049,0.0014195217334196375,60.0
2025-09-15 18:45:00,2025-09-15 19:00:00,BUY,WIN,TP,1.8390179853085316,11.423748105234722,10.723748105234723,0.00041412493684112647,54.0700016877681,0.0013256134499459726,15.0
2025-09-15 19:15:00,2025-09-15 19:30:00,BUY,LOSS,SL,-1.1885565407111538,-7.564138817323006,-8.264138817323007,0.00042427592115493195,53.67672337405568,0.0014123654487527837,15.0
2025-09-15 19:35:00,2025-09-16 05:15:00,BUY,WIN,TP,1.807129285328264,11.243568761015823,10.543568761015823,0.0004147856253671976,47.93755442432003,0.0013626604721617142,580.0
2025-09-16 07:05:00,2025-09-16 09:15:00,BUY,WIN,TP,1.7608309620454135,8.834743713187578,8.134743713187579,0.0003344914571062562,53.179491595603636,0.0009437819993902696,130.0
2025-09-16 11:05:00,2025-09-16 12:10:00,BUY,WIN,TP,1.8327933710274498,12.057373086931657,11.357373086931657,0.00043857910289769663,53.611725361880396,0.0014123454921919354,65.0
2025-09-16 13:15:00,2025-09-16 14:50:00,BUY,WIN,TP,1.8358588085221936,12.303095104822516,11.603095104822517,0.00044676983682739597,52.976165458522566,0.0019442581910611434,95.0
2025-09-16 15:10:00,2025-09-16 15:30:00,BUY,LOSS,SL,-1.1281259473597582,-8.804820339725183,-9.504820339725182,0.0005203213559816524,48.244919830552774,0.0019781792450515034,20.0
2025-09-16 15:40:00,2025-09-16 16:20:00,BUY,WIN,TP,1.8880867405321207,16.87098338042803,16.17098338042803,0.0005956994460142566,45.005406894831395,0.001817218661628095,40.0
2025-09-16 18:35:00,2025-09-16 19:15:00,BUY,WIN,TP,1.8943502732143287,17.930479622132346,17.230479622132346,0.0006310159874044053,53.201342636794124,0.002757748294923257,40.0
2025-09-16 21:00:00,2025-09-16 22:40:00,BUY,LOSS,SL,-1.1708820496458492,-8.22238767902763,-8.92238767902763,0.0004681591786017847,54.36091273922422,0.003782087587482552,100.0
2025-09-16 22:45:00,2025-09-17 00:00:00,BUY,LOSS,SL,-1.2335666207800384,-6.337720432792925,-7.037720432792925,0.00034251469551952585,41.631481472550895,0.0035139302938484995,75.0
2025-09-17 00:10:00,2025-09-17 02:10:00,BUY,WIN,TP,0.7264699185807345,4.221241002417459,3.521241002417458,0.00038737470008061106,40.063746493687596,0.0030478883369684517,120.0
2025-09-17 03:05:00,2025-09-17 03:30:00,BUY,LOSS,SL,-1.3473827809917596,-4.654402652238731,-5.354402652238731,0.0002302935101492886,54.346502872180885,0.002489909558165415,25.0
2025-09-17 05:20:00,2025-09-17 05:30:00,BUY,LOSS,SL,-1.302697223557683,-5.164357472117097,-5.8643574721170975,0.00026429049814121304,41.902881921592694,0.0015645933452950178,10.0
2025-09-17 05:45:00,2025-09-17 10:00:00,BUY,LOSS,SL,-1.3038202821547598,-5.14970339534062,-5.849703395340621,0.0002633135596893183,40.63456786007447,0.0013916109961364942,255.0
2025-09-17 11:30:00,2025-09-17 13:10:00,BUY,LOSS,SL,-1.2259161071874873,-5.969064068491191,-6.669064068491191,0.00032460427123280145,47.599928438302946,7.060542439019102e-05,100.0
2025-09-17 13:45:00,2025-09-17 16:05:00,SELL,LOSS,SL,-1.2124366442799648,-6.278014385081031,-6.978014385081031,0.0003452009590053609,50.105658636783716,-0.00022413951001576393,140.0
2025-09-17 16:20:00,2025-09-17 16:35:00,SELL,LOSS,SL,-1.1666333321775968,-7.001200281671171,-7.701200281671171,0.0004000800187781101,59.61242750930831,-0.00035256623524149155,15.0
2025-09-17 16:50:00,2025-09-17 17:10:00,SELL,LOSS,SL,-1.167388042134322,-6.9741424013881606,-7.674142401388161,0.00039827616009251214,58.254926966752194,-0.000221917497507107,20.0
2025-09-17 17:45:00,2025-09-17 18:05:00,BUY,LOSS,SL,-1.1612395053553635,-7.201954029789736,-7.901954029789736,0.0004134636019859479,53.24327222359661,3.46038640757218e-05,20.0
2025-09-17 18:10:00,2025-09-17 18:45:00,BUY,LOSS,SL,-1.1580264178004054,-7.328055865083559,-8.028055865083559,0.0004218703910055319,54.47376101614922,7.691131932685558e-05,35.0
2025-09-17 18:50:00,2025-09-17 21:00:00,BUY,WIN,TP,1.8336144536195005,11.020274858648428,10.320274858648428,0.000400675828621594,43.73077169878918,9.743388085059479e-05,130.0
2025-09-17 21:35:00,2025-09-17 21:40:00,BUY,LOSS,SL,-1.0703775553123138,-18.250890652208216,-18.950890652208216,0.0011367260434806006,54.956597991349376,0.000965550793469383,5.0
2025-09-17 21:45:00,2025-09-17 21:50:00,BUY,LOSS,SL,-1.0596363926508656,-21.321941429711575,-22.021941429711575,0.001341462761980734,42.17995000939885,0.0009275469459775199,5.0
2025-09-17 22:05:00,2025-09-17 22:35:00,BUY,LOSS,SL,-1.0534366494330354,-23.6564977919095,-24.3564977919095,0.0014970998527939184,45.92124099843212,0.0006575472906908963,30.0
2025-09-17 22:45:00,2025-09-17 23:15:00,BUY,LOSS,SL,-1.0581285402202902,-21.84390393174076,-22.543903931740758,0.001376260262116074,42.19102600763271,0.00026859615357133215,30.0
2025-09-18 01:25:00,2025-09-18 02:30:00,SELL,LOSS,SL,-1.4674335266274001,-8.476222384989981,-9.17622238498998,0.00038508149233259517,51.768914492072184,-0.0015056517618918797,65.0
2025-09-18 02:55:00,2025-09-18 03:10:00,SELL,WIN,TP,1.7455549565062134,8.232292203634952,7.5322922036349516,0.0003144097401211444,59.2492790273804,-0.0013273863747020886,15.0
2025-09-18 03:15:00,2025-09-18 03:50:00,SELL,LOSS,SL,-1.2305222232698962,-6.405571866253589,-7.105571866253589,0.0003470381244169014,45.40989622155175,-0.0013165351098523015,35.0
2025-09-18 04:00:00,2025-09-18 04:15:00,SELL,WIN,TP,1.8047543412071545,11.092206724813238,10.392206724813239,0.000409740224160459,55.989339053574,-0.001240560592773443,15.0
2025-09-18 04:35:00,2025-09-18 07:30:00,SELL,WIN,TP,1.8251759772931373,12.528090469695698,11.828090469695699,0.00045760301565649043,47.042278036232105,-0.0012759659348728913,175.0
2025-09-18 09:35:00,2025-09-18 09:45:00,SELL,LOSS,SL,-1.1578593457186581,-8.06822855176693,-8.76822855176693,0.0004645485701177793,46.14626099801932,-0.0019465878835056571,10.0
2025-09-18 09:50:00,2025-09-18 10:00:00,SELL,LOSS,SL,-1.1564428379271816,-8.131322204165135,-8.831322204165135,0.0004687548136110606,51.47813997028263,-0.0019391150074081764,10.0
2025-09-18 11:20:00,2025-09-18 11:50:00,SELL,LOSS,SL,-1.132440895690873,-9.405591669868217,-10.105591669868216,0.0005537061113245307,59.428745808196304,-0.0008113775070686113,30.0
2025-09-18 13:15:00,2025-09-18 14:40:00,BUY,LOSS,SL,-1.1464810102203495,-8.609505828402485,-9.309505828402484,0.0005006337218934926,51.13935723307415,0.0003048278388420034,85.0
2025-09-18 15:00:00,2025-09-18 15:05:00,BUY,LOSS,SL,-1.1301485588822262,-8.683527259836342,-9.383527259836342,0.0005122351506557536,40.894557169242006,0.0003934000200922494,5.0
2025-09-18 18:00:00,2025-09-18 18:20:00,SELL,LOSS,SL,-1.0864837338233464,-12.562868019119321,-13.26286801911932,0.0007708578679412624,45.00627064865581,-0.0020773705659284936,20.0
2025-09-18 18:25:00,2025-09-19 09:30:00,SELL,WIN,TP,1.9069518398911205,20.494245535427225,19.794245535427226,0.0007164748511809371,54.8013362722059,-0.0021121534456918223,905.0
2025-09-19 09:40:00,2025-09-19 10:05:00,SELL,WIN,TP,1.8562866384101302,14.208249529910612,13.508249529910612,0.0005102749843303891,48.27687662031406,-0.0008853159809780742,25.0
2025-09-19 10:20:00,2025-09-19 11:05:00,SELL,WIN,TP,1.8791448437052332,17.103608910474232,16.403608910474233,0.0006067869636824989,54.61004370187219,-0.0009841356988151695,45.0
2025-09-19 11:35:00,2025-09-19 14:45:00,SELL,WIN,TP,1.8830205573126713,17.70672321098453,17.006723210984532,0.0006268907736994842,46.67842661574358,-0.0011479061153010228,190.0
2025-09-19 16:05:00,2025-09-19 16:15:00,SELL,LOSS,SL,-1.1125330223987644,-9.886280477355957,-10.586280477355956,0.0005924186984904416,54.34483964707919,-0.0019033879163772305,10.0
2025-09-19 16:20:00,2025-09-19 16:50:00,SELL,LOSS,SL,-1.1062414604291246,-10.412521213101321,-11.11252121310132,0.0006275014142068217,56.82691183251658,-0.0018539800149830477,30.0
2025-09-19 17:15:00,2025-09-19 17:20:00,SELL,LOSS,SL,-1.1154706224749609,-9.660211390276729,-10.360211390276728,0.0005773474260184402,57.73930740556118,-0.0015015134964124766,5.0
2025-09-19 17:50:00,2025-09-19 18:35:00,SELL,WIN,TP,1.8868764429844624,16.679783528423698,15.979783528423699,0.0005893261176141547,53.436972880369794,-0.001231883541399137,45.0
2025-09-19 18:50:00,2025-09-22 03:05:00,SELL,WIN,TP,1.8755275010547596,15.067806278108332,14.367806278108333,0.0005355935426036226,45.06133225504954,-0.001266486902650854,3375.0
2025-09-22 03:30:00,2025-09-22 03:50:00,SELL,WIN,TP,1.7327386925170234,7.779975525087447,7.0799755250874465,0.0002993325175028833,49.18134362212187,-0.0010759302245981761,20.0
2025-09-22 04:00:00,2025-09-22 04:00:00,SELL,LOSS,SL,-1.217856296449693,-6.7082181215593275,-7.408218121559328,0.0003672145414372795,48.0401489098469,-0.001138903365646815,0.0
2025-09-22 04:05:00,2025-09-22 04:15:00,SELL,LOSS,SL,-1.2103764803341082,-6.9040596843060955,-7.604059684306096,0.00038027064562033453,47.38465981883088,-0.001139725259828639,10.0
2025-09-22 04:20:00,2025-09-22 05:05:00,SELL,WIN,TP,1.7815448831537126,9.786238430334972,9.086238430334973,0.0003662079476778043,56.89938351052272,-0.0010993538177308526,45.0
2025-09-22 05:45:00,2025-09-22 08:55:00,SELL,LOSS,SL,-1.2465033515379509,-6.068087969243096,-6.768087969243096,0.00032453919794955333,47.6613120160912,-0.0011504995364715054,190.0
2025-09-22 10:10:00,2025-09-22 10:25:00,SELL,LOSS,SL,-1.2032909609716524,-6.510963649059574,-7.2109636490595745,0.0003607309099372884,56.45345056611868,-0.00048714432207019875,15.0
2025-09-22 10:35:00,2025-09-22 11:05:00,SELL,LOSS,SL,-1.1689021682119365,-7.612645821217244,-8.312645821217243,0.00043417638808114294,59.318634212402344,-0.00033377804939926925,30.0
2025-09-22 14:05:00,2025-09-22 15:00:00,BUY,WIN,TP,1.8404320540435541,11.533845616775618,10.83384561677562,0.00041779485389252725,52.87058734946389,0.0013527864185465255,55.0
2025-09-22 15:20:00,2025-09-22 17:00:00,BUY,LOSS,SL,-1.1451557538652744,-7.889151641402691,-8.58915164140269,0.00045927677609351676,53.06092376517672,0.0015684257386059386,100.0
2025-09-22 17:45:00,2025-09-22 19:10:00,BUY,WIN,TP,1.8652674032110723,13.844217714717889,13.14421771471789,0.0004948072571572757,41.979162271851536,0.0014024566301784613,85.0
2025-09-23 00:10:00,2025-09-23 03:50:00,BUY,WIN,TP,0.8850976693641341,5.398377944232508,4.698377944232507,0.00040661259814111074,46.355885711576974,0.00180184795426519,220.0
2025-09-23 05:15:00,2025-09-23 05:30:00,BUY,LOSS,SL,-1.2486785786195889,-6.02550610776844,-6.725506107768441,0.00032170040718452765,45.58798582255533,0.001647569895373291,15.0
2025-09-23 05:40:00,2025-09-23 06:05:00,BUY,LOSS,SL,-1.256514709371375,-5.878094300871738,-6.578094300871738,0.000311872953391378,44.530773169482316,0.0015646797251518407,25.0
2025-09-23 06:25:00,2025-09-23 07:20:00,BUY,LOSS,SL,-1.2653594806478055,-5.722167427636337,-6.422167427636337,0.00030147782850904563,47.00420432542188,0.0013620446982482992,55.0
2025-09-23 07:35:00,2025-09-23 07:55:00,BUY,LOSS,SL,-1.2885791579890455,-5.358304460939455,-6.058304460939455,0.0002772202973958916,46.87303971069499,0.001130257087819997,20.0
2025-09-23 08:15:00,2025-09-23 09:10:00,BUY,LOSS,SL,-1.3030927699994879,-5.159183849888692,-5.859183849888693,0.00026394558999261777,42.94628445528484,0.000945583331275035,55.0
2025-09-23 09:45:00,2025-09-23 10:00:00,BUY,LOSS,SL,-1.1972136404635147,-6.677707492314676,-7.377707492314676,0.00037184716615436974,50.501450810470445,0.0006008671196586768,15.0
2025-09-23 10:15:00,2025-09-23 10:15:00,BUY,LOSS,SL,-1.1469841889371282,-8.583798141516562,-9.283798141516561,0.0004989198761010423,40.8232480051858,0.0004747303758332322,0.0
2025-09-23 10:30:00,2025-09-23 12:10:00,BUY,WIN,TP,1.8715607507956693,16.02872049337566,15.32872049337566,0.0005709573497791547,41.78140111733043,0.000359250615761475,100.0
2025-09-23 12:45:00,2025-09-23 13:25:00,BUY,LOSS,SL,-1.1615031864748262,-7.9110111262198455,-8.611011126219845,0.0004540674084147236,54.60597008828985,0.00044260546105534537,40.0
2025-09-23 13:35:00,2025-09-23 15:20:00,BUY,LOSS,SL,-1.1598911913634735,-7.979678552769164,-8.679678552769163,0.0004586452368513215,41.95812247897472,0.00042294737606130006,105.0
2025-09-23 15:30:00,2025-09-23 16:00:00,BUY,WIN,TP,1.8581854804202589,13.102928289196903,12.402928289196904,0.00047009760963991943,42.85489094938259,9.418434131114317e-05,30.0
2025-09-23 16:15:00,2025-09-23 16:45:00,BUY,LOSS,SL,-1.1476792443311397,-7.77143226544219,-8.47143226544219,0.00045142881769610996,52.77504522671448,0.00010550636383754863,30.0
2025-09-23 17:05:00,2025-09-23 20:25:00,BUY,WIN,TP,1.8899862524745337,17.1795461474743,16.479546147474302,0.0006059848715824441,49.431994835869595,5.340408405785091e-05,200.0
2025-09-23 21:25:00,2025-09-24 03:30:00,BUY,LOSS,SL,-1.1811219276726135,-7.825371181832041,-8.52537118183204,0.00044169141212214026,54.43482817535694,0.0006539433698282693,365.0
2025-09-24 04:35:00,2025-09-24 05:30:00,BUY,LOSS,SL,-1.248130961954148,-6.03615583702024,-6.73615583702024,0.0003224103891347241,40.80538639412576,0.0002937821019233233,55.0
2025-09-24 05:40:00,2025-09-24 08:45:00,BUY,LOSS,SL,-1.260903047233004,-5.799409676224742,-6.499409676224742,0.0003066273117482702,41.42398942759644,1.8282471577979464e-05,185.0
2025-09-24 09:00:00,2025-09-24 09:30:00,SELL,WIN,TP,1.7569572630227734,8.674806504606149,7.974806504606149,0.0003291602168202066,47.356263061138414,-0.0002651963517605882,30.0
2025-09-24 10:40:00,2025-09-24 11:10:00,SELL,WIN,TP,1.8398472807206738,12.636888202084963,11.936888202084964,0.0004578962734028233,49.51148592245944,-0.0005779268317553932,30.0
2025-09-24 15:10:00,2025-09-24 15:40:00,SELL,WIN,TP,1.8283522808526305,10.651771488316864,9.951771488316865,0.00038839238294387614,49.18514512364896,-0.002247949736414956,30.0
2025-09-24 17:30:00,2025-09-25 03:55:00,SELL,LOSS,SL,-1.1179464373046384,-9.47842480750094,-10.178424807500939,0.0005652283205000729,48.237277800056866,-0.0027424101412945046,625.0
2025-09-25 04:10:00,2025-09-25 05:40:00,SELL,LOSS,SL,-1.3181278924475213,-4.972067864806772,-5.672067864806772,0.0002514711909871429,59.44818169005725,-0.0007149241406525508,90.0
2025-09-25 05:55:00,2025-09-25 06:55:00,SELL,LOSS,SL,-1.3343012837954298,-4.7895764035842605,-5.489576403584261,0.00023930509357231766,58.1400320276846,-0.0004173811072383238,60.0
2025-09-25 07:10:00,2025-09-25 07:30:00,SELL,LOSS,SL,-1.3709654676124219,-4.434802440570395,-5.134802440570395,0.00021565349603803837,51.6012352601741,-0.00018467123770249394,20.0
2025-09-25 07:45:00,2025-09-25 08:10:00,SELL,WIN,TP,1.584522220573694,4.576482206374389,3.876482206374389,0.00019254940687914667,58.68019776781259,-9.876705582367862e-05,25.0
2025-09-25 09:20:00,2025-09-25 10:45:00,SELL,WIN,TP,1.7661290940795416,9.06207167817761,8.36207167817761,0.00034206905593923195,58.662749032314736,-0.000211320215220967,85.0
2025-09-25 11:20:00,2025-09-25 12:05:00,SELL,LOSS,SL,-1.164706665811252,-7.77853966068721,-8.47853966068721,0.0004452359773791213,48.658922448131335,-0.00035599826302079585,45.0
2025-09-25 12:20:00,2025-09-25 13:10:00,SELL,LOSS,SL,-1.1766468170077462,-7.32711475153137,-8.02711475153137,0.00041514098343539116,56.625946877186955,-0.0003756427176775379,50.0
2025-09-25 13:25:00,2025-09-25 13:45:00,SELL,LOSS,SL,-1.204221467960238,-6.4863093385175805,-7.186309338517581,0.0003590872892345725,56.76989001114817,-0.00022121212496872822,20.0
2025-09-25 13:55:00,2025-09-25 14:10:00,SELL,WIN,TP,1.7878094604878505,9.268039993950973,8.568039993950974,0.00034560133313169504,59.19069544470947,-0.00010867168750272604,15.0
2025-09-25 14:20:00,2025-09-25 15:30:00,SELL,WIN,TP,1.8250672309454568,10.432963708339905,9.732963708339906,0.0003810987902779882,45.08076522876604,-0.00013707227292392155,70.0
2025-09-25 19:10:00,2025-09-25 20:20:00,SELL,WIN,TP,1.8573619901743166,15.625809634675171,14.925809634675172,0.0005608603211558198,47.51930234085459,-0.0031899988566221893,70.0
2025-09-25 22:10:00,2025-09-25 22:25:00,SELL,LOSS,SL,-1.1948434606749974,-7.358790219814581,-8.05879021981458,0.00041058601465428083,46.05371780139764,-0.0038500712056468434,15.0
2025-09-25 22:30:00,2025-09-25 23:30:00,SELL,LOSS,SL,-1.2057458011660667,-7.0324398028974935,-7.732439802897494,0.00038882932019318413,51.99198669734443,-0.0037679785616808736,60.0
2025-09-25 23:55:00,2025-09-26 00:05:00,SELL,WIN,TP,1.5653373569703066,6.8424122153900715,6.142412215390071,0.0002914137405129975,54.896320594773755,-0.003260748020863957,10.0
2025-09-26 00:20:00,2025-09-26 01:05:00,SELL,LOSS,SL,-1.5766372626806024,-8.475996663117277,-9.175996663117276,0.00035839977754114494,51.71496100804983,-0.003155499644684756,45.0
2025-09-26 01:10:00,2025-09-26 05:20:00,SELL,LOSS,SL,-1.3895739059513845,-9.630648995615573,-10.330648995615572,0.00046204326637432416,57.31745846566667,-0.0028680849527560337,250.0
2025-09-26 06:15:00,2025-09-26 07:10:00,SELL,LOSS,SL,-1.3463156376599787,-4.665047111670394,-5.365047111670394,0.0002310031407779778,57.77258822192721,-0.001094206085848981,55.0
2025-09-26 07:25:00,2025-09-26 09:05:00,SELL,LOSS,SL,-1.3121915716717245,-5.043793711579835,-5.743793711579835,0.0002562529141052562,57.62706718718494,-0.000740226782708131,100.0
2025-09-26 09:10:00,2025-09-26 09:45:00,SELL,WIN,TP,1.728904033451854,7.652953552054288,6.952953552054288,0.00029509845173514916,58.30914852057838,-0.0003944209635580176,35.0
2025-09-26 09:55:00,2025-09-26 10:00:00,SELL,LOSS,SL,-1.2055445435036674,-6.451638050077323,-7.151638050077323,0.0003567758700051498,45.73062475225116,-0.0003503342339030713,5.0
2025-09-26 10:05:00,2025-09-26 10:50:00,SELL,WIN,TP,1.8141662595396342,10.738539086357347,10.038539086357348,0.0003946179695452488,56.50565245430414,-0.0003212737454014736,45.0
2025-09-26 11:00:00,2025-09-26 11:05:00,SELL,LOSS,SL,-1.1700996625022844,-7.566797075421748,-8.266797075421747,0.00043111980502809463,45.054885347152215,-0.0003490528529890291,5.0
2025-09-26 11:10:00,2025-09-26 11:30:00,SELL,LOSS,SL,-1.1747321285914352,-7.395350539522459,-8.095350539522459,0.00041969003596809673,51.71272599935901,-0.0003324980422505508,20.0
2025-09-26 11:45:00,2025-09-26 13:30:00,SELL,WIN,TP,1.815503600437799,10.824351939769373,10.124351939769374,0.00039747839799229086,59.16531323517732,-0.00021030262380961062,105.0
2025-09-26 14:35:00,2025-09-26 14:50:00,SELL,LOSS,SL,-1.178528191500434,-6.601356242930233,-7.301356242930233,0.0003734237495287519,46.98641399493367,-0.0004428073755180506,15.0
2025-09-26 14:55:00,2025-09-26 15:30:00,SELL,LOSS,SL,-1.1643480809559659,-7.0846466486452755,-7.784646648645276,0.0004056431099096939,57.18907718146281,-0.00045174267830683235,35.0
2025-09-26 15:35:00,2025-09-26 15:45:00,SELL,LOSS,SL,-1.1302254631695383,-8.678989774051459,-9.378989774051458,0.0005119326516033847,52.026416592728886,-0.00039250380750122105,10.0
2025-09-26 15:55:00,2025-09-26 16:00:00,SELL,LOSS,SL,-1.1154052187441197,-9.665119401725097,-10.365119401725096,0.0005776746267816737,52.991390036808,-0.00033639326770229516,5.0
2025-09-26 16:20:00,2025-09-26 17:05:00,SELL,LOSS,SL,-1.1024253406296847,-10.763208927129341,-11.46320892712934,0.0006508805951419918,57.888372499157306,-0.00014260845950064827,45.0
2025-09-26 18:00:00,2025-09-29 03:00:00,BUY,WIN,TP,1.8978577438766817,18.580534794430005,17.880534794430005,0.0006526844931476994,52.92905968273833,0.00040199271837138006,3420.0
2025-09-29 04:10:00,2025-09-29 04:35:00,BUY,WIN,TP,1.7130992004251842,7.165260757587922,6.465260757587922,0.0002788420252529644,53.34263603468215,0.0012711544857790802,25.0
2025-09-29 06:40:00,2025-09-29 09:10:00,BUY,LOSS,SL,-1.2833306808442886,-5.435333767681482,-6.135333767681482,0.0002823555845120283,53.431404410032805,0.0016311755541449369,150.0
2025-09-29 09:15:00,2025-09-29 10:00:00,BUY,LOSS,SL,-1.2319551962635191,-6.373412880290496,-7.073412880290496,0.0003448941920193493,42.58082722245503,0.0014729067020293751,45.0
2025-09-29 10:05:00,2025-09-29 10:15:00,BUY,WIN,TP,1.7898728572276144,9.369851590677593,8.669851590677593,0.00034899505302258264,45.8749546599926,0.0012752172609209467,10.0
2025-09-29 10:35:00,2025-09-29 11:15:00,BUY,LOSS,SL,-1.1865346193121278,-6.997028680554861,-7.697028680554861,0.00039313524537036945,50.19562709115994,0.0012695988827646776,40.0
2025-09-29 11:35:00,2025-09-29 14:25:00,BUY,LOSS,SL,-1.157462644641777,-8.085783850528282,-8.785783850528281,0.0004657189233685384,41.145517215254756,0.0010352738337777723,170.0
2025-09-29 14:35:00,2025-09-29 14:55:00,BUY,WIN,TP,1.8175554411637562,9.962234296036932,9.262234296036933,0.0003654078098679193,40.82406378141827,0.0004206739861387643,20.0
2025-09-29 15:25:00,2025-09-29 15:35:00,BUY,WIN,TP,1.8604362304689113,13.330366732824285,12.630366732824285,0.0004776788910941324,52.57869358949183,0.0004395913215351488,10.0
2025-09-29 17:00:00,2025-09-29 17:35:00,BUY,LOSS,SL,-1.1063458072183787,-10.40328562222037,-11.103285622220369,0.0006268857081480354,53.54756233981511,0.001180587267147315,35.0
2025-09-29 17:40:00,2025-09-29 18:10:00,BUY,LOSS,SL,-1.1221456016511695,-9.186950544939453,-9.886950544939452,0.0005457967029958942,44.02752977912996,0.001165587837108184,30.0
2025-09-29 18:20:00,2025-09-29 21:00:00,BUY,LOSS,SL,-1.1272926675757102,-8.855912041478952,-9.555912041478951,0.0005237274694319798,40.92120424435723,0.0010073815518141238,160.0
2025-09-29 21:10:00,2025-09-29 21:45:00,BUY,WIN,TP,1.7258623158357658,7.554724865036589,6.854724865036589,0.0002918241621678844,42.61624059799591,0.0004203124247823542,35.0
2025-09-29 22:05:00,2025-09-29 23:05:00,BUY,LOSS,SL,-1.2747599819067648,-5.567448242179606,-6.267448242179606,0.0002911632161453171,50.67092875798745,0.0004053811417987774,60.0
2025-09-29 23:15:00,2025-09-30 00:00:00,BUY,LOSS,SL,-1.4016615028505803,-5.2344878445022545,-5.934487844502255,0.0002489658563000987,40.85054400811813,0.0003474094172837283,45.0
2025-09-30 00:10:00,2025-09-30 02:25:00,BUY,WIN,TP,0.26882028257668894,1.071442745724477,0.371442745724477,0.000265714758190801,42.75177851855097,0.0002192075859714926,135.0
2025-09-30 03:10:00,2025-09-30 03:30:00,BUY,LOSS,SL,-1.3592777647158414,-4.5400341402956,-5.2400341402956006,0.00022266894268631034,44.5529653832475,0.0002346771865613384,20.0
2025-09-30 04:10:00,2025-09-30 04:40:00,BUY,LOSS,SL,-1.2216563926933004,-6.6137847567536925,-7.313784756753693,0.0003609189837835985,49.551860436447186,9.108050688788616e-05,30.0
2025-09-30 04:45:00,2025-09-30 04:55:00,BUY,LOSS,SL,-1.2327920887138906,-6.3548143522817115,-7.054814352281712,0.00034365429015213424,40.4366803728941,2.3582607578953585e-05,10.0
2025-09-30 05:20:00,2025-09-30 07:55:00,SELL,LOSS,SL,-1.2281894093442935,-6.458789193802738,-7.158789193802738,0.000350585946253464,50.63880133591562,-9.078651647609348e-05,155.0
2025-09-30 10:45:00,2025-09-30 11:30:00,BUY,WIN,TP,1.8003043071910116,9.916762400100078,9.216762400100079,0.0003672254133366935,53.89886364116683,0.0006647597954241302,45.0
2025-09-30 12:15:00,2025-09-30 13:10:00,BUY,LOSS,SL,-1.1788857667446224,-7.249175644423188,-7.949175644423188,0.00040994504296159,52.97974700376091,0.001137221207232697,55.0
2025-09-30 13:15:00,2025-09-30 14:15:00,BUY,LOSS,SL,-1.1896830075508,-6.899148875818005,-7.599148875818005,0.00038660992505447844,41.561074005380874,0.0011324238395666875,60.0
2025-09-30 14:25:00,2025-09-30 15:35:00,BUY,LOSS,SL,-1.1827529639566707,-6.471867478095138,-7.171867478095138,0.0003647911652062688,42.916662606136036,0.0009179285389793179,70.0
2025-09-30 16:00:00,2025-09-30 16:05:00,BUY,LOSS,SL,-1.1512988301884712,-7.609436429576565,-8.309436429576564,0.000440629095305176,43.70192987796414,0.0005893597077732959,5.0
2025-09-30 16:35:00,2025-09-30 17:05:00,BUY,WIN,TP,1.873318413657778,14.787614109892267,14.087614109892268,0.000526253803663055,40.57641924357548,0.00025936110441882043,30.0
2025-09-30 17:25:00,2025-09-30 18:25:00,BUY,LOSS,SL,-1.1011343240104083,-10.887839858375713,-11.587839858375713,0.0006591893238917156,52.10130395217089,0.0002289441474692122,60.0
2025-09-30 18:35:00,2025-09-30 19:30:00,BUY,WIN,TP,1.8902480928540446,17.222917961183693,16.522917961183694,0.000607430598706144,40.07932494210189,0.0002639850960350909,55.0
2025-09-30 20:50:00,2025-09-30 21:00:00,BUY,LOSS,SL,-1.1773502238601408,-7.9662728238016,-8.6662728238016,0.0004510848549201287,52.58533354843495,0.000689173601505555,10.0
2025-09-30 21:05:00,2025-09-30 21:30:00,BUY,LOSS,SL,-1.1814734660644046,-7.812536951127179,-8.51253695112718,0.0004408357967418198,41.500932234031474,0.0006830316653361201,25.0
2025-09-30 21:40:00,2025-09-30 23:10:00,BUY,LOSS,SL,-1.187401565312318,-7.603361668831931,-8.303361668831931,0.000426890777922165,41.34222456388926,0.0005777084651226172,90.0
2025-09-30 23:35:00,2025-10-01 00:00:00,BUY,LOSS,SL,-1.369992425210348,-5.554137051987539,-6.254137051987539,0.0002702758034657893,41.24330495974133,0.00016946229494685383,25.0
2025-10-01 00:10:00,2025-10-01 02:05:00,BUY,WIN,TP,0.6894171382080239,2.998419865198481,2.29841986519848,0.0002899473288399539,43.263164156549955,3.092740794485849e-05,115.0
2025-10-01 02:30:00,2025-10-01 03:00:00,SELL,WIN,TP,1.6646812288794688,5.9573684705450445,5.257368470545044,0.0002385789490181389,59.91546536838943,-5.681202836615995e-05,30.0
2025-10-01 03:20:00,2025-10-01 04:40:00,SELL,LOSS,SL,-1.3007718784229025,-5.18973469957431,-5.88973469957431,0.000265982313304896,50.76418174029618,-0.00011167332199435442,80.0
2025-10-01 04:50:00,2025-10-01 07:10:00,SELL,LOSS,SL,-1.284373150762016,-5.419807660408304,-6.119807660408304,0.0002813205106939387,55.41019280641566,-0.00010630516453380423,140.0
2025-10-01 08:55:00,2025-10-01 09:35:00,BUY,WIN,TP,1.7745211456194496,9.444013633072103,8.744013633072104,0.0003548004544357025,54.20303289844625,0.0006682197661780354,40.0
2025-10-01 10:25:00,2025-10-01 10:25:00,BUY,LOSS,SL,-1.122196391455136,-10.101902485834545,-10.801902485834544,0.0006001268323889877,53.03380774271752,0.0012222226674822867,0.0
2025-10-01 10:30:00,2025-10-01 10:40:00,BUY,LOSS,SL,-1.1229298176520581,-10.048195165419115,-10.748195165419114,0.0005965463443612064,41.63391140387654,0.0012030524195425496,10.0
2025-10-01 10:50:00,2025-10-01 12:45:00,BUY,LOSS,SL,-1.1055639028293698,-11.520228605776405,-12.220228605776404,0.0006946819070517737,42.5416746255462,0.0010930838712668312,115.0
2025-10-01 14:15:00,2025-10-01 14:35:00,SELL,LOSS,SL,-1.1348642968693745,-8.414860887671182,-9.114860887671181,0.0004943240591781081,45.908163639708526,-0.00032619950177270596,20.0
2025-10-01 14:40:00,2025-10-01 15:05:00,SELL,WIN,TP,1.8543020418391485,12.727028334795666,12.027028334795666,0.0004575676111598302,57.060624384785484,-0.0003760602811362368,25.0
2025-10-01 15:25:00,2025-10-01 15:30:00,SELL,LOSS,SL,-1.080243228689715,-13.462110714248631,-14.16211071424863,0.000830807380949938,59.259628070458355,-0.0003563233816987754,5.0
2025-10-01 15:40:00,2025-10-01 17:00:00,SELL,LOSS,SL,-1.0745214618735681,-14.41895307551244,-15.11895307551244,0.0008945968717008088,57.76249993069906,-0.00023123239962163922,80.0
2025-10-01 17:10:00,2025-10-01 17:20:00,BUY,LOSS,SL,-1.0761943474731381,-14.12433314495598,-14.824333144955979,0.0008749555429970529,50.32283989816651,0.0003156359558278421,10.0
2025-10-01 17:25:00,2025-10-01 17:45:00,BUY,LOSS,SL,-1.0784920377013827,-13.740145743246334,-14.440145743246333,0.0008493430495497467,44.42865147550072,0.0002634644468291203,20.0
2025-10-01 17:50:00,2025-10-01 18:15:00,BUY,LOSS,SL,-1.0714189403424288,-15.001887947445724,-15.701887947445723,0.0009334591964963824,45.407270896920465,0.00028863532393530456,25.0
2025-10-01 20:05:00,2025-10-01 21:15:00,SELL,LOSS,SL,-1.1352301636127986,-10.073759876797393,-10.773759876797392,0.0005915839917865375,50.34342341374808,-0.000753389683397554,70.0
2025-10-01 22:00:00,2025-10-02 05:10:00,SELL,LOSS,SL,-1.1949420194117844,-7.355676460215531,-8.055676460215532,0.00041037843068105785,54.2859670925163,-0.0005796271844804579,430.0
2025-10-02 05:25:00,2025-10-02 09:00:00,SELL,LOSS,SL,-1.2777855567830996,-5.519879024297091,-6.219879024297091,0.0002879919349531371,55.87642986298106,-0.00014824124677992323,215.0
2025-10-02 09:20:00,2025-10-02 09:35:00,SELL,LOSS,SL,-1.2598900692687038,-5.817336873919964,-6.517336873919964,0.0003078224582613808,57.050186947541924,-8.07833250981993e-06,15.0
2025-10-02 09:45:00,2025-10-02 10:00:00,BUY,WIN,TP,1.8013485593871141,9.974674279796249,9.27467427979625,0.00036915580932655984,51.689074791308045,4.192282159287686e-05,15.0
2025-10-02 11:35:00,2025-10-02 15:40:00,BUY,LOSS,SL,-1.186979509371855,-6.982997573880555,-7.682997573880555,0.0003921998382587473,54.30758053098843,0.0006121428187368938,245.0
2025-10-02 16:10:00,2025-10-02 16:15:00,BUY,LOSS,SL,-1.14723969131847,-7.791646946862073,-8.491646946862073,0.0004527764631240791,42.996418042338846,0.000507805001837891,5.0
2025-10-02 16:30:00,2025-10-02 16:35:00,BUY,LOSS,SL,-1.1458076070841214,-7.858352729313122,-8.558352729313121,0.00045722351528755415,42.39773229309626,0.00038925386567800757,5.0
2025-10-02 19:10:00,2025-10-02 19:50:00,SELL,LOSS,SL,-1.1254037868936242,-10.769089018164333,-11.469089018164333,0.0006379392678775731,45.58711835182662,-0.0016937033267134805,40.0
2025-10-02 19:55:00,2025-10-02 20:05:00,SELL,LOSS,SL,-1.1587621934001264,-8.758474560600547,-9.458474560600546,0.000503898304040068,55.52120702572027,-0.0017347710422646045,10.0
2025-10-02 20:15:00,2025-10-02 21:55:00,SELL,LOSS,SL,-1.1687172994309623,-8.31248937748099,-9.012489377480989,0.0004741659584987712,58.95820861805441,-0.0016533208482376605,100.0
2025-10-02 22:35:00,2025-10-03 00:00:00,SELL,WIN,TP,1.7172461435018171,7.287947891240299,6.587947891240299,0.00028293159637469577,57.24877685255371,-0.0009702409297873693,85.0
2025-10-03 00:20:00,2025-10-03 01:00:00,SELL,LOSS,SL,-1.7373770677441442,-7.304090601140908,-8.004090601140907,0.00028027270674277794,46.02854950800544,-0.0008420316348094481,40.0
2025-10-03 01:05:00,2025-10-03 02:30:00,SELL,LOSS,SL,-1.3849673434034842,-5.396434400743054,-6.096434400743054,0.00025976229338286485,56.93072590667825,-0.0007776503594807416,85.0
2025-10-03 03:05:00,2025-10-03 04:00:00,SELL,LOSS,SL,-1.4035247120044008,-4.173795567660087,-4.873795567660087,0.0001982530378440781,51.33023457857405,-0.00043946017025620066,55.0
2025-10-03 04:10:00,2025-10-03 04:25:00,SELL,WIN,TP,1.7105706645553755,7.092179492839224,6.392179492839224,0.000276405983094665,57.762797661927344,-0.0002889259052178961,15.0
2025-10-03 04:40:00,2025-10-03 04:45:00,SELL,LOSS,SL,-1.2769869935561844,-5.532333387186971,-6.232333387186971,0.0002888222258124562,46.601037546075865,-0.00029685291618752885,5.0
2025-10-03 05:00:00,2025-10-03 07:55:00,SELL,WIN,TP,1.7272097448295012,7.597968235705333,6.897968235705333,0.0002932656078568646,59.26278307933333,-0.00023013646429559387,175.0
2025-10-03 08:40:00,2025-10-03 09:05:00,SELL,LOSS,SL,-1.2822695422499804,-5.45125569848861,-6.15125569848861,0.0002834170465658926,45.217451041525,-0.00017636988027636136,25.0
2025-10-03 09:10:00,2025-10-03 09:30:00,SELL,LOSS,SL,-1.249940032778556,-6.001151646895985,-6.701151646895985,0.00032007677645974766,57.058874743513826,-0.00020082821037714638,20.0
2025-10-03 09:35:00,2025-10-03 10:35:00,SELL,LOSS,SL,-1.210791202894176,-6.318434094482749,-7.018434094482749,0.000347895606298841,59.42406916585119,-0.00015664719846752995,60.0
2025-10-03 10:50:00,2025-10-03 11:00:00,SELL,LOSS,SL,-1.1986008947051643,-6.638746447406595,-7.338746447406595,0.00036924976316051215,59.85461446659192,-1.618159062033442e-05,10.0
2025-10-03 12:05:00,2025-10-03 15:35:00,BUY,LOSS,SL,-1.188783392171713,-6.926783740592311,-7.626783740592312,0.0003884522493728104,53.275689516981586,0.0004162737133448502,210.0
2025-10-03 15:40:00,2025-10-03 17:00:00,BUY,WIN,TP,1.8448028374519145,11.88683354230935,11.186833542309351,0.0004295611180769707,40.95110309461426,0.0005718353934878184,80.0
2025-10-03 17:30:00,2025-10-03 20:50:00,BUY,LOSS,SL,-1.104900560787321,-10.532837503389846,-11.232837503389845,0.0006355225002259263,53.16102193084451,0.0007170769127293752,200.0
2025-10-03 21:25:00,2025-10-06 00:00:00,BUY,LOSS,SL,-1.2200524174254817,-6.653246158526604,-7.353246158526604,0.00036354974390170495,42.5788380108879,0.00041383419432206026,3035.0
2025-10-06 00:50:00,2025-10-06 01:05:00,BUY,LOSS,SL,-1.5471154044319384,-11.311071791431534,-12.011071791431533,0.00048740478609543477,41.960519336042005,5.243891064043993e-06,15.0
2025-10-06 03:05:00,2025-10-06 04:50:00,SELL,LOSS,SL,-1.1801880437351129,-7.859709352103693,-8.559709352103694,0.0004439806234735349,51.065109938078294,-0.0008887819693697008,105.0
2025-10-06 06:50:00,2025-10-06 08:10:00,SELL,WIN,TP,1.6914921685212356,6.579381121355566,5.879381121355566,0.0002593127040451847,52.40813241366654,-0.0003400715513568464,80.0
2025-10-06 10:20:00,2025-10-06 10:40:00,SELL,WIN,TP,1.850469455565815,13.612713100382136,12.912713100382136,0.0004904237700127736,48.70346517959352,-0.0009513195987251866,20.0
2025-10-06 13:00:00,2025-10-06 14:30:00,SELL,LOSS,SL,-1.1178693320762145,-10.432368145504865,-11.132368145504865,0.0006221578763670523,45.36203907094861,-0.0027666406941073696,90.0
2025-10-06 14:50:00,2025-10-06 15:00:00,SELL,LOSS,SL,-1.1496387296484123,-7.682761891587674,-8.382761891587673,0.0004455174594391585,56.232718814455616,-0.002726495841711696,10.0
2025-10-06 15:05:00,2025-10-06 15:10:00,SELL,LOSS,SL,-1.1399598124263515,-8.144908118008608,-8.844908118008608,0.0004763272078673081,58.81198291073336,-0.002624082415743745,5.0
2025-10-06 15:25:00,2025-10-06 15:35:00,SELL,LOSS,SL,-1.1320810703951771,-8.57110763115465,-9.27110763115465,0.000504740508743715,57.07244425656503,-0.0024608907398688817,10.0
2025-10-06 16:35:00,2025-10-06 16:40:00,SELL,LOSS,SL,-1.131514695457739,-8.60371300347451,-9.30371300347451,0.0005069142002316989,54.34151535743246,-0.0017131967299737205,5.0
2025-10-06 18:30:00,2025-10-06 22:35:00,SELL,LOSS,SL,-1.1361390609819269,-8.345430420830912,-9.045430420830911,0.0004896953613886705,59.92001721545223,-0.00025504808417142755,245.0
2025-10-06 22:55:00,2025-10-06 23:00:00,BUY,LOSS,SL,-1.300878609608165,-5.188319414141017,-5.888319414141018,0.0002658879609427587,52.633038462653715,0.0006473746482826837,5.0
2025-10-06 23:05:00,2025-10-07 00:00:00,BUY,LOSS,SL,-1.3950985699232057,-5.649622351989246,-6.349622351989246,0.00026997482346593024,46.57117181363433,0.0006382944155971515,55.0
2025-10-07 00:10:00,2025-10-07 03:00:00,BUY,LOSS,SL,-1.3438487738373677,-7.034859441003436,-7.734859441003437,0.0003489906294002156,49.906976619373495,0.0005736108879406121,170.0
2025-10-07 03:20:00,2025-10-07 03:35:00,BUY,LOSS,SL,-1.3078032970192661,-5.0985937175484155,-5.798593717548416,0.0002599062478365297,50.63201030255576,0.00034460409864678354,15.0
2025-10-07 04:00:00,2025-10-07 04:05:00,BUY,LOSS,SL,-1.281140067375846,-5.468335037409532,-6.168335037409532,0.0002845556691606766,51.06365731365398,0.00025332965244539984,5.0
2025-10-07 04:10:00,2025-10-07 04:35:00,BUY,LOSS,SL,-1.282675788376619,-5.445146027155311,-6.145146027155311,0.00028300973514363295,42.064929492246634,0.00022419872708767663,25.0
2025-10-07 05:15:00,2025-10-07 06:45:00,SELL,LOSS,SL,-1.2885277902071521,-5.359044780880361,-6.059044780880361,0.00027726965205870344,48.80531362738524,-2.2488932523989646e-05,90.0
2025-10-07 06:50:00,2025-10-07 07:40:00,SELL,WIN,TP,1.6689821988994429,6.05036536408874,5.35036536408874,0.0002416788454695901,55.02948486517767,-7.029209100850586e-05,50.0
2025-10-07 11:05:00,2025-10-07 11:45:00,SELL,WIN,TP,1.8150393266402869,10.794420365379244,10.094420365379245,0.00039648067884598485,45.17036039034989,-0.0011068135856591166,40.0
2025-10-07 13:10:00,2025-10-07 14:25:00,SELL,WIN,TP,1.8107618061929243,10.525560124732815,9.825560124732815,0.00038751867082445333,52.56450171518364,-0.0016887147480624254,75.0
2025-10-07 15:00:00,2025-10-07 16:05:00,SELL,LOSS,SL,-1.1709205250410943,-6.85067240906012,-7.5506724090601205,0.00039004482727065295,45.087150412880135,-0.0017486262961425858,65.0
2025-10-07 16:10:00,2025-10-07 17:35:00,SELL,WIN,TP,1.8565435782166864,12.94151600282445,12.24151600282445,0.0004647172000941235,57.518411662427816,-0.0016952399001233243,85.0
2025-10-07 17:55:00,2025-10-07 18:05:00,SELL,LOSS,SL,-1.146068346751363,-7.846110209641765,-8.546110209641764,0.00045640734730946394,47.6582246283,-0.0016215103930012909,10.0
2025-10-07 18:10:00,2025-10-07 18:15:00,SELL,LOSS,SL,-1.1419753102378236,-8.043478181698593,-8.743478181698592,0.0004695652121132947,59.48456972141972,-0.0015574858242561884,5.0
2025-10-07 18:35:00,2025-10-07 18:40:00,SELL,LOSS,SL,-1.148841223519343,-7.7185687967019625,-8.418568796701962,0.0004479045864468032,58.607847360727924,-0.0013708673232910584,5.0
2025-10-07 19:00:00,2025-10-07 19:10:00,SELL,LOSS,SL,-1.180224957109151,-7.858345321581827,-8.558345321581827,0.00044388968810540495,58.52852682284017,-0.0011698042368426531,10.0
2025-10-07 19:30:00,2025-10-07 21:30:00,SELL,WIN,TP,1.8182874524611754,12.00767350692309,11.307673506923091,0.0004402557835641196,59.564374170172165,-0.0009471375344651811,120.0
2025-10-07 23:40:00,2025-10-08 01:05:00,SELL,LOSS,SL,-1.3447083224677612,-5.461404697099924,-6.1614046970999246,0.00027076031314000843,47.49276693348819,-0.0012504327393838555,85.0
2025-10-08 01:20:00,2025-10-08 03:00:00,SELL,WIN,TP,1.2765281330247982,4.764008272470846,4.064008272470845,0.000248800275749055,55.018486583287675,-0.0011033488826275306,100.0
2025-10-08 06:50:00,2025-10-08 08:05:00,SELL,WIN,TP,1.7292333124380441,7.66371961636101,6.96371961636101,0.00029545732054537524,46.57289003479949,-0.0021579617785965066,75.0
2025-10-08 08:35:00,2025-10-08 09:15:00,SELL,WIN,TP,1.736609868219198,7.9119586894672365,7.211958689467236,0.00030373195631559936,46.955179853359525,-0.0022717294996250637,40.0
2025-10-08 09:45:00,2025-10-08 10:00:00,SELL,LOSS,SL,-1.1874462355887048,-6.968349377864401,-7.668349377864401,0.0003912232918576668,45.35164245282471,-0.0023180850843207423,15.0
2025-10-08 10:05:00,2025-10-08 10:35:00,SELL,LOSS,SL,-1.1815643096857193,-7.158459407050076,-7.858459407050076,0.0004038972938032797,51.923806245908004,-0.0022598721609814465,30.0
2025-10-08 11:25:00,2025-10-08 12:40:00,SELL,WIN,TP,1.848499544134466,13.421408450074436,12.721408450074437,0.00048404694833581316,52.651749876764136,-0.0016859405481357559,75.0
2025-10-08 13:05:00,2025-10-08 13:20:00,SELL,LOSS,SL,-1.1387691384791783,-9.026834540123994,-9.726834540123994,0.0005284556360082343,45.80299725928158,-0.0016061865962015975,15.0
2025-10-08 13:25:00,2025-10-08 13:45:00,SELL,LOSS,SL,-1.138249610206896,-9.05662279520215,-9.75662279520215,0.0005304415196801215,57.93864443673829,-0.0015415933961333561,20.0
2025-10-08 14:20:00,2025-10-08 15:30:00,SELL,LOSS,SL,-1.1427859794953854,-8.00348874262069,-8.703488742620689,0.00046689924950801,59.67189923048424,-0.0011052255235088904,70.0
2025-10-08 15:40:00,2025-10-08 16:05:00,SELL,LOSS,SL,-1.1449961630320842,-7.89673422446857,-8.59673422446857,0.00045978228163123265,53.777361612229264,-0.0006773715796546398,25.0
2025-10-08 16:25:00,2025-10-08 18:00:00,SELL,WIN,TP,1.8648573158137665,13.79917327410707,13.09917327410707,0.0004933057758035733,51.34612676946218,-0.00042844568579036846,95.0
2025-10-08 20:25:00,2025-10-08 21:15:00,SELL,LOSS,SL,-1.23648742063944,-6.274265670264033,-6.9742656702640335,0.00033828437801759645,45.22231280717163,-0.0012854369247408126,50.0
2025-10-08 21:20:00,2025-10-08 21:25:00,SELL,LOSS,SL,-1.1766002055745999,-7.99500907768249,-8.69500907768249,0.0004530006051788625,52.863482740695915,-0.0013651405641781356,5.0
2025-10-08 23:30:00,2025-10-08 23:50:00,SELL,LOSS,SL,-1.582115022190921,-7.338258586486809,-8.03825858648681,0.0003092172390990618,59.622353798087474,-0.00046320868958460437,20.0
2025-10-09 00:00:00,2025-10-09 00:50:00,SELL,LOSS,SL,-3.134607800113405,-14.537854316598134,-15.237854316598133,0.0003091902877731655,59.200174076111345,-0.0003050870397545147,50.0
2025-10-09 01:00:00,2025-10-09 01:10:00,SELL,LOSS,SL,-1.4665495330208085,-8.487166868473913,-9.187166868473913,0.00038581112456489476,59.505211908136786,-0.00019217888653644266,10.0
2025-10-09 02:25:00,2025-10-09 03:20:00,BUY,WIN,TP,1.6648655122032954,5.96130415516103,5.26130415516103,0.00023871013850533898,45.93309158686556,0.0001648436129919606,55.0
2025-10-09 04:50:00,2025-10-09 05:45:00,BUY,WIN,TP,1.718393787049564,7.322539239665949,6.622539239665949,0.0002840846413222318,50.70560486350725,0.0006114656429316856,55.0
2025-10-09 06:10:00,2025-10-09 08:55:00,BUY,LOSS,SL,-1.2953260340988992,-5.263305843189369,-5.963305843189369,0.0002708870562126503,54.92534968244644,0.0008054812414899359,165.0
2025-10-09 12:00:00,2025-10-09 12:00:00,SELL,LOSS,SL,-1.1361739140351013,-9.17790543287501,-9.877905432875009,0.0005385270288582896,45.79115298605423,-0.0008049002384069581,0.0
2025-10-09 12:10:00,2025-10-09 12:35:00,SELL,LOSS,SL,-1.1311781806257724,-9.485540908957267,-10.185540908957266,0.0005590360605972142,50.450529410153315,-0.0007988639238680761,25.0
2025-10-09 12:40:00,2025-10-09 15:20:00,SELL,WIN,TP,1.8584732388779277,14.44476328401444,13.744763284014441,0.000518158776133779,59.21945687681074,-0.0007659229049967742,160.0
2025-10-09 15:35:00,2025-10-09 16:05:00,SELL,LOSS,SL,-1.1413636824342523,-8.073952678511297,-8.773952678511296,0.00047159684523402477,49.676215331591706,-0.0008087459960455234,30.0
2025-10-09 16:15:00,2025-10-09 16:40:00,SELL,WIN,TP,1.8921025286423552,17.536115581158086,16.836115581158086,0.0006178705193719084,52.340680806090596,-0.0008260978193475044,25.0
2025-10-09 20:10:00,2025-10-09 21:50:00,SELL,WIN,TP,1.8568300773743638,15.563297457913496,14.863297457913497,0.0005587765819304832,46.839288450989585,-0.003055207905658275,100.0
2025-10-09 22:25:00,2025-10-09 22:35:00,SELL,LOSS,SL,-1.2072204625945735,-6.9909338922179645,-7.690933892217965,0.0003860622594812166,46.61216105471549,-0.0031509355725560795,10.0
2025-10-09 22:40:00,2025-10-09 23:30:00,SELL,LOSS,SL,-1.2088063976294223,-6.946950350293823,-7.646950350293823,0.00038313002335287066,58.263033051635375,-0.0030949696313973263,50.0
2025-10-09 23:40:00,2025-10-10 00:00:00,SELL,WIN,TP,1.7190607082508447,8.566566024151024,7.866566024151024,0.00033221886747169334,55.70941957629641,-0.002717278387903921,20.0
2025-10-10 00:10:00,2025-10-10 01:00:00,SELL,LOSS,SL,-1.5194710220829561,-10.237623180530505,-10.937623180530505,0.00044917487870198443,46.76217374810428,-0.0025642168185060488,50.0
2025-10-10 01:05:00,2025-10-10 03:50:00,SELL,LOSS,SL,-1.303531359926596,-6.8712839964441645,-7.571283996444165,0.0003514189330963353,52.526737663253485,-0.0022679728510290875,165.0
2025-10-10 04:00:00,2025-10-10 04:05:00,SELL,LOSS,SL,-1.2845036955704252,-5.417871397396156,-6.117871397396156,0.0002811914264930038,58.570587116519754,-0.0014968266457926482,5.0
2025-10-10 04:10:00,2025-10-10 05:15:00,SELL,LOSS,SL,-1.274743802345962,-5.567705439589642,-6.267705439589642,0.0002911803626393641,54.463674126498816,-0.0014444467363483593,65.0
2025-10-10 05:20:00,2025-10-10 08:05:00,SELL,LOSS,SL,-1.26095869892154,-5.79842881252559,-6.4984288125255905,0.00030656192083505107,58.32384355328318,-0.0011324294561916304,165.0
2025-10-10 08:15:00,2025-10-10 08:20:00,SELL,LOSS,SL,-1.3259092115528197,-4.882007005210153,-5.582007005210153,0.0002454671336807054,55.73922029344797,-0.0005192325531213626,5.0
2025-10-10 08:30:00,2025-10-10 09:05:00,SELL,WIN,TP,1.6901366390363677,6.5453494099466445,5.845349409946644,0.0002581783136649067,55.852429473115315,-0.0004543566113368591,35.0
2025-10-10 09:15:00,2025-10-10 09:50:00,SELL,WIN,TP,1.74262236119258,8.124819402014573,7.424819402014573,0.00031082731340046396,46.113579355651495,-0.0003831852510445266,35.0
2025-10-10 09:55:00,2025-10-10 09:55:00,SELL,LOSS,SL,-1.1692638694663933,-7.598728898658434,-8.298728898658434,0.0004332485932438519,46.80696041364216,-0.0004225034081206669,0.0
2025-10-10 10:00:00,2025-10-10 10:50:00,SELL,LOSS,SL,-1.158137711681196,-8.055962548753635,-8.755962548753635,0.00046373083658358266,51.12474709821504,-0.0004167600621018952,50.0
2025-10-10 10:55:00,2025-10-10 11:10:00,SELL,LOSS,SL,-1.1540907399698528,-8.238650902807075,-8.938650902807074,0.0004759100601871365,58.1486072549959,-0.0003008338388736931,15.0
2025-10-10 11:55:00,2025-10-10 12:15:00,BUY,LOSS,SL,-1.1685989315953973,-7.6243592565566995,-8.324359256556699,0.0004349572837704938,51.87572963848904,7.4084034700439e-05,20.0
2025-10-10 12:25:00,2025-10-10 14:30:00,BUY,LOSS,SL,-1.1863245574466137,-7.003676976746208,-7.703676976746208,0.0003935784651164388,41.31011168613223,5.9508003121599984e-05,125.0
2025-10-10 15:05:00,2025-10-10 15:15:00,SELL,LOSS,SL,-1.146074445277635,-7.84582438837511,-8.54582438837511,0.00045638829255833423,45.188590679398885,-0.00019063786277073724,10.0
2025-10-10 15:20:00,2025-10-10 17:55:00,SELL,LOSS,SL,-1.1496087259007797,-7.684102106873091,-8.38410210687309,0.0004456068071248803,55.71132786100377,-0.00019304380920437403,155.0
2025-10-10 19:20:00,2025-10-13 01:05:00,BUY,LOSS,SL,-1.0955823109848397,-13.754624256682078,-14.454624256682077,0.0008369749504454954,54.845063370552126,0.0012943102964311226,3225.0
2025-10-13 01:35:00,2025-10-13 03:50:00,BUY,WIN,TP,1.66344601946148,13.344974394169299,12.6449743941693,0.0005348324798056249,40.060114810677426,0.0011367642920232512,135.0
2025-10-13 05:45:00,2025-10-13 08:50:00,BUY,LOSS,SL,-1.2222939992772397,-6.598256380746425,-7.298256380746425,0.0003598837587164396,54.13644262145668,0.0012118078417453493,185.0
2025-10-13 09:05:00,2025-10-13 09:15:00,BUY,WIN,TP,1.7376363400495252,7.9476083252417515,7.247608325241751,0.0003049202775080783,44.634986982405046,0.001077997664222563,10.0
2025-10-13 09:40:00,2025-10-13 09:50:00,BUY,LOSS,SL,-1.1771436751822588,-7.309648743418228,-8.009648743418227,0.0004139765828945424,50.84241912858623,0.0011072569159873424,10.0
2025-10-13 09:55:00,2025-10-13 10:00:00,BUY,LOSS,SL,-1.1475240099104083,-8.556413370732217,-9.256413370732217,0.0004970942247155059,42.42382685327962,0.001076996079923509,5.0
2025-10-13 10:25:00,2025-10-13 10:45:00,BUY,LOSS,SL,-1.1370068339006207,-9.128796583956499,-9.828796583956498,0.0005352531055970664,42.18472035465693,0.0008397903519588024,20.0
2025-10-13 11:05:00,2025-10-13 11:15:00,BUY,LOSS,SL,-1.134898444240576,-9.254282328403095,-9.954282328403094,0.0005436188218936081,40.45907892512506,0.0005366780071680566,10.0
2025-10-13 12:15:00,2025-10-13 14:35:00,SELL,WIN,TP,1.8553165280901989,14.105606908379466,13.405606908379466,0.0005068535636126816,46.31443258215459,-0.00023192844539310364,140.0
2025-10-13 16:10:00,2025-10-14 03:00:00,SELL,WIN,TP,1.8762702568527923,15.164262117803752,14.464262117803752,0.0005388087372601574,48.00984422646076,-0.0015649511432394014,650.0
2025-10-14 04:00:00,2025-10-14 04:05:00,SELL,LOSS,SL,-1.2706671525036932,-5.633489578989924,-6.333489578989925,0.0002955659719327285,45.40296043656736,-0.0010197583827089574,5.0
2025-10-14 04:10:00,2025-10-14 04:20:00,SELL,LOSS,SL,-1.263570833331505,-5.752855810455725,-6.452855810455725,0.00030352372069709693,58.53054554757945,-0.0010002566086755316,10.0
2025-10-14 05:25:00,2025-10-14 05:50:00,SELL,LOSS,SL,-1.3312245452215383,-4.822919911316913,-5.522919911316913,0.0002415279940877884,58.59071397398533,-0.0006710831480865043,25.0
2025-10-14 06:10:00,2025-10-14 06:25:00,SELL,LOSS,SL,-1.337656404325701,-4.753908602433875,-5.453908602433875,0.00023692724016223616,57.68632281546191,-0.0005002990171147914,15.0
2025-10-14 08:25:00,2025-10-14 08:40:00,BUY,WIN,TP,1.7301765026270284,7.694703476023391,6.994703476023391,0.0002964901158674453,49.43857828161317,0.0002536649469111474,15.0
2025-10-14 08:50:00,2025-10-14 09:10:00,BUY,LOSS,SL,-1.2434441171317812,-6.129262674893131,-6.8292626748931315,0.00032861751165952265,53.9335441531858,0.00035269740806609384,20.0
2025-10-14 09:15:00,2025-10-14 09:20:00,BUY,LOSS,SL,-1.2019533251848666,-7.1419670307558905,-7.841967030755891,0.0003961311353837061,45.02214903781254,0.0003840222572557561,5.0
2025-10-14 10:10:00,2025-10-14 10:15:00,BUY,LOSS,SL,-1.1402628104438906,-8.942420927677285,-9.642420927677284,0.0005228280618451045,42.185323325767804,8.686372400545928e-05,5.0
2025-10-14 10:25:00,2025-10-14 10:25:00,BUY,LOSS,SL,-1.1300213511240838,-9.560148971611847,-10.260148971611846,0.0005640099314408573,41.08391534206369,7.0788173267555266e-06,0.0
2025-10-14 11:35:00,2025-10-14 16:25:00,SELL,LOSS,SL,-1.1253678277837322,-9.874180899884243,-10.574180899884242,0.0005849453933256212,46.49978087386371,-0.0006441897944591268,290.0
2025-10-14 17:05:00,2025-10-14 17:20:00,SELL,LOSS,SL,-1.1128018176282892,-9.865105377071636,-10.565105377071635,0.0005910070251381558,57.65577420041691,-0.00039178153970986784,15.0
2025-10-14 20:15:00,2025-10-15 04:20:00,BUY,WIN,TP,1.8598641512626792,15.926238729210375,15.226238729210376,0.0005708746243069978,52.66228011665598,0.0016087065004657397,485.0
2025-10-15 06:20:00,2025-10-15 09:10:00,BUY,WIN,TP,1.7019904705031519,6.853433741035398,6.153433741035398,0.00026844779136786084,49.602592884104865,0.0015343213547127643,170.0
2025-10-15 09:30:00,2025-10-15 09:45:00,BUY,WIN,TP,1.80604077571958,10.2425902179487,9.542590217948701,0.00037808634059830653,51.612988062598106,0.001365944699114774,15.0
2025-10-15 10:30:00,2025-10-15 11:50:00,BUY,WIN,TP,1.8484007988364854,13.41194981972881,12.71194981972881,0.0004837316606576264,53.59659932540531,0.0015375221201845424,80.0
2025-10-15 11:55:00,2025-10-15 12:05:00,BUY,LOSS,SL,-1.1538449117557616,-8.250057726617031,-8.95005772661703,0.00047667051510779057,51.066072153012875,0.001704945764711141,10.0
2025-10-15 12:10:00,2025-10-15 13:25:00,BUY,LOSS,SL,-1.1580721579495643,-8.058847239568744,-8.758847239568743,0.000463923149304592,41.83525293739128,0.0016550568169395596,75.0
2025-10-15 14:00:00,2025-10-15 15:00:00,BUY,LOSS,SL,-1.180255167056586,-6.547691177618663,-7.247691177618663,0.0003698460785079596,41.51105915418208,0.0011643395996689954,60.0
2025-10-15 15:05:00,2025-10-15 15:50:00,BUY,LOSS,SL,-1.1666547830539842,-7.000427840562317,-7.700427840562317,0.00040002852270416817,45.01728615817453,0.0009096439261484512,45.0
2025-10-15 16:10:00,2025-10-15 16:50:00,BUY,WIN,TP,1.86390811300041,13.695953183498922,12.995953183498923,0.0004898651061165941,42.90587444067453,0.0005636337642507261,40.0
2025-10-15 17:05:00,2025-10-15 18:40:00,BUY,WIN,TP,1.8672129282009409,14.061707234771404,13.361707234771405,0.0005020569078257279,51.95444673115957,0.0004855304987816389,95.0
2025-10-15 19:05:00,2025-10-16 01:40:00,BUY,WIN,TP,1.8591580460089758,15.840377046722011,15.140377046722012,0.0005680125682240954,52.822652148091024,0.0006347523401522004,395.0
2025-10-16 02:00:00,2025-10-16 03:20:00,BUY,WIN,TP,1.6671415080045806,6.01027120447637,5.31027120447637,0.0002403423734825333,49.86202783123096,0.0010847280545087656,80.0
2025-10-16 05:30:00,2025-10-16 07:00:00,BUY,LOSS,SL,-1.2353453421446723,-6.298889950676533,-6.998889950676533,0.0003399259967116997,53.670148248023146,0.0017449785464656031,90.0
2025-10-16 07:05:00,2025-10-16 07:25:00,BUY,LOSS,SL,-1.3380647378213515,-4.749615992881616,-5.449615992881617,0.00023664106619212242,43.86205691105876,0.0016146722940082459,20.0
2025-10-16 08:30:00,2025-10-16 09:10:00,BUY,WIN,TP,1.639590471908583,5.459091430554209,4.759091430554209,0.00022196971435181978,42.34338381053942,0.0012094587275404134,40.0
2025-10-16 09:30:00,2025-10-16 09:45:00,BUY,LOSS,SL,-1.1946209055315142,-6.752013574779513,-7.452013574779513,0.00037680090498527487,54.091423178623586,0.0011105969383791159,15.0
2025-10-16 09:50:00,2025-10-16 10:05:00,BUY,LOSS,SL,-1.177695015277825,-7.290381864568106,-7.990381864568106,0.0004126921243045794,43.91517867552842,0.001045217656657993,15.0
2025-10-16 10:45:00,2025-10-16 10:55:00,BUY,LOSS,SL,-1.1598702412864164,-7.98058009513659,-8.68058009513659,0.0004587053396758102,50.073060372745466,0.000712973046135712,10.0
2025-10-16 11:00:00,2025-10-16 17:15:00,BUY,WIN,TP,1.8561243974627375,14.190987222313924,13.490987222313924,0.0005096995740771495,47.13702991681294,0.0006452273396591046,375.0
2025-10-16 18:35:00,2025-10-16 18:50:00,BUY,LOSS,SL,-1.143345766510976,-7.97613905412009,-8.676139054120089,0.0004650759369414107,51.739065498296476,0.0008209028373082905,15.0
2025-10-16 18:55:00,2025-10-16 19:50:00,BUY,WIN,TP,1.8564534252896958,12.9327601793382,12.2327601793382,0.00046442533931130776,44.49728471230696,0.0008232416185507407,55.0
2025-10-16 21:20:00,2025-10-17 03:15:00,BUY,WIN,TP,1.8426436760795926,14.05200856378639,13.352008563786391,0.0005084002854595381,53.940060617660336,0.001490791467875674,355.0
2025-10-17 04:20:00,2025-10-17 05:05:00,BUY,LOSS,SL,-1.2267247429636452,-6.492761541215718,-7.192761541215718,0.0003528507694144481,51.72609810658465,0.00168054061518208,45.0
2025-10-17 05:10:00,2025-10-17 05:35:00,BUY,WIN,TP,1.7955867898251616,10.540924169936218,9.840924169936219,0.00039136413899784763,44.5687792399395,0.0016189015279057806,25.0
2025-10-17 05:55:00,2025-10-17 08:15:00,BUY,WIN,TP,1.7705757969219709,9.260971282910681,8.560971282910682,0.0003486990427637167,52.30661295730493,0.001642506282335976,140.0
2025-10-17 09:35:00,2025-10-17 10:00:00,BUY,LOSS,SL,-1.1593844080542102,-8.0015533792105,-8.7015533792105,0.00046010355861401817,46.84445507370921,0.0018165126776901186,25.0
2025-10-17 10:15:00,2025-10-17 10:20:00,BUY,LOSS,SL,-1.1306667834074606,-9.518359825770327,-10.218359825770326,0.0005612239883847293,40.76493033813501,0.0016243405920388643,5.0
2025-10-17 10:35:00,2025-10-17 11:50:00,BUY,LOSS,SL,-1.1185645661956867,-10.377645381711163,-11.077645381711163,0.0006185096921141163,40.841768437031575,0.001459646007648585,75.0
2025-10-17 12:05:00,2025-10-17 13:55:00,BUY,LOSS,SL,-1.1243351781824458,-9.947053714644559,-10.647053714644558,0.0005898035809762585,40.75178136960716,0.0009182516183399159,110.0
2025-10-17 14:05:00,2025-10-17 14:10:00,BUY,LOSS,SL,-1.1314090601035582,-8.609825374383927,-9.309825374383927,0.0005073216916256345,42.431857995032516,0.0003168299202163105,5.0
2025-10-17 16:20:00,2025-10-17 17:05:00,SELL,WIN,TP,1.857206049020128,13.006195544558064,12.306195544558065,0.00046687318481861264,46.452552448559885,-0.0006890003400992217,45.0
2025-10-17 18:40:00,2025-10-17 19:15:00,SELL,LOSS,SL,-1.1358099323493058,-8.363231707000484,-9.063231707000483,0.0004908821138000268,52.21457584732593,-0.001381395626960158,35.0
2025-10-17 19:25:00,2025-10-17 23:10:00,SELL,WIN,TP,1.8163590426824356,11.868980008930087,11.168980008930088,0.00043563266696434853,59.63426675893732,-0.001269316248800445,225.0
2025-10-20 00:05:00,2025-10-20 05:30:00,SELL,LOSS,SL,-1.2780195264508838,-8.274365390727322,-8.974365390727321,0.0004316243593818483,50.2838347774188,-0.0011813900897201801,325.0
2025-10-20 05:45:00,2025-10-20 07:35:00,SELL,LOSS,SL,-1.3026214405727432,-5.165350233376963,-5.865350233376963,0.00026435668222507427,56.31569152989012,-0.0006600227466506681,110.0
2025-10-20 07:40:00,2025-10-20 07:45:00,SELL,LOSS,SL,-1.3591910052785263,-4.540840896250974,-5.240840896250974,0.00022272272641669943,59.45971946260597,-0.0003691309317410685,5.0
2025-10-20 08:05:00,2025-10-20 08:25:00,SELL,LOSS,SL,-1.3568885250438982,-4.562394461554619,-5.262394461554619,0.00022415963077037702,56.604928245716074,-0.0002718950759408312,20.0
2025-10-20 08:55:00,2025-10-20 09:05:00,SELL,WIN,TP,1.6461366936751818,5.582279928727597,4.882279928727597,0.00022607599762425603,59.2146607802875,-9.627773039122545e-05,10.0
2025-10-20 09:45:00,2025-10-20 10:00:00,SELL,WIN,TP,1.7952154482980869,9.642997856607595,8.942997856607596,0.0003580999285535934,47.40734581546431,-0.0001908147529103843,15.0
2025-10-20 10:15:00,2025-10-20 10:30:00,SELL,LOSS,SL,-1.1939542224699446,-6.771441363801488,-7.471441363801488,0.0003780960909200566,45.2446259912447,-0.0002945834239971301,15.0
2025-10-20 10:35:00,2025-10-20 13:10:00,SELL,WIN,TP,1.8208984222587663,11.18353221530254,10.48353221530254,0.00040945107384339827,54.362862429412004,-0.0002993945664784281,155.0
2025-10-20 14:55:00,2025-10-20 15:00:00,SELL,LOSS,SL,-1.1781487354477485,-6.61328710802611,-7.313287108026111,0.00037421914053508315,46.26798028760219,-0.0007029774892246543,5.0
2025-10-20 15:05:00,2025-10-20 17:35:00,SELL,LOSS,SL,-1.180745859013609,-6.5326302104918845,-7.232630210491885,0.00036884201403279785,54.90680893912769,-0.0006933923505425543,150.0
2025-10-20 17:50:00,2025-10-20 18:25:00,SELL,LOSS,SL,-1.171209911759296,-6.840783338559863,-7.540783338559863,0.0003893855559040211,57.1414517630996,-0.0006181718653277546,35.0
2025-10-20 18:35:00,2025-10-20 19:50:00,SELL,WIN,TP,1.818465816729711,10.017208792143407,9.317208792143408,0.00036724029307145064,59.58648196266519,-0.000498140874655828,75.0
2025-10-20 20:10:00,2025-10-20 20:40:00,SELL,WIN,TP,1.7541373355066352,8.561547183040343,7.861547183040343,0.0003253849061013681,46.056119866845755,-0.0005052618593395231,30.0
2025-10-20 21:40:00,2025-10-21 00:00:00,SELL,WIN,TP,1.7222271275234426,7.440152577197302,6.740152577197302,0.0002880050859065908,47.93945725362621,-0.0007889781989469657,140.0
2025-10-21 00:15:00,2025-10-21 03:00:00,SELL,LOSS,SL,-1.8722184101979975,-6.654155660732139,-7.354155660732139,0.00023694371071544658,47.243528732181055,-0.0008791374706442756,165.0
2025-10-21 04:05:00,2025-10-21 04:35:00,SELL,WIN,TP,1.6588093672973938,5.834190771844084,5.134190771844084,0.00023447302572810955,56.08167776239586,-0.0003823828935300977,30.0
2025-10-21 04:50:00,2025-10-21 05:35:00,SELL,WIN,TP,1.7082813847858214,7.027106104414794,6.327106104414794,0.00027423687014719174,45.200229489779794,-0.00034414699058449294,45.0
2025-10-21 08:00:00,2025-10-21 08:35:00,SELL,WIN,TP,1.6454749243017697,5.569619878856936,4.869619878856936,0.0002256539959619145,50.46668530939158,-0.000811551989696957,35.0
2025-10-21 09:40:00,2025-10-21 09:45:00,SELL,LOSS,SL,-1.2129861647968605,-6.264654713836203,-6.964654713836203,0.00034431031425573245,45.57720186294426,-0.0010637489518756649,5.0
2025-10-21 09:50:00,2025-10-21 11:40:00,SELL,WIN,TP,1.7865508516436133,9.206904557533248,8.506904557533248,0.00034356348525110147,53.81757983396185,-0.0010580416902021827,110.0
2025-10-21 12:25:00,2025-10-21 13:15:00,SELL,WIN,TP,1.8254717929701818,11.505412256507798,10.805412256507799,0.00042018040855023784,48.861201870456405,-0.001179284122232227,50.0
2025-10-21 13:55:00,2025-10-21 14:00:00,SELL,LOSS,SL,-1.1639166213416607,-7.8107288510248605,-8.51072885102486,0.00044738192340165517,45.11855262315266,-0.0013437540325096364,5.0
2025-10-21 14:05:00,2025-10-21 15:05:00,SELL,WIN,TP,1.8456344285212856,11.956256896154983,11.256256896154984,0.0004318752298718361,54.22178287299546,-0.0013243243970253449,60.0
2025-10-21 16:00:00,2025-10-21 19:00:00,SELL,LOSS,SL,-1.139604802169836,-8.163077375973437,-8.863077375973436,0.00047753849173150437,49.3698038512592,-0.001431169225920792,180.0
2025-10-21 19:15:00,2025-10-21 20:50:00,SELL,WIN,TP,1.8504620832114846,14.849441182159897,14.149441182159897,0.0005349813727386846,56.58583327263183,-0.0011003540866139083,95.0
2025-10-21 21:15:00,2025-10-22 00:00:00,SELL,WIN,TP,1.7594631517336408,8.777681246335913,8.077681246335914,0.00033258937487789137,46.546226738267414,-0.0010933267386907808,165.0
2025-10-22 00:20:00,2025-10-22 03:00:00,SELL,LOSS,SL,-1.9152052823057035,-6.068688004830944,-6.768688004830945,0.00021124586698879414,49.38854392003514,-0.0011372622093439588,160.0
2025-10-22 03:10:00,2025-10-22 03:10:00,SELL,LOSS,SL,-1.3969929050044794,-4.222724045878,-4.922724045878001,0.00020151493639183435,53.66109895499593,-0.0009381452754901876,0.0
2025-10-22 04:00:00,2025-10-22 04:05:00,SELL,LOSS,SL,-1.3758427721405895,-4.392824470630296,-5.092824470630296,0.00021285496470862343,55.86412594153119,-0.0007379442417054793,5.0
2025-10-22 04:20:00,2025-10-22 05:10:00,SELL,LOSS,SL,-1.367794054320631,-4.462695483798872,-5.162695483798872,0.00021751303225332885,56.06673193302365,-0.0006729128438940357,50.0
2025-10-22 06:00:00,2025-10-22 08:00:00,SELL,LOSS,SL,-1.385638364965078,-4.311723596558314,-5.011723596558314,0.0002074482397705485,57.53787925103989,-0.00041254340265228784,120.0
2025-10-22 08:45:00,2025-10-22 09:00:00,SELL,WIN,TP,1.572927833382433,4.419659129294518,3.7196591292945183,0.00018732197097644956,59.36005300988036,-6.777268281510374e-05,15.0
2025-10-22 09:25:00,2025-10-22 09:35:00,SELL,LOSS,SL,-1.279421757786714,-5.494583247579365,-6.194583247579365,0.00028630554983855114,46.32199880194206,-6.286066626604025e-05,10.0
2025-10-22 09:40:00,2025-10-22 10:05:00,SELL,WIN,TP,1.7619192112307855,8.140560783476682,7.440560783476681,0.00030801869278255503,56.05289356115442,-4.3303961951179915e-05,25.0
2025-10-22 11:55:00,2025-10-22 13:25:00,SELL,WIN,TP,1.820320037125865,11.143991844216318,10.443991844216319,0.0004081330614738956,47.72235583841276,-0.00047277360134811985,90.0
2025-10-22 15:05:00,2025-10-22 16:30:00,SELL,LOSS,SL,-1.1766746600129874,-6.660121264285944,-7.360121264285945,0.0003773414176191339,50.784062196187996,-0.0010295169830345507,85.0
2025-10-22 17:10:00,2025-10-22 17:25:00,SELL,LOSS,SL,-1.156488998049832,-7.390225590693355,-8.090225590693354,0.0004260150393795831,59.23416270041602,-0.0008712631394054426,15.0
2025-10-22 20:10:00,2025-10-22 21:40:00,BUY,LOSS,SL,-1.1977158678037108,-7.269315595809144,-7.969315595809144,0.0004046210397206167,54.100509311398774,0.0005007298829409201,90.0
2025-10-22 22:15:00,2025-10-22 22:45:00,BUY,LOSS,SL,-1.2903168425165619,-5.333415028897414,-6.033415028897414,0.00027556100192647847,40.98480752109034,0.0005826600061493714,30.0
2025-10-22 23:05:00,2025-10-23 03:00:00,BUY,LOSS,SL,-1.729350722423834,-6.401922706029758,-7.101922706029759,0.00024679484706865556,43.407427605107145,0.0004459471938729198,235.0
2025-10-23 03:55:00,2025-10-23 03:55:00,BUY,LOSS,SL,-1.3532313365083792,-4.597207087745269,-5.297207087745269,0.00022648047251629797,53.81628952802732,5.478880225884275e-05,0.0
2025-10-23 04:00:00,2025-10-23 04:15:00,BUY,LOSS,SL,-1.342063470852135,-4.708120867190545,-5.408120867190545,0.00023387472447943124,47.51794445683026,4.701230467718531e-05,15.0
2025-10-23 04:25:00,2025-10-23 05:40:00,SELL,WIN,TP,1.6818256125742703,6.343033301384838,5.643033301384838,0.00025143444337950757,45.00857200819062,-1.3001157515013517e-05,75.0
2025-10-23 06:20:00,2025-10-23 06:50:00,SELL,WIN,TP,1.5684050644853718,4.360769607135807,3.6607696071358067,0.00018535898690454877,48.321051411667156,-0.0003551012890568028,30.0
2025-10-23 07:25:00,2025-10-23 07:45:00,SELL,LOSS,SL,-1.4163992391937006,-4.081849645843815,-4.781849645843815,0.0001921233097229129,45.79375804613467,-0.0005008266612620549,20.0
2025-10-23 07:50:00,2025-10-23 08:25:00,SELL,LOSS,SL,-1.44849304330414,-3.8756267860017504,-4.5756267860017505,0.0001783751190667379,55.103067001839605,-0.0005054367766250678,35.0
2025-10-23 08:30:00,2025-10-23 08:50:00,SELL,LOSS,SL,-1.4339432107741816,-3.965338805184037,-4.665338805184037,0.00018435592034552945,59.74062532052224,-0.0004548530287973307,20.0
2025-10-23 09:10:00,2025-10-23 09:40:00,SELL,WIN,TP,1.6824892450715996,6.358799072924227,5.658799072924227,0.0002519599690974561,58.36835932367477,-0.0003697755138245551,30.0
2025-10-23 09:55:00,2025-10-23 10:55:00,SELL,LOSS,SL,-1.2288624228337601,-5.9063809968446055,-6.606380996844606,0.00032042539978961384,45.866741911588484,-0.0003635853676777767,60.0
2025-10-23 11:00:00,2025-10-23 11:15:00,SELL,LOSS,SL,-1.207245844413838,-6.407705942723117,-7.1077059427231175,0.00035384706284818983,59.00192646931741,-0.00037524361561724895,15.0
2025-10-23 11:35:00,2025-10-23 13:25:00,SELL,WIN,TP,1.78750753642918,9.253308362236469,8.55330836223647,0.0003451102787412285,57.15365354065376,-0.0002677443819716352,110.0
2025-10-23 14:35:00,2025-10-23 15:35:00,SELL,LOSS,SL,-1.2028774818511763,-5.9290832618553715,-6.629083261855372,0.00032860555079042465,50.262818850054714,-0.0005253233267263901,60.0
2025-10-23 16:05:00,2025-10-23 16:30:00,SELL,LOSS,SL,-1.1672113268066324,-6.980456103649168,-7.680456103649168,0.0003986970735766031,58.66411940066847,-0.00038195398435436623,25.0
2025-10-23 18:10:00,2025-10-23 20:05:00,BUY,LOSS,SL,-1.1530723139062167,-7.532860022046005,-8.232860022046005,0.00043552400146978795,54.92907289668505,0.00039278030695655275,115.0
2025-10-23 22:05:00,2025-10-24 04:20:00,BUY,LOSS,SL,-1.2056129323858253,-7.036208773815077,-7.736208773815077,0.00038908058492094933,41.037607676050484,0.0005319258324150145,375.0
2025-10-24 05:10:00,2025-10-24 05:25:00,BUY,LOSS,SL,-1.38408204105248,-4.324332490818116,-5.024332490818116,0.00020828883272119302,40.416017655960246,0.0004738883395931648,15.0
2025-10-24 06:25:00,2025-10-24 07:05:00,BUY,LOSS,SL,-1.4925696814877496,-3.636203536473336,-4.336203536473336,0.0001624135690981716,44.08503413102764,0.00020205322173727502,40.0
2025-10-24 07:15:00,2025-10-24 08:25:00,BUY,LOSS,SL,-1.4846813189022285,-3.6758536242286413,-4.375853624228641,0.00016505690828187174,41.46358369116754,0.00010934025095110655,70.0
2025-10-24 08:55:00,2025-10-24 09:30:00,SELL,LOSS,SL,-1.4347375798815898,-3.96028587251842,-4.66028587251842,0.00018401905816784305,47.79310007962854,-0.0001029488744539453,35.0
2025-10-24 09:35:00,2025-10-24 09:55:00,SELL,LOSS,SL,-1.3029360273614985,-4.731129679690925,-5.431129679690925,0.0002420753119794113,59.370944502317016,-0.00015970138413301527,20.0
2025-10-24 10:10:00,2025-10-24 10:30:00,SELL,LOSS,SL,-1.249828198899293,-5.503025778700886,-6.203025778700886,0.00029353505191343366,56.37366194094363,-8.453115837192549e-05,20.0
2025-10-24 11:10:00,2025-10-24 11:20:00,BUY,LOSS,SL,-1.1521138988444735,-8.331423350240184,-9.031423350240184,0.0004820948900159415,53.14149248922346,0.00014033713532413117,10.0
2025-10-24 11:25:00,2025-10-24 15:30:00,BUY,WIN,TP,1.8482284637931357,13.395471647577585,12.695471647577586,0.0004831823882525697,42.20941550554342,0.000133301733345359,245.0
2025-10-24 16:25:00,2025-10-24 17:50:00,BUY,LOSS,SL,-1.0960299857094513,-11.413414024923462,-12.113414024923461,0.000694227601661531,53.59152024050686,0.000710650176690919,85.0
2025-10-24 17:55:00,2025-10-27 03:05:00,BUY,WIN,TP,1.8943005747817128,17.921578767998604,17.221578767998604,0.0006307192922666258,42.18076700873906,0.0008413869120462714,3430.0
2025-10-27 03:50:00,2025-10-27 04:20:00,BUY,LOSS,SL,-1.2459980458963078,-6.0780875296294825,-6.778087529629483,0.0003252058353086478,49.46591650027601,0.0007977392673468309,30.0
2025-10-27 04:25:00,2025-10-27 05:55:00,BUY,LOSS,SL,-1.282004071053511,-5.455257718503991,-6.155257718503991,0.000283683847900219,41.06749357781148,0.000759181840405132,90.0
2025-10-27 07:00:00,2025-10-27 07:15:00,BUY,LOSS,SL,-1.3855714626845699,-4.312263526052761,-5.012263526052761,0.0002074842350701909,42.937374536980066,0.0001698109705141615,15.0
2025-10-27 07:35:00,2025-10-27 08:35:00,BUY,WIN,TP,1.631665020297398,5.315807979838861,4.615807979838861,0.000217193599327971,51.66606780389147,6.226752527371815e-05,60.0
2025-10-27 08:55:00,2025-10-27 09:05:00,BUY,LOSS,SL,-1.30265966399793,-5.164849442270602,-5.864849442270602,0.00026432329615137226,48.848326510599485,7.660093727390738e-05,10.0
2025-10-27 09:35:00,2025-10-27 10:40:00,SELL,LOSS,SL,-1.2398375415275726,-5.686437940423682,-6.386437940423682,0.0003057625293615263,52.572631997169154,-4.49638339827807e-06,65.0
2025-10-27 10:55:00,2025-10-27 11:15:00,SELL,LOSS,SL,-1.2108556472337535,-6.316839171400256,-7.016839171400256,0.0003477892780933217,54.55623963768569,-2.2245169524870434e-05,20.0
2025-10-27 13:30:00,2025-10-27 14:00:00,BUY,WIN,TP,1.7690728026258498,8.426812021329878,7.726812021329878,0.0003175604007109766,49.52562216457226,0.0006020888354971721,30.0
2025-10-27 14:30:00,2025-10-27 15:40:00,BUY,LOSS,SL,-1.1781273675175123,-6.613960470738366,-7.313960470738366,0.0003742640313825079,48.39029140892645,0.0007608959956766359,70.0
2025-10-27 15:50:00,2025-10-27 20:45:00,BUY,WIN,TP,1.8054291388593762,9.279031445281639,8.57903144528164,0.00034263438150938184,42.51595700656015,0.0006490785416295441,295.0
2025-10-27 22:05:00,2025-10-28 01:25:00,BUY,WIN,TP,1.6525073494512892,7.133276114664579,6.4332761146645785,0.00028777587048885313,50.56281713359707,0.0005406794417575078,200.0
2025-10-28 02:05:00,2025-10-28 02:15:00,BUY,WIN,TP,1.5564335694985374,4.210688985834078,3.5106889858340775,0.00018035629952781396,45.88253132967353,0.000700608080365539,10.0
2025-10-28 03:30:00,2025-10-28 06:10:00,BUY,WIN,TP,1.7003134542503182,6.808367522793769,6.108367522793769,0.00026694558409309083,53.42162474262579,0.0008921561632193598,160.0
2025-10-28 07:45:00,2025-10-28 08:30:00,BUY,LOSS,SL,-1.3391621790548043,-4.738130352105373,-5.438130352105373,0.00023587535680707475,52.2089664101269,0.001078986219680944,45.0
2025-10-28 08:40:00,2025-10-28 08:50:00,BUY,LOSS,SL,-1.3000882109605982,-5.19882419958697,-5.89882419958697,0.000266588279972533,40.36297572766464,0.0010106131009530728,10.0
2025-10-28 09:40:00,2025-10-28 09:50:00,BUY,LOSS,SL,-1.2566813776390053,-5.385468662035274,-6.085468662035274,0.00028569791080231347,42.197101323481334,0.0007522128471137979,10.0
2025-10-28 10:00:00,2025-10-28 10:55:00,BUY,LOSS,SL,-1.2112484749283399,-6.307138183473958,-7.007138183473958,0.00034714254556500375,43.57523185579032,0.0006960260434829557,55.0
2025-10-28 11:05:00,2025-10-28 11:05:00,BUY,LOSS,SL,-1.161985398531567,-7.890735522903546,-8.590735522903545,0.000452715701526868,41.88288004056638,0.0005345746380089889,0.0
2025-10-28 11:20:00,2025-10-28 14:35:00,BUY,LOSS,SL,-1.1649052340838202,-7.770497792937713,-8.470497792937712,0.00044469985286244186,44.24501820768888,0.0004516390739461862,195.0
2025-10-28 16:00:00,2025-10-28 16:05:00,SELL,LOSS,SL,-1.1565937374305055,-7.385951420591063,-8.085951420591062,0.0004257300947060876,46.596377236258895,-0.0005072776953580771,5.0
2025-10-28 16:10:00,2025-10-28 16:20:00,SELL,LOSS,SL,-1.1564338459243473,-7.392478520815814,-8.092478520815813,0.00042616523472107065,58.29020700246592,-0.0005117010114625842,10.0
2025-10-28 17:15:00,2025-10-28 18:55:00,SELL,LOSS,SL,-1.1428499686502172,-8.000351553794193,-8.700351553794192,0.0004666901035862398,59.68121591133444,-9.962892900183817e-05,100.0
2025-10-28 19:10:00,2025-10-28 21:55:00,BUY,LOSS,SL,-1.1788877647233098,-7.90811668900928,-8.60811668900928,0.00044720777926727525,53.973369293435894,0.00026649364602948644,165.0
2025-10-28 22:10:00,2025-10-28 22:35:00,BUY,LOSS,SL,-1.3721252041125551,-5.899628142134803,-6.5996281421348035,0.00028664187614226754,40.05135175939609,0.00037170116171525436,25.0
2025-10-28 22:45:00,2025-10-29 01:50:00,BUY,LOSS,SL,-1.34471643456094,-5.46130912146141,-6.16130912146141,0.00027075394143076666,40.05495942751228,0.00024085838322251973,185.0
2025-10-29 01:55:00,2025-10-29 01:55:00,SELL,LOSS,SL,-1.3901923981580266,-4.275405891208583,-4.975405891208583,0.0002050270594139268,57.11454203544894,-0.00015739092176314529,0.0
2025-10-29 02:20:00,2025-10-29 03:35:00,SELL,WIN,TP,1.6964912928071771,6.707516137490855,6.007516137490855,0.0002635838712496612,58.24420463075198,-8.473394894514819e-05,75.0
2025-10-29 05:00:00,2025-10-29 05:40:00,SELL,WIN,TP,1.6624832118165507,5.910757402382095,5.210757402382095,0.00023702524674607206,45.92026943436461,-0.00033056699301936554,40.0
2025-10-29 08:15:00,2025-10-29 09:10:00,SELL,LOSS,SL,-1.2632304074816887,-5.75874384528876,-6.45874384528876,0.00030391625635263025,45.21566923824222,-0.0010491392863340998,55.0
2025-10-29 09:20:00,2025-10-29 09:25:00,SELL,LOSS,SL,-1.2621496730148916,-5.777537657015629,-6.477537657015629,0.000305169177134306,54.61050540075643,-0.0010676872309018925,5.0
2025-10-29 09:30:00,2025-10-29 10:10:00,SELL,WIN,TP,1.781539005107947,8.970447592198662,8.270447592198662,0.000335681586406616,58.82884920733626,-0.0010403047784519615,40.0
2025-10-29 10:25:00,2025-10-29 11:10:00,SELL,WIN,TP,1.8016900601201984,9.993745484151985,9.293745484151986,0.00036979151613840633,47.061685053479444,-0.0010287364641368146,45.0
2025-10-29 11:30:00,2025-10-29 11:30:00,SELL,LOSS,SL,-1.1812068179826163,-7.1704117662147,-7.8704117662147,0.00040469411774766826,50.685666914543724,-0.0010959441762194988,0.0
2025-10-29 12:05:00,2025-10-29 12:20:00,SELL,LOSS,SL,-1.1653724811992527,-7.7516508189451425,-8.451650818945142,0.0004434433879296191,58.82200881736023,-0.0008683863986964635,15.0
2025-10-29 13:15:00,2025-10-29 13:30:00,SELL,WIN,TP,1.7782078569329576,8.819197179761863,8.119197179761864,0.0003306399059920787,54.70936874454761,-0.0003782007182717706,15.0
2025-10-29 13:40:00,2025-10-29 14:00:00,SELL,LOSS,SL,-1.2050804072916863,-6.463749831233111,-7.163749831233111,0.0003575833220821516,45.37477489677872,-0.0003777960442425954,20.0
2025-10-29 14:05:00,2025-10-29 14:40:00,SELL,WIN,TP,1.8172188733655732,9.942048759772227,9.242048759772228,0.0003647349586590523,55.78439244967418,-0.00032145706885211567,35.0
2025-10-29 15:05:00,2025-10-29 15:15:00,SELL,LOSS,SL,-1.1696800508291696,-6.893444722071539,-7.593444722071539,0.0003928963148047902,45.64959138203048,-0.0003665864262651919,10.0
2025-10-29 15:25:00,2025-10-29 16:55:00,SELL,LOSS,SL,-1.1607615418816546,-7.220393187919004,-7.920393187919005,0.00041469287919460593,55.752934219308415,-0.00032437123613959784,90.0
2025-10-29 17:15:00,2025-10-29 17:35:00,SELL,LOSS,SL,-1.1579301890454314,-7.3319116252835705,-8.03191162528357,0.00042212744168557695,57.32013394279003,-5.036925831336525e-05,20.0
2025-10-29 18:55:00,2025-10-29 19:25:00,BUY,LOSS,SL,-1.1780639149816758,-6.615960988518687,-7.315960988518687,0.0003743973992345056,54.65321160858485,0.0006321744918202921,30.0
2025-10-29 20:35:00,2025-10-29 20:35:00,BUY,LOSS,SL,-1.086023047881401,-15.149749858368498,-15.849749858368497,0.0009299833238912506,45.648967711381964,0.00034667632209250954,0.0
2025-10-29 22:25:00,2025-10-30 02:15:00,SELL,LOSS,SL,-1.2442850149963358,-13.752663218169555,-14.452663218169555,0.0007368442145445714,45.355812492035255,-0.0019021441602147249,230.0
2025-10-30 03:20:00,2025-10-30 03:45:00,SELL,LOSS,SL,-1.2716527710572836,-5.617403862031488,-6.3174038620314885,0.00029449359080207377,54.038638848053935,-0.0013454316479746264,25.0
2025-10-30 03:55:00,2025-10-30 04:10:00,SELL,LOSS,SL,-1.2986479696086966,-5.2181086835189285,-5.918108683518929,0.0002678739122345925,57.44959081142535,-0.0011642438810486322,15.0
2025-10-30 04:20:00,2025-10-30 05:00:00,SELL,LOSS,SL,-1.2715090716705133,-5.61974182526117,-6.31974182526117,0.0002946494550174806,57.544645819014015,-0.0010175150562332647,40.0
2025-10-30 05:05:00,2025-10-30 05:20:00,SELL,WIN,TP,1.6952451861282951,6.675183231758065,5.975183231758065,0.000262506107725256,59.713857216473045,-0.0007965497292390378,15.0
2025-10-30 05:25:00,2025-10-30 06:05:00,SELL,LOSS,SL,-1.2470590166553106,-6.057139060316929,-6.757139060316929,0.00032380927068777617,45.09071953895921,-0.0007320121948686253,40.0
2025-10-30 06:10:00,2025-10-30 06:15:00,SELL,LOSS,SL,-1.2457387778129014,-6.083234183388208,-6.783234183388208,0.0003255489455591866,57.15320866822793,-0.000658479644519927,5.0
2025-10-30 07:20:00,2025-10-30 09:00:00,SELL,WIN,TP,1.791069469966756,10.28707180141706,9.58707180141706,0.0003829023933805531,58.92489797218028,-6.918566353486533e-05,100.0
2025-10-30 09:10:00,2025-10-30 09:15:00,BUY,LOSS,SL,-1.174558090914578,-8.074502314460073,-8.774502314460072,0.00045830015429739395,47.402488799832234,0.00010833678573995975,5.0
2025-10-30 09:20:00,2025-10-30 09:40:00,BUY,LOSS,SL,-1.172986853758229,-8.136943322162214,-8.836943322162213,0.0004624628881441794,45.38566453831817,8.138820126535329e-05,20.0
2025-10-30 10:00:00,2025-10-30 11:25:00,SELL,LOSS,SL,-1.1556674798821371,-8.166344241153377,-8.866344241153376,0.0004710896160769226,48.312865760161195,-5.2730755215391056e-05,85.0
2025-10-30 11:40:00,2025-10-30 12:50:00,SELL,WIN,TP,1.8357895556362736,12.297442583658048,11.597442583658049,0.0004465814194552624,57.080110916777,-0.00012981646963150517,70.0
2025-10-30 15:45:00,2025-10-30 16:05:00,SELL,LOSS,SL,-1.0982637079379092,-11.176697185413364,-11.876697185413363,0.0006784464790275853,48.20352513445299,-0.0020714948520588194,20.0
2025-10-30 16:10:00,2025-10-30 17:50:00,SELL,WIN,TP,1.9064770349631264,20.38512181703911,19.68512181703911,0.0007128373939013185,56.58649539042573,-0.0021113411561699547,100.0
2025-10-30 18:35:00,2025-10-31 01:50:00,SELL,LOSS,SL,-1.1361264528804547,-8.346110758341684,-9.046110758341683,0.0004897407172228012,45.98920967209866,-0.0023847312938121146,435.0
2025-10-31 02:20:00,2025-10-31 02:25:00,SELL,LOSS,SL,-1.3376130606033583,-4.754364863300741,-5.454364863300741,0.00023695765755344582,55.098494253225326,-0.0011118722412026827,5.0
2025-10-31 02:55:00,2025-10-31 03:20:00,SELL,LOSS,SL,-1.325987635577778,-4.881121211462912,-5.5811212114629125,0.00024540808076424026,59.78032757068431,-0.0009383555874282745,25.0
2025-10-31 03:35:00,2025-10-31 03:55:00,SELL,WIN,TP,1.6743001552313794,6.168747755187588,5.468747755187588,0.00024562492517294537,57.395212613030274,-0.0007472180791487926,20.0
2025-10-31 04:15:00,2025-10-31 08:50:00,SELL,WIN,TP,1.7292019249276427,7.662692245366066,6.962692245366066,0.0002954230748455467,49.781721625973006,-0.0007033273616674496,275.0
2025-10-31 10:00:00,2025-10-31 10:55:00,SELL,LOSS,SL,-1.2049854596836425,-6.466234276800163,-7.1662342768001634,0.0003577489517866094,52.333167850781884,-0.0006814101519598825,55.0
2025-10-31 11:20:00,2025-10-31 11:55:00,SELL,LOSS,SL,-1.2067476546512526,-6.4204956634478325,-7.120495663447833,0.00035469971089653184,59.1168383851385,-0.0005084653886853197,35.0
2025-10-31 12:05:00,2025-10-31 13:40:00,SELL,WIN,TP,1.8138529176314986,10.718611240141941,10.018611240141942,0.0003939537080046955,54.54862508429205,-0.00039876535164729,95.0
2025-10-31 13:55:00,2025-10-31 14:10:00,SELL,WIN,TP,1.7917397313219985,9.463704800561347,8.763704800561348,0.000352123493352079,45.29279040449241,-0.00027636611123993404,15.0
2025-10-31 17:25:00,2025-10-31 17:55:00,SELL,LOSS,SL,-1.122812201698614,-9.14251341616723,-9.842513416167229,0.0005428342277444699,45.38735591313799,-0.001719724635116826,30.0
2025-10-31 18:00:00,2025-10-31 19:15:00,SELL,WIN,TP,1.8821421615554954,15.969596815927801,15.269596815927802,0.0005656532271975788,57.22516621297821,-0.0018349321194806034,75.0
2025-10-31 20:50:00,2025-10-31 21:25:00,SELL,LOSS,SL,-1.2458366309317495,-6.081290454770149,-6.781290454770149,0.0003254193636512935,45.218286211584406,-0.0019939112544191673,35.0
2025-10-31 21:40:00,2025-10-31 22:50:00,SELL,LOSS,SL,-1.2964964697012735,-5.2472657270052006,-5.947265727005201,0.00026981771513365146,59.15588294262148,-0.0018631838374671972,70.0
2025-11-03 00:05:00,2025-11-03 00:05:00,SELL,LOSS,SL,-1.316165777461609,-7.493215801063633,-8.193215801063634,0.00037954772007097674,49.56580596277416,-0.0015421583804460237,0.0
2025-11-03 00:10:00,2025-11-03 01:10:00,SELL,LOSS,SL,-1.3120286857242376,-7.568700386703518,-8.268700386703518,0.0003845800257801971,54.86049100623822,-0.0015196519254874197,60.0
2025-11-03 01:25:00,2025-11-03 03:05:00,SELL,WIN,TP,1.7631005736129002,8.93088143186236,8.230881431862361,0.00033769604772878107,48.80340653083167,-0.001211728555647884,100.0
2025-11-03 03:20:00,2025-11-03 04:05:00,SELL,LOSS,SL,-1.2542817607446233,-5.9191744955910055,-6.619174495591006,0.0003146116330393785,48.123636985549595,-0.001129872876587612,45.0
2025-11-03 04:10:00,2025-11-03 06:05:00,SELL,LOSS,SL,-1.278402845941928,-5.510300765568709,-6.210300765568709,0.000287353384371174,58.49833754785689,-0.0010478484905283025,115.0
2025-11-03 06:30:00,2025-11-03 08:30:00,SELL,LOSS,SL,-1.3764196963828836,-4.387930949233309,-5.087930949233309,0.0002125287299489124,57.68908988602099,-0.0005765013903018534,120.0
2025-11-03 08:55:00,2025-11-03 09:40:00,SELL,LOSS,SL,-1.3860963696328255,-4.30803233177559,-5.00803233177559,0.00020720215545169072,56.16661998883269,-0.0002121792574047987,45.0
2025-11-03 09:45:00,2025-11-03 10:05:00,SELL,WIN,TP,1.7356153094661682,7.221207992618707,6.521207992618707,0.00027737359975392814,59.101391858450796,-0.00011975479178394366,20.0
2025-11-03 12:25:00,2025-11-03 14:35:00,SELL,LOSS,SL,-1.1682999468066522,-7.6359497781880545,-8.335949778188054,0.00043572998521249057,46.70074033834508,-0.000953851383768578,130.0
2025-11-03 14:45:00,2025-11-03 15:10:00,SELL,WIN,TP,1.7742867294705063,7.8607993464817625,7.160799346481762,0.00029535997821606173,59.69894255645935,-0.0009556587954409057,25.0
2025-11-03 15:40:00,2025-11-03 17:00:00,SELL,LOSS,SL,-1.1971318408229128,-6.072747232641728,-6.772747232641728,0.00033818314884280265,45.408057574920534,-0.0009960987210491101,80.0
2025-11-03 17:25:00,2025-11-03 17:55:00,SELL,LOSS,SL,-1.1428304921420949,-8.0013061287022,-8.7013061287022,0.0004667537419134196,51.92377496634062,-0.0009798435456722654,30.0
2025-11-03 19:40:00,2025-11-03 20:35:00,SELL,WIN,TP,1.7872048163653658,10.078450757234993,9.378450757234994,0.0003759483585744668,59.393620944076105,-0.0001145211644160149,55.0
2025-11-03 22:05:00,2025-11-04 02:00:00,SELL,WIN,TP,1.6905073384512546,6.554626516784935,5.8546265167849345,0.00025848755055949313,50.736865977092336,-0.00018192940277650393,235.0
2025-11-04 03:50:00,2025-11-04 05:00:00,SELL,LOSS,SL,-1.2603738848259503,-5.808757137076758,-6.508757137076758,0.0003072504758051133,48.69105224262847,-0.000740808543627347,70.0
2025-11-04 05:05:00,2025-11-04 05:15:00,SELL,LOSS,SL,-1.2772017076087157,-5.528977661616218,-6.228977661616218,0.0002885985107743883,58.783542486033106,-0.0007474530594073769,10.0
2025-11-04 05:50:00,2025-11-04 06:40:00,SELL,LOSS,SL,-1.300993435438053,-5.18679791223211,-5.88679791223211,0.00026578652748216397,55.136611805560634,-0.0005821081723227373,50.0
2025-11-04 06:50:00,2025-11-04 08:10:00,SELL,LOSS,SL,-1.3127215439576965,-5.037279596452525,-5.737279596452526,0.00025581863976346356,47.01976444459616,-0.00047665159197207707,80.0
2025-11-04 10:10:00,2025-11-04 10:45:00,BUY,LOSS,SL,-1.2043013038492898,-6.484204502245637,-7.184204502245637,0.0003589469668163564,50.12006138130978,0.0002545914925087267,35.0
2025-11-04 12:45:00,2025-11-04 13:35:00,SELL,WIN,TP,1.8009567251517271,9.952872807086889,9.25287280708689,0.0003684290935695734,45.98285022998959,-0.0002720719553197526,50.0
2025-11-04 15:05:00,2025-11-04 16:20:00,SELL,WIN,TP,1.8361926430609257,11.209463832200118,10.509463832200119,0.00040698212773997275,47.6056776176597,-0.0011966895708288572,75.0
2025-11-04 17:25:00,2025-11-04 17:35:00,SELL,LOSS,SL,-1.1538019004526747,-7.501870243844632,-8.201870243844631,0.00043345801625628615,45.232566589036054,-0.001582269623797261,10.0
2025-11-04 17:40:00,2025-11-04 18:15:00,SELL,LOSS,SL,-1.1508445790808932,-7.629339987509475,-8.329339987509474,0.00044195599916728776,56.03717172463974,-0.0015733566838929125,35.0
2025-11-04 18:25:00,2025-11-04 20:10:00,SELL,WIN,TP,1.8305375562913873,10.802025016462991,10.102025016462992,0.0003934008338821342,59.85114123084396,-0.001377146072215174,105.0
2025-11-04 20:25:00,2025-11-04 22:00:00,SELL,WIN,TP,1.7174059295097086,7.2927471968399,6.5927471968399,0.00028309157322803185,47.09603728613553,-0.001242480631330034,95.0
2025-11-04 22:30:00,2025-11-05 00:50:00,SELL,LOSS,SL,-1.317797736218775,-4.975986620540017,-5.675986620540018,0.0002517324413693239,45.55325267213924,-0.0012204087200220481,140.0
2025-11-05 00:55:00,2025-11-05 03:20:00,SELL,LOSS,SL,-1.920725871242404,-6.466908758430931,-7.166908758430931,0.00022446058389539368,57.60996554064411,-0.0010144102716791448,145.0
2025-11-05 03:30:00,2025-11-05 03:35:00,SELL,LOSS,SL,-1.2742827154430962,-5.575047833624635,-6.275047833624635,0.0002916698555750084,59.925922075477445,-0.000644131650550106,5.0
2025-11-05 04:00:00,2025-11-05 10:05:00,SELL,LOSS,SL,-1.234386104023293,-6.319757440401607,-7.019757440401607,0.00034131716269346677,55.103958554214394,-0.0004639815475477871,365.0
2025-11-05 10:20:00,2025-11-05 11:50:00,SELL,WIN,TP,1.7755672622920622,8.7024914834971,8.002491483497101,0.0003267497161165639,53.4971001037051,-2.242073823111035e-05,90.0
2025-11-05 12:35:00,2025-11-05 13:25:00,SELL,LOSS,SL,-1.2229791690961513,-6.0331962463528,-6.7331962463528,0.0003288797497568606,45.281946807800495,-0.00024794799428584646,50.0
2025-11-05 13:30:00,2025-11-05 15:00:00,SELL,LOSS,SL,-1.219476693482775,-6.111921687649856,-6.811921687649856,0.0003341281125099173,58.39391856788259,-0.0002970667245487668,90.0
2025-11-05 15:15:00,2025-11-05 15:45:00,SELL,WIN,TP,1.803736883160363,9.190401702598884,8.490401702598884,0.0003396800567532752,50.26284350697335,-8.699440881110299e-05,30.0
2025-11-05 16:20:00,2025-11-05 16:45:00,SELL,LOSS,SL,-1.1528549362855354,-7.54215051407947,-8.24215051407947,0.0004361433676052802,48.913942074293786,-0.00030858159007407515,25.0
2025-11-05 16:50:00,2025-11-05 17:00:00,SELL,WIN,TP,1.8491064973411422,12.254381167899787,11.554381167899788,0.0004418127055966572,56.83909516324863,-0.0002927729221040565,10.0
2025-11-05 17:20:00,2025-11-05 22:00:00,SELL,LOSS,SL,-1.1117053720046493,-9.952120941492225,-10.652120941492225,0.0005968080627661767,47.63854543233764,-0.00032063375536095506,280.0
2025-11-05 23:00:00,2025-11-05 23:05:00,SELL,LOSS,SL,-1.8649167529955852,-5.821687712313025,-6.521687712313026,0.00020811251415427538,58.09341167566904,-6.029564866283366e-06,5.0
2025-11-06 00:05:00,2025-11-06 01:55:00,BUY,WIN,TP,1.0993996405783255,3.4180743560813487,2.7180743560813485,0.00020726914520270562,54.10878142780957,0.00017061252077366085,110.0
2025-11-06 02:05:00,2025-11-06 02:25:00,BUY,WIN,TP,1.5510659601285908,4.145996932402119,3.445996932402119,0.00017819989774676398,52.6051972950959,0.0003801887503640522,20.0
2025-11-06 04:40:00,2025-11-06 07:55:00,BUY,WIN,TP,1.616333220991499,5.055428229158255,4.355428229158255,0.00020851427430526324,49.35569809437426,0.0009071069142789767,195.0
2025-11-06 08:40:00,2025-11-06 10:05:00,BUY,WIN,TP,1.6545072828672278,5.746600842754336,5.046600842754335,0.00023155336142517105,49.35326291731283,0.0009018610705471275,85.0
2025-11-06 10:15:00,2025-11-06 10:55:00,BUY,WIN,TP,1.7557466847017626,7.907042534172616,7.207042534172616,0.00030023475113912255,51.212891475272386,0.0008623121908850617,40.0
2025-11-06 11:20:00,2025-11-06 14:35:00,BUY,WIN,TP,1.8056870497333737,10.221942243094352,9.521942243094353,0.00037739807476983917,52.34753625412446,0.0009259268211398997,195.0
2025-11-06 16:15:00,2025-11-06 16:20:00,BUY,LOSS,SL,-1.1599164541196239,-7.253265215923065,-7.953265215923065,0.0004168843477282409,54.52308885681451,0.0014748598758564935,5.0
2025-11-06 16:25:00,2025-11-06 16:40:00,BUY,LOSS,SL,-1.1594790150613665,-7.270417456586408,-7.970417456586408,0.0004180278304391677,47.4596586813164,0.0014731647806323078,15.0
2025-11-06 16:50:00,2025-11-06 17:00:00,BUY,LOSS,SL,-1.1683446643833408,-6.940194206113247,-7.6401942061132475,0.00039601294707423913,41.48825342487281,0.0014120751189456993,10.0
2025-11-06 17:10:00,2025-11-06 17:55:00,BUY,WIN,TP,1.8370111031748615,11.270774506497606,10.570774506497607,0.00040902581688325546,44.41358696463341,0.001314833566951945,45.0
2025-11-06 18:10:00,2025-11-06 20:40:00,BUY,WIN,TP,1.8692300103724677,14.294028895256329,13.59402889525633,0.0005098009631751958,52.93177084229577,0.001343052772536213,150.0
2025-11-06 21:40:00,2025-11-07 00:00:00,BUY,LOSS,SL,-1.2599523678373903,-5.816230311664804,-6.516230311664804,0.00030774868744434916,51.326016444694375,0.001703126291243695,140.0
2025-11-07 00:10:00,2025-11-07 02:50:00,BUY,LOSS,SL,-1.4748227591965752,-6.8333078130511575,-7.533307813051158,0.00030888718753667145,44.28039991627092,0.0014312177002029358,160.0
2025-11-07 03:30:00,2025-11-07 03:45:00,BUY,LOSS,SL,-1.3299783324658156,-4.836602412748769,-5.536602412748769,0.0002424401608498915,40.31528936292057,0.0008704937075005859,15.0
2025-11-07 04:05:00,2025-11-07 05:05:00,BUY,LOSS,SL,-1.3253706818292046,-4.888101193548565,-5.588101193548566,0.0002458734129032548,48.35845371767019,0.0007289904895544375,60.0
2025-11-07 05:45:00,2025-11-07 06:20:00,BUY,LOSS,SL,-1.4027053214021188,-4.179846394435271,-4.879846394435271,0.0001986564262956416,42.46298848541831,0.0004442194790827969,35.0
2025-11-07 06:40:00,2025-11-07 08:20:00,BUY,LOSS,SL,-1.41223813356019,-4.110938853804002,-4.810938853804002,0.00019406259025357158,40.734086753146414,0.00028990342565626825,100.0
2025-11-07 08:35:00,2025-11-07 10:00:00,BUY,LOSS,SL,-1.3940535123007325,-4.245271676411776,-4.945271676411776,0.00020301811176075363,42.93068954691923,8.294934095309792e-05,85.0
2025-11-07 10:20:00,2025-11-07 11:50:00,SELL,LOSS,SL,-1.2342376591301403,-5.796085181541409,-6.496085181541409,0.0003130723454360729,57.80890927104565,-2.6386777403741846e-05,90.0
2025-11-07 14:40:00,2025-11-07 15:15:00,BUY,WIN,TP,1.8064741499957766,9.334536703806574,8.634536703806575,0.00034448455679356963,52.457247059216215,0.0009668762826309241,35.0
2025-11-07 17:55:00,2025-11-07 20:55:00,BUY,LOSS,SL,-1.1350054033054409,-8.407110941608508,-9.107110941608507,0.00049380739610725,48.684093990212396,0.0019145452265789675,180.0
2025-11-07 21:10:00,2025-11-07 21:30:00,BUY,LOSS,SL,-1.2529579947163783,-5.943870623047375,-6.643870623047375,0.000316258041536509,41.1259366323545,0.0014983001641715177,20.0
2025-11-07 22:15:00,2025-11-07 23:50:00,BUY,LOSS,SL,-1.2233428247927627,-6.572905984839527,-7.272905984839527,0.00035819373232270614,44.495514755480066,0.0010210930713787647,95.0
2025-11-07 23:55:00,2025-11-10 00:00:00,BUY,LOSS,SL,-1.4441424056715924,-5.852754200036812,-6.552754200036812,0.00027018361333576684,45.766644441130424,0.0006254601029394014,2885.0
2025-11-10 00:15:00,2025-11-10 00:35:00,BUY,LOSS,SL,-1.4598898212632063,-6.9837544957118896,-7.68375449571189,0.0003189169663807407,41.8666723063876,0.0005171623593922536,20.0
2025-11-10 01:00:00,2025-11-10 01:00:00,BUY,LOSS,SL,-1.269952382533833,-5.6452284093088325,-6.345228409308833,0.00029634856062063237,41.69783330843359,0.0002660599370623018,0.0
2025-11-10 02:05:00,2025-11-10 02:45:00,SELL,LOSS,SL,-1.198261698598472,-7.252606269808525,-7.952606269808525,0.00040350708465386204,45.714472023760436,-0.00021952731326191355,40.0
2025-11-10 02:50:00,2025-11-10 06:35:00,SELL,LOSS,SL,-1.2099440029508586,-6.91580984992881,-7.6158098499288105,0.00038105398999531116,56.79221052170704,-0.0002828660128704197,225.0
2025-11-10 06:45:00,2025-11-10 07:25:00,SELL,LOSS,SL,-1.3226269655229221,-4.919465910281272,-5.6194659102812725,0.00024796439401871174,56.985130055928785,-9.001967430055657e-05,40.0
2025-11-10 08:00:00,2025-11-10 08:35:00,BUY,LOSS,SL,-1.3376862955862345,-4.753594018130824,-5.453594018130824,0.00023690626787534175,53.346675767779715,0.00010510006196540189,35.0
2025-11-10 08:40:00,2025-11-10 08:45:00,BUY,LOSS,SL,-1.3210110345015356,-4.938189255280133,-5.638189255280134,0.0002492126170187404,43.563335938361405,0.0001519412307879886,5.0
2025-11-10 09:10:00,2025-11-10 09:20:00,BUY,LOSS,SL,-1.2546072182122412,-5.913142103456303,-6.613142103456303,0.0003142094735637694,49.122303547662526,7.984078410538942e-05,10.0
2025-11-10 09:25:00,2025-11-10 09:35:00,BUY,WIN,TP,1.7592238514386953,8.76776472397487,8.067764723974872,0.00033225882413250317,47.12870965944788,7.044779381604194e-05,10.0
2025-11-10 11:00:00,2025-11-10 11:20:00,BUY,LOSS,SL,-1.1802276382003172,-7.203392415193198,-7.903392415193198,0.0004068928276795872,53.16015597608415,0.0006020330012248554,20.0
2025-11-10 11:25:00,2025-11-10 13:00:00,BUY,LOSS,SL,-1.1861533734019676,-7.009105915715695,-7.709105915715695,0.00039394039438110575,43.98899320117475,0.0006024697715123484,95.0
2025-11-10 13:25:00,2025-11-10 14:15:00,BUY,WIN,TP,1.7845402563937063,9.110724115684578,8.410724115684578,0.0003403574705228316,40.64835995800604,0.00030363075746131507,50.0
2025-11-10 14:50:00,2025-11-10 15:15:00,BUY,WIN,TP,1.818585924691409,10.024502903635991,9.324502903635992,0.0003674834301211896,47.303326762058845,0.00031135637399581917,25.0
2025-11-10 15:35:00,2025-11-10 16:00:00,BUY,LOSS,SL,-1.1731745564493334,-6.774520348158507,-7.474520348158507,0.0003849680232105882,54.9292798554674,0.00042960823025772754,25.0
2025-11-10 16:05:00,2025-11-10 16:45:00,BUY,LOSS,SL,-1.18121884461927,-6.518189910662663,-7.218189910662663,0.0003678793273775473,42.335774356345105,0.00041509357716629225,40.0
2025-11-10 17:00:00,2025-11-10 17:30:00,BUY,LOSS,SL,-1.1687476215804513,-6.926009449106484,-7.626009449106484,0.00039506729660705053,47.818491031634565,0.00027621146348710823,30.0
2025-11-10 18:20:00,2025-11-10 19:00:00,SELL,WIN,TP,1.8420439385801264,11.661748982709664,10.961748982709665,0.00042205829942363503,45.0949930736086,-0.00018340573942232652,40.0
2025-11-10 19:35:00,2025-11-10 19:45:00,SELL,LOSS,SL,-1.2063867823009342,-7.014325833377598,-7.714325833377599,0.0003876217222252466,47.95551051069971,-0.0005680626555708557,10.0
2025-11-10 20:45:00,2025-11-10 22:40:00,SELL,LOSS,SL,-1.2543601540175637,-5.917720055780195,-6.617720055780195,0.0003145146703853602,59.78997225603279,-0.00034481301667388387,115.0
2025-11-10 22:45:00,2025-11-10 23:45:00,SELL,WIN,TP,1.6246249848595504,5.19360613573503,4.49360613573503,0.00021312020452450342,58.2851817629507,-5.3377419531930315e-05,60.0
2025-11-11 00:20:00,2025-11-11 03:00:00,SELL,WIN,TP,1.2008748207485997,4.658484103586039,3.9584841035860387,0.00025861613678618435,46.27902347659354,-0.00010699068559172353,160.0
2025-11-11 03:35:00,2025-11-11 04:00:00,SELL,LOSS,SL,-1.3068393198310946,-5.11084167655098,-5.8108416765509805,0.0002607227784366943,46.168506064580185,-0.00030524665469489065,25.0
2025-11-11 04:05:00,2025-11-11 07:10:00,SELL,LOSS,SL,-1.311050974917205,-5.0578885673623555,-5.757888567362356,0.00025719257115753766,59.88486812878461,-0.00031472164211132636,185.0
2025-11-11 08:15:00,2025-11-11 08:40:00,BUY,LOSS,SL,-1.3802564582886203,-4.355764941904504,-5.0557649419045045,0.00021038432946031207,53.82468842868574,4.203603470598338e-05,25.0
2025-11-11 09:25:00,2025-11-11 10:00:00,SELL,LOSS,SL,-1.2609640175339356,-5.7983350936262825,-6.498335093626283,0.00030655567290838095,49.025688227664624,-7.489086325462857e-05,35.0
2025-11-11 10:05:00,2025-11-11 10:20:00,SELL,LOSS,SL,-1.2136869200415876,-6.247717978180033,-6.947717978180033,0.00034318119854534365,56.76865418357381,-4.5131250717922455e-05,15.0
2025-11-11 10:35:00,2025-11-11 10:55:00,BUY,LOSS,SL,-1.1925984110213703,-6.811365915048727,-7.511365915048727,0.00038075772766998326,53.02861406889977,3.908559010135093e-05,20.0
2025-11-11 11:00:00,2025-11-11 11:30:00,BUY,WIN,TP,1.7961567440779937,9.69260626039913,8.99260626039913,0.0003597535420133124,41.937458954117595,3.045880632646103e-05,30.0
2025-11-11 12:05:00,2025-11-11 12:40:00,BUY,WIN,TP,1.7969766486624046,9.736191923291328,9.036191923291328,0.00036120639744305057,54.57780771880835,0.00015586358474872775,35.0
2025-11-11 13:40:00,2025-11-11 15:15:00,BUY,WIN,TP,1.763628636411691,8.207388029591302,7.507388029591302,0.0003102462676530376,54.21641752495556,0.0005598536989257497,95.0
2025-11-11 17:10:00,2025-11-11 21:45:00,BUY,LOSS,SL,-1.1293192362690363,-8.73280162217782,-9.43280162217782,0.0005155201081451312,50.37290932410684,0.0017032703111055092,275.0
2025-11-11 22:15:00,2025-11-11 22:50:00,BUY,LOSS,SL,-1.3243490951932468,-4.899717427252392,-5.599717427252392,0.00024664782848346007,41.49970716838817,0.001055372698988366,35.0
2025-11-12 00:05:00,2025-11-12 02:55:00,BUY,LOSS,SL,-1.5963840348854705,-4.818189446244435,-5.518189446244435,0.0002012126297496248,43.73052879008389,0.0005403953466982525,170.0
2025-11-12 03:10:00,2025-11-12 03:20:00,BUY,LOSS,SL,-1.3637032499443364,-4.499393118383343,-5.199393118383343,0.0002199595412255327,43.27490661543409,0.00021034818577447822,10.0
2025-11-12 03:50:00,2025-11-12 03:55:00,BUY,LOSS,SL,-1.3410432124453677,-4.718615695048411,-5.418615695048411,0.00023457437966984052,42.471041034266676,5.7874468876173424e-05,5.0
2025-11-12 04:05:00,2025-11-12 06:20:00,BUY,LOSS,SL,-1.3320828227922452,-4.81355637099825,-5.51355637099825,0.00024090375806655657,42.01634599867592,1.151349375927424e-05,135.0
2025-11-12 07:10:00,2025-11-12 07:20:00,SELL,LOSS,SL,-1.3782378734330707,-4.3726066697346235,-5.072606669734624,0.0002115071113155715,45.0849415153807,-0.00030369311937339383,10.0
2025-11-12 07:25:00,2025-11-12 08:35:00,SELL,LOSS,SL,-1.3614324188437055,-4.52012275998661,-5.2201227599866105,0.00022134151733246458,57.78361012438002,-0.000302337003318387,70.0
2025-11-12 08:45:00,2025-11-12 08:55:00,SELL,LOSS,SL,-1.3343703491909347,-4.7888349636969965,-5.488834963696997,0.0002392556642465111,56.818393368661184,-0.0002129369252035218,10.0
2025-11-12 09:35:00,2025-11-12 11:00:00,SELL,WIN,TP,1.7177520178542571,6.69456413921853,5.99456413921853,0.0002598188046405912,57.73905067491562,-2.460593287789692e-05,85.0
2025-11-12 11:05:00,2025-11-12 11:10:00,BUY,LOSS,SL,-1.2178016743070894,-6.150466225751115,-6.8504662257511155,0.0003366977483834702,45.26041217129383,6.814626744566787e-05,5.0
2025-11-12 12:05:00,2025-11-12 14:05:00,SELL,LOSS,SL,-1.2026664377008978,-6.527637710904154,-7.227637710904154,0.00036184251406021776,45.20375677414218,-0.0001432472525144668,120.0
2025-11-12 14:10:00,2025-11-12 16:10:00,SELL,WIN,TP,1.8055608146039805,9.285992486167572,8.585992486167573,0.0003428664162056197,56.76956861185139,-0.0003679561494762673,120.0
2025-11-12 16:45:00,2025-11-12 17:00:00,SELL,LOSS,SL,-1.1776248851896565,-6.629841781078504,-7.329841781078504,0.0003753227854052598,55.255998053295805,-0.0004561956117272725,15.0
2025-11-12 17:05:00,2025-11-12 17:15:00,SELL,LOSS,SL,-1.1569747153509442,-7.3704527048469295,-8.070452704846929,0.00042469684698978393,57.50483556474336,-0.0004148293520180868,10.0
2025-11-12 17:30:00,2025-11-12 17:40:00,SELL,LOSS,SL,-1.158964794804341,-7.290701040005953,-7.990701040005953,0.0004193800693337995,58.22181216037029,-0.00029106966936010004,10.0
2025-11-12 19:50:00,2025-11-12 21:10:00,BUY,LOSS,SL,-1.2553864412818676,-5.898761586467981,-6.598761586467981,0.00031325077243118455,52.8372901126277,0.0006195399151973646,80.0
2025-11-12 21:35:00,2025-11-13 02:30:00,BUY,LOSS,SL,-1.3173413419347129,-4.981417172701307,-5.681417172701307,0.00025209447818009786,42.81072170083284,0.0006353223022517174,295.0
2025-11-13 03:35:00,2025-11-13 04:00:00,BUY,WIN,TP,1.704585473129383,6.924177322692549,6.224177322692549,0.00027080591075640816,48.44905681259015,0.00018048824297811628,25.0
2025-11-13 04:25:00,2025-11-13 07:35:00,BUY,LOSS,SL,-1.3113308058891386,-5.054421012314813,-5.754421012314813,0.0002569614008210228,52.25537829568086,0.00020262063070752845,190.0
2025-11-13 08:05:00,2025-11-13 09:20:00,BUY,WIN,TP,1.6191628306410044,5.101905888124182,4.4019058881241815,0.00021006352960415241,41.621245023512856,0.0001035704292844386,75.0
2025-11-13 11:40:00,2025-11-13 13:55:00,BUY,LOSS,SL,-1.1324606519555571,-9.40435290601672,-10.10435290601672,0.0005536235270678548,47.61076830907221,0.0014321552951332972,135.0
2025-11-13 14:05:00,2025-11-13 14:50:00,BUY,WIN,TP,1.835881398679317,11.186309071036128,10.486309071036128,0.00040621030236784637,42.768663044107235,0.0013398019630237457,45.0
2025-11-13 15:30:00,2025-11-13 16:35:00,BUY,WIN,TP,1.8417508009318284,11.638294612374867,10.938294612374868,0.00042127648707916086,47.891707200375,0.0013334737127963514,65.0
2025-11-13 20:10:00,2025-11-13 20:50:00,BUY,LOSS,SL,-1.182686009022981,-7.7686475194115525,-8.468647519411553,0.0004379098346273631,49.01574918396373,0.0022744858895240583,40.0
2025-11-13 21:10:00,2025-11-13 22:00:00,BUY,LOSS,SL,-1.2239818233144497,-6.557577602693731,-7.257577602693731,0.0003571718401795947,40.78034193605594,0.002091015980233868,50.0
2025-11-13 22:20:00,2025-11-13 23:00:00,BUY,LOSS,SL,-1.2645757400378335,-5.735563237311191,-6.435563237311191,0.0003023708824874033,40.21807355942816,0.0017175375185294328,40.0
2025-11-13 23:35:00,2025-11-14 00:00:00,BUY,LOSS,SL,-1.371583011385581,-5.16766417490293,-5.86766417490293,0.00025117761166017254,43.88021839236252,0.0012993998832289133,25.0
2025-11-14 00:05:00,2025-11-14 01:00:00,BUY,LOSS,SL,-1.5768998846217197,-6.286826937065757,-6.986826937065758,0.0002657884624709872,44.27236208430994,0.0011869485898232668,55.0
2025-11-14 01:40:00,2025-11-14 03:25:00,BUY,WIN,TP,1.7163034426522823,7.259743122855023,6.559743122855023,0.00028199143742847034,40.85000063429062,0.0007869023378264117,105.0
2025-11-14 03:30:00,2025-11-14 05:30:00,BUY,WIN,TP,1.7664721169614628,9.077145361712315,8.377145361712316,0.00034257151205705183,51.51936764207376,0.00053595055909339,120.0
2025-11-14 06:00:00,2025-11-14 07:55:00,BUY,WIN,TP,1.7124881899759494,7.147483186166293,6.447483186166293,0.00027824943953887963,51.42537966312994,0.0006489966678322467,115.0
2025-11-14 08:15:00,2025-11-14 08:25:00,BUY,LOSS,SL,-1.2837649267298743,-5.42885243017479,-6.12885243017479,0.0002819234953450117,52.74970372120611,0.0007931911099017253,10.0
2025-11-14 08:30:00,2025-11-14 08:45:00,BUY,LOSS,SL,-1.284674648476256,-5.415338479991449,-6.115338479991449,0.00028102256533271485,43.41759531205215,0.0007737782305996532,15.0
2025-11-14 09:00:00,2025-11-14 09:55:00,BUY,LOSS,SL,-1.2575077411539661,-5.860054080791731,-6.560054080791732,0.0003106702720527776,43.098405119910545,0.0006834050452004803,55.0
2025-11-14 10:35:00,2025-11-14 11:00:00,BUY,LOSS,SL,-1.1573468214009663,-8.090926096923644,-8.790926096923643,0.0004660617397949127,46.65074628631996,0.00032908508390083746,25.0
2025-11-14 11:10:00,2025-11-14 11:50:00,BUY,LOSS,SL,-1.1552189719904236,-8.186762564487703,-8.886762564487702,0.0004724508376324499,42.80425271841433,0.0001888194169714641,40.0
2025-11-14 13:40:00,2025-11-14 14:05:00,SELL,LOSS,SL,-1.2059687805028951,-6.4406152005863735,-7.140615200586374,0.0003560410133723664,47.050288722841856,-0.0006924752565380388,25.0
2025-11-14 15:50:00,2025-11-14 16:40:00,BUY,LOSS,SL,-1.1305934918216856,-8.657349428755733,-9.357349428755732,0.0005104899619170197,48.64844553286394,0.00018156503059452156,50.0
2025-11-14 16:45:00,2025-11-14 16:50:00,BUY,LOSS,SL,-1.1211800857731455,-9.252180988483904,-9.952180988483903,0.000550145399232321,41.902840580613166,0.0002098268459973518,5.0
2025-11-14 17:15:00,2025-11-14 17:35:00,BUY,LOSS,SL,-1.125572275848304,-8.963541261353235,-9.663541261353235,0.0005309027507569122,40.17695825770387,2.472063036318417e-05,20.0
2025-11-14 18:15:00,2025-11-17 04:00:00,SELL,WIN,TP,1.869789890626303,14.359790492579517,13.659790492579518,0.0005119930164192908,47.0646569555957,-0.000384828155517436,3465.0
2025-11-17 06:35:00,2025-11-17 07:00:00,SELL,LOSS,SL,-1.3865883548143307,-4.304076946591761,-5.004076946591761,0.00020693846310604984,47.7667051884829,-0.0010737763995374294,25.0
2025-11-17 07:05:00,2025-11-17 07:10:00,SELL,LOSS,SL,-1.3788164422832758,-4.36776112664785,-5.06776112664785,0.00021118407510987684,52.844909305244286,-0.0010483502055105287,5.0
2025-11-17 07:20:00,2025-11-17 08:05:00,SELL,WIN,TP,1.627269762584215,5.2389731743785815,4.538973174378581,0.00021463243914592373,54.8961728669992,-0.0010151907845976638,45.0
2025-11-17 08:30:00,2025-11-17 08:40:00,SELL,LOSS,SL,-1.342011037003312,-4.708658698603284,-5.4086586986032845,0.00023391057990690352,52.27667034846402,-0.0009905436220507546,10.0
2025-11-17 10:15:00,2025-11-17 10:35:00,SELL,WIN,TP,1.756881122169567,7.949071053768288,7.249071053768287,0.00030163570179229693,56.73841730052751,-0.00046644393280481644,20.0
2025-11-17 11:35:00,2025-11-17 12:20:00,SELL,LOSS,SL,-1.2090352846735486,-6.36226948583286,-7.06226948583286,0.00035081796572221797,47.84089972678235,-0.0005613731109952447,45.0
2025-11-17 12:25:00,2025-11-17 12:55:00,SELL,WIN,TP,1.7830249187460772,9.039413186445179,8.33941318644518,0.0003379804395481425,58.85443434061655,-0.0005355121390115958,30.0
2025-11-17 13:25:00,2025-11-17 15:40:00,SELL,WIN,TP,1.7837833480644203,9.074979495378711,8.374979495378712,0.0003391659831792938,46.10534916069141,-0.0005663321687705558,135.0
2025-11-17 16:25:00,2025-11-17 16:40:00,SELL,WIN,TP,1.7991649228921744,8.958419758149262,8.258419758149262,0.00033194732527167475,46.23288329299865,-0.0007424892780338865,15.0
2025-11-17 17:20:00,2025-11-17 17:55:00,SELL,LOSS,SL,-1.1745731729623545,-6.7282569998062804,-7.428256999806281,0.0003818837999870153,47.831488745334156,-0.0009268476994084285,35.0
2025-11-17 18:10:00,2025-11-17 18:30:00,SELL,LOSS,SL,-1.1733685647117387,-6.76805836549843,-7.46805836549843,0.0003845372243665174,57.06852841738231,-0.0008774418904491377,20.0
2025-11-17 18:40:00,2025-11-17 21:35:00,SELL,WIN,TP,1.8194009687360047,10.07425652287386,9.37425652287386,0.0003691418840958297,59.613914881443584,-0.0007443677400582605,175.0
2025-11-17 22:30:00,2025-11-18 01:00:00,SELL,LOSS,SL,-1.286885678843096,-5.382850830474205,-6.0828508304742055,0.00027885672203165014,46.01159228575503,-0.0007112363164887281,150.0
2025-11-18 01:05:00,2025-11-18 02:55:00,SELL,WIN,TP,1.6132916199335265,5.006227027165667,4.306227027165667,0.00020687423423883402,58.525539496682924,-0.0005662143008851039,110.0
2025-11-18 03:25:00,2025-11-18 03:35:00,SELL,LOSS,SL,-1.3791883322166496,-4.364654336764716,-5.0646543367647165,0.0002109769557842625,55.22816433243486,-0.0005028199972709757,10.0
2025-11-18 03:55:00,2025-11-18 05:00:00,SELL,LOSS,SL,-1.3874924700943625,-4.296834371278945,-4.996834371278945,0.00020645562475192204,57.97881937338083,-0.00042810320565500604,65.0
2025-11-18 05:10:00,2025-11-18 06:20:00,SELL,LOSS,SL,-1.3810532100409807,-4.34916649008401,-5.04916649008401,0.00020994443267226176,58.458844707927994,-0.00029917414771163386,70.0
2025-11-18 06:55:00,2025-11-18 07:00:00,SELL,LOSS,SL,-1.285567167052548,-5.402163758479927,-6.102163758479927,0.00028014425056540216,55.331788771781305,-6.163103466327868e-05,5.0
2025-11-18 07:10:00,2025-11-18 10:05:00,SELL,LOSS,SL,-1.2860206923452546,-5.3955006477345515,-6.095500647734552,0.0002797000431822775,55.75739475398648,-1.0771898089290133e-05,175.0
2025-11-18 10:20:00,2025-11-18 10:30:00,BUY,LOSS,SL,-1.1866716523394254,-6.992699754967978,-7.692699754967978,0.0003928466503312084,54.85644512052546,0.00018003020476764497,10.0
2025-11-18 10:35:00,2025-11-18 12:00:00,BUY,LOSS,SL,-1.1701368618996755,-7.5653831492944565,-8.265383149294456,0.00043102554328632633,43.16847766681247,0.0001856659184571452,85.0
2025-11-18 12:10:00,2025-11-18 15:15:00,SELL,LOSS,SL,-1.1971169161280737,-6.680444446915411,-7.380444446915411,0.0003720296297943097,45.52426810397856,-6.995220036376537e-05,185.0
2025-11-18 15:35:00,2025-11-18 15:40:00,SELL,LOSS,SL,-1.1527142668409582,-7.5481766745567604,-8.24817667455676,0.00043654511163715697,58.68097892182072,-0.00025680070624090057,5.0
2025-11-18 15:55:00,2025-11-18 17:00:00,SELL,LOSS,SL,-1.1567098924501835,-7.381218086266571,-8.08121808626657,0.00042541453908447876,59.89918844939789,-0.00014705550551341595,65.0
2025-11-18 17:25:00,2025-11-18 17:50:00,BUY,LOSS,SL,-1.1436686084988124,-7.960462765310815,-8.660462765310815,0.00046403085102074486,54.66005360576779,0.00017556472279189883,25.0
2025-11-18 17:55:00,2025-11-18 17:55:00,BUY,LOSS,SL,-1.1335413447588873,-8.488317582884374,-9.188317582884373,0.0004992211721923554,40.99447813001214,0.0002298081778480121,0.0
2025-11-18 20:10:00,2025-11-18 20:30:00,SELL,LOSS,SL,-1.2201285722811122,-6.651359573929171,-7.351359573929171,0.00036342397159525334,45.53032219508994,-0.0006776674602719801,20.0
2025-11-18 20:35:00,2025-11-18 21:50:00,SELL,LOSS,SL,-1.248159453686722,-6.03560058733401,-6.735600587334011,0.0003223733724889775,57.31844134494095,-0.0006763517013450571,75.0
2025-11-18 22:00:00,2025-11-18 23:05:00,SELL,WIN,TP,1.6721921589053002,6.121362393228892,5.4213623932288915,0.0002440454131076245,58.77469940057716,-0.0005085197186112111,65.0
2025-11-18 23:15:00,2025-11-19 00:00:00,SELL,WIN,TP,1.222769146610181,4.247742715623929,3.5477427156239276,0.0002315914238540984,49.367548707317695,-0.00047497045779731906,45.0
2025-11-19 00:10:00,2025-11-19 02:15:00,SELL,LOSS,SL,-1.7607568966792548,-7.406337154442075,-8.106337154442075,0.0002804224769627673,46.68479673156213,-0.0005277484079992956,125.0
2025-11-19 02:25:00,2025-11-19 03:50:00,SELL,WIN,TP,1.6096975338160158,4.949077210464426,4.249077210464426,0.0002049692403488285,57.32468967952117,-0.000429038180985053,85.0
2025-11-19 04:30:00,2025-11-19 04:40:00,SELL,LOSS,SL,-1.3143923126519266,-5.016887219276755,-5.716887219276755,0.0002544591479518406,45.55567747943154,-0.0004073229727756811,10.0
2025-11-19 04:45:00,2025-11-19 07:00:00,SELL,LOSS,SL,-1.3288064785317095,-4.849563127097189,-5.549563127097189,0.00024330420847312812,55.24466034140002,-0.0003954534062651227,135.0
2025-11-19 07:20:00,2025-11-19 07:35:00,SELL,LOSS,SL,-1.3878251922900675,-4.294177541469456,-4.9941775414694565,0.00020627850276461437,58.18653125575796,-0.00021619351754220695,15.0
2025-11-19 09:00:00,2025-11-19 09:05:00,BUY,LOSS,SL,-1.361317344688866,-4.521180169286731,-5.221180169286731,0.00022141201128578035,50.22053126286296,0.00010055241231388123,5.0
2025-11-19 09:15:00,2025-11-19 09:30:00,BUY,WIN,TP,1.6897297269550482,6.5351915684564785,5.835191568456478,0.00025783971894854463,44.555340704000095,9.856169476463172e-05,15.0
2025-11-19 09:55:00,2025-11-19 09:55:00,BUY,LOSS,SL,-1.1905467700585979,-6.87286090791107,-7.57286090791107,0.000384857393860731,49.49226503728614,0.00021395962311299144,0.0
2025-11-19 10:05:00,2025-11-19 10:30:00,BUY,LOSS,SL,-1.170217671860531,-7.562313742026104,-8.262313742026103,0.0004308209161350105,43.4555623368694,0.0001864647979372691,25.0
2025-11-19 11:10:00,2025-11-19 11:45:00,SELL,WIN,TP,1.8208311033364495,11.178916937995544,10.478916937995544,0.00040929723126652506,45.71542961916559,-9.083585239810787e-05,35.0
2025-11-19 12:45:00,2025-11-19 13:30:00,SELL,LOSS,SL,-1.1734338985878365,-7.442474043175006,-8.142474043175005,0.0004228316028782646,54.75848475165527,-0.0004545097016483979,45.0
2025-11-19 13:40:00,2025-11-19 14:05:00,SELL,LOSS,SL,-1.1599579989855018,-7.976805204969471,-8.67680520496947,0.0004584536803313449,59.23221892178275,-0.0004351787546048591,25.0
2025-11-19 14:20:00,2025-11-19 15:20:00,SELL,LOSS,SL,-1.1677721522879378,-6.960464751526562,-7.660464751526562,0.00039736431676845813,58.38286678682869,-0.00023077741913168914,60.0
2025-11-19 15:25:00,2025-11-19 15:55:00,SELL,WIN,TP,1.846428166909597,12.023221509811389,11.32322150981139,0.00043410738366040735,56.408084218013315,-9.780296325967441e-05,30.0
2025-11-19 20:40:00,2025-11-19 21:00:00,SELL,WIN,TP,1.7699272021324344,9.231480914929737,8.531480914929737,0.0003477160304976536,46.62687901682808,-0.0022220379211372876,20.0
2025-11-19 22:15:00,2025-11-19 23:30:00,SELL,LOSS,SL,-1.2349366899594068,-6.307759031623971,-7.007759031623971,0.00034051726877495035,48.69445124583029,-0.002463576031520587,75.0
2025-11-20 00:50:00,2025-11-20 01:15:00,SELL,LOSS,SL,-1.9887678661224537,-6.235215156371273,-6.935215156371274,0.00020901434375813292,59.58596267337787,-0.0017686993804169049,25.0
2025-11-20 01:40:00,2025-11-20 02:20:00,SELL,WIN,TP,1.6121905917731365,4.988606952515219,4.288606952515218,0.0002062868984171845,56.81854627034202,-0.0014552476292311045,40.0
2025-11-20 03:00:00,2025-11-20 03:40:00,SELL,WIN,TP,1.7093325102892725,7.056857354058677,6.356857354058677,0.0002752285784686579,51.28403162147788,-0.0012995280851113566,40.0
2025-11-20 06:10:00,2025-11-20 08:05:00,SELL,LOSS,SL,-1.2643716031704055,-5.739065412507704,-6.439065412507704,0.0003026043608337795,45.75817163282414,-0.00166074617483436,115.0
2025-11-20 08:20:00,2025-11-20 10:15:00,SELL,WIN,TP,1.7207594479581467,7.394740206788742,6.694740206788742,0.0002864913402262729,56.292516364014006,-0.0014600157282251836,115.0
2025-11-20 10:25:00,2025-11-20 10:30:00,SELL,LOSS,SL,-1.200172463941256,-6.595261327865819,-7.295261327865819,0.000366350755191052,45.68486033121761,-0.0011951643631398223,5.0
2025-11-20 10:35:00,2025-11-20 12:00:00,SELL,LOSS,SL,-1.1828824775764837,-7.114791655148954,-7.814791655148954,0.0004009861103433029,58.27036105415586,-0.0011692434497510007,85.0
2025-11-20 12:05:00,2025-11-20 13:40:00,SELL,WIN,TP,1.7909655276912497,9.424579872885909,8.72457987288591,0.0003508193290962056,58.968533675818506,-0.0008324935226668995,95.0
2025-11-20 15:05:00,2025-11-20 15:30:00,SELL,LOSS,SL,-1.2038551101534343,-5.905444848781748,-6.605444848781748,0.0003270296565854684,48.08426383249085,-0.0008045246461512168,25.0
2025-11-20 15:50:00,2025-11-20 16:00:00,SELL,LOSS,SL,-1.0985190137653755,-11.150324914757203,-11.850324914757202,0.0006766883276504421,57.41133783126801,-0.0006530854108672823,10.0
2025-11-20 16:10:00,2025-11-20 16:25:00,SELL,LOSS,SL,-1.0947935992763762,-11.549235471948304,-12.249235471948303,0.0007032823647965404,57.05219944682362,-0.0005235202300215569,15.0
2025-11-20 17:00:00,2025-11-21 00:00:00,SELL,WIN,TP,1.8954652089148118,18.132386253739586,17.432386253739587,0.0006377462084579573,55.052147289310255,-2.8326717937288137e-05,420.0
2025-11-21 00:10:00,2025-11-21 03:05:00,BUY,WIN,TP,1.4933744122995714,8.253527764790515,7.553527764790515,0.0003684509254930418,48.3062358851666,1.4198101692342036e-05,175.0
2025-11-21 03:35:00,2025-11-21 06:15:00,BUY,WIN,TP,1.694391702463764,6.653189914490688,5.953189914490688,0.00026177299714965886,52.40288525809649,0.0001613870520391636,160.0
2025-11-21 06:50:00,2025-11-21 08:20:00,BUY,WIN,TP,1.639455027443388,5.4565898367176855,4.756589836717685,0.00022188632789062302,49.71191159624474,0.0003906403335007802,90.0
2025-11-21 08:45:00,2025-11-21 10:00:00,BUY,LOSS,SL,-1.3092104536965719,-5.080851975262001,-5.780851975262001,0.00025872346501748907,53.65955701311943,0.0004904125646922886,75.0
2025-11-21 10:05:00,2025-11-21 10:15:00,BUY,WIN,TP,1.8240156936398948,11.401114704479566,10.701114704479567,0.00041670382348262767,41.095940090266474,0.0005464818898415214,10.0
2025-11-21 10:35:00,2025-11-21 11:00:00,BUY,LOSS,SL,-1.149793888732195,-8.443423749193167,-9.143423749193166,0.0004895615832795549,54.48186454748139,0.000616891008638154,25.0
2025-11-21 11:05:00,2025-11-21 11:10:00,BUY,LOSS,SL,-1.1421767819457609,-8.836846937635988,-9.536846937635987,0.0005157897958423839,45.92983211229351,0.0006250967617724701,5.0
2025-11-21 11:20:00,2025-11-21 11:50:00,BUY,LOSS,SL,-1.1517580632501432,-8.348379271860283,-9.048379271860282,0.00048322528479070127,41.40340757147282,0.0005525960268015773,30.0
2025-11-21 13:30:00,2025-11-21 13:50:00,SELL,WIN,TP,1.8362370354006383,12.33405088801486,11.63405088801486,0.0004478016962671526,45.96121259762004,-0.00044813681843169917,20.0
2025-11-21 14:35:00,2025-11-21 14:45:00,SELL,LOSS,SL,-1.111411353636723,-9.975745894450604,-10.675745894450603,0.0005983830596300831,52.93791759336328,-0.0009798801482885366,10.0
2025-11-21 14:55:00,2025-11-21 17:50:00,SELL,WIN,TP,1.8930323383895686,17.697239613256755,16.997239613256756,0.0006232413204418712,53.76802048749869,-0.0009378010416771776,175.0
2025-11-21 18:55:00,2025-11-21 19:00:00,SELL,LOSS,SL,-1.1293261144109945,-8.732390357155783,-9.432390357155782,0.0005154926904770493,46.36270660332005,-0.001357622390616875,5.0
2025-11-21 19:05:00,2025-11-21 23:15:00,SELL,LOSS,SL,-1.1534723140055372,-9.0189998487721,-9.7189998487721,0.0005212666565848085,57.41480850592311,-0.0013358249255441823,250.0
2025-11-21 23:30:00,2025-11-24 01:25:00,SELL,WIN,TP,1.3683488829169241,5.849023114110544,5.149023114110543,0.00028496743713699816,56.946616294328365,-0.000542643172863233,2995.0
2025-11-24 03:00:00,2025-11-24 03:30:00,SELL,LOSS,SL,-1.347258943973579,-4.655634536777552,-5.355634536777552,0.00023037563578520994,47.25901706671845,-0.00056989494126225,30.0
2025-11-24 03:40:00,2025-11-24 04:10:00,SELL,LOSS,SL,-1.331380012355306,-4.821220216243337,-5.5212202162433375,0.00024141468108292865,57.39397020993655,-0.0005355158419957373,30.0
2025-11-24 05:20:00,2025-11-24 05:30:00,SELL,LOSS,SL,-1.3462357823175226,-4.6658462853487395,-5.36584628534874,0.0002310564190232339,54.060660745784595,-0.00020561613463465633,10.0
2025-11-24 06:00:00,2025-11-24 06:25:00,SELL,LOSS,SL,-1.3618727677534592,-4.516082631610318,-5.216082631610318,0.00022107217544071065,54.28919384191845,-8.116480043485197e-05,25.0
2025-11-24 06:30:00,2025-11-24 06:55:00,SELL,LOSS,SL,-1.4097007064897358,-4.128967368109881,-4.828967368109881,0.00019526449120725852,59.0857597942223,-6.450820836834126e-06,25.0
2025-11-24 08:00:00,2025-11-24 09:05:00,BUY,LOSS,SL,-1.3101822807252101,-5.068692941435548,-5.768692941435548,0.00025791286276234416,51.86408402772216,0.00030922918482034767,65.0
2025-11-24 09:25:00,2025-11-24 09:45:00,BUY,LOSS,SL,-1.291163778065128,-5.321391774671857,-6.021391774671857,0.00027475945164484854,40.370287681639844,0.000355873083003555,20.0
2025-11-24 10:05:00,2025-11-24 10:20:00,BUY,WIN,TP,1.8028048538756065,10.056461217418645,9.356461217418646,0.00037188204058062006,49.60609472680161,0.00026345974854580234,15.0
2025-11-24 11:00:00,2025-11-24 12:10:00,BUY,WIN,TP,1.8270127918180494,11.617703367326472,10.917703367326473,0.00042392344557752815,54.77372828559766,0.0004988436803397001,70.0
2025-11-24 12:25:00,2025-11-24 13:45:00,BUY,WIN,TP,1.8298540015545868,11.830071938834775,11.130071938834776,0.0004310023979611872,54.63342170365842,0.0007064495392536951,80.0
2025-11-24 14:10:00,2025-11-24 14:45:00,BUY,WIN,TP,1.8057633277886638,9.296716769446768,8.596716769446768,0.0003432238923149168,51.625371884662925,0.001100215263380555,35.0
2025-11-24 14:55:00,2025-11-24 15:40:00,BUY,LOSS,SL,-1.1652663964105805,-7.05083684111829,-7.75083684111829,0.00040338912274118894,53.72334448355649,0.0012050194488040233,45.0
2025-11-24 15:45:00,2025-11-24 16:20:00,BUY,LOSS,SL,-1.1701575162666296,-6.876907596800152,-7.576907596800152,0.0003917938397866044,43.20165755449741,0.0012093652487659146,35.0
2025-11-24 16:40:00,2025-11-24 16:45:00,BUY,LOSS,SL,-1.1568122392011146,-7.377053252313303,-8.077053252313302,0.00042513688348749036,41.6490266395634,0.0009916413339023933,5.0
2025-11-24 17:40:00,2025-11-24 18:25:00,BUY,LOSS,SL,-1.1508079243516673,-7.630951286539233,-8.330951286539232,0.0004420634191025923,47.232712144711165,0.0005031533741897132,45.0
2025-11-24 18:35:00,2025-11-24 18:55:00,BUY,LOSS,SL,-1.1566000564618595,-7.385693738517606,-8.085693738517605,0.0004257129159011205,44.80612715505076,0.000266529129586468,20.0
2025-11-24 19:45:00,2025-11-24 20:50:00,SELL,LOSS,SL,-1.2151309091694689,-6.777999017587487,-7.4779990175874875,0.0003718666011724442,46.60270229532421,-0.00015252557072042983,65.0
2025-11-24 21:10:00,2025-11-25 00:00:00,SELL,WIN,TP,1.7229461438411293,7.462575692950369,6.762575692950369,0.0002887525230983143,57.94839741788256,-0.0002059622211156853,170.0
2025-11-25 00:10:00,2025-11-25 00:55:00,SELL,LOSS,SL,-1.6609185930156531,-6.282614116805139,-6.982614116805139,0.00025217427445366805,49.65567690105976,-0.000235570341309721,45.0
2025-11-25 01:00:00,2025-11-25 02:05:00,SELL,WIN,TP,1.6227372367198287,5.161613797050136,4.461613797050136,0.00021205379323498862,56.608382191981384,-0.00020516988655350232,65.0
2025-11-25 02:10:00,2025-11-25 02:55:00,SELL,LOSS,SL,-1.3959296874126994,-4.230841177487087,-4.930841177487087,0.00020205607849910082,45.58112970720239,-0.00021969049266967744,45.0
2025-11-25 03:00:00,2025-11-25 03:15:00,SELL,LOSS,SL,-1.3529730331732626,-4.599693141461491,-5.299693141461491,0.0002266462094308007,57.18665577332226,-0.0002046240577351366,15.0
2025-11-25 03:55:00,2025-11-25 05:00:00,SELL,LOSS,SL,-1.341746642508945,-4.711373195037582,-5.411373195037582,0.00023409154633581908,56.86929982636852,-6.1032237587133054e-05,65.0
2025-11-25 05:15:00,2025-11-25 05:25:00,BUY,LOSS,SL,-1.3447414756916773,-4.68086924438773,-5.38086924438773,0.00023205794962583031,52.18639683373692,4.471709127606971e-05,10.0
2025-11-25 05:35:00,2025-11-25 05:45:00,BUY,LOSS,SL,-1.3311707329851283,-4.823508602899062,-5.523508602899062,0.00024156724019321982,43.48914051957302,2.92188632085022e-05,10.0
2025-11-25 07:55:00,2025-11-25 08:30:00,SELL,LOSS,SL,-1.4005728520379757,-4.195709753905729,-4.895709753905729,0.00019971398359368132,51.077126812517086,-0.0003920794632044089,35.0
2025-11-25 08:35:00,2025-11-25 09:00:00,SELL,LOSS,SL,-1.3807236957089546,-4.351892076918017,-5.051892076918017,0.0002101261384612747,58.1634463209835,-0.00038890195549368123,25.0
2025-11-25 09:55:00,2025-11-25 10:30:00,SELL,LOSS,SL,-1.238289532903966,-5.716232977565637,-6.416232977565637,0.0003077488651711091,56.2716498022972,-0.0001212198328952585,35.0
2025-11-25 10:40:00,2025-11-25 10:45:00,SELL,LOSS,SL,-1.2166242896061297,-6.177916248450442,-6.877916248450442,0.00033852774989672667,56.89855588227454,-3.229197789922367e-05,5.0
2025-11-25 13:05:00,2025-11-25 13:30:00,BUY,LOSS,SL,-1.221071941530845,-6.075755821308158,-6.775755821308159,0.00033171705475391005,52.97592078693454,0.0005606327030343028,25.0
2025-11-25 13:35:00,2025-11-25 13:40:00,BUY,LOSS,SL,-1.2348670544513882,-5.783500640689786,-6.483500640689786,0.00031223337604598014,43.778063717913,0.0005529911296995316,5.0
2025-11-25 14:05:00,2025-11-25 14:40:00,BUY,WIN,TP,1.7949018040049611,8.751426580331124,8.051426580331125,0.0003250475526777272,43.850845019757585,0.000458243277672965,35.0
2025-11-25 15:35:00,2025-11-25 16:00:00,BUY,WIN,TP,1.9049867862791023,20.049703737787695,19.349703737787696,0.0007016567912595535,53.22912367137695,0.0008011108845136228,25.0
2025-11-25 16:20:00,2025-11-25 17:00:00,BUY,WIN,TP,1.9025154610890214,19.51607385481269,18.81607385481269,0.0006838691284937671,54.58720448093835,0.0011662416607316484,40.0
2025-11-25 17:55:00,2025-11-25 18:40:00,BUY,LOSS,SL,-1.112965350507004,-9.852271917998422,-10.552271917998421,0.0005901514611999241,51.038222598547186,0.0019803445040154077,45.0
2025-11-25 18:45:00,2025-11-25 18:55:00,BUY,LOSS,SL,-1.1330319439268524,-8.516991562190878,-9.216991562190877,0.0005011327708126693,41.97933067240536,0.0019506547825758336,10.0
2025-11-25 19:05:00,2025-11-25 19:55:00,BUY,WIN,TP,1.8751957024931858,18.030107039134304,17.330107039134305,0.0006410035679711756,51.346606846477975,0.001853006149132419,50.0
2025-11-25 21:00:00,2025-11-25 22:20:00,BUY,LOSS,SL,-1.1882408039908563,-7.574813401552881,-8.274813401552882,0.0004249875601034739,54.8991373226563,0.002268831959802098,80.0
2025-11-25 22:25:00,2025-11-25 22:30:00,BUY,LOSS,SL,-1.2080660501595168,-6.967399338238999,-7.667399338238999,0.000384493289215904,40.11825755343896,0.0021322639573602142,5.0
2025-11-25 23:10:00,2025-11-26 03:30:00,BUY,WIN,TP,1.4926398748956826,7.943327555333038,7.243327555333037,0.00035477758517777437,42.04725577102759,0.0017354989940669974,260.0
2025-11-26 06:20:00,2025-11-26 08:20:00,BUY,WIN,TP,1.7209590232913596,7.400887325971307,6.700887325971307,0.00028669624419901666,50.75482168236508,0.0014111461332564357,120.0
2025-11-26 08:40:00,2025-11-26 08:55:00,BUY,LOSS,SL,-1.258558229513982,-5.841120888921879,-6.5411208889218795,0.0003094080592614827,53.75655628023532,0.0013984704287430816,15.0
2025-11-26 09:00:00,2025-11-26 09:40:00,BUY,LOSS,SL,-1.2461094233641241,-6.075879938268657,-6.775879938268657,0.00032505866255121347,44.01250184830477,0.0013659575021145454,40.0
2025-11-26 09:45:00,2025-11-26 09:50:00,BUY,LOSS,SL,-1.1995371639042767,-6.6127575158264715,-7.312757515826472,0.0003675171677217484,40.20197433436083,0.0012312399264595708,5.0
2025-11-26 10:20:00,2025-11-26 10:25:00,BUY,LOSS,SL,-1.1794167915342104,-7.23097576092958,-7.93097576092958,0.0004087317173953292,44.797236408369315,0.0010086755202112219,5.0
2025-11-26 10:30:00,2025-11-26 10:50:00,BUY,LOSS,SL,-1.1708758308780478,-7.537422977536577,-8.237422977536577,0.00042916153183576033,40.96797716201402,0.000947821317332842,20.0
2025-11-26 11:05:00,2025-11-26 11:55:00,BUY,LOSS,SL,-1.1682979205075443,-7.636028470718324,-8.336028470718324,0.00043573523138118854,44.380070440628415,0.0006878691930758407,50.0
2025-11-26 12:00:00,2025-11-26 15:35:00,BUY,LOSS,SL,-1.1732255755993435,-7.45010157243876,-8.150101572438759,0.00042334010482922757,43.57438019035979,0.0004720843564645083,215.0
2025-11-26 16:35:00,2025-11-26 16:45:00,SELL,LOSS,SL,-1.098652058173309,-11.136635955868556,-11.836635955868555,0.0006757757303912925,52.744699519780596,-0.00035437991502984545,10.0
2025-11-26 18:50:00,2025-11-27 00:00:00,BUY,LOSS,SL,-1.1271719594069887,-8.86336865975068,-9.56336865975068,0.0005242245773167275,54.37580123134242,0.0006936065830898119,310.0
2025-11-27 00:10:00,2025-11-27 02:00:00,BUY,WIN,TP,1.2881184017379315,6.333095864666408,5.633095864666408,0.00032776986215554834,50.672528822221636,0.000868887045893274,110.0
2025-11-27 03:00:00,2025-11-27 03:35:00,BUY,WIN,TP,1.6328427367597802,5.336708490578746,4.636708490578746,0.00021789028301929237,54.615784849421736,0.0009719671084935655,35.0
2025-11-27 04:55:00,2025-11-27 05:30:00,BUY,LOSS,SL,-1.2440410573178875,-6.117205380063905,-6.817205380063905,0.00032781369200432324,44.980464372797115,0.001188455931910859,35.0
2025-11-27 05:40:00,2025-11-27 08:25:00,BUY,LOSS,SL,-1.2850466479411828,-5.409837262312277,-6.109837262312277,0.00028065581748749376,40.11744392646788,0.0010484291507046883,165.0
2025-11-27 09:55:00,2025-11-27 11:10:00,BUY,LOSS,SL,-1.26363575490226,-5.272423427193372,-5.972423427193372,0.000278161561812943,41.47613936033833,0.00010864366281038151,75.0
2025-11-27 12:35:00,2025-11-27 13:00:00,SELL,LOSS,SL,-1.2431299078473235,-5.624330263353526,-6.324330263353526,0.0003016220175569649,45.07166996470744,-0.0005399866801369946,25.0
2025-11-27 13:05:00,2025-11-27 14:35:00,SELL,LOSS,SL,-1.2566251531566306,-5.386407573339534,-6.086407573339534,0.0002857605048893039,56.30765711667499,-0.000556917383862432,90.0
2025-11-27 14:45:00,2025-11-27 15:30:00,SELL,LOSS,SL,-1.23736904449627,-5.212849245452954,-5.912849245452954,0.0002808566163635268,54.295142150373955,-0.0004840042786145027,45.0
2025-11-27 15:45:00,2025-11-27 15:50:00,SELL,LOSS,SL,-1.2092113230912278,-5.779856009820005,-6.479856009820005,0.0003186570673213434,58.086616285230406,-0.000352275352200504,5.0
2025-11-27 16:10:00,2025-11-27 16:45:00,SELL,LOSS,SL,-1.2007434583717598,-5.981482376118507,-6.681482376118507,0.0003320988250746327,57.763351684154884,-0.0002455625659960603,35.0
2025-11-27 16:55:00,2025-11-27 18:25:00,SELL,LOSS,SL,-1.2124022389342903,-5.7080483003258955,-6.408048300325896,0.0003138698866884188,58.88629839791703,-0.00010036300447846536,90.0
2025-11-27 18:45:00,2025-11-27 19:20:00,BUY,LOSS,SL,-1.2664198046263098,-4.7534747140988145,-5.453474714098815,0.00025023164760660344,52.78481632600463,0.000189665736499256,35.0
2025-11-27 19:25:00,2025-11-28 01:10:00,BUY,WIN,TP,1.6739786855942709,6.161481884626819,5.461481884626819,0.00024538272948756523,42.71616448400873,0.000222273194536049,345.0
2025-11-28 02:05:00,2025-11-28 02:25:00,BUY,LOSS,SL,-1.4796449875510593,-3.7018503917384473,-4.4018503917384475,0.0001667900261158857,54.609525293460955,0.00026651456790727224,20.0
2025-11-28 02:30:00,2025-11-28 02:50:00,BUY,LOSS,SL,-1.3899939644003305,-4.276970695803372,-4.976970695803372,0.0002051313797202219,41.71539864795222,0.0002842036540398052,20.0
2025-11-28 03:05:00,2025-11-28 03:20:00,BUY,LOSS,SL,-1.3363787926393138,-4.767406823077324,-5.467406823077324,0.00023782712153851132,52.56369311242129,0.00022942713526585834,15.0
2025-11-28 03:25:00,2025-11-28 03:30:00,BUY,LOSS,SL,-1.3358449133940875,-4.773077787222268,-5.473077787222268,0.0002382051858147843,40.34114890530486,0.0002073863704783463,5.0
2025-11-28 05:15:00,2025-11-28 06:25:00,SELL,LOSS,SL,-1.228970070798512,-6.440859627702044,-7.140859627702044,0.0003493906418468505,47.86128475728691,-0.00027281310043147933,70.0
2025-11-28 06:30:00,2025-11-28 09:55:00,SELL,WIN,TP,1.782646564473223,9.841923465269222,9.141923465269223,0.0003680641155089655,56.80825622386689,-0.0003164931916019853,205.0
2025-11-28 11:10:00,2025-11-28 12:35:00,SELL,WIN,TP,1.8609960649990056,14.726890080372636,14.026890080372636,0.0005275630026790515,50.549316399473234,-0.0006811913229689548,85.0
2025-11-28 13:55:00,2025-11-28 15:45:00,SELL,LOSS,SL,-1.1904514589919335,-6.875749925058804,-7.575749925058804,0.0003850499950038485,58.06968174515701,-0.0013060651224459097,110.0
2025-11-28 16:25:00,2025-11-28 16:50:00,SELL,LOSS,SL,-1.1559536925875333,-7.41215981108445,-8.11215981108445,0.0004274773207389278,55.55212523273204,-0.0008054317516499321,25.0
2025-11-28 17:10:00,2025-11-28 17:30:00,SELL,LOSS,SL,-1.1523358784976077,-7.5644417445342995,-8.264441744534299,0.0004376294496356115,59.07611229236883,-0.0005615538759717875,20.0
2025-11-28 19:15:00,2025-12-01 03:05:00,BUY,WIN,TP,1.8284072079225597,12.786601482169903,12.086601482169904,0.0004662200494056533,54.39600322624717,0.0005231137871875013,3350.0
2025-12-01 03:45:00,2025-12-01 04:10:00,BUY,LOSS,SL,-1.197475689383391,-7.276697358277095,-7.976697358277095,0.0004051131572185054,52.116697134221965,0.0008576069156736033,25.0
2025-12-01 04:15:00,2025-12-01 04:20:00,BUY,LOSS,SL,-1.208599863779637,-6.952640381719854,-7.652640381719854,0.00038350935878132434,42.735004849544076,0.0008239017195557086,5.0
2025-12-01 05:20:00,2025-12-01 09:20:00,BUY,WIN,TP,1.7496898365751967,8.388104482705085,7.688104482705085,0.00031960348275683875,41.53628575562903,0.0004676955701201635,240.0
2025-12-01 12:45:00,2025-12-01 14:15:00,BUY,WIN,TP,1.8119942587433338,10.601770303900183,9.901770303900184,0.00039005901013000724,52.7954498888545,0.0011759598610312505,90.0
2025-12-01 16:05:00,2025-12-01 16:35:00,BUY,LOSS,SL,-1.1542333756018868,-7.483680954900706,-8.183680954900705,0.00043224539699343486,48.505696862844964,0.001972285171981003,30.0
2025-12-01 16:40:00,2025-12-01 17:40:00,BUY,LOSS,SL,-1.14018036279932,-8.133666799190586,-8.833666799190585,0.0004755777866127623,40.30183540405026,0.0018886120227048497,60.0
2025-12-01 17:50:00,2025-12-01 19:10:00,BUY,LOSS,SL,-1.1296694848679412,-8.711914649914942,-9.41191464991494,0.0005141276433276541,40.823066126811526,0.0015667568845749713,80.0
2025-12-01 19:20:00,2025-12-01 20:20:00,BUY,LOSS,SL,-1.2025443477692648,-7.124628424422984,-7.8246284244229845,0.0003949752282948006,42.55478280263367,0.0009961349482738857,60.0
2025-12-01 23:10:00,2025-12-02 02:30:00,SELL,WIN,TP,1.516824767365421,4.394999020816149,3.694999020816149,0.00019316663402717515,46.32159836766766,-0.00027362706851374874,200.0
2025-12-02 02:50:00,2025-12-02 03:35:00,SELL,LOSS,SL,-1.4780073029953034,-3.7104218962357374,-4.4104218962357375,0.00016736145974906698,47.247096012243674,-0.00048783044218558835,45.0
2025-12-02 03:40:00,2025-12-02 05:50:00,SELL,LOSS,SL,-1.3926880029900126,-4.255861118401726,-4.955861118401726,0.00020372407456014323,59.27905820388241,-0.0004870547883970566,130.0
2025-12-02 06:15:00,2025-12-02 07:05:00,SELL,WIN,TP,1.5285509949887897,3.8906884402968087,3.1906884402968085,0.0001696896146765891,59.298625774570354,-0.00021932676738845025,50.0
2025-12-02 07:40:00,2025-12-02 09:00:00,SELL,LOSS,SL,-1.465517936014659,-3.7777739312760064,-4.4777739312760065,0.0001718515954183305,49.56729182055366,-0.00020396157740565357,80.0
2025-12-02 09:35:00,2025-12-02 11:25:00,SELL,WIN,TP,1.6923094447735967,6.050040723158391,5.350040723158391,0.00023833469077191472,58.35008911180582,-0.0001402065507378758,110.0
2025-12-02 11:55:00,2025-12-02 12:20:00,SELL,WIN,TP,1.7933216137833876,9.544557664052368,8.844557664052369,0.0003548185888017371,52.835149388041145,-8.034035045145771e-05,25.0
2025-12-02 12:50:00,2025-12-02 13:55:00,SELL,LOSS,SL,-1.2158555826043773,-6.195999773219173,-6.895999773219173,0.00033973331821462267,46.60816601722118,-0.00021837319464634852,65.0
2025-12-02 14:15:00,2025-12-02 14:25:00,SELL,LOSS,SL,-1.229508747838027,-5.357132394385843,-6.057132394385843,0.0002904754929589823,49.58646264248215,-0.00018521913970492854,10.0
2025-12-02 15:10:00,2025-12-02 16:00:00,SELL,LOSS,SL,-1.2024219035569164,-5.940176840688704,-6.640176840688704,0.0003293451227125796,54.73465911601927,-3.101182909803768e-06,50.0
2025-12-02 16:20:00,2025-12-02 17:05:00,BUY,LOSS,SL,-1.17751223270675,-6.633414580796803,-7.333414580796803,0.0003755609720530983,50.901274761555776,0.0001573078976480069,45.0
2025-12-02 17:35:00,2025-12-02 17:50:00,BUY,LOSS,SL,-1.1245675085502789,-9.02777555430012,-9.72777555430012,0.0005351850369533435,51.163585059556944,5.713615813962569e-05,15.0
2025-12-02 18:05:00,2025-12-02 21:20:00,SELL,LOSS,SL,-1.122114531615523,-9.18903357995504,-9.88903357995504,0.0005459355719969561,46.05038665798024,-1.9889044265086753e-05,195.0
2025-12-02 23:45:00,2025-12-03 00:00:00,BUY,LOSS,SL,-1.8260654822064382,-5.968506018176964,-6.668506018176965,0.00021790040121184373,54.77480222257804,0.00047112574349550407,15.0
2025-12-03 00:05:00,2025-12-03 01:30:00,BUY,WIN,TP,1.4850943982328584,5.768414222468767,5.068414222468767,0.0002589471407489507,46.185061960686866,0.0005054100794859018,85.0
2025-12-03 05:50:00,2025-12-03 06:55:00,BUY,WIN,TP,1.5073855800057303,3.6719645682071542,2.971964568207154,0.00016239881894021717,54.612395353193605,0.0011427271385389126,65.0
2025-12-03 08:40:00,2025-12-03 09:05:00,BUY,WIN,TP,1.5807405996429242,4.524379698954784,3.8243796989547842,0.00019081265663181712,54.54365883134757,0.001208609261392768,25.0
2025-12-03 09:35:00,2025-12-03 09:45:00,BUY,LOSS,SL,-1.252993076775723,-5.447945066398573,-6.147945066398573,0.00028986300442652876,49.28196132145937,0.0012432673680780049,10.0
2025-12-03 09:50:00,2025-12-03 10:45:00,BUY,LOSS,SL,-1.2544084603551593,-5.423755579764832,-6.123755579764832,0.00028825037198434094,40.24965899437906,0.0011991119631236113,55.0
2025-12-03 10:50:00,2025-12-03 12:05:00,BUY,WIN,TP,1.7953261139004857,9.648806513256604,8.948806513256605,0.000358293550441921,43.37087928010802,0.0009977428970118218,75.0
2025-12-03 15:00:00,2025-12-03 15:15:00,BUY,WIN,TP,1.777677062958607,7.995922897634401,7.295922897634401,0.0002998640965878284,51.191641484382174,0.0016511344825265173,15.0
2025-12-03 15:35:00,2025-12-03 16:15:00,BUY,LOSS,SL,-1.1685959561229475,-6.931340365428195,-7.631340365428195,0.0003954226910285372,54.10476382892883,0.001741152117478162,40.0
2025-12-03 16:35:00,2025-12-03 17:05:00,BUY,LOSS,SL,-1.1548993043133318,-7.455806915550699,-8.155806915550698,0.0004303871277033145,46.7253583107473,0.0016204303869329362,30.0
2025-12-03 17:10:00,2025-12-03 17:10:00,BUY,LOSS,SL,-1.1158743886917102,-9.630034740986225,-10.330034740986225,0.0005753356493990821,51.23865340314485,0.0014930679418505566,0.0
2025-12-03 17:15:00,2025-12-03 21:15:00,BUY,WIN,TP,1.883469723896275,16.162921661832975,15.462921661832976,0.0005720973887277292,44.810532178612974,0.001469217746751017,240.0
2025-12-03 21:35:00,2025-12-03 22:30:00,BUY,LOSS,SL,-1.2793358875990908,-5.495903438380489,-6.195903438380489,0.00028639356255862704,54.05145174696312,0.0013074184546677525,55.0
2025-12-03 22:35:00,2025-12-03 22:55:00,BUY,LOSS,SL,-1.335947513841643,-4.771986547177275,-5.471986547177275,0.00023813243647853984,40.6256359996232,0.0012451970621718544,20.0
2025-12-03 23:35:00,2025-12-04 00:00:00,BUY,LOSS,SL,-1.4211528584002138,-4.724208709678534,-5.424208709678534,0.00022161391397860922,49.20738908852466,0.0010059185351209976,25.0
2025-12-04 00:05:00,2025-12-04 01:50:00,BUY,LOSS,SL,-1.6048750830969436,-5.837114606764858,-6.537114606764858,0.00024247430711761236,54.92100018056645,0.0009588625135303896,105.0
2025-12-04 02:40:00,2025-12-04 03:00:00,BUY,LOSS,SL,-1.3761908258973947,-4.389870452415811,-5.089870452415811,0.00021265803016112103,41.2038983986195,0.0006110668307053313,20.0
2025-12-04 03:10:00,2025-12-04 03:20:00,BUY,LOSS,SL,-1.3405151784558889,-4.724071982463628,-5.424071982463628,0.00023493813216431345,41.37046093609384,0.0005069683566130134,10.0
2025-12-04 03:45:00,2025-12-04 04:20:00,BUY,LOSS,SL,-1.3324106262482347,-4.809992898072623,-5.509992898072623,0.00024066619320481047,44.87305425315922,0.0003892803333584993,35.0
2025-12-04 04:25:00,2025-12-04 05:00:00,BUY,LOSS,SL,-1.3576858531643494,-4.5548992485554765,-5.254899248555477,0.00022365994990362445,40.0668541244589,0.0002949831056311414,35.0
2025-12-04 06:15:00,2025-12-04 07:35:00,SELL,LOSS,SL,-1.3954763270283566,-4.23431562899581,-4.93431562899581,0.00020228770859967158,45.238965724615376,-5.276196986270243e-05,80.0
2025-12-04 07:55:00,2025-12-04 08:30:00,SELL,WIN,TP,1.6277608864037434,5.247468609114271,4.54746860911427,0.00021491562030379155,55.679272834057535,-9.864516981439309e-05,35.0
2025-12-04 08:45:00,2025-12-04 09:00:00,SELL,LOSS,SL,-1.3602843130305269,-4.530702882693437,-5.230702882693437,0.00022204685884622287,46.65186112028786,-0.0001738903835990513,15.0
2025-12-04 09:05:00,2025-12-04 09:50:00,SELL,LOSS,SL,-1.3416908080269172,-4.711946976066938,-5.411946976066938,0.0002341297984045014,59.58126866886962,-0.00017171789640468837,45.0
2025-12-04 12:10:00,2025-12-04 12:25:00,BUY,LOSS,SL,-1.1996530839695332,-6.6095567678176135,-7.309556767817614,0.00036730378452123246,48.55500493819576,0.0006486028437153735,15.0
2025-12-04 12:30:00,2025-12-04 12:50:00,BUY,LOSS,SL,-1.207637421790837,-6.397696294399578,-7.0976962943995785,0.00035317975295997666,41.73252317733068,0.0006373967372677036,20.0
2025-12-04 13:05:00,2025-12-04 13:35:00,BUY,WIN,TP,1.7978535073443465,9.78319649330538,9.083196493305381,0.000362773216443549,44.78258072239167,0.0005535234605302808,30.0
2025-12-04 14:25:00,2025-12-04 14:40:00,BUY,LOSS,SL,-1.2057423180307651,-5.860448786478955,-6.560448786478955,0.00032402991909854866,50.20337433956609,0.0007087732229098531,15.0
2025-12-04 14:45:00,2025-12-04 15:10:00,BUY,LOSS,SL,-1.197494481255635,-6.063432626786213,-6.763432626786213,0.000337562175119045,40.28106786601662,0.0006782991823037765,25.0
2025-12-04 15:25:00,2025-12-04 15:30:00,BUY,LOSS,SL,-1.1991804553555878,-6.0205729182351,-6.7205729182351,0.000334704861215728,40.92997943047726,0.0005092271840705376,5.0
2025-12-04 15:50:00,2025-12-04 17:05:00,BUY,LOSS,SL,-1.1448311347351823,-7.904592730205827,-8.604592730205827,0.00046030618201377266,41.54746662775287,0.0003959928604135854,75.0
2025-12-04 17:15:00,2025-12-04 18:25:00,BUY,LOSS,SL,-1.1334692096881112,-8.492364735932622,-9.192364735932621,0.0004994909823955048,47.31373167439112,0.0002617022665392099,70.0
2025-12-04 20:20:00,2025-12-04 22:00:00,SELL,WIN,TP,1.7219099459211462,7.430297865019898,6.730297865019898,0.0002876765955006952,50.30697150863389,-0.000317343470458864,100.0
2025-12-04 23:55:00,2025-12-05 02:05:00,SELL,LOSS,SL,-1.5447729133108778,-5.104129034353842,-5.804129034353842,0.00022027526895695935,45.59230152271922,-0.0009443999315958962,130.0
2025-12-05 04:05:00,2025-12-05 05:30:00,SELL,WIN,TP,1.6114774318823464,4.977247338881031,4.277247338881031,0.00020590824462935676,59.899326247203525,-0.0005695870997046715,85.0
2025-12-05 05:50:00,2025-12-05 06:05:00,SELL,LOSS,SL,-1.4444331135760184,-3.900068836780645,-4.600068836780645,0.0001800045891187699,46.10573527765848,-0.0003985631217096053,15.0
2025-12-05 06:10:00,2025-12-05 06:25:00,SELL,LOSS,SL,-1.451527239315002,-3.8576469712447095,-4.55764697124471,0.00017717646474961482,55.49670414526667,-0.00037997670654044136,15.0
2025-12-05 06:30:00,2025-12-05 07:00:00,SELL,LOSS,SL,-1.4176635607193786,-4.073125914870656,-4.773125914870656,0.00019154172765810758,58.36011607035704,-0.0003455338317290835,30.0
2025-12-05 07:10:00,2025-12-05 07:30:00,SELL,LOSS,SL,-1.4210426331287411,-4.050067678616952,-4.7500676786169524,0.00019000451190779184,59.37092997123479,-0.00025701893937535303,20.0
2025-12-05 08:05:00,2025-12-05 08:35:00,SELL,LOSS,SL,-1.3813467348890158,-4.346742557922355,-5.0467425579223555,0.0002097828371948098,58.840291788481466,-8.933324207238691e-05,30.0
2025-12-05 09:55:00,2025-12-05 10:00:00,BUY,LOSS,SL,-1.2411363837229756,-5.661733833015058,-6.361733833015058,0.0003041155888675995,54.867184921963826,0.0003332025408608885,5.0
2025-12-05 10:05:00,2025-12-05 10:15:00,BUY,LOSS,SL,-1.2133949858175435,-6.254760294792115,-6.954760294792115,0.0003436506863195242,52.17378692148576,0.0003508213303053953,10.0
2025-12-05 10:20:00,2025-12-05 10:50:00,BUY,LOSS,SL,-1.207878668081381,-6.391548238943733,-7.091548238943733,0.0003527698825962162,40.70091083213254,0.0003417468341946339,30.0
2025-12-05 11:20:00,2025-12-05 11:25:00,BUY,LOSS,SL,-1.2166832001880559,-6.176535693793182,-6.8765356937931825,0.00033843571291952083,41.701249769951446,0.00020401704887906824,5.0
2025-12-05 11:50:00,2025-12-05 13:15:00,BUY,LOSS,SL,-1.2305929219124205,-5.870311208501798,-6.570311208501798,0.0003180207472334897,41.070632269840274,8.13893032078905e-05,85.0
2025-12-05 14:05:00,2025-12-05 16:00:00,SELL,LOSS,SL,-1.2122175051891089,-5.712146621028701,-6.412146621028701,0.00031414310806855244,52.15397881110316,-0.00026773145793668185,115.0
2025-12-05 16:15:00,2025-12-05 17:30:00,SELL,LOSS,SL,-1.1809731686418232,-6.525681002906957,-7.225681002906957,0.0003683787335271266,54.04135353882256,-0.00024125549843945215,75.0
2025-12-05 17:40:00,2025-12-05 18:05:00,SELL,WIN,TP,1.851863803824136,12.501089211347406,11.801089211347406,0.000450036307044945,57.56727320417401,-0.00010850960174213498,25.0
2025-12-05 19:15:00,2025-12-05 20:00:00,SELL,LOSS,SL,-1.1817251560477613,-7.803378564080664,-8.503378564080665,0.00044022523760538543,46.280962561361676,-0.0006064736860251774,45.0
2025-12-05 20:05:00,2025-12-08 00:00:00,SELL,WIN,TP,1.7827132899295863,9.845314272659646,9.145314272659647,0.0003681771424219651,59.276531292237685,-0.0006411608964527193,3115.0
2025-12-08 00:10:00,2025-12-08 00:50:00,SELL,LOSS,SL,-1.6286968287821193,-8.030834478686918,-8.730834478686917,0.0003287222985791082,45.80037409375277,-0.0004639633042258229,40.0
2025-12-08 00:55:00,2025-12-08 02:35:00,SELL,LOSS,SL,-1.9000010232574922,-8.444439391326771,-9.14443939132677,0.00029629595942175447,58.28011831723423,-0.0004685465486922169,100.0
2025-12-08 03:15:00,2025-12-08 03:45:00,SELL,LOSS,SL,-1.2827565727740216,-5.443933176255599,-6.143933176255599,0.0002829288784170075,56.42869264429754,-0.0001607944010895146,30.0
2025-12-08 03:50:00,2025-12-08 04:05:00,SELL,LOSS,SL,-1.277205936589483,-5.528911619873033,-6.228911619873033,0.00028859410799152467,57.99018768884139,-6.267297353113044e-05,15.0
2025-12-08 04:30:00,2025-12-08 08:00:00,BUY,WIN,TP,1.7085160951768066,7.033730783371307,6.333730783371307,0.00027445769277903296,53.04936502047167,7.179906106813405e-05,210.0
2025-12-08 08:50:00,2025-12-08 09:45:00,BUY,LOSS,SL,-1.2763734993132934,-5.541950306312459,-6.241950306312459,0.0002894633537541109,52.94899972100171,0.0005824666286904367,55.0
2025-12-08 09:55:00,2025-12-08 10:15:00,BUY,LOSS,SL,-1.2093342325182364,-6.354754498427161,-7.054754498427161,0.000350316966561797,47.94732682121287,0.0006712965246253866,20.0
2025-12-08 10:50:00,2025-12-08 13:05:00,BUY,LOSS,SL,-1.2087955737479776,-6.368310914137153,-7.068310914137153,0.00035122072760907777,41.4284129079486,0.0004838075121960106,135.0
2025-12-08 13:10:00,2025-12-08 15:40:00,BUY,LOSS,SL,-1.2145267144724115,-6.227566525713334,-6.927566525713334,0.0003418377683808796,47.179025377071426,0.00012772434289476386,150.0
2025-12-08 16:05:00,2025-12-08 16:15:00,SELL,LOSS,SL,-1.2070523944219491,-5.829695414978463,-6.529695414978463,0.000321979694331958,49.24882649657312,-4.328492818195251e-05,10.0
2025-12-08 16:20:00,2025-12-08 16:50:00,SELL,WIN,TP,1.7940819702570383,8.712602643374701,8.012602643374702,0.0003237534214458029,52.45306560184945,-3.446647173532824e-05,30.0
2025-12-08 18:45:00,2025-12-08 19:45:00,SELL,LOSS,SL,-1.1390459439683223,-8.19186746092948,-8.891867460929479,0.00047945783072863223,45.82150594213642,-0.0010565526576646889,60.0
2025-12-08 20:30:00,2025-12-08 20:40:00,SELL,LOSS,SL,-1.230286387567255,-6.410902879135837,-7.110902879135837,0.00034739352527575474,58.03655285895032,-0.00099517498671986,10.0
2025-12-08 21:00:00,2025-12-09 02:00:00,SELL,LOSS,SL,-1.2478618678632059,-6.041406265292392,-6.741406265292392,0.00032276041768614067,57.2857223227448,-0.0008527707389440753,300.0
2025-12-09 02:20:00,2025-12-09 03:45:00,SELL,LOSS,SL,-1.416648685302256,-4.080124292554687,-4.780124292554687,0.00019200828617026226,56.36596990970419,-0.0002754924246630708,85.0
2025-12-09 04:20:00,2025-12-09 05:30:00,SELL,LOSS,SL,-1.3549364645352677,-4.580886778063808,-5.280886778063808,0.0002253924518708652,57.018125168559635,-1.8749195551448494e-05,70.0
2025-12-09 05:45:00,2025-12-09 09:10:00,BUY,LOSS,SL,-1.3869728486613244,-4.3009927547920315,-5.000992754792032,0.00020673285031940153,48.008095249887404,0.00015781164967143546,205.0
2025-12-09 09:40:00,2025-12-09 10:05:00,BUY,LOSS,SL,-1.294264166113889,-4.838137791382545,-5.538137791382545,0.0002492091860922309,43.805687232979956,0.00012124619931364045,25.0
2025-12-09 10:20:00,2025-12-09 10:30:00,BUY,WIN,TP,1.7521329407671802,7.775725587793593,7.075725587793593,0.00029585751959314597,42.381250683689174,1.9190197922069885e-05,10.0
2025-12-09 10:40:00,2025-12-09 11:40:00,BUY,WIN,TP,1.7801142463282749,8.905195713063131,8.205195713063132,0.000333506523768735,54.13863736274881,3.522664577526591e-05,60.0
2025-12-09 12:15:00,2025-12-09 12:30:00,BUY,LOSS,SL,-1.2181522238287863,-6.142350615060975,-6.842350615060975,0.0003361567076707833,52.03011530155557,0.00025677741028173884,15.0
2025-12-09 12:35:00,2025-12-09 13:00:00,BUY,LOSS,SL,-1.2179251547549,-6.147604537609107,-6.847604537609107,0.00033650696917391173,42.41896576506701,0.000246256021660729,25.0
2025-12-09 13:25:00,2025-12-09 14:05:00,BUY,LOSS,SL,-1.21123024510209,-6.307587575672967,-7.007587575672967,0.00034717250504491504,48.17628625405344,0.00011727287113871832,40.0
2025-12-09 14:55:00,2025-12-09 15:30:00,SELL,WIN,TP,1.7995017857926712,8.975151189784981,8.275151189784982,0.0003325050396595194,47.202650639533395,-0.00010624733255215624,35.0
2025-12-09 15:45:00,2025-12-09 17:00:00,SELL,WIN,TP,1.8187543894792286,10.03474999617049,9.33474999617049,0.0003678249998723332,47.7852261908897,-0.0002722997720023823,75.0
2025-12-09 17:25:00,2025-12-09 18:35:00,SELL,LOSS,SL,-1.115366481782752,-9.668028915739256,-10.368028915739256,0.0005778685943826163,51.02684759521703,-0.0005518687822518853,70.0
2025-12-09 18:40:00,2025-12-09 19:50:00,SELL,WIN,TP,1.8489994286077853,12.244982992819399,11.5449829928194,0.00044149943309396443,56.391925715473924,-0.0005043227055652189,70.0
2025-12-09 21:00:00,2025-12-09 21:30:00,SELL,LOSS,SL,-1.2559230584464247,-5.888909265482266,-6.5889092654822665,0.0003125939510321345,47.881615831825926,-0.0007802953666757872,30.0
2025-12-09 21:35:00,2025-12-10 00:00:00,SELL,WIN,TP,1.7219516225560234,7.431591459222765,6.731591459222765,0.0002877197153074009,59.01250805981517,-0.0007792387357175024,145.0
2025-12-10 00:15:00,2025-12-10 07:45:00,SELL,LOSS,SL,-1.7146187119442005,-7.437977649040425,-8.137977649040424,0.00028919850993595637,53.013410373531464,-0.0006052084576106953,450.0
2025-12-10 08:00:00,2025-12-10 08:10:00,SELL,LOSS,SL,-1.438353158921081,-3.9375187690070748,-4.637518769007075,0.00018250125126716382,58.8141250296548,-0.00020278775189530585,10.0
2025-12-10 08:40:00,2025-12-10 08:45:00,SELL,LOSS,SL,-1.4225158852859492,-4.040129902306199,-4.740129902306199,0.0001893419934871318,55.3013288086391,-0.00010878927216295686,5.0
2025-12-10 11:15:00,2025-12-10 11:15:00,BUY,LOSS,SL,-1.1916538453649395,-6.839514372411491,-7.5395143724114915,0.00038263429149413327,45.50811643527938,0.0007573384164019092,0.0
2025-12-10 11:25:00,2025-12-10 12:00:00,BUY,LOSS,SL,-1.2003665464453364,-6.589938412948092,-7.289938412948092,0.0003659958941964818,42.383219233794954,0.0007320469873846047,35.0
2025-12-10 12:15:00,2025-12-10 12:40:00,BUY,LOSS,SL,-1.2096853800876257,-6.34595467523925,-7.04595467523925,0.00034973031168262554,41.05775303629887,0.0006071205570692406,25.0
2025-12-10 13:00:00,2025-12-10 15:15:00,BUY,LOSS,SL,-1.193775085965621,-6.776684360729211,-7.4766843607292115,0.00037844562404855544,44.690771501544766,0.0004150462005692024,135.0
2025-12-10 15:30:00,2025-12-10 17:00:00,BUY,WIN,TP,1.8297781454995312,10.749372639988653,10.049372639988654,0.0003916457546662592,48.858706072906095,0.00019089001835159713,90.0
2025-12-10 17:30:00,2025-12-10 19:15:00,BUY,WIN,TP,1.8413054713479207,11.602828950585288,10.902828950585288,0.0004200942983528063,48.648640505622495,0.0003453521808782778,105.0
2025-12-10 21:00:00,2025-12-10 21:00:00,BUY,LOSS,SL,-1.1567358428082666,-8.856193876903749,-9.556193876903748,0.0005104129251268443,53.9214924520553,0.0009643360007127733,0.0
2025-12-10 21:45:00,2025-12-10 21:55:00,BUY,WIN,TP,1.913320155061172,26.48809752368595,25.788097523685952,0.0009229365841229003,41.50541232164015,0.0012191362432723007,10.0
2025-12-11 00:05:00,2025-12-11 01:50:00,BUY,WIN,TP,1.165981583642596,10.065805787469724,9.365805787469725,0.0005755268595823313,48.52856205297721,0.002433410424464766,105.0
2025-12-11 02:30:00,2025-12-11 03:00:00,BUY,WIN,TP,1.706621814611203,6.980567334341582,6.2805673343415815,0.00027268557781135816,53.26478443400627,0.0026913470472573753,30.0
2025-12-11 03:35:00,2025-12-11 04:50:00,BUY,LOSS,SL,-1.2778411337103464,-5.5190149132166235,-6.219014913216624,0.0002879343275477863,54.990385813085894,0.0026655764112302194,75.0
2025-12-11 05:20:00,2025-12-11 05:25:00,BUY,LOSS,SL,-1.2721087978402736,-5.610000740602271,-6.310000740602272,0.00029400004937352707,40.14414664918823,0.0022448369781102873,5.0
2025-12-11 05:45:00,2025-12-11 06:10:00,BUY,LOSS,SL,-1.295178312373411,-5.2653393210066115,-5.965339321006612,0.00027102262140036985,40.762904930931406,0.0020646407335249695,25.0
2025-12-11 06:50:00,2025-12-11 07:55:00,BUY,LOSS,SL,-1.3214005755146918,-4.93365852901264,-5.63365852901264,0.00024891056860090104,43.138393345505555,0.001590637652448601,65.0
2025-12-11 08:35:00,2025-12-11 09:10:00,BUY,WIN,TP,1.6791111062555404,6.279224263546857,5.579224263546857,0.00024930747545155073,44.64219173068638,0.0010298937235584393,35.0
2025-12-11 11:00:00,2025-12-11 11:05:00,BUY,LOSS,SL,-1.1999465953600206,-6.601469019861815,-7.301469019861815,0.00036676460132418234,49.65717136936931,0.0011388676890013993,5.0
2025-12-11 11:25:00,2025-12-11 12:10:00,BUY,WIN,TP,1.8067516497623897,10.284314522193684,9.584314522193685,0.0003794771507397707,44.29317532926866,0.0010322075316082646,45.0
2025-12-11 12:45:00,2025-12-11 13:05:00,BUY,WIN,TP,1.778427033651314,8.82900910365524,8.12900910365524,0.0003309669701218253,53.8330608373167,0.0010947782580066345,20.0
2025-12-11 14:05:00,2025-12-11 15:25:00,BUY,WIN,TP,1.8064396685945692,9.332695679295956,8.632695679295956,0.0003444231893098432,54.771865205628586,0.0014112116065954083,80.0
2025-12-11 17:05:00,2025-12-11 17:40:00,BUY,WIN,TP,1.8783635152068128,15.442435042451908,14.742435042451909,0.0005480811680817506,54.18332738084567,0.0023231949527353635,35.0
2025-12-11 18:30:00,2025-12-11 19:10:00,BUY,WIN,TP,1.8678560727981546,14.135012575651086,13.435012575651086,0.0005045004191883479,51.06651359002909,0.0028595082326865473,40.0
2025-12-11 19:35:00,2025-12-11 21:50:00,BUY,LOSS,SL,-1.1602426123603578,-8.68864476386224,-9.388644763862239,0.0004992429842574224,48.38830407946882,0.002997175154274778,135.0
2025-12-11 22:25:00,2025-12-11 23:45:00,BUY,LOSS,SL,-1.2431983953147951,-6.134243083498657,-6.834243083498658,0.00032894953889994196,40.338050464580746,0.0022375367207450036,80.0
2025-12-12 00:10:00,2025-12-12 03:25:00,BUY,WIN,TP,1.4444646973800503,5.460275611995238,4.760275611995238,0.00025200918706653975,41.82392236893923,0.0015315457007556432,195.0
2025-12-12 03:35:00,2025-12-12 03:40:00,BUY,LOSS,SL,-1.2883424698775559,-5.361717836812518,-6.061717836812518,0.00027744785578748515,48.166618224155826,0.0009311528641693378,5.0
2025-12-12 04:15:00,2025-12-12 06:15:00,BUY,LOSS,SL,-1.2673653467571644,-5.688240583735426,-6.388240583735426,0.00029921603891566354,43.88862971571268,0.0007277369333751338,120.0
2025-12-12 06:20:00,2025-12-12 07:55:00,BUY,WIN,TP,1.6311205561653181,5.306190681299095,4.606190681299095,0.00021687302270996091,40.81963265557966,0.0003573186634504566,95.0
2025-12-12 08:25:00,2025-12-12 08:35:00,BUY,LOSS,SL,-1.3691064176041432,-4.451094922134268,-5.151094922134268,0.00021673966147556884,54.43696464480378,0.0002740153236489018,10.0
2025-12-12 08:40:00,2025-12-12 09:30:00,BUY,WIN,TP,1.6590229720933998,5.8385973352249385,5.138597335224938,0.00023461991117413507,43.5947765332665,0.0002646926834035668,50.0
2025-12-12 09:50:00,2025-12-12 10:45:00,BUY,LOSS,SL,-1.255732403678353,-5.401371215293947,-6.101371215293947,0.00028675808101966225,54.50942151427647,0.0002979781592873376,55.0
2025-12-12 10:50:00,2025-12-12 10:55:00,BUY,LOSS,SL,-1.1866605608210985,-6.3573180944122,-7.0573180944122,0.00035715453962750847,41.17130426577507,0.00027481560144604344,5.0
2025-12-12 11:15:00,2025-12-12 12:25:00,BUY,LOSS,SL,-1.1952849781984614,-6.120721569191744,-6.820721569191744,0.0003413814379460545,42.6153834667149,0.0001703167583748666,70.0
2025-12-12 13:20:00,2025-12-12 14:45:00,SELL,WIN,TP,1.7570919518473465,7.23356827906796,6.53356827906796,0.0002744522759688984,46.33998411385438,-0.00019274741419850194,85.0
2025-12-12 15:00:00,2025-12-12 15:05:00,SELL,LOSS,SL,-1.2389443869328576,-5.18507424608805,-5.88507424608805,0.00027900494973921345,49.868083562718255,-0.00044653481080003665,5.0
2025-12-12 15:15:00,2025-12-12 15:35:00,SELL,LOSS,SL,-1.2296242357298968,-5.354941005340063,-6.054941005340063,0.0002903294003560688,58.89269621806608,-0.0004118347740549311,20.0
2025-12-12 15:50:00,2025-12-12 16:30:00,SELL,LOSS,SL,-1.2106998367180233,-5.746088158285033,-6.446088158285034,0.0003164058772189382,54.1166012380244,-0.00031976015717183337,40.0
2025-12-12 17:15:00,2025-12-12 18:40:00,SELL,WIN,TP,1.8260606503936807,10.498260770335111,9.798260770335112,0.00038327535901116377,56.54136651081493,-1.844009923601675e-05,85.0
2025-12-12 18:50:00,2025-12-12 19:25:00,BUY,WIN,TP,1.8349465787043628,11.117288961939199,10.4172889619392,0.00040390963206461293,42.80837381184428,9.815454530470724e-05,35.0
2025-12-12 21:00:00,2025-12-12 21:45:00,BUY,LOSS,SL,-1.2383872305118662,-5.1948555627446815,-5.894855562744682,0.00027965703751628424,45.619112562686944,0.0005265246186991757,45.0
2025-12-12 21:55:00,2025-12-12 22:05:00,BUY,WIN,TP,1.73271730037472,6.482714005822011,5.782714005822011,0.0002494238001940415,45.139016190342446,0.0004207493406205298,10.0
2025-12-12 22:25:00,2025-12-12 22:45:00,BUY,LOSS,SL,-1.2961304473708661,-4.814579199018963,-5.514579199018963,0.0002476386132679061,53.35395270776113,0.00046516316978650885,20.0
2025-12-12 22:50:00,2025-12-15 00:00:00,BUY,LOSS,SL,-1.2510225217130604,-4.983706295258571,-5.683706295258571,0.00026558041968392326,48.60398534606192,0.0004642356518607116,2950.0
2025-12-15 00:20:00,2025-12-15 02:15:00,BUY,LOSS,SL,-2.410466607058495,-11.791998127052322,-12.491998127052321,0.0003261332084701679,43.17696838880883,0.0003215965772465079,115.0
2025-12-15 03:00:00,2025-12-15 03:35:00,SELL,LOSS,SL,-1.3079137251796575,-4.247662959540154,-4.947662959540154,0.00021651086396930766,46.915865458718585,-2.177226640442953e-05,35.0
2025-12-15 03:40:00,2025-12-15 03:45:00,SELL,LOSS,SL,-1.2895917924682307,-4.453136539115498,-5.153136539115498,0.0002302091026077071,58.50219289708406,-8.112476606325636e-05,5.0
2025-12-15 05:15:00,2025-12-15 05:30:00,BUY,LOSS,SL,-1.2854261565289644,-4.953886460081224,-5.653886460081224,0.0002569257640054372,49.91818691978389,0.00016361873372927604,15.0
2025-12-15 05:35:00,2025-12-15 05:55:00,BUY,LOSS,SL,-1.2612731673014634,-4.827411786401225,-5.527411786401225,0.00025516078576007126,41.238865426708884,0.00015483312017350315,20.0
2025-12-15 06:10:00,2025-12-15 08:05:00,BUY,LOSS,SL,-1.2849730373520245,-4.5091039113455125,-5.209103911345513,0.00023394026075633,41.86749794622062,7.779778454120034e-05,115.0
2025-12-15 08:20:00,2025-12-15 08:25:00,SELL,WIN,TP,1.6807462881082067,5.264610012358673,4.564610012358673,0.0002088203337453237,54.85617236588159,-0.00010958521329773596,5.0
2025-12-15 08:30:00,2025-12-15 09:55:00,SELL,WIN,TP,1.7152030204664455,6.022546388208983,5.322546388208983,0.00023408487960693098,52.335959155988725,-0.00011892966785875814,85.0
2025-12-15 10:20:00,2025-12-15 10:30:00,SELL,LOSS,SL,-1.231800850737424,-5.314048015003902,-6.014048015003902,0.00028760320100024855,53.63133741958088,-0.00020465588148943503,10.0
2025-12-15 10:40:00,2025-12-15 11:10:00,SELL,LOSS,SL,-1.2039336155485088,-5.903556470130521,-6.603556470130521,0.00032690376467533973,56.989790046089894,-0.00017702128191388056,30.0
2025-12-15 11:25:00,2025-12-15 12:20:00,SELL,LOSS,SL,-1.190626356332448,-6.245864314040727,-6.945864314040727,0.0003497242876027155,59.976738713007514,-8.160454854810872e-05,55.0
2025-12-15 12:40:00,2025-12-15 13:50:00,BUY,WIN,TP,1.7735780451840413,7.833065687599007,7.133065687599006,0.0002944355229199704,52.543850850133836,0.00017298932447573634,70.0
2025-12-15 15:55:00,2025-12-15 16:00:00,BUY,LOSS,SL,-1.1993447749523078,-6.0164344675662775,-6.716434467566278,0.00033442896450447374,44.13892181504146,0.0008381313935306167,5.0
2025-12-15 16:15:00,2025-12-15 16:35:00,BUY,WIN,TP,1.7986191075134883,8.93142882279141,8.231428822791411,0.0003310476274263802,40.235704036348714,0.0007728170080529839,20.0
2025-12-15 17:20:00,2025-12-15 19:15:00,BUY,LOSS,SL,-1.1398015996402666,-8.152993975556576,-8.852993975556576,0.0004768662650370522,54.624454390578435,0.0009452255950370692,115.0
2025-12-15 21:00:00,2025-12-15 21:15:00,BUY,LOSS,SL,-1.2459646873496497,-5.065624260032319,-5.765624260032319,0.00027104161733552213,41.59889121280912,0.00030334416259614194,15.0
2025-12-15 21:35:00,2025-12-15 21:50:00,BUY,WIN,TP,1.700640128718712,5.680922167168202,4.980922167168202,0.00022269740557230157,40.16362298670019,0.00012133210866394073,15.0
2025-12-15 23:25:00,2025-12-16 00:00:00,BUY,LOSS,SL,-1.5614022549004962,-4.171880967535234,-4.871880967535234,0.00017812539783562613,54.121105653312476,0.00020549642279421576,35.0
2025-12-16 00:05:00,2025-12-16 02:00:00,BUY,WIN,TP,1.335657104801418,4.624135161594514,3.9241351615945126,0.00023080450538645893,46.20878467226037,0.0002290062533181203,115.0
2025-12-16 02:30:00,2025-12-16 02:45:00,BUY,LOSS,SL,-1.4334569201598597,-3.3070343406472738,-4.007034340647274,0.00015380228937641834,53.67650990269881,0.0003885103135068402,15.0
2025-12-16 02:50:00,2025-12-16 02:55:00,BUY,LOSS,SL,-1.486927861214106,-3.359061531737494,-4.059061531737494,0.00015060410211578958,43.47878000005169,0.00037807080338136956,5.0
2025-12-16 03:05:00,2025-12-16 03:05:00,BUY,LOSS,SL,-1.3721430736997313,-3.687138551467072,-4.387138551467072,0.0001791425700978087,47.1883484840457,0.00035405752152728454,0.0
2025-12-16 03:10:00,2025-12-16 03:30:00,BUY,LOSS,SL,-1.4500064145715577,-3.8666286549326125,-4.566628654932613,0.0001777752436622465,41.457071591105894,0.0003449015067884531,20.0
2025-12-16 03:35:00,2025-12-16 03:50:00,BUY,LOSS,SL,-1.3261310180261034,-4.066252348680187,-4.7662523486801875,0.00020441682324531511,46.125189186242636,0.0002843655535271772,15.0
2025-12-16 03:55:00,2025-12-16 05:00:00,BUY,WIN,TP,1.7354848978720947,6.561004963070328,5.861004963070328,0.00025203349876900557,46.443056477041864,0.00027011410149335724,65.0
2025-12-16 05:15:00,2025-12-16 05:40:00,BUY,LOSS,SL,-1.2889964194047112,-4.46025048358678,-5.16025048358678,0.00023068336557252326,50.83202781853884,0.00034261161922888306,25.0
2025-12-16 05:45:00,2025-12-16 08:20:00,BUY,LOSS,SL,-1.319197399919867,-4.132857599250638,-4.832857599250638,0.0002088571732834115,40.56926947179276,0.00030886269943808387,155.0
2025-12-16 08:35:00,2025-12-16 09:10:00,BUY,LOSS,SL,-1.346387537624868,-3.88693989066946,-4.58693989066946,0.0001924626593779106,41.17896434048868,0.0001173452812290865,35.0
2025-12-16 09:15:00,2025-12-16 10:00:00,BUY,WIN,TP,1.7079247843581726,5.847551222726178,5.147551222726178,0.00022825170742417152,41.461153300932395,7.683244719536297e-05,45.0
2025-12-16 10:35:00,2025-12-16 10:35:00,BUY,LOSS,SL,-1.1754069487802958,-6.701028419646814,-7.401028419646814,0.0003800685613098525,52.92186986692973,0.00018586963111344446,0.0
2025-12-16 10:45:00,2025-12-16 11:40:00,BUY,WIN,TP,1.8218382335878043,10.225753091024249,9.52575309102425,0.00037419176970083856,43.4553782470559,0.00015890576487209707,55.0
2025-12-16 12:00:00,2025-12-16 14:25:00,BUY,WIN,TP,1.8374446345788376,11.303500378583188,10.603500378583188,0.0004101166792860853,53.1986893180746,0.0002466765175357377,145.0
2025-12-16 15:30:00,2025-12-16 15:30:00,BUY,WIN,TP,1.8790908856626685,15.541350178249647,14.841350178249648,0.0005513783392749842,53.229422297615265,0.000792434561277533,0.0
2025-12-16 15:45:00,2025-12-16 16:30:00,BUY,WIN,TP,1.9061576298080936,20.31233467260074,19.612334672600742,0.0007104111557533274,45.170349268856995,0.0008494413923880728,45.0
2025-12-16 17:20:00,2025-12-16 17:55:00,BUY,LOSS,SL,-1.0993458188259944,-11.065848888431983,-11.765848888431982,0.0006710565925621043,51.74676329818225,0.0014377020421785236,35.0
2025-12-16 18:15:00,2025-12-16 20:00:00,BUY,LOSS,SL,-1.1074576133986633,-10.30599487902306,-11.00599487902306,0.0006203996586015462,40.7325174157719,0.0012536512782395093,105.0
2025-12-16 21:35:00,2025-12-16 21:45:00,SELL,LOSS,SL,-1.1436480963244449,-7.961456681899847,-8.661456681899846,0.0004640971121266892,45.30893755276947,-4.344487938423569e-05,10.0
2025-12-16 21:50:00,2025-12-16 22:55:00,SELL,WIN,TP,1.8473763952006295,12.104132893684284,11.404132893684285,0.0004368044297894893,55.691724699336326,-6.708996158200087e-05,65.0
2025-12-17 01:05:00,2025-12-17 03:00:00,SELL,LOSS,SL,-1.9286089045738126,-4.569135153845736,-5.2691351538457365,0.00015794234358970015,48.74535334261347,-0.0006077746955248653,115.0
2025-12-17 03:05:00,2025-12-17 04:00:00,SELL,WIN,TP,1.5515459195000438,3.8057419603526497,3.1057419603526495,0.00016352473201178044,58.363100385351494,-0.000620745557817548,55.0
2025-12-17 10:00:00,2025-12-17 10:30:00,SELL,LOSS,SL,-1.1487030868527424,-7.724809963025713,-8.424809963025712,0.000448320664201684,47.09515335600526,-0.0018670129881872555,30.0
2025-12-17 10:35:00,2025-12-17 13:00:00,SELL,LOSS,SL,-1.1555020768612514,-7.430782277540015,-8.130782277540014,0.00042871881850272016,58.37980102181931,-0.001893971663743832,145.0
2025-12-17 13:10:00,2025-12-17 13:35:00,SELL,WIN,TP,1.8026975705034918,9.13672261968468,8.43672261968468,0.0003378907539894784,59.308294594348624,-0.0014245944103579156,25.0
2025-12-17 14:05:00,2025-12-17 14:50:00,SELL,LOSS,SL,-1.1922577362660889,-6.201351162358314,-6.901351162358314,0.0003467567441572782,45.66080801435942,-0.0014093902493581556,45.0
2025-12-17 14:55:00,2025-12-17 14:55:00,SELL,LOSS,SL,-1.1933184548393232,-6.172811880951311,-6.8728118809513115,0.00034485412539676737,57.85207794914724,-0.0012875026779997079,0.0
2025-12-17 15:10:00,2025-12-17 15:15:00,SELL,LOSS,SL,-1.192364075731843,-6.1984758390855035,-6.898475839085504,0.00034656505593904264,58.40889303373429,-0.0011844124041042736,5.0
2025-12-17 15:30:00,2025-12-17 15:50:00,SELL,LOSS,SL,-1.1594295010590054,-7.272364859436497,-7.972364859436497,0.00041815765729577537,56.467606169979334,-0.001045722666327853,20.0
2025-12-17 16:25:00,2025-12-17 16:35:00,SELL,LOSS,SL,-1.1579766293109466,-7.3300502382013235,-8.030050238201323,0.00042200334921339974,57.08906664964695,-0.0006466535602216439,10.0
2025-12-17 18:45:00,2025-12-17 22:20:00,BUY,LOSS,SL,-1.1458120220353505,-7.858145069530419,-8.558145069530418,0.00045720967130207624,51.96659128890809,0.0006642168212547261,215.0
2025-12-17 22:25:00,2025-12-18 00:00:00,BUY,LOSS,SL,-1.3063628958097473,-4.264102845603745,-4.964102845603745,0.00021760685637355173,40.921008093138525,0.0006124848227613278,95.0
2025-12-18 00:05:00,2025-12-18 03:35:00,BUY,LOSS,SL,-1.8657730768267535,-5.3875926809401875,-6.087592680940188,0.00019250617872935863,45.48386847117421,0.0003628257487877651,210.0
2025-12-18 04:00:00,2025-12-18 07:55:00,BUY,WIN,TP,1.718117372603226,6.095151689433532,5.395151689433532,0.00023650505631443762,44.12302081121931,0.00015481890780444374,235.0
2025-12-18 08:20:00,2025-12-18 09:00:00,BUY,WIN,TP,1.6495274533809139,4.706581069739869,4.006581069739869,0.00019021936899133582,42.80089889740029,0.00016206142343722085,40.0
2025-12-18 09:15:00,2025-12-18 09:40:00,BUY,LOSS,SL,-1.2812364408240124,-4.55572697858797,-5.25572697858797,0.00023704846523916854,50.87947699675483,0.0002241584960052112,25.0
2025-12-18 09:45:00,2025-12-18 09:55:00,BUY,LOSS,SL,-1.2560011151273764,-4.906232984580704,-5.606232984580704,0.00026041553230540495,48.73051540213873,0.0002211156516500612,10.0
2025-12-18 10:20:00,2025-12-18 10:30:00,BUY,LOSS,SL,-1.1957530646381052,-6.108476855004707,-6.808476855004707,0.0003405651236669867,40.823520315617856,9.743671622852723e-05,10.0
2025-12-18 12:45:00,2025-12-18 14:15:00,SELL,WIN,TP,1.7891925288023012,8.487329783128828,7.787329783128828,0.0003162443261042915,49.71930640286875,-0.0007065398024785896,90.0
2025-12-18 15:10:00,2025-12-18 15:10:00,SELL,LOSS,SL,-1.1982510901396837,-6.044108455067864,-6.744108455067864,0.00033627389700458904,49.61049552772107,-0.0010092867706348319,0.0
2025-12-18 15:15:00,2025-12-18 15:15:00,SELL,LOSS,SL,-1.154998576925267,-7.4516721368490515,-8.15167213684905,0.00043011147578998635,58.43898850896656,-0.0009963215881372278,0.0
2025-12-18 16:15:00,2025-12-18 17:30:00,SELL,WIN,TP,1.915987088889469,22.80586476010471,22.105864760104712,0.0007935288253368464,58.10020568557609,-0.0003356218962391466,75.0
2025-12-18 17:40:00,2025-12-18 18:05:00,SELL,LOSS,SL,-1.097346553175444,-11.272577378243053,-11.972577378243052,0.000684838491882934,45.813420159103444,-0.00023885538035495202,25.0
2025-12-18 18:10:00,2025-12-18 19:15:00,SELL,WIN,TP,1.8991400242882366,18.82947136251134,18.129471362511342,0.0006609823787504021,57.583366877351345,-0.0002153156013080526,65.0
2025-12-18 19:45:00,2025-12-19 09:25:00,SELL,WIN,TP,1.8574285608700545,13.028055073338486,12.328055073338486,0.0004676018357779732,45.36498475972418,-0.00035520320613580125,820.0
2025-12-19 10:15:00,2025-12-19 15:20:00,SELL,WIN,TP,1.806063156108763,9.312635597584663,8.612635597584664,0.0003437545199194627,48.680807652837544,-0.0006206892835143307,305.0
2025-12-19 15:25:00,2025-12-19 15:30:00,SELL,LOSS,SL,-1.1805755651289693,-6.537847821690534,-7.237847821690534,0.0003691898547793382,45.06901451648541,-0.0005781631347905325,5.0
2025-12-19 15:35:00,2025-12-19 16:00:00,SELL,LOSS,SL,-1.1762358092598821,-6.6742157238054425,-7.374215723805443,0.00037828104825362284,59.01953250025763,-0.0005511336988497373,25.0
2025-12-19 17:10:00,2025-12-19 17:20:00,BUY,LOSS,SL,-1.159434015505621,-7.272187254574568,-7.9721872545745684,0.0004181458169715828,53.21191956513337,0.00012308039183572816,10.0
2025-12-19 17:25:00,2025-12-19 17:50:00,BUY,LOSS,SL,-1.159861154777114,-7.255428352148762,-7.955428352148762,0.0004170285568099777,43.69240183760645,0.00013008774254874567,25.0
2025-12-19 18:20:00,2025-12-19 20:10:00,SELL,LOSS,SL,-1.15041480304354,-7.648281816454826,-8.348281816454826,0.00044321878776365324,48.08537350660831,-2.280912917451694e-05,110.0
2025-12-19 20:45:00,2025-12-19 21:00:00,BUY,LOSS,SL,-1.2440647860920508,-5.097272761105497,-5.797272761105497,0.00027315151740708047,52.06459964579395,7.858260950199814e-05,15.0
2025-12-19 21:05:00,2025-12-19 22:50:00,BUY,LOSS,SL,-1.2489154861093068,-5.01742782512482,-5.71742782512482,0.00026782852167491785,45.11606723503919,8.519911995596985e-05,105.0
2025-12-22 00:10:00,2025-12-22 01:55:00,SELL,WIN,TP,0.3573273687939155,1.3921794987245715,0.6921794987245714,0.0002597393166241829,48.817555593009445,-0.00022697957593420526,105.0
2025-12-22 02:05:00,2025-12-22 03:00:00,SELL,LOSS,SL,-1.2630380875951692,-4.801730803103531,-5.5017308031035315,0.00025344872020690554,50.6653581374941,-0.0003252098381518742,55.0
2025-12-22 03:10:00,2025-12-22 06:40:00,SELL,LOSS,SL,-1.2440647507588627,-5.097273354266573,-5.797273354266573,0.0002731515569511545,55.657449753807,-0.0002830741545349902,210.0
2025-12-22 07:35:00,2025-12-22 07:40:00,BUY,LOSS,SL,-1.5003568745085403,-2.998573520114455,-3.698573520114455,0.00013323823467433667,52.7863547557831,7.067576841079948e-05,5.0
2025-12-22 07:45:00,2025-12-22 08:35:00,BUY,LOSS,SL,-1.43763781204969,-3.2849945147940254,-3.9849945147940256,0.00015233296765287596,40.0301961583598,6.925728004869569e-05,50.0
2025-12-22 08:45:00,2025-12-22 08:50:00,BUY,LOSS,SL,-1.400558316111476,-3.496515388090703,-4.196515388090703,0.00016643435920600148,40.01868330593401,2.8552034810003235e-05,5.0
2025-12-22 09:00:00,2025-12-22 09:30:00,BUY,WIN,TP,1.639367045893199,4.545804888944517,3.8458048889445164,0.00018486016296484414,45.65256547794253,4.174266634571211e-06,30.0
2025-12-22 11:20:00,2025-12-22 14:05:00,BUY,WIN,TP,1.7876773519403826,8.419626301168105,7.7196263011681046,0.0003139875433722691,53.01278721559237,0.0005235134198329217,165.0
2025-12-22 14:20:00,2025-12-22 15:05:00,BUY,WIN,TP,1.8019654959623592,9.099250177251218,8.399250177251218,0.00033664167257506925,53.05928642735851,0.0008017442875967173,45.0
2025-12-22 16:05:00,2025-12-22 16:30:00,BUY,WIN,TP,1.8275618011240837,10.598358212052684,9.898358212052685,0.00038661194040178365,54.81425298161536,0.0012030217566145751,25.0
2025-12-22 18:25:00,2025-12-22 18:45:00,BUY,LOSS,SL,-1.1738048706632054,-6.75357868962012,-7.45357868962012,0.00038357191264133553,44.93251403986505,0.0018361120191845437,20.0
2025-12-22 19:15:00,2025-12-22 19:40:00,BUY,WIN,TP,1.801887385788873,9.095268329923801,8.395268329923802,0.0003365089443308098,46.22762216699131,0.0016151758906381986,25.0
2025-12-22 20:00:00,2025-12-22 20:05:00,BUY,LOSS,SL,-1.2097848567682215,-5.766788296377555,-6.466788296377556,0.00031778588642515014,51.39496717574794,0.0016016174871829048,5.0
2025-12-22 20:10:00,2025-12-22 23:50:00,BUY,WIN,TP,1.7934966668266876,8.685073694774005,7.985073694774004,0.0003228357898257665,40.51579230095122,0.0015604557284352172,220.0
2025-12-23 00:05:00,2025-12-23 01:15:00,BUY,WIN,TP,1.077172377244822,3.6184811628084876,2.918481162808487,0.00022394937209360236,46.535106613972154,0.0010857623595945665,70.0
2025-12-23 03:05:00,2025-12-23 03:40:00,BUY,WIN,TP,1.6119976932671891,4.154608530133498,3.4546085301334974,0.0001718202843377548,53.58952519236861,0.0011924788348007809,35.0
2025-12-23 05:25:00,2025-12-23 08:30:00,BUY,LOSS,SL,-1.3066362459745462,-4.261193068750945,-4.961193068750945,0.00021741287125003118,51.586103508898745,0.0014250901668377836,185.0
2025-12-23 08:45:00,2025-12-23 09:00:00,BUY,LOSS,SL,-1.3396231161126635,-3.9444403297573807,-4.644440329757381,0.00019629602198386727,41.23409336989441,0.0011425314490334237,15.0
2025-12-23 09:05:00,2025-12-23 09:55:00,BUY,WIN,TP,1.6994416800415406,5.654282604030559,4.954282604030559,0.00022180942013434805,46.34111759171962,0.0010743484289139626,50.0
2025-12-23 10:25:00,2025-12-23 11:00:00,BUY,WIN,TP,1.7984766859363914,8.924410033137487,8.224410033137488,0.00033081366777128445,54.646062397322794,0.0010453898188533817,35.0
2025-12-23 11:30:00,2025-12-23 12:00:00,BUY,WIN,TP,1.8030825899287037,9.156542274610825,8.456542274610825,0.000338551409153683,52.90835288834076,0.0011572278619389476,30.0
2025-12-23 13:25:00,2025-12-23 14:50:00,BUY,LOSS,SL,-1.2186917220196007,-5.572646786833445,-6.2726467868334455,0.00030484311912230323,53.805678358891875,0.0015755198806708393,85.0
2025-12-23 15:20:00,2025-12-23 15:30:00,BUY,LOSS,SL,-1.192813178711517,-6.186367481115894,-6.886367481115895,0.0003457578320744149,45.88868409699225,0.0014545330855739724,10.0
2025-12-23 15:40:00,2025-12-23 15:45:00,BUY,LOSS,SL,-1.163535986106486,-7.114862079034111,-7.8148620790341115,0.0004076574719355888,42.40332494133297,0.0013564792375460044,5.0
2025-12-23 16:40:00,2025-12-23 16:50:00,BUY,LOSS,SL,-1.138530166879097,-8.218644303466082,-8.918644303466081,0.00048124295356442485,44.29253221963267,0.0007795178126048796,10.0
2025-12-23 17:05:00,2025-12-23 17:40:00,BUY,LOSS,SL,-1.1357060546475373,-8.368867974220095,-9.068867974220094,0.0004912578649480119,40.497421745630724,0.0005609163481632429,35.0
2025-12-23 17:55:00,2025-12-23 21:00:00,BUY,WIN,TP,1.8718531549868813,14.607095124310355,13.907095124310356,0.0005202365041436663,41.76448449457246,0.000230295769045874,185.0
2025-12-23 23:25:00,2025-12-23 23:35:00,BUY,WIN,TP,1.5674827881551978,4.711321466052877,4.011321466052876,0.00020037738220176344,50.10304446002935,0.0005696936219152793,10.0
2025-12-24 00:05:00,2025-12-24 03:20:00,BUY,WIN,TP,1.5561483103636171,6.66141834925328,5.96141834925328,0.00028538061164178904,53.070747054037355,0.0006965143823580711,195.0
2025-12-24 04:30:00,2025-12-24 04:55:00,BUY,LOSS,SL,-1.3144841827415914,-4.179810161777485,-4.879810161777486,0.00021198734411849652,51.72433403837017,0.0010757120406599263,25.0
2025-12-24 05:00:00,2025-12-24 05:00:00,BUY,LOSS,SL,-1.2953582343508094,-4.385719047914737,-5.085719047914737,0.00022571460319432689,40.6701026317504,0.0010404596789894693,0.0
2025-12-24 06:30:00,2025-12-24 07:30:00,BUY,WIN,TP,1.571829040945699,4.405237695944787,3.7052376959447866,0.00018684125653149595,40.399214780240264,0.0005253868247669935,60.0
2025-12-24 09:00:00,2025-12-24 09:05:00,BUY,LOSS,SL,-1.2794604837419268,-4.578323441690845,-5.278323441690845,0.00023855489611274735,54.84483267558833,0.0005908452684810772,5.0
2025-12-24 09:10:00,2025-12-24 09:15:00,BUY,LOSS,SL,-1.25984815848707,-4.848401334927143,-5.548401334927143,0.0002565600889951729,50.13375432998452,0.00059181989377044,5.0
2025-12-24 10:35:00,2025-12-24 14:40:00,BUY,LOSS,SL,-1.1795525763389667,-6.569399339122594,-7.269399339122594,0.0003712932892748517,49.22423259851261,0.00019903407522692262,245.0
2025-12-24 14:55:00,2025-12-24 14:55:00,BUY,LOSS,SL,-1.2235728916589441,-5.4728141796612775,-6.172814179661278,0.0002981876119774016,41.63035149749679,9.457885614083672e-05,0.0
2025-12-24 15:05:00,2025-12-24 16:05:00,BUY,LOSS,SL,-1.2191522038852436,-5.563038756952853,-6.263038756952853,0.000304202583796846,44.116594741015085,5.366572915033174e-05,60.0
2025-12-24 18:05:00,2025-12-26 02:25:00,SELL,LOSS,SL,-1.1964710484086911,-6.089808437932497,-6.789808437932497,0.0003393205625287854,47.40131316151783,-0.0005014169485109132,1940.0
2025-12-26 02:55:00,2025-12-26 04:35:00,SELL,LOSS,SL,-1.3155257262620947,-6.253970516984118,-6.953970516984119,0.0003169313677988678,58.80261770816425,-0.00013092100018252673,100.0
2025-12-26 05:25:00,2025-12-26 05:35:00,BUY,LOSS,SL,-1.4060261719747291,-5.1943431323765985,-5.894343132376599,0.0002462895421584006,48.0391272570256,0.0002031743317409962,10.0
2025-12-26 05:40:00,2025-12-26 06:10:00,BUY,LOSS,SL,-1.408900363668682,-5.168375314078709,-5.868375314078709,0.0002445583542718854,41.67846932305063,0.0001883899297996372,30.0
2025-12-26 06:25:00,2025-12-26 08:35:00,BUY,LOSS,SL,-1.417398191775396,-5.09369070004778,-5.79369070004778,0.00023957938000320622,40.78604866783559,0.00010888254436092204,130.0
2025-12-26 10:25:00,2025-12-26 12:20:00,SELL,LOSS,SL,-1.2037905381218295,-5.906999163043491,-6.606999163043491,0.00032713327753622335,46.966530447808246,-0.0004539620522880927,115.0
2025-12-26 12:30:00,2025-12-26 13:20:00,SELL,LOSS,SL,-1.2375170270860556,-5.210224472191992,-5.9102244721919925,0.00028068163147953497,55.97324566388827,-0.0005491643923878353,50.0
2025-12-26 13:30:00,2025-12-26 14:55:00,SELL,LOSS,SL,-1.223968129990979,-5.464920969069475,-6.164920969069475,0.0002976613979379506,55.943027753810895,-0.0004355865387426494,85.0
2025-12-26 16:30:00,2025-12-26 16:45:00,BUY,LOSS,SL,-1.2137275125203404,-5.678854810069577,-6.378854810069577,0.00031192365400463184,53.790046775423356,0.0002736735384141209,15.0
2025-12-26 16:50:00,2025-12-26 17:20:00,BUY,WIN,TP,1.7982346288747497,8.912503760431957,8.212503760431957,0.00033041679201442143,40.40742532831985,0.00028324680704638894,30.0
2025-12-26 17:35:00,2025-12-26 17:50:00,BUY,LOSS,SL,-1.2022337708923576,-5.944772554986709,-6.64477255498671,0.00032965150366582815,50.41011763704258,0.0003424379510557074,15.0
2025-12-26 19:45:00,2025-12-26 21:15:00,SELL,LOSS,SL,-1.1898346594956852,-6.267741953216554,-6.967741953216554,0.00035118279688116334,47.59669899270565,-0.0004921943142470742,90.0
2025-12-26 21:20:00,2025-12-26 22:00:00,SELL,LOSS,SL,-1.2497981677987684,-5.003231924445405,-5.703231924445405,0.00026688212829635696,56.74406160680291,-0.0005021458464378181,40.0
2025-12-26 22:15:00,2025-12-26 22:35:00,SELL,LOSS,SL,-1.30211163390996,-4.310034728083444,-5.010034728083444,0.00022066898187220361,59.3617487167438,-0.0003865122328716719,20.0
2025-12-26 22:55:00,2025-12-26 23:40:00,SELL,WIN,TP,1.7284873956539408,6.366140532654164,5.666140532654164,0.0002455380177551366,47.79621308730885,-0.00027586476126950643,45.0
2025-12-29 00:40:00,2025-12-29 01:10:00,SELL,LOSS,SL,-3.328934831381588,-14.150870340638535,-14.850870340638535,0.0002833913560425639,49.09998397025627,-0.0004112662690762825,30.0
2025-12-29 01:15:00,2025-12-29 02:30:00,SELL,LOSS,SL,-1.2221410486595239,-5.501644365300095,-6.201644365300095,0.00030010962435333364,56.028990472500006,-0.00041630320160912504,75.0
2025-12-29 02:55:00,2025-12-29 03:15:00,SELL,LOSS,SL,-1.2387801432247578,-5.187952928140781,-5.887952928140781,0.00027919686187610944,56.81942345075182,-0.00014924429893370394,20.0
2025-12-29 03:30:00,2025-12-29 03:45:00,SELL,LOSS,SL,-1.2558937801654007,-4.907871458828094,-5.607871458828094,0.00026052476392188266,59.58475183682837,-1.4522954069118299e-05,15.0
2025-12-29 04:15:00,2025-12-29 04:20:00,BUY,LOSS,SL,-1.267123082954578,-4.743592612586166,-5.4435926125861664,0.00024957284083902,54.12276958378809,0.00014081097340556958,5.0
2025-12-29 04:25:00,2025-12-29 05:05:00,BUY,LOSS,SL,-1.3031849246457992,-4.72814873227979,-5.42814873227979,0.00024187658215201927,41.69671508829906,0.00013713524294312052,40.0
2025-12-29 05:40:00,2025-12-29 06:00:00,BUY,LOSS,SL,-1.3187243265119706,-4.137507610240231,-4.837507610240231,0.0002091671740160255,46.05874635093357,1.676350975787777e-05,20.0
2025-12-29 08:25:00,2025-12-29 08:50:00,SELL,LOSS,SL,-1.2409227712152533,-5.150707693406641,-5.850707693406641,0.00027671384622710954,48.148637753610586,-0.0007211001785734084,25.0
2025-12-29 08:55:00,2025-12-29 08:55:00,SELL,LOSS,SL,-1.2455952725305988,-5.071739613291658,-5.7717396132916585,0.0002714493075527767,55.89948877177295,-0.0007234009647498763,0.0
2025-12-29 09:10:00,2025-12-29 09:20:00,SELL,LOSS,SL,-1.2272932108759513,-5.399603473179692,-6.099603473179692,0.00029330689821191296,57.27766633970384,-0.0006781319123292384,10.0
2025-12-29 10:05:00,2025-12-29 10:20:00,SELL,LOSS,SL,-1.1996260065583304,-6.009367352684091,-6.709367352684091,0.0003339578235123007,58.95182141023487,-0.0004132081545835664,15.0
2025-12-29 11:05:00,2025-12-29 11:30:00,SELL,LOSS,SL,-1.147849829392693,-7.763619573371127,-8.463619573371126,0.00045090797155811777,51.284246498576756,-9.028026447288617e-05,25.0
2025-12-29 11:45:00,2025-12-29 12:55:00,BUY,LOSS,SL,-1.1355652468177158,-8.376521811262027,-9.076521811262026,0.000491768120750811,52.739354837095945,4.449793688365844e-05,70.0
2025-12-29 13:45:00,2025-12-29 14:25:00,SELL,WIN,TP,1.8412807522859245,11.600866175971337,10.900866175971338,0.0004200288725323547,49.66719312120294,-0.0001518071530759446,40.0
2025-12-29 15:00:00,2025-12-29 15:15:00,SELL,LOSS,SL,-1.1710128152128503,-6.8475149874315235,-7.547514987431524,0.00038983433249548723,45.74404636839155,-0.0004379362429312028,15.0
2025-12-29 15:20:00,2025-12-29 15:50:00,SELL,LOSS,SL,-1.1812214588607197,-6.518110307061175,-7.218110307061175,0.00036787402047071266,52.35962255055556,-0.00043403005278785933,30.0
2025-12-29 15:55:00,2025-12-29 16:25:00,SELL,LOSS,SL,-1.179270230197819,-6.57817100416802,-7.27817100416802,0.0003718780669444961,59.70332246035251,-0.00039471393271073296,30.0
2025-12-29 17:35:00,2025-12-29 17:55:00,BUY,LOSS,SL,-1.148855801696777,-7.717910814366679,-8.417910814366678,0.0004478607209577912,49.35795274404653,0.0001659839555889775,20.0
2025-12-29 18:00:00,2025-12-29 18:25:00,BUY,LOSS,SL,-1.114927338114506,-9.701149930085972,-10.401149930085971,0.0005800766620057395,40.12111660094666,0.00019577086764255291,25.0
2025-12-29 20:15:00,2025-12-29 21:20:00,SELL,LOSS,SL,-1.1885836706628845,-6.302686051686933,-7.002686051686934,0.00035351240344580774,45.787160172871616,-0.0006790987027820439,65.0
2025-12-29 21:25:00,2025-12-29 21:40:00,SELL,LOSS,SL,-1.2730034989250127,-4.662956716443677,-5.362956716443677,0.0002441971144295799,59.827728601675744,-0.0007047206973984643,15.0
2025-12-29 22:45:00,2025-12-29 22:55:00,SELL,LOSS,SL,-1.340444347037653,-3.937337655042338,-4.637337655042338,0.0001958225103361115,59.98650521352198,-0.00040192805583849633,10.0
2025-12-30 00:05:00,2025-12-30 01:10:00,SELL,LOSS,SL,-2.178338995179999,-6.840013200899627,-7.540013200899627,0.00020933421339333868,49.18356762312609,-5.999451405536149e-05,65.0
2025-12-30 01:30:00,2025-12-30 06:55:00,BUY,WIN,TP,1.6578713297523502,4.84575387544195,4.14575387544195,0.00019485846251476483,53.090856811447544,5.898637946089025e-05,325.0
2025-12-30 07:45:00,2025-12-30 08:15:00,BUY,WIN,TP,1.5482233032644384,3.4269658316853366,2.7269658316853365,0.00014756552772284684,43.73757761670377,0.00031441530214615376,30.0
2025-12-30 08:25:00,2025-12-30 09:05:00,BUY,LOSS,SL,-1.3802438593211828,-3.629891253957961,-4.329891253957961,0.0001753260835972204,54.8733202506099,0.00032491217720309606,40.0
2025-12-30 09:15:00,2025-12-30 09:20:00,BUY,LOSS,SL,-1.3280824710431443,-4.048014107003283,-4.748014107003283,0.0002032009404669088,42.67605379398732,0.00033507751938222086,5.0
2025-12-30 09:50:00,2025-12-30 11:00:00,BUY,LOSS,SL,-1.2363874890634383,-5.230342324638148,-5.930342324638148,0.00028202282164249866,42.55176348925984,0.000206638652693103,70.0
2025-12-30 11:05:00,2025-12-30 14:00:00,BUY,LOSS,SL,-1.1955748683418153,-6.113131398111204,-6.813131398111204,0.000340875426540772,44.23066854224875,3.942501147324862e-05,175.0
2025-12-30 14:40:00,2025-12-30 15:00:00,SELL,WIN,TP,1.76651168982532,7.565739323325161,6.865739323325161,0.00028552464411081953,48.428994593003125,-0.00012282726112000653,20.0
2025-12-30 15:25:00,2025-12-30 17:15:00,SELL,WIN,TP,1.7926101291166996,8.643672525980751,7.943672525980751,0.0003214557508660454,47.73951048766145,-0.00031068880122897546,110.0
2025-12-30 17:55:00,2025-12-30 18:20:00,SELL,LOSS,SL,-1.146447736551174,-7.828374569316509,-8.528374569316508,0.00045522497128781434,46.11132747648627,-0.0006968887218052888,25.0
2025-12-30 18:25:00,2025-12-30 20:55:00,SELL,WIN,TP,1.844099420786103,11.828688707127167,11.128688707127168,0.0004276229569042067,58.51325723215993,-0.0006831969430340923,150.0
2025-12-30 22:25:00,2025-12-31 03:55:00,SELL,WIN,TP,1.717904998387379,6.089810129816687,5.389810129816687,0.00023632700432723612,45.030018149534186,-0.0008548238645618156,330.0
2025-12-31 05:30:00,2025-12-31 06:40:00,SELL,WIN,TP,1.6120443281711252,4.155228149060775,3.4552281490607752,0.0001718409383020186,47.90818318963012,-0.0008471428079037668,70.0
2025-12-31 07:55:00,2025-12-31 09:15:00,SELL,WIN,TP,1.5564891875490294,3.8604202157826903,3.16042021578269,0.0001653473405260803,48.81495070579497,-0.0009084619955253004,80.0
2025-12-31 09:40:00,2025-12-31 10:00:00,SELL,LOSS,SL,-1.2727557748209781,-4.6662835118939086,-5.366283511893909,0.0002444189007929859,47.443073578006164,-0.0008990215773903021,20.0
2025-12-31 10:05:00,2025-12-31 10:25:00,SELL,WIN,TP,1.7241144200541065,6.249382154690398,5.549382154690398,0.00024164607182298832,56.66678582230302,-0.0008643864747672758,20.0
2025-12-31 11:25:00,2025-12-31 11:35:00,SELL,LOSS,SL,-1.205392794469518,-5.868719969377544,-6.568719969377544,0.0003245813312918538,54.02135810042057,-0.0010311739988091428,10.0
2025-12-31 12:00:00,2025-12-31 12:45:00,SELL,LOSS,SL,-1.1973593137904899,-6.066900470993563,-6.766900470993563,0.0003377933647329326,56.36905645153997,-0.0009185005153917736,45.0
2025-12-31 12:55:00,2025-12-31 13:35:00,SELL,LOSS,SL,-1.2021806312891816,-5.94607220099974,-6.646072200999741,0.00032973814673325006,58.95277145954835,-0.0007700840998912106,40.0
2025-12-31 15:10:00,2025-12-31 15:30:00,BUY,LOSS,SL,-1.1962647230533814,-6.095159152610496,-6.795159152610496,0.0003396772768407191,53.853304111590255,8.715962732774862e-05,20.0
2025-12-31 15:35:00,2025-12-31 16:00:00,BUY,LOSS,SL,-1.1701285675094015,-6.877907600349008,-7.5779076003490085,0.0003918605066899803,42.891147682464656,0.00018798473656445047,25.0
2025-12-31 17:35:00,2025-12-31 17:55:00,SELL,LOSS,SL,-1.148577980700387,-7.730472411093924,-8.430472411093923,0.00044869816073954356,51.19504505810956,-0.00041116288301923376,20.0
2025-12-31 18:25:00,2025-12-31 22:35:00,SELL,LOSS,SL,-1.1240471924245083,-9.061448070326716,-9.761448070326715,0.0005374298713550853,53.6562358525362,-0.0002839821013285171,250.0
2025-12-31 23:20:00,2026-01-02 02:50:00,BUY,WIN,TP,1.6060736391462629,6.115636571003392,5.415636571003392,0.0002538545523667543,54.755001306279844,0.0001296644667763136,1650.0
2026-01-02 04:40:00,2026-01-02 05:50:00,BUY,WIN,TP,1.5986142528289466,3.982737962411221,3.282737962411221,0.00016609126541367822,52.80479633752926,0.0008347102810635221,70.0
2026-01-02 06:15:00,2026-01-02 06:25:00,BUY,LOSS,SL,-1.5607309976755928,-3.3400636044277556,-4.040063604427756,0.00014267090696178894,46.89717586352605,0.0009454809267370745,10.0
2026-01-02 07:25:00,2026-01-02 07:45:00,BUY,LOSS,SL,-1.5795736924717885,-2.9979467396262884,-3.6979467396262886,0.00012652978264171119,41.77413596336349,0.0007483104944059349,20.0
2026-01-02 11:10:00,2026-01-02 11:55:00,SELL,WIN,TP,1.8410284403716728,11.58086669512437,10.880866695124372,0.0004193622231707858,49.551557014151406,-0.0006823974964240698,45.0
2026-01-02 13:00:00,2026-01-02 14:40:00,SELL,LOSS,SL,-1.1801960327605843,-6.5495117438497665,-7.249511743849767,0.00036996744958996656,45.620321759871594,-0.0012681095633730877,100.0
2026-01-02 14:50:00,2026-01-02 15:20:00,SELL,LOSS,SL,-1.2279489571048021,-5.386947028409693,-6.086947028409694,0.00029246313522733055,54.43017714635404,-0.0012604940345963822,30.0
2026-01-02 15:30:00,2026-01-02 16:25:00,SELL,LOSS,SL,-1.1873092454215666,-6.338764767053306,-7.038764767053306,0.00035591765113681626,46.696345325447105,-0.0011755400293080864,55.0
2026-01-02 16:30:00,2026-01-02 17:00:00,SELL,LOSS,SL,-1.1720463648377573,-6.812386683921034,-7.512386683921034,0.00038749244559477594,57.078799552475466,-0.0011423342404426329,30.0
2026-01-02 18:40:00,2026-01-02 19:50:00,SELL,WIN,TP,1.8314745545858373,10.867644052687698,10.167644052687699,0.00039558813508958274,55.803973014186674,-0.00016455589995589825,70.0
2026-01-02 21:55:00,2026-01-05 00:55:00,SELL,WIN,TP,1.762695538094404,7.427991551189784,6.727991551189784,0.000280933051706353,48.16951449281526,-0.0007234143854033537,3060.0
2026-01-05 02:25:00,2026-01-05 04:05:00,SELL,WIN,TP,1.791904731796166,9.472080850224097,8.772080850224098,0.00035240269500743624,45.999430726116955,-0.0010746365233749167,100.0
2026-01-05 06:50:00,2026-01-05 08:20:00,SELL,LOSS,SL,-1.2392635902090414,-5.179490908442496,-5.879490908442496,0.0002786327272294307,52.75948343227863,-0.002246299444012001,90.0
2026-01-05 09:10:00,2026-01-05 09:20:00,SELL,LOSS,SL,-1.2687762229992945,-4.720567202116776,-5.420567202116776,0.00024803781347443955,54.75344621422862,-0.001741781533306952,10.0
2026-01-05 09:30:00,2026-01-05 10:25:00,SELL,LOSS,SL,-1.2303337484948877,-5.341526183351263,-6.041526183351263,0.0002894350788901378,58.039390535116,-0.0016457434585619435,55.0
2026-01-05 10:35:00,2026-01-05 11:10:00,SELL,WIN,TP,1.8339869851223884,11.047248232185392,10.347248232185393,0.0004015749410728675,51.64319588099793,-0.0013997928572477836,35.0
2026-01-05 11:25:00,2026-01-05 14:55:00,SELL,WIN,TP,1.8388688674240266,11.412250618625276,10.712250618625276,0.0004137416872874888,50.554495521144425,-0.0013797531592187884,210.0
2026-01-05 16:00:00,2026-01-05 16:10:00,SELL,LOSS,SL,-1.1459964186516671,-7.849483084827579,-8.549483084827578,0.0004566322056552274,53.64668916878336,-0.0014616740792801064,10.0
2026-01-05 16:25:00,2026-01-05 16:50:00,SELL,LOSS,SL,-1.1537287187796958,-7.504965421803011,-8.20496542180301,0.000433664361453465,59.34485511667315,-0.0013385245116162015,25.0
2026-01-05 22:50:00,2026-01-05 23:25:00,BUY,LOSS,SL,-1.3316977244524895,-4.416272373636852,-5.1162723736368525,0.00022108482490913918,54.24350158391541,0.0015745056682272551,35.0
2026-01-05 23:30:00,2026-01-05 23:45:00,BUY,LOSS,SL,-1.4710843405752014,-4.371866987322436,-5.071866987322436,0.00019812446582156742,42.536333587952726,0.0015568134107244447,15.0
2026-01-06 00:10:00,2026-01-06 01:00:00,BUY,LOSS,SL,-1.6625196175511794,-4.5169006808480665,-5.216900680848067,0.00018112671205658447,42.589031893323785,0.0014391800641437857,50.0
2026-01-06 03:00:00,2026-01-06 03:10:00,BUY,LOSS,SL,-1.3397632688883683,-3.9432257444184096,-4.64322574441841,0.00019621504962782652,54.63937469126957,0.0007712837495645886,10.0
2026-01-06 03:15:00,2026-01-06 03:40:00,BUY,WIN,TP,1.6927165866930325,5.508649388108356,4.808649388108356,0.00021695497960361141,43.33770446696152,0.0007344389481769298,25.0
2026-01-06 06:30:00,2026-01-06 07:50:00,BUY,LOSS,SL,-1.3171110270786617,-4.153469651346885,-4.853469651346885,0.00021023131008983287,54.32131579124242,0.001213460467280214,80.0
2026-01-06 08:05:00,2026-01-06 09:00:00,BUY,WIN,TP,1.6803598423498334,5.2570360830105365,4.557036083010536,0.00020856786943365414,48.26995604754112,0.001197947705088076,55.0
2026-01-06 09:20:00,2026-01-06 09:50:00,BUY,LOSS,SL,-1.2649495293192632,-4.77430374218557,-5.47430374218557,0.00025162024947902596,51.985024537843024,0.0011907234530352806,30.0
2026-01-06 09:55:00,2026-01-06 09:55:00,BUY,LOSS,SL,-1.2139738706052763,-5.6734678265680785,-6.373467826568079,0.00031156452177113337,45.06962003162786,0.0011408655046458716,0.0
2026-01-06 10:10:00,2026-01-06 10:25:00,BUY,LOSS,SL,-1.2002363019690603,-5.994099422364062,-6.694099422364062,0.00033293996149096246,47.220844308916426,0.0010808087027529556,15.0
2026-01-06 10:30:00,2026-01-06 11:00:00,BUY,LOSS,SL,-1.1790612834875398,-6.584680174983703,-7.284680174983703,0.00037231201166553607,40.0118228768265,0.0010261644758187138,30.0
2026-01-06 11:50:00,2026-01-06 12:00:00,BUY,LOSS,SL,-1.1708408979936262,-6.853399342570231,-7.5533993425702315,0.00039022662283797735,42.36370321039468,0.0004111334951548695,10.0
2026-01-06 12:10:00,2026-01-06 12:15:00,BUY,LOSS,SL,-1.1661379433992431,-7.019094612221831,-7.719094612221832,0.00040127297414814875,40.249393849773995,0.0002519834649798991,5.0
2026-01-06 12:20:00,2026-01-06 13:05:00,BUY,LOSS,SL,-1.1641641421371345,-7.091464231967603,-7.791464231967603,0.00040609761546447475,41.0357052596074,0.00017562708586571496,45.0
2026-01-06 14:10:00,2026-01-06 14:40:00,SELL,WIN,TP,1.782524491310893,8.196437852039274,7.496437852039274,0.00030654792840133157,48.79423864262141,-0.00040654836370457303,30.0
2026-01-06 15:10:00,2026-01-06 15:35:00,SELL,LOSS,SL,-1.1748868257104303,-6.717983592747888,-7.4179835927478885,0.00038119890618314596,48.82968181559981,-0.0006523147807173668,25.0
2026-01-06 15:40:00,2026-01-06 16:05:00,SELL,LOSS,SL,-1.180427350563475,-6.5423969640799875,-7.242396964079988,0.0003694931309385974,57.69287184272429,-0.0006667622281550933,25.0
2026-01-06 16:15:00,2026-01-06 16:40:00,SELL,WIN,TP,1.8380148062081252,11.346807465413168,10.646807465413168,0.0004115602488470884,58.81650338325334,-0.0005978171998020088,25.0
2026-01-06 16:45:00,2026-01-06 17:15:00,SELL,WIN,TP,1.8603079130167584,13.31720323740171,12.61720323740171,0.0004772401079133536,50.58807085596274,-0.0006425880400386941,30.0
2026-01-06 18:00:00,2026-01-07 10:05:00,SELL,WIN,TP,1.8844787599385027,16.31283354416302,15.61283354416302,0.0005770944514721359,45.10006142069197,-0.001006764769138968,965.0
2026-01-07 10:40:00,2026-01-07 12:00:00,SELL,LOSS,SL,-1.2067334780413022,-6.4208605128785,-7.1208605128785,0.0003547240341919005,46.44376849466025,-0.0005872810136424711,80.0
2026-01-07 12:05:00,2026-01-07 12:20:00,SELL,LOSS,SL,-1.1990184113961413,-6.627126823510197,-7.327126823510198,0.00036847512156740924,52.30802076205257,-0.0006247086954416226,15.0
2026-01-07 12:50:00,2026-01-07 16:50:00,SELL,LOSS,SL,-1.2153625670053345,-6.207665715986531,-6.907665715986531,0.0003405110477323759,59.97497018816756,-0.0004783310058920076,240.0
2026-01-07 17:05:00,2026-01-07 21:15:00,SELL,WIN,TP,1.8545273539342697,12.748289139501324,12.048289139501325,0.00045827630465004963,55.62664403287744,-0.0001639823246886163,250.0
2026-01-07 21:50:00,2026-01-07 23:25:00,SELL,WIN,TP,1.7395013904559131,6.677584166381202,5.9775841663812015,0.0002559194722126879,45.91556353738226,-0.0003089836477256913,95.0
2026-01-08 00:30:00,2026-01-08 03:35:00,SELL,WIN,TP,1.0421661312352997,2.176089539573713,1.4760895395737128,0.00013920298465243123,48.62681684399892,-0.0006288842118999938,185.0
2026-01-08 04:10:00,2026-01-08 04:35:00,SELL,LOSS,SL,-1.5653596176109676,-3.0456642564041894,-3.7456642564041895,0.00012971095042696077,47.52415792966058,-0.0006042515983586405,25.0
2026-01-08 04:40:00,2026-01-08 04:40:00,SELL,LOSS,SL,-1.4128491792213111,-3.4221920505840266,-4.122192050584027,0.00016147947003898694,56.611087981295064,-0.0005954884411496497,0.0
2026-01-08 05:40:00,2026-01-08 08:00:00,SELL,LOSS,SL,-1.4287466860445324,-3.332379543794616,-4.032379543794616,0.00015549196958633514,58.93366093590339,-0.0004094937838368118,140.0
2026-01-08 08:05:00,2026-01-08 08:25:00,SELL,WIN,TP,1.600394697920008,4.004938597126252,3.3049385971262515,0.00016683128657084376,54.76202095663737,-0.00021575364921200268,20.0
2026-01-08 08:35:00,2026-01-08 10:20:00,SELL,WIN,TP,1.6943342655641047,5.54309520069285,4.84309520069285,0.00021810317335645293,50.15571318628979,-0.00020798895486251467,105.0
2026-01-08 11:20:00,2026-01-08 12:00:00,SELL,LOSS,SL,-1.218272832923899,-5.581422188938422,-6.281422188938422,0.00030542814592916746,48.25413387174524,-0.000354785583192907,40.0
2026-01-08 12:05:00,2026-01-08 12:10:00,SELL,LOSS,SL,-1.2380753508485833,-5.200350840335432,-5.900350840335432,0.0002800233893557129,57.879903674708096,-0.0003778765922131111,5.0
2026-01-08 12:20:00,2026-01-08 15:30:00,SELL,WIN,TP,1.7722844404292837,7.7828868777095614,7.082886877709561,0.0002927628959236619,54.77025799262735,-0.00034132109194517923,190.0
2026-01-08 17:00:00,2026-01-08 17:15:00,SELL,LOSS,SL,-1.1717210358312649,-6.8233983691002855,-7.523398369100286,0.00038822655793999686,49.27470583194541,-0.0007168776463031268,15.0
2026-01-08 17:20:00,2026-01-08 18:10:00,SELL,WIN,TP,1.8283075978298629,10.648739109737516,9.948739109737517,0.0003882913036579386,58.13276569184242,-0.0007068214506988912,50.0
2026-01-08 20:35:00,2026-01-08 21:00:00,SELL,WIN,TP,1.7710724679087901,7.736389117247612,7.036389117247611,0.000291212970574923,49.192628838964666,-0.0012453803648695416,25.0
2026-01-08 21:35:00,2026-01-08 22:00:00,SELL,LOSS,SL,-1.2867151950449967,-4.4877816637624015,-5.187781663762402,0.00023251877758411035,46.835284424724,-0.0013609243068750665,25.0
2026-01-08 22:05:00,2026-01-08 23:30:00,SELL,LOSS,SL,-1.2999882663730746,-4.333463712065221,-5.033463712065221,0.00022223091413761876,57.954148428153665,-0.0013326664690682666,85.0
2026-01-09 00:05:00,2026-01-09 00:10:00,SELL,LOSS,SL,-1.8359854658044277,-6.368959830790208,-7.068959830790209,0.00023126398871941474,53.47873414355244,-0.0009188482340356519,5.0
2026-01-09 00:20:00,2026-01-09 01:00:00,SELL,LOSS,SL,-1.4855547893459173,-5.201149689595362,-5.901149689595362,0.00023340997930632127,57.14901553876948,-0.0008562925189157244,40.0
2026-01-09 01:10:00,2026-01-09 02:35:00,SELL,WIN,TP,1.5814261520685498,4.53375525455555,3.83375525455555,0.00019112517515183664,56.77882546949671,-0.0006649635693436462,85.0
2026-01-09 03:20:00,2026-01-09 03:40:00,SELL,WIN,TP,1.6244454629770049,4.758004053000965,4.058004053000965,0.0001952668017667038,53.344466785823435,-0.0005272274063652382,20.0
2026-01-09 04:35:00,2026-01-09 05:00:00,SELL,LOSS,SL,-1.3087758517941728,-4.2385952275393315,-4.938595227539332,0.00021590634850261034,49.92787164524803,-0.0006415117484905863,25.0
2026-01-09 05:05:00,2026-01-09 05:10:00,SELL,LOSS,SL,-1.3965081080718225,-4.226419827416582,-4.9264198274165825,0.00020176132182774244,58.83939964386445,-0.0006014780814205256,5.0
2026-01-09 05:25:00,2026-01-09 07:35:00,SELL,WIN,TP,1.630453471198279,4.853242226719447,4.153242226719446,0.00019844140755733005,59.87436176056263,-0.0005290939436217723,130.0
2026-01-09 08:05:00,2026-01-09 09:00:00,SELL,WIN,TP,1.6216837815645972,4.286582764734149,3.586582764734149,0.00017621942549116514,46.24510384734141,-0.0004080552373744162,55.0
2026-01-09 10:00:00,2026-01-09 10:35:00,SELL,WIN,TP,1.7825918276640562,8.199286202128398,7.499286202128398,0.00030664287340429093,58.18262469131079,-0.00059834158181582,35.0
2026-01-09 10:50:00,2026-01-09 12:20:00,SELL,WIN,TP,1.7834714432971055,8.236656958593326,7.536656958593325,0.00030788856528647955,50.18502242842669,-0.0006519229427759399,90.0
2026-01-09 12:30:00,2026-01-09 15:30:00,SELL,LOSS,SL,-1.230760198127404,-5.333502952913459,-6.03350295291346,0.000288900196860827,45.69607439589336,-0.0006770894220979873,180.0
2026-01-09 15:40:00,2026-01-09 15:40:00,SELL,LOSS,SL,-1.1118179169957294,-9.943110611139282,-10.643110611139281,0.0005962073740759926,56.5051760343368,-0.0005434537026598463,0.0
2026-01-09 15:50:00,2026-01-09 17:05:00,SELL,WIN,TP,1.8954575055818201,18.130976462067295,17.430976462067296,0.0006376992154022645,55.14537618360588,-0.00048536927476616754,75.0
2026-01-09 17:35:00,2026-01-09 18:00:00,SELL,LOSS,SL,-1.1029475459496938,-10.713684680630053,-11.413684680630052,0.0006475789787086274,45.81695731921379,-0.0008250661724924502,25.0
2026-01-09 18:05:00,2026-01-12 02:00:00,SELL,WIN,TP,1.8912558827711352,17.39179949192804,16.69179949192804,0.0006130599830642463,54.989843257310135,-0.0008035060748110556,3355.0
2026-01-12 03:55:00,2026-01-12 07:30:00,BUY,WIN,TP,1.8350306498750477,11.123464137339113,10.423464137339113,0.00040411547124463595,53.926501634850446,0.0005092557418497901,215.0
2026-01-12 10:25:00,2026-01-12 10:50:00,BUY,WIN,TP,1.845809842818738,11.970996570480509,11.27099657048051,0.00043236655234931895,54.131726971194134,0.0015591270705246352,25.0
2026-01-12 11:40:00,2026-01-12 12:15:00,BUY,LOSS,SL,-1.154754868794935,-7.461832236923648,-8.161832236923647,0.0004307888157948969,54.40261309897877,0.0019072849032597539,35.0
2026-01-12 12:20:00,2026-01-12 15:05:00,BUY,WIN,TP,1.8328301733088765,10.963881518519681,10.263881518519682,0.0003987960506173534,42.95026996529903,0.0018514338917547946,165.0
2026-01-12 16:05:00,2026-01-12 16:25:00,BUY,LOSS,SL,-1.1510711197710042,-7.619398873297655,-8.319398873297654,0.00044129325821987836,48.384291895547975,0.0015409762720250963,20.0
2026-01-12 16:40:00,2026-01-12 18:55:00,BUY,LOSS,SL,-1.1532981202075325,-7.523237197209042,-8.223237197209041,0.00043488247981393467,40.294500568381565,0.001339406700936685,135.0
2026-01-12 19:10:00,2026-01-12 19:20:00,BUY,LOSS,SL,-1.1847005514527926,-6.414169000224067,-7.114169000224067,0.00036094460001487555,41.10919967622802,0.0006644293268942558,10.0
2026-01-12 19:45:00,2026-01-12 20:05:00,BUY,LOSS,SL,-1.1920237085012664,-6.207690278481447,-6.907690278481447,0.00034717935189870774,41.34431168038867,0.0004442826151971335,20.0
2026-01-12 20:15:00,2026-01-12 22:55:00,BUY,LOSS,SL,-1.206995132457934,-5.831031474632486,-6.531031474632486,0.0003220687649755388,41.787570858392925,0.00027903493234604504,160.0
2026-01-12 23:40:00,2026-01-13 01:20:00,SELL,LOSS,SL,-1.6205175469569757,-3.917336959052996,-4.617336959052996,0.0001611557972701323,47.93907707744999,-0.00011849945505160164,100.0
2026-01-13 01:25:00,2026-01-13 02:25:00,SELL,WIN,TP,1.584113311376282,4.189902418565973,3.489902418565973,0.00017633008061890021,54.2604923107242,-0.00018465807112577615,60.0
2026-01-13 04:10:00,2026-01-13 06:20:00,SELL,LOSS,SL,-1.3350245675733925,-3.9848557293665756,-4.684855729366576,0.0001989903819577946,47.99742034061769,-0.00046256174885828116,130.0
2026-01-13 06:45:00,2026-01-13 06:55:00,SELL,LOSS,SL,-1.3825174040348043,-3.9756861476031404,-4.67568614760314,0.0001917124098402316,53.43162758982079,-0.00046285080109975674,10.0
2026-01-13 07:05:00,2026-01-13 07:25:00,SELL,LOSS,SL,-1.3829628162436622,-3.9723415259723773,-4.672341525972377,0.0001914894350647551,58.90163578181899,-0.0004165738940318242,20.0
2026-01-13 07:40:00,2026-01-13 08:05:00,SELL,WIN,TP,1.6431091194961758,4.603953783230864,3.9039537832308637,0.00018679845944104807,54.63367390663532,-0.00032611496256640393,25.0
2026-01-13 09:00:00,2026-01-13 09:30:00,SELL,LOSS,SL,-1.299332630413834,-4.340765083370556,-5.040765083370556,0.0002227176722247106,48.33607888170457,-0.0004406581972788981,30.0
2026-01-13 09:45:00,2026-01-13 09:55:00,SELL,LOSS,SL,-1.2460883034870731,-5.063581998128285,-5.763581998128285,0.0002709054665418703,50.0342508540168,-0.00040254758181812456,10.0
2026-01-13 10:00:00,2026-01-13 10:10:00,SELL,LOSS,SL,-1.2341998398834753,-5.269857744128025,-5.969857744128025,0.0002846571829418694,58.83816412741162,-0.0003713055437872814,10.0
2026-01-13 10:20:00,2026-01-13 11:00:00,SELL,LOSS,SL,-1.2191633185494213,-5.562807346679687,-6.262807346679687,0.0003041871564452841,58.007257851104015,-0.00030582776200982487,40.0
2026-01-13 11:10:00,2026-01-13 11:30:00,SELL,LOSS,SL,-1.2191528692190374,-5.563024903865287,-6.263024903865287,0.0003042016602577174,54.93684025110642,-0.0002026950915157144,20.0
2026-01-13 11:45:00,2026-01-13 12:00:00,SELL,LOSS,SL,-1.2200412515822991,-5.544602399818576,-6.244602399818576,0.000302973493321216,59.86937232653852,-8.881595059784253e-05,15.0
2026-01-13 12:25:00,2026-01-13 14:10:00,BUY,LOSS,SL,-1.256200242390768,-4.903196931698272,-5.603196931698272,0.0002602131287798123,51.11148408527783,5.336152662094307e-05,105.0
2026-01-13 14:15:00,2026-01-13 14:35:00,BUY,LOSS,SL,-1.2838978104419358,-4.522394196853185,-5.222394196853185,0.0002348262797901536,45.75914199382422,0.00010019990858212147,20.0
2026-01-13 15:40:00,2026-01-13 16:00:00,SELL,LOSS,SL,-1.119740844673088,-9.351369181753832,-10.05136918175383,0.000556757945450322,51.013855307080256,-0.00017828888480253546,20.0
2026-01-13 16:05:00,2026-01-13 17:15:00,SELL,WIN,TP,1.8810588729305873,15.81504160320424,15.11504160320424,0.000560501386773509,58.631783347400166,-0.00012052374236626306,70.0
2026-01-13 17:55:00,2026-01-13 18:10:00,SELL,WIN,TP,1.8643528949362842,13.744140680780227,13.044140680780227,0.0004914713560260179,47.3185021456394,-0.0003815796277466532,15.0
2026-01-13 18:50:00,2026-01-13 20:45:00,SELL,LOSS,SL,-1.1466278803175052,-7.819985379551419,-8.519985379551418,0.0004546656919700355,45.47736311142716,-0.0007670212153563227,115.0
2026-01-13 21:05:00,2026-01-14 02:00:00,SELL,WIN,TP,1.771014882283414,7.734192073021063,7.034192073021063,0.0002911397357674,48.80999795817334,-0.0008067272205005693,295.0
2026-01-14 02:40:00,2026-01-14 03:05:00,SELL,WIN,TP,1.4156531582844856,2.9071497759004314,2.2071497759004313,0.00013690499253000656,50.71535258686925,-0.0007578757660262614,25.0
2026-01-14 04:05:00,2026-01-14 04:30:00,SELL,LOSS,SL,-1.4496555728261307,-3.5463168399901925,-4.246316839990192,0.0001630877893326286,46.15598608778207,-0.0008017629347243371,25.0
2026-01-14 04:35:00,2026-01-14 04:45:00,SELL,LOSS,SL,-1.4791046670677093,-3.704671906755629,-4.404671906755629,0.00016697812711709915,49.553007174315674,-0.0008005392380656673,10.0
2026-01-14 06:15:00,2026-01-14 07:20:00,SELL,WIN,TP,1.4447506353582833,3.122382253509893,2.422382253509893,0.00014407940845032765,59.362403386547356,-0.0004676720318097516,65.0
2026-01-14 08:10:00,2026-01-14 08:10:00,SELL,LOSS,SL,-1.5958722911945655,-3.2138543404901734,-3.9138543404901736,0.00013425695603266216,49.2519659665019,-0.0003800567406604394,0.0
2026-01-14 08:25:00,2026-01-14 08:55:00,SELL,LOSS,SL,-1.5175016874383742,-3.2255969336930748,-3.925596933693075,0.00014170646224627277,59.91375573618738,-0.00034657726241871245,30.0
2026-01-14 09:30:00,2026-01-14 10:20:00,SELL,WIN,TP,1.654821836140218,4.794109272845294,4.0941092728452935,0.0001931369757615123,57.526791001383145,-0.00017155336105090235,50.0
2026-01-14 10:35:00,2026-01-14 11:10:00,SELL,LOSS,SL,-1.2522460699950464,-4.9643828743085585,-5.664382874308559,0.0002642921916206281,46.88230275740112,-0.0001428986709302027,35.0
2026-01-14 11:15:00,2026-01-14 12:25:00,SELL,LOSS,SL,-1.238944266373114,-5.185076357674511,-5.885076357674511,0.00027900509051161993,59.23622387339505,-0.00011522940993913267,70.0
2026-01-14 13:05:00,2026-01-14 13:25:00,BUY,LOSS,SL,-1.2344784154008601,-5.264784877066052,-5.9647848770660525,0.00028431899180442763,52.01425672237157,0.00017299762468780955,20.0
2026-01-14 13:30:00,2026-01-14 13:55:00,BUY,LOSS,SL,-1.2506399034739795,-4.989787684002266,-5.689787684002266,0.0002659858456001343,41.80280138982042,0.00016582474752380172,25.0
2026-01-14 14:00:00,2026-01-14 14:55:00,BUY,WIN,TP,1.7729922728987502,7.810272784731676,7.110272784731676,0.0002936757594910631,41.125494362410095,0.00011452882714202417,55.0
2026-01-14 15:10:00,2026-01-14 15:30:00,BUY,LOSS,SL,-1.1843832552355888,-6.42348598153497,-7.12348598153497,0.00036156573210238945,51.45444087612218,0.00011153356146409443,20.0
2026-01-14 15:35:00,2026-01-14 16:20:00,BUY,WIN,TP,1.8174224370910184,9.954248529415622,9.254248529415623,0.0003651416176472196,46.23802951236963,9.108843291327773e-05,45.0
2026-01-14 16:40:00,2026-01-14 19:40:00,BUY,LOSS,SL,-1.1602443830622524,-7.240468345224404,-7.940468345224404,0.0004160312230148994,53.65011246721056,0.00018265088503288673,180.0
2026-01-14 22:10:00,2026-01-14 22:35:00,SELL,LOSS,SL,-1.2691709853680144,-4.715110670761135,-5.415110670761135,0.0002476740447174038,54.535532039690956,-0.0004005271084155382,25.0
2026-01-14 22:45:00,2026-01-15 01:15:00,SELL,LOSS,SL,-1.287441714601022,-4.478966166716724,-5.178966166716724,0.00023193107778117543,53.12969006220543,-0.00037283777691698994,150.0
2026-01-15 01:20:00,2026-01-15 02:25:00,SELL,WIN,TP,1.5368134217097318,3.64970584881218,2.94970584881218,0.00015832352829371109,58.092519352541586,-0.0002264711086332749,65.0
2026-01-15 03:45:00,2026-01-15 08:40:00,SELL,WIN,TP,1.7027471572244224,6.301106678939229,5.601106678939229,0.00024670355596467184,46.49023223855507,-0.0003622548911856871,295.0
2026-01-15 09:05:00,2026-01-15 09:20:00,SELL,WIN,TP,1.6756932115819203,5.167000110468557,4.467000110468557,0.0002055666703489609,49.628658832717555,-0.0005234063113459531,15.0
2026-01-15 09:40:00,2026-01-15 10:25:00,SELL,LOSS,SL,-1.2644461158354723,-4.781488704572844,-5.481488704572844,0.0002520992469715047,45.47401876260979,-0.0005865688359596444,45.0
2026-01-15 10:30:00,2026-01-15 11:45:00,SELL,LOSS,SL,-1.2535603645761173,-4.9438340517916615,-5.643834051791662,0.0002629222701194905,56.44640999165696,-0.0006324792423855197,75.0
2026-01-15 12:00:00,2026-01-15 12:30:00,SELL,LOSS,SL,-1.2254456909716183,-5.435658076631377,-6.135658076631377,0.0002957105384420838,54.61039066130013,-0.0004862168687831403,30.0
2026-01-15 12:40:00,2026-01-15 14:45:00,SELL,WIN,TP,1.7655361823310214,7.530100805692609,6.8301008056926085,0.00028433669352312076,57.2334241654767,-0.0003737764707425484,125.0
2026-01-15 17:45:00,2026-01-15 19:25:00,SELL,LOSS,SL,-1.1540634685051323,-7.4908314067113615,-8.19083140671136,0.00043272209378069395,48.32644425521193,-0.0016107390657564835,100.0
2026-01-15 19:40:00,2026-01-15 21:15:00,SELL,LOSS,SL,-1.1961565482581715,-6.097968988951873,-6.797968988951873,0.0003398645992634836,57.61335062008054,-0.001458161431959537,95.0
2026-01-15 21:35:00,2026-01-15 22:25:00,SELL,WIN,TP,1.7146188000874405,6.00817012687871,5.30817012687871,0.00023360567089598914,54.839456222391895,-0.0009953068104380236,50.0
2026-01-15 23:30:00,2026-01-15 23:55:00,SELL,LOSS,SL,-1.428761898885626,-4.3319858256500074,-5.0319858256500085,0.00020213238837674076,47.07604388780121,-0.0009678999451041559,25.0
2026-01-16 00:00:00,2026-01-16 04:35:00,SELL,LOSS,SL,-1.7919107997945063,-5.430644361237123,-6.130644361237123,0.00020204295741574858,47.71548041972969,-0.0009281174847863838,275.0
2026-01-16 04:55:00,2026-01-16 06:30:00,SELL,LOSS,SL,-1.3908164924362476,-3.914620215085828,-4.614620215085828,0.00018764134767245796,56.15680154107992,-0.0005619931146900736,95.0
2026-01-16 06:45:00,2026-01-16 07:10:00,SELL,WIN,TP,1.4711594679913955,2.7818583844240194,2.0818583844240193,0.00012606194614746806,58.78791880446314,-0.0003337388079318604,25.0
2026-01-16 07:25:00,2026-01-16 08:35:00,SELL,WIN,TP,1.3874597014401528,2.7181095605345105,2.0181095605345103,0.00013060365201782148,46.17797970202303,-0.00030245574175014056,70.0
2026-01-16 09:00:00,2026-01-16 09:00:00,SELL,LOSS,SL,-1.3725260960504857,-3.684375700392483,-4.384375700392483,0.00017895838002623187,55.20183048028576,-0.00033887759313544485,0.0
2026-01-16 09:05:00,2026-01-16 09:10:00,SELL,LOSS,SL,-1.362254301327946,-3.760491721793823,-4.460491721793823,0.00018403278145293555,53.118273625333714,-0.00033462490291125135,5.0
2026-01-16 09:20:00,2026-01-16 09:45:00,SELL,LOSS,SL,-1.3094637844134778,-4.231395886582611,-4.931395886582611,0.00021542639243880683,57.41168743453214,-0.0003001297882587739,25.0
2026-01-16 09:50:00,2026-01-16 12:30:00,SELL,LOSS,SL,-1.2557776127010343,-4.909646311262005,-5.609646311262005,0.0002606430874174903,56.74176748993814,-0.00024563285504775045,160.0
2026-01-16 12:50:00,2026-01-16 13:15:00,SELL,LOSS,SL,-1.2414081043630791,-5.142363002428429,-5.842363002428429,0.0002761575334951634,57.326156189327186,-3.827826971036785e-05,25.0
2026-01-16 14:25:00,2026-01-16 14:50:00,BUY,LOSS,SL,-1.2569290020432988,-4.892125809259461,-5.5921258092594615,0.00025947505395057746,52.431256277790546,0.00026093906975055425,25.0
2026-01-16 14:55:00,2026-01-16 17:00:00,BUY,WIN,TP,1.7617840517978711,7.395743505380526,6.695743505380526,0.0002798581168459885,40.091943201572484,0.00025458415130663603,125.0
2026-01-16 17:20:00,2026-01-16 17:20:00,BUY,LOSS,SL,-1.139716852195359,-8.157332736080768,-8.857332736080767,0.0004771555157386699,52.32521236175582,0.00028430883458319123,0.0
2026-01-16 18:15:00,2026-01-19 00:00:00,SELL,WIN,TP,1.891803828068065,17.48494234393039,16.78494234393039,0.0006161647447976793,47.89589214619052,-0.00022610853378646212,3225.0
2026-01-19 01:05:00,2026-01-19 01:05:00,SELL,LOSS,SL,-1.147369960068759,-7.785643421043375,-8.485643421043374,0.00045237622806960627,56.07205532933435,-0.0010051576648797411,0.0
2026-01-19 02:10:00,2026-01-19 02:25:00,SELL,LOSS,SL,-1.1155482489549187,-9.654393372851121,-10.35439337285112,0.0005769595581901037,55.16904331051427,-0.0002155997453037184,15.0
2026-01-19 04:00:00,2026-01-19 04:20:00,BUY,LOSS,SL,-1.1453288614052375,-7.88094567266706,-8.58094567266706,0.0004587297115111372,49.88042159299232,0.0007868380003532849,20.0
2026-01-19 04:25:00,2026-01-19 06:25:00,BUY,WIN,TP,1.8416646671299783,11.631419429558477,10.931419429558478,0.0004210473143186154,41.91466376591706,0.0008002059438267928,120.0
2026-01-19 07:45:00,2026-01-19 07:50:00,BUY,LOSS,SL,-1.285874843237682,-4.4980342749801885,-5.198034274980189,0.00023320228499871016,54.00290505699706,0.0011546892067388903,5.0
2026-01-19 07:55:00,2026-01-19 09:05:00,BUY,WIN,TP,1.674967259364148,5.668548902773564,4.968548902773564,0.00022561829675908618,43.430088732878566,0.0011452833854908029,70.0
2026-01-19 09:35:00,2026-01-19 09:40:00,BUY,LOSS,SL,-1.173786620428637,-6.754182902766303,-7.454182902766303,0.00038361219351780814,48.111122721184245,0.001105260393300167,5.0
2026-01-19 09:45:00,2026-01-19 10:10:00,BUY,LOSS,SL,-1.1773664307472846,-6.638045462079688,-7.338045462079688,0.0003758696974719942,41.89883513120386,0.0010608801650895394,25.0
2026-01-19 10:20:00,2026-01-19 10:30:00,BUY,LOSS,SL,-1.1692669413613834,-6.907828143860705,-7.607828143860705,0.00039385520959067156,44.93888077265886,0.0009120551467967086,10.0
2026-01-19 10:35:00,2026-01-19 11:15:00,BUY,LOSS,SL,-1.1717619538115656,-6.822011090401702,-7.522011090401702,0.0003881340726934116,43.53007998859021,0.0008314305796182087,40.0
2026-01-19 11:35:00,2026-01-19 12:10:00,BUY,WIN,TP,1.8291055458412553,10.703129922204791,10.003129922204792,0.00039010433074016795,40.98695650225002,0.0005433874035389863,35.0
2026-01-19 12:20:00,2026-01-19 13:15:00,BUY,LOSS,SL,-1.1905387013219724,-6.2482776100704065,-6.948277610070407,0.00034988517400468493,53.36672391905642,0.0005214526492955951,55.0
2026-01-19 13:20:00,2026-01-19 14:10:00,BUY,WIN,TP,1.7765649965209744,7.951148964373434,7.251148964373434,0.00029837163214574777,43.34096623347688,0.00042069431139180047,50.0
2026-01-19 14:55:00,2026-01-19 15:20:00,BUY,WIN,TP,1.7439849690293183,6.8120413181093085,6.112041318109308,0.0002604013772703275,46.66821057252893,0.0004996461664399376,25.0
2026-01-19 16:00:00,2026-01-19 16:45:00,BUY,WIN,TP,1.7603989791479875,7.347209844465908,6.647209844465908,0.00027824032814887967,53.36405460071479,0.0006195046393906445,45.0
2026-01-19 17:25:00,2026-01-19 18:25:00,BUY,WIN,TP,1.7794474705926389,8.068134495533453,7.368134495533453,0.0003022711498510924,51.86096611165749,0.0008018676692231885,60.0
2026-01-19 19:00:00,2026-01-20 02:05:00,BUY,LOSS,SL,-1.2377400563637222,-5.206274766209717,-5.906274766209717,0.00028041831774731516,54.35387168883805,0.000976577278692714,425.0
2026-01-20 02:55:00,2026-01-20 03:00:00,BUY,WIN,TP,1.6366678894429794,4.504605681390107,3.8046056813901066,0.00018348685604634043,42.81326002978537,0.00037556773691038714,5.0
2026-01-20 03:20:00,2026-01-20 04:40:00,BUY,WIN,TP,1.5807397376274623,4.524367929398344,3.8243679293983437,0.00019081226431326344,52.73247313882074,0.00036873251060187684,80.0
2026-01-20 08:00:00,2026-01-20 09:15:00,BUY,WIN,TP,1.6604496720323347,5.379157340733011,4.679157340733011,0.00021597191135776375,53.33796055793959,0.00125771228228988,75.0
2026-01-20 12:20:00,2026-01-20 13:40:00,BUY,WIN,TP,1.8809121663140893,15.794326826659045,15.094326826659046,0.0005598108942219809,53.47206828132699,0.0035121558309698653,80.0
2026-01-20 14:50:00,2026-01-20 15:20:00,BUY,LOSS,SL,-1.1558889757570043,-7.4148217995785295,-8.114821799578529,0.000427654786638542,47.64539993200412,0.003990163308858152,30.0
2026-01-20 15:45:00,2026-01-20 16:10:00,BUY,LOSS,SL,-1.0751478243882806,-14.307105137643216,-15.007105137643215,0.0008871403425094966,53.64774374102262,0.003762586957168912,25.0
2026-01-20 16:15:00,2026-01-20 21:55:00,BUY,LOSS,SL,-1.080153643549898,-13.476039213082935,-14.176039213082934,0.00083173594753884,43.90733349075935,0.0036261544398128454,340.0
2026-01-20 22:10:00,2026-01-21 01:45:00,BUY,WIN,TP,1.816939257411283,9.925335337994557,9.225335337994558,0.00036417784459985374,40.24761269408215,0.0016147553428187411,215.0
2026-01-21 02:05:00,2026-01-21 02:20:00,BUY,LOSS,SL,-1.3212273809635442,-4.113059655750483,-4.813059655750483,0.00020753731038335537,45.28438124829064,0.0009339681783875342,15.0
2026-01-21 02:30:00,2026-01-21 02:45:00,BUY,LOSS,SL,-1.328939753695052,-4.0400703738808765,-4.740070373880877,0.00020267135825879483,40.16223437675028,0.0008576974372405122,15.0
2026-01-21 02:55:00,2026-01-21 03:05:00,BUY,WIN,TP,1.7084730757009094,5.86042980354129,5.16042980354129,0.0002286809934513598,40.61816802133534,0.0007550849173199037,10.0
2026-01-21 03:10:00,2026-01-21 03:25:00,BUY,WIN,TP,1.7181574439129124,6.0961604513053445,5.396160451305344,0.00023653868171014895,53.962239044099924,0.0007426782682038446,15.0
2026-01-21 04:10:00,2026-01-21 05:10:00,BUY,LOSS,SL,-1.2675250257621893,-4.737968054207119,-5.437968054207119,0.00024919787028042384,51.66595055296517,0.0008466328310769988,60.0
2026-01-21 06:00:00,2026-01-21 06:05:00,BUY,LOSS,SL,-1.2338437652028722,-5.276359470745117,-5.976359470745117,0.00028509063138306253,45.058178293477596,0.0004665367258440689,5.0
2026-01-21 06:25:00,2026-01-21 08:40:00,BUY,WIN,TP,1.7281781579264817,6.9935364988254936,6.293536498825493,0.00026978454996082034,41.70613700778101,0.0003581505571066401,135.0
2026-01-21 09:05:00,2026-01-21 09:10:00,BUY,LOSS,SL,-1.2634985262891198,-4.795087638944761,-5.495087638944761,0.0002530058425962564,44.471365568791214,0.0001821847938963117,5.0
2026-01-21 09:20:00,2026-01-21 09:30:00,BUY,LOSS,SL,-1.2194829944163448,-5.556161640947298,-6.256161640947298,0.00030374410939648926,50.14549225383205,0.00014992904275645813,10.0
2026-01-21 09:35:00,2026-01-21 10:25:00,BUY,LOSS,SL,-1.1760979490916341,-6.678657844445656,-7.378657844445656,0.0003785771896297728,42.761439379802184,0.00015118630186705673,50.0
2026-01-21 11:30:00,2026-01-21 12:30:00,SELL,WIN,TP,1.7818142035016542,8.166499525183891,7.466499525183891,0.0003055499841728049,46.62660123154395,-0.00023350923891007902,60.0
2026-01-21 12:45:00,2026-01-21 13:25:00,SELL,LOSS,SL,-1.2348050696339585,-5.2588518278541265,-5.958851827854127,0.0002839234551902727,48.415116656221386,-0.00045427107297468794,40.0
2026-01-21 13:35:00,2026-01-21 13:35:00,SELL,LOSS,SL,-1.210990242033475,-5.739555679742491,-6.439555679742491,0.0003159703786494786,57.93224738640858,-0.00046204088588974734,0.0
2026-01-21 14:00:00,2026-01-21 14:10:00,SELL,LOSS,SL,-1.1852848056793381,-6.3970966282612665,-7.097096628261267,0.0003598064418841404,56.66139892272339,-0.0003584028353236235,10.0
2026-01-21 16:05:00,2026-01-21 16:10:00,BUY,LOSS,SL,-1.1237947340874284,-9.077888024653479,-9.777888024653478,0.0005385258683102764,49.938888604247474,0.0005917876129202249,5.0
2026-01-21 16:15:00,2026-01-21 17:15:00,BUY,LOSS,SL,-1.0977891140514107,-11.226087123299532,-11.926087123299531,0.0006817391415532454,44.26517251235609,0.0006044879400404213,60.0
2026-01-21 17:35:00,2026-01-21 17:50:00,BUY,LOSS,SL,-1.1003147337735393,-10.968625369205508,-11.668625369205508,0.0006645750246136457,42.570255374990516,0.0003606583801492036,15.0
2026-01-21 18:15:00,2026-01-21 18:20:00,BUY,LOSS,SL,-1.1088904025025217,-10.183545813202798,-10.883545813202797,0.0006122363875469036,42.06118949455819,2.9814642524383927e-05,5.0
2026-01-21 18:35:00,2026-01-21 21:25:00,SELL,WIN,TP,1.8978916909316412,18.587044563249556,17.887044563249557,0.0006529014854416703,46.694818451201726,-0.00013741400331568343,170.0
2026-01-21 22:00:00,2026-01-22 01:30:00,SELL,WIN,TP,1.8835126750297113,16.169249963584488,15.469249963584488,0.0005723083321194931,46.50098786258465,-0.0011206630056348477,210.0
2026-01-22 02:10:00,2026-01-22 02:30:00,SELL,LOSS,SL,-1.2519944059217567,-4.9683420603808806,-5.668342060380881,0.00026455613735879284,46.08637490368565,-0.0016112486246795399,20.0
2026-01-22 02:35:00,2026-01-22 02:40:00,SELL,LOSS,SL,-1.227807721273648,-5.389666840127759,-6.08966684012776,0.000292644456008589,57.28656902626429,-0.0015922958958003441,5.0
2026-01-22 03:05:00,2026-01-22 03:45:00,SELL,LOSS,SL,-1.2309102923362032,-5.330686128724004,-6.030686128724004,0.00028871240858165993,54.0364021784614,-0.0014496670596637617,40.0
2026-01-22 04:25:00,2026-01-22 05:55:00,SELL,LOSS,SL,-1.2769098023134753,-5.072412644153156,-5.772412644153156,0.0002648275096102186,48.06236457819587,-0.0010999631687473865,90.0
2026-01-22 06:00:00,2026-01-22 06:05:00,SELL,LOSS,SL,-1.3329302073246714,-4.003632527176503,-4.703632527176503,0.00020024216847839112,59.963541386478866,-0.0008595322180782183,5.0
2026-01-22 06:40:00,2026-01-22 07:45:00,SELL,WIN,TP,1.643823052935737,5.076705197036281,4.376705197036281,0.00020589017323453546,55.974148901657074,-0.0006452516637227568,65.0
2026-01-22 08:00:00,2026-01-22 08:30:00,SELL,LOSS,SL,-1.346118358975467,-3.889185083854162,-4.589185083854162,0.00019261233892363072,47.21789605498311,-0.0005244705233384828,30.0
2026-01-22 08:35:00,2026-01-22 08:55:00,SELL,WIN,TP,1.7041241692165596,5.759592342180376,5.059592342180376,0.00022531974473931265,56.7151487374564,-0.00047982453274508785,20.0
2026-01-22 09:00:00,2026-01-22 09:40:00,SELL,LOSS,SL,-1.2584329061995285,-4.869476278024475,-5.569476278024475,0.00025796508520164123,50.16753845673337,-0.0004748231649529533,40.0
2026-01-22 09:45:00,2026-01-22 09:50:00,SELL,LOSS,SL,-1.2171328992983568,-5.605474358014838,-6.3054743580148385,0.00030703162386764156,53.9393412701007,-0.00043066383854428736,5.0
2026-01-22 10:00:00,2026-01-22 11:20:00,SELL,LOSS,SL,-1.2047841095814094,-5.883191386499952,-6.583191386499952,0.0003255460924333773,52.386264656106874,-0.0003812183845348649,80.0
2026-01-22 11:30:00,2026-01-22 13:10:00,SELL,LOSS,SL,-1.1853699761441643,-6.394616867309132,-7.094616867309132,0.00035964112448722094,55.945122983452904,-0.0002779924442812831,100.0
2026-01-22 13:15:00,2026-01-22 13:30:00,SELL,LOSS,SL,-1.183830023497143,-6.439807823424125,-7.139807823424126,0.0003626538548949748,54.425334286962446,-0.0001219728357870764,15.0
2026-01-22 14:55:00,2026-01-22 15:10:00,BUY,WIN,TP,1.7905536428016797,8.548984411804629,7.848984411804628,0.00031829948039345963,51.64201746172805,0.0003386830325788903,15.0
2026-01-22 16:25:00,2026-01-22 16:35:00,BUY,WIN,TP,1.8481205174252218,12.168335617783633,11.468335617783634,0.0004389445205927573,54.54306550486156,0.0008301866166442462,10.0
2026-01-22 19:10:00,2026-01-22 22:40:00,BUY,WIN,TP,1.8659110830881618,13.91547583544861,13.215475835448611,0.0004971825278482981,50.67323249602121,0.002004930469907018,210.0
2026-01-22 23:05:00,2026-01-22 23:25:00,BUY,WIN,TP,1.5429278284143089,5.063514881232635,4.363514881232635,0.0002187838293744433,53.82380378040487,0.002177035553945439,20.0
2026-01-23 00:05:00,2026-01-23 01:00:00,BUY,WIN,TP,1.3234395609450704,4.4990969238840295,3.7990969238840284,0.00022663656412945593,52.33973846628656,0.0021813162105281947,55.0
2026-01-23 01:35:00,2026-01-23 02:00:00,BUY,LOSS,SL,-1.484895596815965,-3.674759531494453,-4.374759531494453,0.00016498396876630858,51.21580179175226,0.002129504968513274,25.0
2026-01-23 02:30:00,2026-01-23 02:50:00,BUY,LOSS,SL,-1.3800206182976713,-3.631436169120427,-4.331436169120427,0.00017542907794138845,43.23704622927678,0.0019127296376721947,20.0
2026-01-23 03:20:00,2026-01-23 04:00:00,BUY,LOSS,SL,-1.3539546999694134,-4.207742318706474,-4.907742318706474,0.0002071828212470502,49.34739834650746,0.0016688863989797742,40.0
2026-01-23 04:15:00,2026-01-23 04:40:00,BUY,LOSS,SL,-1.3214058742109498,-4.111330813274638,-4.811330813274638,0.00020742205421829036,43.910182993538264,0.001466544705938988,25.0
2026-01-23 05:05:00,2026-01-23 07:15:00,BUY,WIN,TP,1.6883778868504937,5.418029772619072,4.718029772619071,0.000213934325753966,41.2995494049714,0.0012363520781875081,130.0
2026-01-23 07:55:00,2026-01-23 08:10:00,BUY,LOSS,SL,-1.3997692832572728,-3.501442811844168,-4.201442811844168,0.0001667628541229085,53.97295642624734,0.0008832225646526748,15.0
2026-01-23 08:15:00,2026-01-23 08:25:00,BUY,LOSS,SL,-1.3474850134260679,-3.8778219530689597,-4.57782195306896,0.0001918547968712134,43.42566705234482,0.0008610215693867218,10.0
2026-01-23 08:35:00,2026-01-23 08:45:00,BUY,LOSS,SL,-1.29901380675646,-4.344327176217909,-5.04432717621791,0.00022295514508120114,47.2771085387979,0.0007966802876830936,10.0
2026-01-23 09:45:00,2026-01-23 09:50:00,BUY,LOSS,SL,-1.192064259046727,-6.2065907783327425,-6.906590778332743,0.0003471060518888099,49.35018883943813,0.0004596689831051215,5.0
2026-01-23 09:55:00,2026-01-23 09:55:00,BUY,LOSS,SL,-1.1756014598447246,-6.694713477235602,-7.3947134772356025,0.00037964756514901325,47.15561117495861,0.0004244151890222536,0.0
2026-01-23 10:35:00,2026-01-23 12:10:00,BUY,LOSS,SL,-1.1652485818795062,-7.051489148204414,-7.751489148204414,0.00040343260988031884,48.12194041294796,0.00017486689376067233,95.0
2026-01-23 12:50:00,2026-01-23 13:45:00,SELL,LOSS,SL,-1.2044448636557075,-5.891294318276618,-6.591294318276618,0.0003260862878850743,45.51630754726768,-0.00011966591345613509,55.0
2026-01-23 13:50:00,2026-01-23 14:45:00,SELL,LOSS,SL,-1.2116488817868296,-5.724806441487317,-6.424806441487317,0.00031498709609915167,58.069006628114316,-0.0001539355416486643,55.0
2026-01-23 15:00:00,2026-01-23 15:15:00,SELL,LOSS,SL,-1.2350782675084562,-5.253902373021479,-5.953902373021479,0.00028359349153476564,59.15235082830802,-5.032355213918649e-05,15.0
2026-01-23 15:25:00,2026-01-23 15:45:00,BUY,LOSS,SL,-1.2245468080647783,-5.453414451170978,-6.1534144511709785,0.0002968942967447054,54.31780290272676,1.7217392284774036e-05,20.0
2026-01-23 15:50:00,2026-01-23 16:45:00,BUY,WIN,TP,1.7988983360068094,8.945218554092694,8.245218554092695,0.0003315072851364457,42.00899991058688,3.0445147574775788e-05,55.0
2026-01-23 18:15:00,2026-01-23 18:20:00,BUY,WIN,TP,1.8514205687733285,12.460813407939476,11.760813407939477,0.0004486937802646364,47.44761471825432,0.0004352723267366798,5.0
2026-01-23 20:15:00,2026-01-23 21:05:00,BUY,WIN,TP,1.8936612231302963,17.807814598531536,17.107814598531537,0.000626927153284366,51.064969581646345,0.0018173092745357167,50.0
2026-01-26 01:30:00,2026-01-26 02:00:00,BUY,LOSS,SL,-1.0741945230979566,-14.478083802489493,-15.178083802489493,0.0008985389201659994,53.18196417529609,0.005326377271338778,30.0
2026-01-26 02:05:00,2026-01-26 09:55:00,BUY,LOSS,SL,-1.0760377614837606,-14.151360330532214,-14.851360330532213,0.0008767573553687885,45.20534129650176,0.005292370993567941,470.0
2026-01-26 10:30:00,2026-01-26 11:40:00,BUY,WIN,TP,1.8884148673494634,16.923534726256296,16.223534726256297,0.0005974511575418661,45.95374264693417,0.001944804675375389,70.0
2026-01-26 12:10:00,2026-01-26 13:25:00,BUY,LOSS,SL,-1.1247492485960724,-9.016080347208465,-9.716080347208464,0.0005344053564805353,53.023387282658895,0.0017311429977691084,75.0
2026-01-26 13:30:00,2026-01-26 14:45:00,BUY,LOSS,SL,-1.1437303444439637,-7.957473064359565,-8.657473064359564,0.0004638315376239554,42.07718894757321,0.0015091732969025884,75.0
2026-01-26 15:25:00,2026-01-26 15:50:00,BUY,WIN,TP,1.83168716899079,10.88263537611478,10.182635376114781,0.00039608784587052173,44.665574726643165,0.0008009193247702218,25.0
2026-01-26 18:20:00,2026-01-26 21:00:00,BUY,LOSS,SL,-1.1116585588086434,-9.955874145875065,-10.655874145875064,0.0005970582763917154,53.92529854762439,0.001914174466977947,160.0
2026-01-26 21:45:00,2026-01-27 04:25:00,BUY,WIN,TP,1.8244425803846185,10.392284099331906,9.692284099331907,0.0003797428033110985,44.04538861423446,0.0016371563659651756,400.0
2026-01-27 05:05:00,2026-01-27 05:45:00,BUY,LOSS,SL,-1.2049817694031204,-5.878482622683311,-6.578482622683311,0.00032523217484561705,54.35740134343482,0.0009835481892970233,40.0
2026-01-27 05:50:00,2026-01-27 06:15:00,BUY,LOSS,SL,-1.2156997277050972,-5.636074466293216,-6.3360744662932165,0.0003090716310862118,42.152872938706786,0.0009631091187991547,25.0
2026-01-27 07:10:00,2026-01-27 09:05:00,BUY,LOSS,SL,-1.2558250933381407,-4.9089206885511985,-5.608920688551199,0.00026059471257012417,41.37738776949445,0.000545512788244551,115.0
2026-01-27 09:15:00,2026-01-27 09:55:00,BUY,LOSS,SL,-1.2134379688381811,-5.685202007137512,-6.385202007137512,0.000312346800475834,44.16555855214503,0.00026250749443734733,40.0
2026-01-27 11:05:00,2026-01-27 11:15:00,SELL,LOSS,SL,-1.1632961891639901,-7.123841622511783,-7.823841622511783,0.000408256108167453,46.75437767904147,-0.00039147035145981057,10.0
2026-01-27 11:20:00,2026-01-27 11:50:00,SELL,LOSS,SL,-1.171294125394905,-6.837911823856068,-7.537911823856068,0.0003891941215903619,56.47606937773615,-0.000400117153459556,30.0
2026-01-27 12:05:00,2026-01-27 12:40:00,SELL,LOSS,SL,-1.1172696443081565,-9.527355957286264,-10.227355957286264,0.0005684903971523746,58.48865366390993,-0.00020780114558394125,35.0
2026-01-27 15:55:00,2026-01-27 16:30:00,BUY,WIN,TP,1.9071236239817595,20.534001279415182,19.834001279415183,0.000717800042647173,53.76140918709987,0.002128647315247756,35.0
2026-01-27 18:00:00,2026-01-27 18:30:00,BUY,WIN,TP,1.9227984834651612,24.90622684332189,24.20622684332189,0.0008635408947773973,54.40325119371053,0.003500471896252799,30.0
2026-01-27 19:20:00,2026-01-27 22:20:00,BUY,WIN,TP,1.914882263014211,22.496865293048952,21.796865293048953,0.0007832288431016487,49.704050946544804,0.0043253622587791085,180.0
2026-01-27 22:40:00,2026-01-27 22:40:00,BUY,LOSS,SL,-1.1168864941313859,-9.555308356463787,-10.255308356463786,0.0005703538904308581,52.5637740756686,0.004168725836183773,0.0
2026-01-28 01:05:00,2026-01-28 01:20:00,BUY,LOSS,SL,-1.095618978176363,-11.458174925855879,-12.158174925855878,0.0006972116617236906,51.75750465315753,0.00594447984697255,15.0
2026-01-28 01:25:00,2026-01-28 02:00:00,BUY,LOSS,SL,-1.0977510753760562,-11.23006648420921,-11.93006648420921,0.0006820044322805674,44.37133695221743,0.005817604128101728,35.0
2026-01-28 02:20:00,2026-01-28 03:05:00,BUY,LOSS,SL,-1.1035337963055873,-10.6586818573563,-11.358681857356299,0.0006439121238237085,43.20119828321893,0.00519559716440221,45.0
2026-01-28 03:50:00,2026-01-28 03:55:00,BUY,LOSS,SL,-1.1134939522621576,-9.811042175094208,-10.511042175094207,0.000587402811672982,40.613636044435886,0.003908770601347422,5.0
2026-01-28 04:35:00,2026-01-28 07:00:00,BUY,LOSS,SL,-1.1278139416183786,-8.823872633438977,-9.523872633438977,0.0005215915088958749,42.03470467045376,0.0031506860387171542,145.0
2026-01-28 07:20:00,2026-01-28 08:30:00,BUY,WIN,TP,1.8786491067720381,15.481131261614212,14.781131261614213,0.0005493710420538235,42.41311038746132,0.0016409803034787007,70.0
2026-01-28 08:40:00,2026-01-28 09:10:00,BUY,WIN,TP,1.8738702475377513,14.856686950959098,14.156686950959099,0.0005285562316986119,51.72861243747593,0.0013308718995237445,30.0
2026-01-28 09:30:00,2026-01-28 09:30:00,BUY,LOSS,SL,-1.087450369917841,-12.435057403867965,-13.135057403867965,0.0007623371602578668,53.09225541505887,0.0013573180557768794,0.0
2026-01-28 09:35:00,2026-01-28 10:45:00,BUY,LOSS,SL,-1.0884644022837562,-12.303981875019353,-13.003981875019353,0.0007535987916680173,45.42466670710757,0.0013281491720351646,70.0
2026-01-28 11:05:00,2026-01-28 12:25:00,BUY,LOSS,SL,-1.0834052853479144,-12.989647848198448,-13.689647848198447,0.0007993098565465688,44.3069183877943,0.0007859576156643566,80.0
2026-01-28 12:35:00,2026-01-28 13:15:00,BUY,LOSS,SL,-1.0953510309542256,-11.487563584709036,-12.187563584709036,0.0006991709056472974,46.006611798474104,0.0002600743396736771,40.0
2026-01-28 13:25:00,2026-01-28 15:20:00,BUY,LOSS,SL,-1.0979888884210998,-11.20523873791257,-11.905238737912569,0.0006803492491941059,41.0375763915325,3.933023017532733e-05,115.0
2026-01-28 16:15:00,2026-01-28 16:35:00,SELL,LOSS,SL,-1.1024616484431304,-10.759749283704267,-11.459749283704266,0.0006506499522468916,47.154218517935846,-0.0008497694730371652,20.0
2026-01-28 16:40:00,2026-01-28 16:55:00,SELL,WIN,TP,1.8934312700148632,17.767231253324912,17.067231253324913,0.0006255743751108344,58.10810719550445,-0.0008622012107029065,15.0
2026-01-28 17:00:00,2026-01-28 17:05:00,SELL,WIN,TP,1.9062885070770694,20.342099433210304,19.642099433210305,0.000711403314440342,45.17077291663487,-0.0008592081171463484,5.0
2026-01-28 17:45:00,2026-01-28 18:30:00,SELL,WIN,TP,1.938270583153046,31.399463694248176,30.699463694248177,0.0010799821231416205,49.70134901434526,-0.0012889134471663066,45.0
2026-01-28 19:00:00,2026-01-28 21:00:00,SELL,WIN,TP,1.9291351406802995,27.222732948317564,26.522732948317564,0.0009407577649439084,47.83286863307208,-0.0019460355165499266,120.0
2026-01-28 21:40:00,2026-01-28 21:55:00,SELL,LOSS,SL,-1.0692289479855719,-15.444824442636506,-16.144824442636505,0.0009629882961757686,52.10058627066017,-0.002719948336320055,15.0
2026-01-28 22:10:00,2026-01-28 23:55:00,SELL,LOSS,SL,-1.066037820917815,-16.14283763609514,-16.84283763609514,0.0010095225090730492,57.31616308912436,-0.0025041260064135873,105.0
2026-01-29 01:10:00,2026-01-29 01:10:00,SELL,LOSS,SL,-1.2175153051665824,-5.597377638480005,-6.297377638480005,0.00030649184256540004,56.884855626178336,-0.0008169198155036916,0.0
2026-01-29 02:05:00,2026-01-29 02:15:00,SELL,LOSS,SL,-1.1179677767671965,-9.476891125730468,-10.176891125730467,0.000565126075048759,59.664898945984525,-0.00013870328387155517,10.0
2026-01-29 02:50:00,2026-01-29 03:00:00,BUY,LOSS,SL,-1.1384667457937132,-8.221950615419193,-8.921950615419192,0.00048146337436125815,54.94023872863813,0.00036172163668157786,10.0
2026-01-29 03:05:00,2026-01-29 03:25:00,BUY,LOSS,SL,-1.1367638907101985,-8.311871538657755,-9.011871538657754,0.000487458102577156,44.322534320975535,0.0004259099462631255,20.0
2026-01-29 03:35:00,2026-01-29 04:05:00,BUY,LOSS,SL,-1.1398664993798215,-8.149674900237546,-8.849674900237545,0.0004766449933491937,44.05065284811516,0.0003904259088509665,30.0
2026-01-29 04:15:00,2026-01-29 04:40:00,BUY,WIN,TP,1.8489409808173622,12.239858241009816,11.539858241009817,0.000441328608033676,42.770283294616846,0.00031571935923380146,25.0
2026-01-29 06:45:00,2026-01-29 08:10:00,BUY,LOSS,SL,-1.1593892121956486,-7.273950327155831,-7.973950327155831,0.0004182633551437663,54.587815266661586,0.0010517399441600794,85.0
2026-01-29 08:15:00,2026-01-29 09:00:00,BUY,WIN,TP,1.832589218751597,10.946661888115884,10.246661888115884,0.0003982220629372193,40.88934177356719,0.001219253114841612,45.0
2026-01-29 09:10:00,2026-01-29 09:30:00,BUY,LOSS,SL,-1.1574470061757982,-7.351343377615226,-8.051343377615225,0.0004234228918409662,52.886308282205924,0.0012556673992791811,20.0
2026-01-29 10:10:00,2026-01-29 10:15:00,BUY,LOSS,SL,-1.1305894423304905,-8.657586878035971,-9.35758687803597,0.0005105057918690177,50.976743480416594,0.000979331863360633,5.0
2026-01-29 10:20:00,2026-01-29 10:35:00,BUY,LOSS,SL,-1.118933324701349,-9.408072359122887,-10.108072359122886,0.0005605381572748105,40.92608318730291,0.0009421082086644716,15.0
2026-01-29 11:00:00,2026-01-29 11:45:00,BUY,LOSS,SL,-1.1102204204381305,-10.072728955532572,-10.772728955532571,0.0006048485970354336,41.358393322965874,0.0006654657777083184,45.0
2026-01-29 13:25:00,2026-01-29 14:55:00,SELL,LOSS,SL,-1.1235774070039102,-9.092094050560217,-9.792094050560216,0.0005394729367040617,46.75115071327074,-0.000602198271971055,90.0
2026-01-29 15:35:00,2026-01-29 15:45:00,SELL,WIN,TP,1.8774480051997324,15.31960379963937,14.619603799639371,0.0005439867933213088,55.62297522930117,-0.0006434084562148001,10.0
2026-01-29 15:55:00,2026-01-29 16:10:00,SELL,LOSS,SL,-1.0853651988243747,-12.714375574258806,-13.414375574258806,0.0007809583716172767,46.639579879209926,-0.0006570377280985529,15.0
2026-01-29 16:15:00,2026-01-29 17:15:00,SELL,WIN,TP,1.9094295026941248,21.08224597961328,20.38224597961328,0.0007360748659871258,56.66740864523726,-0.0006063447566173608,60.0
2026-01-29 18:05:00,2026-01-29 18:50:00,SELL,LOSS,SL,-1.0588553178998068,-17.990818088900017,-18.690818088900016,0.0011327212059266685,46.31233085626108,-0.001187707218889722,45.0
2026-01-29 18:55:00,2026-01-29 20:35:00,SELL,LOSS,SL,-1.069262402608082,-15.4378474084772,-16.1378474084772,0.0009625231605652079,55.18478362079114,-0.0012687632633303636,100.0
2026-01-29 20:45:00,2026-01-29 23:40:00,SELL,LOSS,SL,-1.1034154571232506,-10.669734368704663,-11.369734368704663,0.0006446489579137034,59.23277821953664,-0.000596390885854392,175.0
2026-01-30 00:15:00,2026-01-30 02:15:00,BUY,LOSS,SL,-1.399246864226811,-7.359903553824774,-8.059903553824773,0.0003506602369216443,53.91724474528328,0.00025457141918905357,120.0
2026-01-30 04:50:00,2026-01-30 06:05:00,SELL,LOSS,SL,-1.0717681463751896,-14.933758227113735,-15.633758227113734,0.0009289172151409414,45.64159824926051,-0.0016366884529053216,75.0
2026-01-30 06:25:00,2026-01-30 07:10:00,SELL,LOSS,SL,-1.1107990652239137,-10.025346901430087,-10.725346901430086,0.0006016897934286988,51.03209598490536,-0.0018361676248821457,45.0
2026-01-30 07:25:00,2026-01-30 09:45:00,SELL,LOSS,SL,-1.1367246260245574,-8.313971367677308,-9.013971367677307,0.0004875980911784292,49.873498948271056,-0.0016385358982167197,140.0
2026-01-30 09:50:00,2026-01-30 09:55:00,SELL,LOSS,SL,-1.1122174464953685,-9.911270316966924,-10.611270316966923,0.0005940846877978553,57.51832659759063,-0.0013713538474406928,5.0
2026-01-30 10:25:00,2026-01-30 11:20:00,SELL,WIN,TP,1.8854428002867325,16.458527312135264,15.758527312135264,0.0005819509104044789,59.040547162248345,-0.0010433662283926282,55.0
2026-01-30 12:20:00,2026-01-30 13:05:00,SELL,LOSS,SL,-1.1019794533846299,-10.805896843047002,-11.505896843047001,0.0006537264562031433,47.92568323236953,-0.001185127781298645,45.0
2026-01-30 14:30:00,2026-01-30 14:45:00,SELL,WIN,TP,1.8828061893203931,16.06574765682589,15.365747656825892,0.0005688582552275274,57.93207462525325,-0.00033229086093067295,15.0
2026-01-30 15:45:00,2026-01-30 17:00:00,SELL,WIN,TP,1.9130110614408922,21.991428946397274,21.291428946397275,0.0007663809648799126,46.53599132537214,-0.0006362555444612283,75.0
2026-01-30 17:45:00,2026-01-30 18:35:00,SELL,WIN,TP,1.9281727792603387,26.844596789412535,26.144596789412535,0.0009281532263137606,47.65595760942909,-0.0014685685283448713,50.0
2026-01-30 19:00:00,2026-01-30 20:25:00,SELL,WIN,TP,1.9225361649831416,24.818499685181795,24.118499685181796,0.0008606166561727034,46.228160394595946,-0.0021599244794576755,85.0
2026-01-30 20:50:00,2026-01-30 23:00:00,SELL,WIN,TP,1.918520686113383,23.54610752843811,22.84610752843811,0.0008182035842812741,52.34328354676122,-0.002913532086426418,130.0
2026-02-02 01:35:00,2026-02-02 01:35:00,SELL,LOSS,SL,-1.1487308459884906,-7.723554844012547,-8.423554844012546,0.00044823698960090336,50.85994351310952,-0.003247086792859344,0.0
2026-02-02 01:40:00,2026-02-02 02:00:00,SELL,LOSS,SL,-1.1461283101135091,-7.843300926584472,-8.543300926584472,0.00045622006177227574,58.722594616690344,-0.003212685026571016,20.0
2026-02-02 02:45:00,2026-02-02 04:00:00,SELL,LOSS,SL,-1.1282602619895954,-8.796647102444876,-9.496647102444875,0.000519776473496257,59.542937085569775,-0.002545891210568696,75.0
2026-02-02 04:05:00,2026-02-02 07:25:00,SELL,WIN,TP,1.8773453481405287,15.305944941212847,14.605944941212847,0.0005435314980404433,59.31490030197495,-0.001961721032395447,200.0
2026-02-02 08:45:00,2026-02-02 09:05:00,SELL,LOSS,SL,-1.132378473379206,-8.55409829463316,-9.25409829463316,0.0005036065529754934,48.29160472091288,-0.0014869662107539483,20.0
2026-02-02 09:10:00,2026-02-02 10:55:00,SELL,WIN,TP,1.8701741769012907,14.40525568999751,13.70525568999751,0.0005135085229999431,58.89060230402684,-0.0014356039673151244,105.0
2026-02-02 11:25:00,2026-02-02 11:50:00,SELL,LOSS,SL,-1.1107336814166684,-10.030676007575344,-10.730676007575344,0.0006020450671717061,47.77615238669998,-0.0011252205929792591,25.0
2026-02-02 12:00:00,2026-02-02 13:35:00,SELL,LOSS,SL,-1.1133110058975781,-9.825268049459378,-10.525268049459378,0.0005883512032973497,57.96815707312258,-0.0010143118289482889,95.0
2026-02-02 13:40:00,2026-02-02 14:35:00,SELL,WIN,TP,1.8635807477015989,13.66068730259007,12.96068730259007,0.0004886895767530209,54.258178906576426,-0.0005307796346762927,55.0
2026-02-02 16:55:00,2026-02-02 17:00:00,SELL,WIN,TP,1.8931031317613805,17.709622021211292,17.009622021211293,0.0006236540673737082,50.15067623530029,-0.0020108236639624355,5.0
2026-02-02 18:20:00,2026-02-02 20:10:00,SELL,WIN,TP,1.9069231557230648,20.487621497451315,19.787621497451315,0.000716254049915021,46.38694201158415,-0.002847849616671727,110.0
2026-02-02 21:45:00,2026-02-03 01:15:00,SELL,LOSS,SL,-1.140421188521445,-8.121432388725868,-8.821432388725867,0.0004747621592483647,52.51723091726855,-0.0034809722052258074,210.0
2026-02-03 01:45:00,2026-02-03 02:00:00,SELL,LOSS,SL,-1.2633709686131112,-4.796925702426179,-5.4969257024261795,0.00025312838016169507,58.68698419779052,-0.0022366202258530254,15.0
2026-02-03 03:10:00,2026-02-03 03:10:00,SELL,LOSS,SL,-1.2246041693401637,-5.45227710125673,-6.15227710125673,0.0002968184734170867,59.164120514454,-0.0015156241992857478,0.0
2026-02-03 04:15:00,2026-02-03 04:50:00,SELL,WIN,TP,1.7675997845466147,7.605844001057239,6.905844001057239,0.0002868614667019174,58.49748938629093,-0.000957109878629403,35.0
2026-02-03 05:30:00,2026-02-03 05:35:00,SELL,LOSS,SL,-1.2681199248275206,-4.729674326304888,-5.429674326304888,0.000248644955087031,48.834866737135684,-0.0007960271294915611,5.0
2026-02-03 05:50:00,2026-02-03 06:00:00,SELL,LOSS,SL,-1.2542325012201727,-4.93340739362813,-5.63340739362813,0.00026222715957519856,59.154786256629,-0.0007007521293420638,10.0
2026-02-03 06:35:00,2026-02-03 08:15:00,SELL,LOSS,SL,-1.2815629001855195,-5.006764702577003,-5.706764702577003,0.0002604509801718332,56.57762332502693,-0.00045377581267436184,100.0
2026-02-03 08:25:00,2026-02-03 09:10:00,SELL,LOSS,SL,-1.2635150941024176,-4.794849032865422,-5.494849032865422,0.00025298993552433,57.77893710180042,-0.00020798328265025923,45.0
2026-02-03 09:20:00,2026-02-03 09:30:00,SELL,LOSS,SL,-1.1871768606921373,-6.342540719521782,-7.042540719521782,0.0003561693813014332,54.79299563088269,-5.3423582789813295e-05,10.0
2026-02-03 10:00:00,2026-02-03 10:15:00,BUY,LOSS,SL,-1.1712734538353877,-6.838616420739129,-7.538616420739129,0.00038924109471587097,49.41817738268602,0.00010638613157643029,15.0
2026-02-03 10:25:00,2026-02-03 11:30:00,BUY,LOSS,SL,-1.137532298146256,-8.271019342209861,-8.97101934220986,0.000484734622814014,43.648102075328296,8.692228461493201e-05,65.0
2026-02-03 13:30:00,2026-02-03 14:45:00,SELL,LOSS,SL,-1.1330935629229348,-8.513511382808424,-9.213511382808424,0.0005009007588538314,45.94954437788547,-0.0008446459198796497,75.0
2026-02-03 14:50:00,2026-02-03 15:05:00,SELL,LOSS,SL,-1.1721335554132304,-6.809442543607268,-7.5094425436072685,0.0003872961695737727,57.897443036800006,-0.0009313758291187302,15.0
2026-02-03 15:25:00,2026-02-03 16:00:00,SELL,WIN,TP,1.8374942685856297,11.307258227712836,10.607258227712837,0.00041024194092375194,54.10696496436663,-0.0007921471867757823,35.0
2026-02-03 16:30:00,2026-02-03 16:40:00,SELL,LOSS,SL,-1.141041471644383,-8.09011320104036,-8.79011320104036,0.00047267421340271804,46.85568684316372,-0.0008771072240438826,10.0
2026-02-03 16:45:00,2026-02-03 17:20:00,SELL,LOSS,SL,-1.1268155284551407,-8.88546964383574,-9.58546964383574,0.0005256979762557556,54.428151595480145,-0.0008570511932619596,35.0
2026-02-03 18:30:00,2026-02-03 18:50:00,SELL,LOSS,SL,-1.1179804058976615,-9.47598372281766,-10.175983722817659,0.0005650655815211191,57.82663993979185,-0.0001984445939349211,20.0
2026-02-03 19:45:00,2026-02-03 21:00:00,BUY,LOSS,SL,-1.1242416734170833,-9.048829128717294,-9.748829128717293,0.0005365886085811079,50.02294913164122,0.00036828191747262373,75.0
2026-02-03 21:10:00,2026-02-03 22:55:00,BUY,WIN,TP,1.849036962667281,12.248276103454693,11.548276103454693,0.00044160920344848574,40.0180522514809,0.00043843039038438114,105.0
2026-02-04 00:00:00,2026-02-04 01:25:00,BUY,LOSS,SL,-1.9114794005012605,-7.75933474521225,-8.45933474521225,0.0002706223163474353,43.90440313452346,0.0006892829666711453,85.0
2026-02-04 01:35:00,2026-02-04 02:00:00,BUY,LOSS,SL,-1.2901905926148987,-4.446011088743539,-5.146011088743539,0.00022973407258283836,44.0556176520431,0.0005564944270597394,25.0
2026-02-04 02:10:00,2026-02-04 03:10:00,BUY,WIN,TP,1.729912120144065,6.404997221878151,5.704997221878151,0.0002468332407292548,41.203493109753545,0.0004658210325443335,60.0
2026-02-04 04:20:00,2026-02-04 06:55:00,BUY,WIN,TP,1.805989677898575,9.308729856911558,8.608729856911559,0.000343624328563707,53.859435103092636,0.0006241134786479918,155.0
2026-02-04 08:00:00,2026-02-04 08:50:00,BUY,LOSS,SL,-1.297813851158366,-4.35780218452042,-5.05780218452042,0.00022385347896799638,54.980542631270914,0.0009550845648960138,50.0
2026-02-04 08:55:00,2026-02-04 09:10:00,BUY,LOSS,SL,-1.296975277068355,-4.367283667083942,-5.0672836670839425,0.00022448557780555244,43.51493136825355,0.0009685079805985541,15.0
2026-02-04 09:20:00,2026-02-04 10:10:00,BUY,WIN,TP,1.7837909898875655,8.250308296402387,7.550308296402387,0.00030834360988010745,41.24240067671669,0.0009041117851380509,50.0
2026-02-04 10:20:00,2026-02-04 10:30:00,BUY,LOSS,SL,-1.1620792820541264,-7.1698200246596,-7.8698200246596,0.0004113213349772657,52.91033979336558,0.0008225510816117776,10.0
2026-02-04 10:35:00,2026-02-04 11:30:00,BUY,LOSS,SL,-1.1648251521067439,-7.067035201959836,-7.767035201959836,0.0004044690134639493,41.87119153788058,0.0007835130440463356,55.0
2026-02-04 11:35:00,2026-02-04 11:45:00,BUY,LOSS,SL,-1.1464134346158568,-7.829974330044841,-8.52997433004484,0.0004553316220029879,40.124615171947774,0.0006068159081025204,10.0
2026-02-04 13:05:00,2026-02-04 14:40:00,SELL,LOSS,SL,-1.1574685975691499,-7.350472509675242,-8.050472509675242,0.0004233648339783198,47.05859315117987,-6.112277874614769e-05,95.0
2026-02-04 15:10:00,2026-02-04 15:15:00,SELL,LOSS,SL,-1.1760547797514904,-6.680050274190496,-7.380050274190496,0.0003786700182793865,55.834189052346936,-0.00019961895545228536,5.0
2026-02-04 15:20:00,2026-02-04 16:00:00,SELL,LOSS,SL,-1.1433294933155105,-7.97693110376596,-8.676931103765959,0.0004651287402511066,51.49340823338549,-0.00018372479122286123,40.0
2026-02-04 16:05:00,2026-02-04 17:30:00,SELL,WIN,TP,1.8818033657907924,15.920955604067256,15.220955604067257,0.0005640318534689317,49.45692206254682,-0.000162445695477631,85.0
2026-02-04 18:55:00,2026-02-04 19:20:00,SELL,LOSS,SL,-1.111120045351083,-9.999276384746846,-10.699276384746845,0.0005999517589831061,51.379424931592546,-0.0008491684519684739,25.0
2026-02-04 19:25:00,2026-02-05 04:15:00,SELL,WIN,TP,1.8841333136854508,16.261216865789297,15.561216865789298,0.000575373895526302,56.57481285470839,-0.0007713429281677175,530.0
2026-02-05 06:30:00,2026-02-05 09:00:00,SELL,LOSS,SL,-1.2664956830278016,-4.7524060001215,-5.4524060001215,0.0002501604000081475,47.69357350044532,-0.0009135433359004352,150.0
2026-02-05 09:45:00,2026-02-05 09:50:00,SELL,LOSS,SL,-1.184411638618088,-6.422651235538201,-7.122651235538201,0.000361510082369192,59.39772905898087,-0.0006616623882804706,5.0
2026-02-05 10:00:00,2026-02-05 10:00:00,SELL,LOSS,SL,-1.1662761765546077,-7.014090657608939,-7.714090657608939,0.0004009393771738632,58.7483519308995,-0.0005763722272449368,0.0
2026-02-05 10:30:00,2026-02-05 11:25:00,SELL,WIN,TP,1.832152042477705,10.915545649283654,10.215545649283655,0.00039718485497608724,57.22048809380216,-0.00035677665968214534,55.0
2026-02-05 12:25:00,2026-02-05 13:50:00,SELL,LOSS,SL,-1.1716282317941706,-6.826547238447777,-7.526547238447777,0.00038843648256317543,46.852882267069745,-0.0005238539112093488,85.0
2026-02-05 13:55:00,2026-02-05 14:30:00,SELL,LOSS,SL,-1.2039266785057543,-5.903723276068472,-6.6037232760684725,0.00032691488507128946,51.80539309894589,-0.0005061113653503924,35.0
2026-02-05 14:35:00,2026-02-05 14:45:00,SELL,LOSS,SL,-1.1502751771838806,-7.654458964812093,-8.354458964812093,0.0004436305976542125,52.530092824824436,-0.0004496135910017074,10.0
2026-02-05 14:50:00,2026-02-05 15:30:00,SELL,LOSS,SL,-1.1303123638203372,-8.673868930646588,-9.373868930646587,0.0005115912620431191,57.99723797946615,-0.00039956339644620087,40.0
2026-02-05 16:30:00,2026-02-05 17:25:00,BUY,LOSS,SL,-1.082550889986327,-13.113739781189903,-13.813739781189902,0.0008075826520793788,52.71484239091908,0.00022394371390666024,55.0
2026-02-05 17:55:00,2026-02-05 23:00:00,BUY,LOSS,SL,-1.0941031244855306,-11.626639715387576,-12.326639715387575,0.0007084426476924397,40.68504798715802,8.864077230552603e-05,305.0
2026-02-06 00:25:00,2026-02-06 02:15:00,SELL,WIN,TP,1.2903485220296145,4.727540576498315,4.027540576498314,0.00024425135254993533,45.57488054209929,-0.0007959880145285148,110.0
2026-02-06 02:35:00,2026-02-06 02:55:00,SELL,LOSS,SL,-1.2148403369844507,-5.654619397996829,-6.354619397996829,0.0003103079598664544,46.65171234156336,-0.0010007841860109057,20.0
2026-02-06 03:05:00,2026-02-06 03:45:00,SELL,LOSS,SL,-1.2040426294903175,-5.900936644944842,-6.600936644944842,0.0003267291096629345,56.43865380891477,-0.0009542088766008039,40.0
2026-02-06 04:00:00,2026-02-06 04:25:00,SELL,LOSS,SL,-1.1993352622195643,-6.0166738632451136,-6.716673863245114,0.0003344449242164086,58.741607943334124,-0.0007622487569514114,25.0
2026-02-06 04:50:00,2026-02-06 06:35:00,SELL,LOSS,SL,-1.2581987862983846,-5.360283387733654,-6.060283387733654,0.0002840188925155469,57.57773590257029,-0.0005099895771774055,105.0
2026-02-06 08:10:00,2026-02-06 09:20:00,BUY,LOSS,SL,-1.2726500631231836,-4.667705000853783,-5.367705000853783,0.00024451366672351464,52.33916336491798,0.00018823244222065938,70.0
2026-02-06 09:25:00,2026-02-06 09:45:00,BUY,LOSS,SL,-1.246997803775886,-5.048618994634268,-5.748618994634268,0.000269907932975647,41.78930037770791,0.000298760530207387,20.0
2026-02-06 10:00:00,2026-02-06 10:10:00,BUY,LOSS,SL,-1.2330328464216302,-5.29124054980079,-5.99124054980079,0.0002860827033200547,42.66593430590486,0.00024248607241217357,10.0
2026-02-06 10:15:00,2026-02-06 15:25:00,BUY,WIN,TP,1.7962071883332456,8.813888839584894,8.113888839584895,0.00032712962798619696,42.23654765109738,0.00020184149206481372,310.0
2026-02-06 17:15:00,2026-02-06 17:30:00,BUY,LOSS,SL,-1.132059288564721,-8.572356408007686,-9.272356408007685,0.000504823760533802,54.37828857159044,0.0009615581444146759,15.0
2026-02-06 17:35:00,2026-02-06 18:10:00,BUY,WIN,TP,1.8619848833964647,13.491166252035281,12.791166252035282,0.00048303887506784114,43.247241097302336,0.0009584190492335498,35.0
2026-02-06 18:15:00,2026-02-09 02:00:00,BUY,WIN,TP,1.8808983071161238,15.79237256479782,15.09237256479782,0.0005597457521599589,54.27171335616508,0.0010505112614380696,3345.0
2026-02-09 03:30:00,2026-02-09 04:00:00,BUY,LOSS,SL,-1.1701861023135685,-6.875920456521744,-7.575920456521744,0.00039172803043472233,52.83279231634393,0.0010159661294393274,30.0
2026-02-09 04:05:00,2026-02-09 07:30:00,BUY,WIN,TP,1.8474516951184299,12.11060127185737,11.41060127185737,0.00043702004239521975,40.63540218351158,0.001015647790877816,205.0
2026-02-09 09:55:00,2026-02-09 10:15:00,BUY,WIN,TP,1.8772787715051231,15.297098917026354,14.597098917026354,0.0005432366305675696,49.71971087039166,0.001673411461726948,20.0
2026-02-09 10:30:00,2026-02-09 11:00:00,BUY,WIN,TP,1.8787477651422353,15.494541336429247,14.794541336429248,0.0005498180445476102,50.34267638745176,0.0018422255442538393,30.0
2026-02-09 11:50:00,2026-02-09 14:20:00,BUY,WIN,TP,1.8669219887422857,14.028778842529622,13.328778842529623,0.0005009592947509582,52.3463053573589,0.002189921165091757,150.0
2026-02-09 17:20:00,2026-02-09 18:30:00,BUY,LOSS,SL,-1.1038220731999493,-10.631863140260322,-11.331863140260321,0.0006421242093506384,50.1182316905893,0.003514607046597451,70.0
2026-02-09 18:45:00,2026-02-09 20:55:00,BUY,WIN,TP,1.8826916499931363,16.049084740163867,15.349084740163867,0.0005683028246721127,42.846676538650605,0.003341959274505424,130.0
2026-02-09 22:20:00,2026-02-09 23:05:00,BUY,LOSS,SL,-1.2004191372864936,-5.9895434814217765,-6.689543481421777,0.0003326362320947269,54.26610715290652,0.0029381581514020816,45.0
2026-02-09 23:10:00,2026-02-10 00:00:00,BUY,LOSS,SL,-1.2818385267048802,-5.912570237287894,-6.612570237287895,0.0003075046824858393,40.18728508029521,0.0027597044969429607,50.0
2026-02-10 00:05:00,2026-02-10 01:25:00,BUY,LOSS,SL,-1.7953686889235465,-8.35193067256342,-9.051930672563419,0.0003101287115041849,40.31620069342277,0.0024637975229462317,80.0
2026-02-10 02:25:00,2026-02-10 02:35:00,BUY,LOSS,SL,-1.258521571588859,-4.868149160064505,-5.568149160064505,0.0002578766106710022,42.534442987903354,0.0015988236826358637,10.0
2026-02-10 03:00:00,2026-02-10 03:25:00,BUY,LOSS,SL,-1.2635756033657077,-4.7939778463202956,-5.493977846320296,0.00025293185642128043,40.378178554146544,0.0013431333626610087,25.0
2026-02-10 03:35:00,2026-02-10 04:45:00,BUY,WIN,TP,1.7731355540828413,7.81583710446332,7.11583710446332,0.0002938612368154707,47.79070632382734,0.0011375364143397793,70.0
2026-02-10 05:30:00,2026-02-10 06:25:00,BUY,LOSS,SL,-1.2046426004579684,-5.886568083879439,-6.586568083879439,0.00032577120559198266,53.871275888913516,0.001120812825155637,55.0
2026-02-10 06:40:00,2026-02-10 07:40:00,BUY,LOSS,SL,-1.2786372212530697,-5.0477855652347845,-5.747785565234785,0.0002631857043489433,43.422541104103765,0.0010231288747026834,60.0
2026-02-10 07:55:00,2026-02-10 08:30:00,BUY,LOSS,SL,-1.2874119363934624,-4.927259277409123,-5.627259277409123,0.00025515061849400915,44.72318287784141,0.0008004154875551617,35.0
2026-02-10 08:35:00,2026-02-10 09:35:00,BUY,LOSS,SL,-1.2077505982409715,-5.813463876720547,-6.5134638767205475,0.0003208975917813999,40.55418691779238,0.0007030787162614072,60.0
2026-02-10 09:40:00,2026-02-10 10:40:00,BUY,WIN,TP,1.82285951225058,10.290473597618256,9.590473597618256,0.00037634911992061884,40.54748934370002,0.0005133041711875563,60.0
2026-02-10 11:00:00,2026-02-10 13:25:00,BUY,LOSS,SL,-1.1470634227746217,-7.7997873375524875,-8.499787337552487,0.00045331915583683333,53.227209842567014,0.0005017304742855888,145.0
2026-02-10 14:05:00,2026-02-10 14:35:00,BUY,LOSS,SL,-1.1944436049916363,-6.142879345623186,-6.842879345623186,0.00034285862304149234,47.93432045932167,0.00039209501809045477,30.0
2026-02-10 15:40:00,2026-02-10 16:00:00,SELL,LOSS,SL,-1.1244075417981005,-9.038097896210239,-9.738097896210238,0.0005358731930807324,50.233200751184654,-6.184304597356416e-05,20.0
2026-02-10 16:05:00,2026-02-10 16:05:00,SELL,LOSS,SL,-1.1181006983561015,-9.467350438392529,-10.167350438392528,0.0005644900292261433,54.81239912102166,-4.970142792748433e-05,0.0
2026-02-10 16:50:00,2026-02-10 17:30:00,BUY,LOSS,SL,-1.1012244318929731,-10.879037909121813,-11.579037909121812,0.0006586025272747225,49.85981348769738,0.0002625096039112762,40.0
2026-02-10 17:35:00,2026-02-10 17:50:00,BUY,WIN,TP,1.8859795951038945,16.54072003008922,15.84072003008922,0.0005846906676696374,40.3741926494483,0.00020814194018337062,15.0
2026-02-10 18:05:00,2026-02-10 18:15:00,BUY,LOSS,SL,-1.1017775898533653,-10.825345652620943,-11.525345652620942,0.0006550230435080982,54.54882422666893,0.0002416256473016798,10.0
2026-02-10 18:20:00,2026-02-10 20:20:00,BUY,LOSS,SL,-1.103018918347705,-10.706954955834846,-11.406954955834845,0.0006471303303889525,43.52786287095835,0.00022223897253637048,120.0
2026-02-10 21:20:00,2026-02-10 21:55:00,SELL,LOSS,SL,-1.1836853199233779,-6.444093193822663,-7.1440931938226635,0.0003629395462547901,48.001361527482125,-0.00042880115828070053,35.0
2026-02-10 22:05:00,2026-02-11 00:00:00,SELL,WIN,TP,1.766108821685209,8.30608370032292,7.6060837003229205,0.0003135361233440919,56.03145515012961,-0.0004148942797392863,115.0
2026-02-11 00:10:00,2026-02-11 01:45:00,SELL,WIN,TP,1.1536444310695726,5.043370129116191,4.343370129116191,0.0002914456709705105,48.52919529468331,-0.00040533837993828037,95.0
2026-02-11 02:05:00,2026-02-11 02:25:00,SELL,LOSS,SL,-1.304076285642425,-4.288648432044905,-4.988648432044905,0.00021924322880305784,46.076904911745864,-0.000603272563696633,20.0
2026-02-11 02:30:00,2026-02-11 02:40:00,SELL,LOSS,SL,-1.2821227663845356,-4.544556197343507,-5.244556197343507,0.0002363037464895205,59.3400360734119,-0.000604821991204707,10.0
2026-02-11 03:35:00,2026-02-11 04:00:00,SELL,LOSS,SL,-1.2294784113845227,-5.357708396038884,-6.057708396038884,0.0002905138930692155,54.96466894671152,-0.0003476008815375131,25.0
2026-02-11 04:15:00,2026-02-11 04:20:00,SELL,LOSS,SL,-1.1991872900660365,-6.020400647393064,-6.720400647393064,0.0003346933764928617,59.76689640365547,-0.00023834180666804095,5.0
2026-02-11 05:15:00,2026-02-11 06:15:00,BUY,WIN,TP,1.7258726725079168,7.555055623081986,6.855055623081986,0.0002918351874360608,54.239561930282136,0.00010078141559732856,60.0
2026-02-11 06:45:00,2026-02-11 07:35:00,BUY,WIN,TP,1.7351230248587046,6.550675172627308,5.850675172627308,0.0002516891724209283,47.37670062533181,0.0004341914902536992,50.0
2026-02-11 08:30:00,2026-02-11 08:35:00,BUY,LOSS,SL,-1.1993013781111335,-6.017526770147995,-6.7175267701479955,0.0003345017846765413,54.879461999176556,0.0007683288406585831,5.0
2026-02-11 08:40:00,2026-02-11 09:05:00,BUY,LOSS,SL,-1.1917316650415857,-6.215622572218859,-6.915622572218859,0.00034770817148129874,51.02372353695772,0.0007759568992113941,25.0
2026-02-11 09:10:00,2026-02-11 12:55:00,BUY,WIN,TP,1.8303959108431807,10.792168514019874,10.092168514019875,0.00039307228380068066,49.59847855947958,0.0007820082059419864,225.0
2026-02-11 13:05:00,2026-02-11 13:30:00,BUY,LOSS,SL,-1.1782833280532259,-6.609049432269142,-7.309049432269142,0.00037393662881793685,45.247948139403015,0.0007512646249487887,25.0
2026-02-11 13:50:00,2026-02-11 14:05:00,BUY,LOSS,SL,-1.1667811346881387,-6.995881979516948,-7.695881979516948,0.0003997254653010668,41.78671251036861,0.0005908878580451749,15.0
2026-02-11 17:10:00,2026-02-11 19:05:00,SELL,LOSS,SL,-1.069484301884826,-15.391739902022138,-16.091739902022137,0.0009594493268014773,47.89124311666838,-0.0016037942401327943,115.0
2026-02-11 19:50:00,2026-02-12 00:00:00,SELL,WIN,TP,1.8847301494111839,16.35059072063949,15.650590720639492,0.0005783530240213158,59.04645683001047,-0.0014412570587767348,250.0
2026-02-12 00:30:00,2026-02-12 02:25:00,SELL,LOSS,SL,-1.438607315998161,-6.231893086817474,-6.931893086817474,0.0002887928724544438,48.06562572958055,-0.0011199108982973272,115.0
2026-02-12 02:30:00,2026-02-12 03:40:00,SELL,LOSS,SL,-1.2180251369534314,-5.5866270925154495,-6.28662709251545,0.0003057751395009666,58.132587756976086,-0.0009478021390050273,70.0
2026-02-12 03:50:00,2026-02-12 04:00:00,SELL,LOSS,SL,-1.2008727603470393,-5.978275791462927,-6.678275791462927,0.0003318850527642096,55.211811595345544,-0.0006939106038656995,10.0
2026-02-12 04:10:00,2026-02-12 05:40:00,SELL,WIN,TP,1.805278638693253,9.2710867805067,8.5710867805067,0.0003423695593502564,59.51024153762812,-0.000605229247331085,90.0
2026-02-12 07:55:00,2026-02-12 08:30:00,SELL,WIN,TP,1.7877893193788519,8.424596321683243,7.724596321683243,0.00031415321072278716,48.616209788700075,-0.000911737818051872,35.0
2026-02-12 08:45:00,2026-02-12 09:20:00,SELL,LOSS,SL,-1.1548041847632298,-7.459773691063209,-8.159773691063208,0.000430651579404201,50.41533201272531,-0.0010087414728963129,35.0
2026-02-12 09:35:00,2026-02-12 10:05:00,SELL,LOSS,SL,-1.1513260367899407,-7.608248132395911,-8.30824813239591,0.000440549875493083,59.83799205980956,-0.0008938010770593863,30.0
2026-02-12 10:40:00,2026-02-12 10:50:00,SELL,LOSS,SL,-1.159341245272998,-7.27583899125872,-7.97583899125872,0.00041838926608388384,53.49111174821822,-0.0005210089410261354,10.0
2026-02-12 11:35:00,2026-02-12 12:50:00,SELL,WIN,TP,1.8402791565414398,11.52184722226879,10.82184722226879,0.0004173949074089703,59.935582111331726,-0.00014438387254434026,75.0
2026-02-12 12:55:00,2026-02-12 14:50:00,BUY,LOSS,SL,-1.1718421218269368,-6.81929499803957,-7.5192949980395705,0.0003879529998692766,41.00519963840353,9.343996563337953e-05,115.0
2026-02-12 15:00:00,2026-02-12 16:00:00,BUY,WIN,TP,1.83882470783993,11.408849850371606,10.708849850371607,0.00041362832834572255,40.00449412532466,0.00011502420287823334,60.0
2026-02-12 16:05:00,2026-02-12 16:10:00,BUY,LOSS,SL,-1.1442865674949307,-7.930652086065692,-8.630652086065691,0.0004620434724044244,54.44815030193001,0.00014921216628516198,5.0
2026-02-12 16:15:00,2026-02-12 18:10:00,BUY,LOSS,SL,-1.1260466208374915,-8.933572461964467,-9.633572461964466,0.0005289048307977023,46.98057174223125,0.0001595743005391448,115.0
2026-02-12 18:40:00,2026-02-12 19:05:00,BUY,LOSS,SL,-1.0981205928947158,-11.191540536990118,-11.891540536990117,0.0006794360357993604,44.52898337846902,0.00010622894015677176,25.0
2026-02-12 19:20:00,2026-02-13 09:05:00,SELL,WIN,TP,1.9054914511943375,20.162106764720523,19.462106764720524,0.0007054035588240527,47.04812232216642,-0.00011134821677161177,825.0
2026-02-13 09:50:00,2026-02-13 10:55:00,SELL,LOSS,SL,-1.1699867947902571,-6.882809904345088,-7.582809904345088,0.00039218732695640174,52.61486920606771,-0.0007596293063019122,65.0
2026-02-13 11:20:00,2026-02-13 12:40:00,SELL,WIN,TP,1.8048778277972617,9.249988391508591,8.549988391508592,0.0003416662797169691,58.88048527561173,-0.0005602070745192034,80.0
2026-02-13 13:00:00,2026-02-13 14:30:00,SELL,LOSS,SL,-1.195073400774314,-6.1262755251646475,-6.826275525164648,0.00034175170167770807,47.732952790106225,-0.0005098381229691196,90.0
2026-02-13 14:35:00,2026-02-13 15:30:00,SELL,LOSS,SL,-1.205261474070257,-5.871834836661648,-6.571834836661648,0.00032478898911082,59.57854843023963,-0.00042984134430579246,55.0
2026-02-13 15:45:00,2026-02-13 15:50:00,SELL,LOSS,SL,-1.1081254485280911,-10.2485165482592,-10.9485165482592,0.0006165677698838807,54.63751100558679,-0.00023478690022615822,5.0
2026-02-13 16:05:00,2026-02-13 17:55:00,SELL,WIN,TP,1.9000586731592488,19.01174152097107,18.311741520971072,0.0006670580506990275,59.86290683021926,-0.00010721814000191898,110.0
2026-02-13 18:15:00,2026-02-13 18:20:00,SELL,LOSS,SL,-1.1111282307368266,-9.998613523940602,-10.698613523940601,0.0005999075682626387,46.54432992641887,-0.0001326315489269536,5.0
2026-02-13 18:25:00,2026-02-13 19:10:00,SELL,LOSS,SL,-1.112814476325061,-9.864110640540712,-10.564110640540711,0.0005909407093693184,57.07526548787646,-0.00011461149774727453,45.0
2026-02-13 20:00:00,2026-02-13 21:50:00,BUY,LOSS,SL,-1.1464594078400379,-7.8278304190072525,-8.527830419007252,0.0004551886946004679,54.71215560669997,0.00035539768110282033,110.0
2026-02-13 21:55:00,2026-02-13 22:00:00,BUY,LOSS,SL,-1.2018584445032234,-5.953966639646978,-6.6539666396469785,0.0003302644426431124,42.12335168026628,0.0004529147576690651,5.0
2026-02-13 22:05:00,2026-02-16 02:25:00,BUY,LOSS,SL,-1.306466965171449,-6.394491643367971,-7.094491643367971,0.0003262994428912553,40.35878187484373,0.0004183215056079437,3140.0
2026-02-16 02:35:00,2026-02-16 10:25:00,BUY,LOSS,SL,-1.2397892963646788,-5.170327930230755,-5.870327930230755,0.0002780218620154421,41.17014381647639,8.368910658473894e-06,470.0
2026-02-16 10:30:00,2026-02-16 11:05:00,SELL,LOSS,SL,-1.1813177700247572,-6.5151792340235595,-7.21517923402356,0.0003676786156016314,45.99987939359135,-8.64594513614314e-05,35.0
2026-02-16 11:10:00,2026-02-16 14:25:00,SELL,WIN,TP,1.8307167422374022,10.814517433264005,10.114517433264005,0.0003938172477754367,52.79282690229323,-9.691653608046025e-05,195.0
2026-02-16 15:50:00,2026-02-16 16:25:00,SELL,LOSS,SL,-1.1931915876289132,-6.176208820856232,-6.876208820856232,0.00034508058805706734,50.023284487273685,-0.00046901007337019074,35.0
2026-02-16 16:40:00,2026-02-16 18:50:00,SELL,WIN,TP,1.8110337034467148,9.583897956808475,8.883897956808475,0.0003527965985602767,49.61319607011858,-0.0004228518232924916,130.0
2026-02-16 19:10:00,2026-02-16 19:40:00,SELL,WIN,TP,1.7803089402667902,8.10369316998505,7.40369316998505,0.0003034564389995001,46.57696355286157,-0.0005459280445589965,30.0
2026-02-16 20:15:00,2026-02-16 21:55:00,SELL,LOSS,SL,-1.2607303144709887,-4.835380638530506,-5.535380638530506,0.0002556920425686761,45.77195334207897,-0.0006552620768016659,100.0
2026-02-16 22:05:00,2026-02-17 00:00:00,SELL,WIN,TP,1.502350422436845,3.6226706264853368,2.9226706264853366,0.00016075568754950716,57.022576655048674,-0.0005552929166485754,115.0
2026-02-17 00:35:00,2026-02-17 01:20:00,SELL,WIN,TP,0.4239486884118489,0.8607814941950869,0.1607814941950868,0.0001353593831398284,47.23355008915643,-0.00042776763366592085,45.0
2026-02-17 01:40:00,2026-02-17 02:40:00,SELL,WIN,TP,1.5002828166635576,3.302490195176689,2.602490195176689,0.00014674967317252442,49.068426539691515,-0.00044564094081978034,60.0
2026-02-17 04:00:00,2026-02-17 05:30:00,SELL,WIN,TP,1.7362299163937294,6.582361019309314,5.882361019309314,0.0002527453673102864,47.902119612863075,-0.0006188571379668328,90.0
2026-02-17 05:50:00,2026-02-17 08:00:00,SELL,LOSS,SL,-1.2930057665691617,-4.412902113528737,-5.112902113528738,0.00022752680756860018,45.5501182211981,-0.0006990282694119276,130.0
2026-02-17 08:10:00,2026-02-17 09:15:00,SELL,WIN,TP,1.7466214754357785,6.8933287793026,6.1933287793025995,0.0002631109593100787,59.47805268504791,-0.000654948133781863,65.0
2026-02-17 10:20:00,2026-02-17 10:45:00,SELL,LOSS,SL,-1.1779904359222348,-6.61827940259052,-7.3182794025905205,0.0003745519601726333,45.94959853645106,-0.0007476064518849856,25.0
2026-02-17 11:00:00,2026-02-17 11:20:00,SELL,LOSS,SL,-1.1793263020109597,-6.57642681963566,-7.2764268196356605,0.0003717617879757276,57.186998974218355,-0.00066539651431885,20.0
2026-02-17 11:45:00,2026-02-17 13:50:00,SELL,WIN,TP,1.8114808701479022,9.609002924897304,8.909002924897305,0.00035363343082992225,58.63253182547143,-0.0004624820429917076,125.0
2026-02-17 15:55:00,2026-02-17 17:20:00,SELL,WIN,TP,1.8656939889812922,13.891366252529625,13.191366252529626,0.0004963788750842894,46.200444369829924,-0.00085191228120296,85.0
2026-02-17 18:10:00,2026-02-17 18:15:00,SELL,LOSS,SL,-1.1224028501297452,-9.169744404971091,-9.86974440497109,0.0005446496269980209,51.78621484951485,-0.0013986898386000313,5.0
2026-02-17 19:45:00,2026-02-17 20:00:00,SELL,LOSS,SL,-1.1503612850743898,-7.650648133961212,-8.350648133961212,0.00044337654226413723,59.11781999087133,-0.0006991235915967398,15.0
2026-02-17 21:20:00,2026-02-18 01:00:00,BUY,WIN,TP,1.8260339228163323,10.496494215297304,9.796494215297304,0.00038321647384327844,54.389808091697496,8.047514400311151e-05,220.0
2026-02-18 01:30:00,2026-02-18 02:35:00,BUY,LOSS,SL,-1.3216749900679092,-4.108727849152615,-4.808727849152615,0.00020724852327683895,52.77797909161063,0.0007632446121770275,65.0
2026-02-18 02:40:00,2026-02-18 03:00:00,BUY,LOSS,SL,-1.3515124858835141,-4.229334075389067,-4.929334075389067,0.00020862227169264266,41.169836585130405,0.0007090079737241961,20.0
2026-02-18 03:45:00,2026-02-18 04:10:00,BUY,LOSS,SL,-1.3544044089075316,-4.203798859023232,-4.903798859023232,0.0002069199239348785,41.08296995258336,0.0004852661469980646,25.0
2026-02-18 04:25:00,2026-02-18 06:00:00,BUY,LOSS,SL,-1.280610186316014,-4.563662506798071,-5.263662506798071,0.00023757750045318946,41.54632445586306,0.0003695944216091096,95.0
2026-02-18 06:15:00,2026-02-18 09:15:00,BUY,LOSS,SL,-1.323438909910468,-4.091773962127231,-4.791773962127231,0.00020611826414180552,41.11798962559463,0.00012292487212395287,180.0
2026-02-18 10:20:00,2026-02-18 14:25:00,SELL,LOSS,SL,-1.2022098140236646,-5.945358388406262,-6.645358388406263,0.0003296905592270249,45.56157352679959,-0.0002274478093102772,245.0
2026-02-18 14:55:00,2026-02-18 15:00:00,SELL,LOSS,SL,-1.2121481634582805,-5.71368681066453,-6.41368681066453,0.0003142457873777077,52.04657879008618,-0.000248443989868008,5.0
2026-02-18 15:25:00,2026-02-18 15:45:00,SELL,WIN,TP,1.8094223979651536,9.494412662587216,8.794412662587217,0.0003498137554195701,53.08435734464127,-0.00014166408944848996,20.0
2026-02-18 17:05:00,2026-02-18 18:30:00,SELL,WIN,TP,1.8739728633546329,14.869598034459198,14.169598034459199,0.0005289866011486132,50.2165151909344,-0.0007147928727704311,85.0
2026-02-18 23:10:00,2026-02-19 03:00:00,SELL,LOSS,SL,-1.2774969725463756,-5.9847357939472365,-6.684735793947238,0.0003123157195965293,48.97105320196294,-0.002348524092148585,230.0
2026-02-19 03:25:00,2026-02-19 03:50:00,SELL,LOSS,SL,-1.283622854766073,-4.525808950850529,-5.225808950850529,0.00023505393005675848,57.313121182334754,-0.0016038462817584698,25.0
2026-02-19 04:25:00,2026-02-19 04:30:00,SELL,LOSS,SL,-1.3039577529411066,-4.289930887842019,-4.989930887842019,0.00021932872585607175,51.749735531756535,-0.0013130826610860957,5.0
2026-02-19 04:50:00,2026-02-19 05:25:00,SELL,WIN,TP,1.6934305595063122,5.523807450538044,4.823807450538044,0.00021746024835126514,56.90441720489042,-0.0011999993635130046,35.0
2026-02-19 06:00:00,2026-02-19 06:20:00,SELL,WIN,TP,1.6615110857672055,5.399474303276465,4.699474303276465,0.0002166491434425543,48.59122195990085,-0.0010725447445723013,20.0
2026-02-19 06:35:00,2026-02-19 07:40:00,SELL,LOSS,SL,-1.2906483942956655,-4.440583260139185,-5.140583260139185,0.00022937221734267127,47.422258923622465,-0.0010606487214075422,65.0
2026-02-19 07:50:00,2026-02-19 08:15:00,SELL,LOSS,SL,-1.3433770999280839,-4.6947001423546455,-5.394700142354646,0.00023298000949026123,58.102036421620966,-0.0009416975454001886,25.0
2026-02-19 09:05:00,2026-02-19 09:35:00,SELL,LOSS,SL,-1.2454711375964995,-5.0737986949968,-5.7737986949968,0.0002715865796664922,53.91983932330253,-0.0006085369992545608,30.0
2026-02-19 10:10:00,2026-02-19 10:20:00,SELL,LOSS,SL,-1.2245008229584835,-5.454326656009311,-6.154326656009311,0.00029695511040069353,58.77431891805137,-0.0003557825986340024,10.0
2026-02-19 10:25:00,2026-02-19 11:05:00,SELL,LOSS,SL,-1.1983338845907503,-6.042002792732259,-6.742002792732259,0.00033613351951542364,55.667889382055236,-0.0002960498770896436,40.0
2026-02-19 11:20:00,2026-02-19 12:25:00,SELL,WIN,TP,1.8162576502047112,9.884806917013101,9.184806917013102,0.0003628268972338049,50.25183041034447,-8.753176351472547e-05,65.0
2026-02-19 16:00:00,2026-02-19 16:10:00,SELL,WIN,TP,1.8367715644677542,15.753873899886651,15.053873899886652,0.0005717957966628694,46.776130362667374,-0.0015140231178378816,10.0
2026-02-19 17:05:00,2026-02-19 17:05:00,SELL,LOSS,SL,-1.0880625064484837,-12.355570495656941,-13.05557049565694,0.0007570380330437755,54.404152490839195,-0.0020158117147737187,0.0
2026-02-19 17:15:00,2026-02-19 17:45:00,SELL,LOSS,SL,-1.0852529227296228,-12.729803131459438,-13.429803131459437,0.0007819868754305904,53.32832326896543,-0.0019745736874139386,30.0
2026-02-19 17:50:00,2026-02-20 07:05:00,SELL,WIN,TP,1.908040206212159,20.748635111322745,20.048635111322746,0.0007249545037107654,59.931473234227035,-0.0018081384281127821,795.0
2026-02-20 07:25:00,2026-02-20 09:05:00,SELL,LOSS,SL,-1.3590534414735709,-3.7851007245494053,-4.4851007245494054,0.00018567338163659241,48.15604530511702,-0.0009336993730917342,100.0
2026-02-20 09:30:00,2026-02-20 09:35:00,SELL,LOSS,SL,-1.2663976114982138,-4.753787409639386,-5.453787409639387,0.0002502524939759651,55.76173191432222,-0.0007966429802133135,5.0
2026-02-20 09:45:00,2026-02-20 10:05:00,SELL,WIN,TP,1.7725826305440786,7.7944030167474985,7.094403016747498,0.0002931467672249445,51.3912222310032,-0.0007485646971854276,20.0
2026-02-20 10:20:00,2026-02-20 10:30:00,SELL,LOSS,SL,-1.1842880952651802,-6.426286481289289,-7.126286481289289,0.00036175243208601444,46.7793180795598,-0.0008077659433001205,10.0
2026-02-20 10:35:00,2026-02-20 11:10:00,SELL,LOSS,SL,-1.1656809595577402,-7.035696574122618,-7.735696574122618,0.00040237977160819495,57.81991266919366,-0.0007747158171034219,35.0
2026-02-20 11:50:00,2026-02-20 14:45:00,SELL,LOSS,SL,-1.1889803892055384,-6.291554347008898,-6.991554347008898,0.0003527702898005885,57.80986234445192,-0.000408707206719372,175.0
2026-02-20 15:00:00,2026-02-20 15:25:00,BUY,WIN,TP,1.7974910250342728,8.87610549277873,8.176105492778731,0.0003292035164259536,49.38833791641127,4.2223467011659466e-05,25.0
2026-02-20 15:35:00,2026-02-20 17:00:00,BUY,WIN,TP,1.8678876440592465,14.138629432216444,13.438629432216445,0.0005046209810738847,43.14777659355917,0.00011985534185066093,85.0
2026-02-20 17:05:00,2026-02-20 17:10:00,BUY,WIN,TP,1.9221145018943115,24.678721310686825,23.978721310686826,0.0008559573770229127,50.18733926459083,5.145086650615305e-05,5.0
2026-02-20 17:50:00,2026-02-20 19:20:00,BUY,LOSS,SL,-1.0660698754245719,-16.135490926445616,-16.835490926445615,0.0010090327284297362,54.1937248269225,0.0006620849415126528,90.0
2026-02-20 19:30:00,2026-02-20 20:25:00,BUY,WIN,TP,1.9009590161660146,19.193660468359464,18.493660468359465,0.0006731220156119793,41.00719070262811,0.0007425840973391828,55.0
2026-02-20 21:00:00,2026-02-23 01:10:00,BUY,WIN,TP,1.8982307884147331,18.652309071140905,17.952309071140906,0.0006550769690379973,51.96613193603372,0.0009578454718848217,3130.0
2026-02-23 03:20:00,2026-02-23 05:20:00,BUY,LOSS,SL,-1.1313403116738163,-8.613808641504516,-9.313808641504515,0.0005075872427669803,54.28365323877677,0.002424836285217058,120.0
2026-02-23 05:35:00,2026-02-23 08:20:00,BUY,WIN,TP,1.8005287450964973,9.026507332936418,8.32650733293642,0.00033421691109785767,42.3365019287698,0.0022950888867292463,165.0
2026-02-23 09:00:00,2026-02-23 09:30:00,BUY,LOSS,SL,-1.255215725047892,-4.9182538607773765,-5.618253860777377,0.0002612169240518615,50.328358870719,0.0016925557474276598,30.0
2026-02-23 09:35:00,2026-02-23 10:00:00,BUY,LOSS,SL,-1.2178373718159052,-5.590580540262401,-6.290580540262401,0.0003060387026842171,43.73136236361822,0.001595274265292712,25.0
2026-02-23 10:10:00,2026-02-23 10:25:00,BUY,LOSS,SL,-1.180858075342096,-6.529197400273578,-7.229197400273578,0.0003686131600182529,45.1338466182484,0.001483206772285861,15.0
2026-02-23 10:30:00,2026-02-23 10:30:00,BUY,LOSS,SL,-1.166256926789938,-7.01478698847524,-7.7147869884752405,0.00040098579923161196,41.43663167511412,0.001371964930519054,0.0
2026-02-23 11:45:00,2026-02-23 11:50:00,BUY,LOSS,SL,-1.1865424968244478,-6.360708776944723,-7.060708776944723,0.00035738058512965135,42.61961869174782,0.0007825837499735311,5.0
2026-02-23 15:10:00,2026-02-23 15:15:00,SELL,LOSS,SL,-1.1764488640576793,-6.667364340034009,-7.367364340034009,0.0003778242893355804,47.5590047811966,-0.0009885139645287033,5.0
2026-02-23 15:20:00,2026-02-23 15:30:00,SELL,LOSS,SL,-1.1658157928709025,-7.030788640130069,-7.730788640130069,0.00040205257600873584,58.39012390072628,-0.0009930572153920014,10.0
2026-02-23 15:55:00,2026-02-23 16:00:00,SELL,LOSS,SL,-1.1652470682331926,-7.051544579228629,-7.7515445792286295,0.0004034363052818969,56.01082269726309,-0.0008873648318421523,5.0
2026-02-23 16:25:00,2026-02-23 16:40:00,SELL,LOSS,SL,-1.1645087825830376,-7.078702816338932,-7.7787028163389325,0.00040524685442254964,55.59576731102542,-0.0007505566146059905,15.0
2026-02-23 17:25:00,2026-02-23 22:50:00,SELL,WIN,TP,1.8577648113005227,13.061218031085065,12.361218031085066,0.0004687072677028262,57.978931609218414,-0.000426206868050949,325.0
2026-02-23 23:05:00,2026-02-24 02:35:00,SELL,LOSS,SL,-1.2596385579647162,-4.851508065053633,-5.551508065053633,0.00025676720433692876,47.87887367826012,-0.0004276992853744499,210.0
2026-02-24 02:45:00,2026-02-24 03:00:00,SELL,WIN,TP,1.6975000105921303,5.611570479440054,4.911570479440054,0.0002203856826479885,54.0133434602785,-0.00040761744229489416,15.0
2026-02-24 04:10:00,2026-02-24 06:05:00,SELL,WIN,TP,1.7924037905797754,8.634087277323733,7.934087277323733,0.0003211362425774269,50.09966947939666,-0.0006680879939910955,115.0
2026-02-24 07:35:00,2026-02-24 07:50:00,SELL,LOSS,SL,-1.384965772219068,-3.9573968892331437,-4.657396889233143,0.00019049312594894539,46.68260254444837,-0.001080986782573845,15.0
2026-02-24 07:55:00,2026-02-24 07:55:00,SELL,LOSS,SL,-1.3037979587291946,-4.291661353430619,-4.99166135343062,0.00021944409022877265,57.62521305553286,-0.0010686639451527036,0.0
2026-02-24 08:25:00,2026-02-24 09:05:00,SELL,WIN,TP,1.7037424376620651,5.750882523358648,5.050882523358648,0.00022502941744525533,59.33804313132768,-0.0009428164521902982,40.0
2026-02-24 09:20:00,2026-02-24 09:30:00,SELL,LOSS,SL,-1.2146996670990595,-5.6576690756516825,-6.357669075651683,0.0003105112717101439,50.44800116196802,-0.0008087768754956315,10.0
2026-02-24 09:35:00,2026-02-24 10:20:00,SELL,LOSS,SL,-1.1962607610300875,-6.095262011374224,-6.795262011374224,0.0003396841340915501,59.899352926917835,-0.0007845099306253989,45.0
2026-02-24 10:50:00,2026-02-24 11:30:00,SELL,LOSS,SL,-1.172131858191571,-6.809499824762643,-7.509499824762643,0.00038729998831743735,59.6180370093848,-0.0005114182279666313,40.0
2026-02-24 11:45:00,2026-02-24 14:10:00,SELL,WIN,TP,1.818592721690806,10.024915971624694,9.324915971624694,0.00036749719905413813,56.25278090799864,-0.00025339743252095204,145.0
2026-02-24 15:00:00,2026-02-24 15:35:00,SELL,WIN,TP,1.7906214660324256,8.552077579766394,7.8520775797663935,0.00031840258599219543,55.56069070356628,-0.00032065387607760343,35.0
2026-02-24 16:05:00,2026-02-24 17:30:00,SELL,LOSS,SL,-1.178469603047464,-6.603195070333911,-7.303195070333911,0.0003735463380222489,47.437672923455025,-0.00047052313056306083,85.0
2026-02-24 17:40:00,2026-02-24 18:05:00,SELL,LOSS,SL,-1.141742849098192,-8.055029628388887,-8.755029628388886,0.00047033530855922846,52.53572076632001,-0.000594379197783601,25.0
2026-02-24 18:50:00,2026-02-24 23:55:00,SELL,WIN,TP,1.8493721140416663,12.277753898459643,11.577753898459644,0.0004425917966153531,58.28549226324025,-0.00027317623956046866,305.0
2026-02-25 00:35:00,2026-02-25 02:15:00,SELL,LOSS,SL,-1.647220293973936,-4.835631063627487,-5.535631063627487,0.00019570873757522437,45.88961103340805,-0.0003069343734132257,100.0
2026-02-25 02:25:00,2026-02-25 02:35:00,SELL,LOSS,SL,-1.4063790976102262,-3.4607564854606245,-4.160756485460625,0.00016405043236398313,54.19056981940684,-0.00033649776708388757,10.0
2026-02-25 02:45:00,2026-02-25 03:15:00,SELL,LOSS,SL,-1.4094232138251874,-3.786706475978351,-4.486706475978351,0.0001791137650652864,59.067084178397145,-0.00030483302293737857,30.0
2026-02-25 03:25:00,2026-02-25 03:30:00,SELL,LOSS,SL,-1.3094232469213731,-4.231819231261923,-4.931819231261923,0.0002154546154174209,51.45114217169251,-0.00025054171692495686,5.0
2026-02-25 03:40:00,2026-02-25 04:05:00,SELL,LOSS,SL,-1.288204813095849,-4.469754683338433,-5.169754683338433,0.00023131697888923428,55.75413380465284,-0.0002179139703930577,25.0
2026-02-25 05:15:00,2026-02-25 06:55:00,BUY,WIN,TP,1.7839778909403052,8.25831160849988,7.5583116084998805,0.00030861038694999355,54.08263324570018,0.00018060838780620259,100.0
2026-02-25 09:25:00,2026-02-25 09:55:00,BUY,LOSS,SL,-1.2464254799530425,-5.05802192285698,-5.7580219228569804,0.00027053479485710045,50.11332473219392,0.0010725555649058194,30.0
2026-02-25 10:05:00,2026-02-25 10:05:00,BUY,LOSS,SL,-1.2103692307951783,-5.753546876699044,-6.453546876699044,0.00031690312511327136,45.43627779139481,0.0010447812254661404,0.0
2026-02-25 11:35:00,2026-02-25 11:40:00,BUY,LOSS,SL,-1.210025714649649,-5.761321734665369,-6.461321734665369,0.00031742144897771825,44.608178341853254,0.0006219273090988242,5.0
2026-02-25 11:55:00,2026-02-25 12:00:00,BUY,LOSS,SL,-1.1997131773748089,-6.007180863800809,-6.707180863800809,0.000333812057586735,42.10704106264787,0.0005209745634204843,5.0
2026-02-25 12:15:00,2026-02-25 12:30:00,BUY,LOSS,SL,-1.1989110606827202,-6.027372517987239,-6.727372517987239,0.0003351581678658521,40.015553221725106,0.00041328130588391687,15.0
2026-02-25 14:05:00,2026-02-25 14:15:00,SELL,LOSS,SL,-1.2223468928560373,-5.497476835205738,-6.197476835205738,0.00029983178901369127,45.45537686935102,-0.000278579089422637,10.0
2026-02-25 14:20:00,2026-02-25 14:55:00,SELL,LOSS,SL,-1.237841262413971,-5.204484915066864,-5.904484915066864,0.00028029899433785723,57.348432117449235,-0.00029041247874506126,35.0
2026-02-25 15:10:00,2026-02-25 15:15:00,SELL,LOSS,SL,-1.2260649402456565,-5.42350768285138,-6.12350768285138,0.00029490051219003763,55.85142819378741,-0.0002452545171323095,5.0
2026-02-25 15:30:00,2026-02-25 15:55:00,SELL,WIN,TP,1.7888908919823057,8.473774100889898,7.773774100889898,0.00031579247002966934,50.51361262925769,-0.00020211566086181243,25.0
2026-02-25 16:20:00,2026-02-25 16:30:00,SELL,LOSS,SL,-1.1801261517047381,-6.5516647112918704,-7.251664711291871,0.00037011098075280296,46.801035778431554,-0.00033476308902002927,10.0
2026-02-25 16:35:00,2026-02-25 16:45:00,SELL,LOSS,SL,-1.1849541750700403,-6.406744668625674,-7.106744668625674,0.00036044964457502843,54.34790952511952,-0.00031876964400479046,10.0
2026-02-25 16:55:00,2026-02-25 17:05:00,SELL,LOSS,SL,-1.179652212814564,-6.566310508138272,-7.266310508138273,0.00037108736720916914,59.59414672086094,-0.00026978635413876795,10.0
2026-02-25 17:25:00,2026-02-25 17:45:00,SELL,LOSS,SL,-1.1410506005439975,-8.08965432364872,-8.789654323648719,0.00047264362157660233,59.71448942529065,-9.329205893116033e-05,20.0
2026-02-25 20:25:00,2026-02-26 02:20:00,BUY,WIN,TP,1.8089094026314627,9.46623971844518,8.766239718445181,0.0003488746572815211,51.784187653415586,0.0009605885637831157,355.0
2026-02-26 02:50:00,2026-02-26 03:15:00,BUY,WIN,TP,1.691283505012226,5.478435822081519,4.778435822081518,0.00021594786073604114,54.263571515883314,0.001000384130833698,25.0
2026-02-26 04:25:00,2026-02-26 04:30:00,BUY,LOSS,SL,-1.2545410963303756,-4.928638692991537,-5.6286386929915375,0.00026190924619950143,54.221358052442255,0.001295613176417687,5.0
2026-02-26 04:35:00,2026-02-26 04:40:00,BUY,LOSS,SL,-1.2573563409038158,-4.885662954672409,-5.585662954672409,0.00025904419697814386,41.96466065547576,0.0012764490534775685,5.0
2026-02-26 04:50:00,2026-02-26 09:05:00,BUY,LOSS,SL,-1.2741918258033196,-5.111789909408314,-5.811789909408314,0.00026745266062718273,40.207804001964845,0.0012195814509503577,255.0
2026-02-26 09:20:00,2026-02-26 09:25:00,BUY,LOSS,SL,-1.2054385171311703,-5.867636380774254,-6.567636380774254,0.0003245090920515771,48.025759306587574,0.0006722472421416548,5.0
2026-02-26 09:30:00,2026-02-26 10:00:00,BUY,LOSS,SL,-1.2073019908679425,-5.823880348727716,-6.523880348727716,0.00032159202324856913,41.09402934684623,0.0006287353587739464,30.0
2026-02-26 10:35:00,2026-02-26 11:05:00,BUY,LOSS,SL,-1.176001079493921,-6.681783332667223,-7.381783332667223,0.0003787855555112141,40.66942314875511,0.0003248241111566408,30.0
2026-02-26 13:00:00,2026-02-26 13:00:00,SELL,LOSS,SL,-1.215197720189755,-5.646889377444285,-6.346889377444286,0.00030979262516294255,47.69187528588868,-0.0004468857056123543,0.0
2026-02-26 13:05:00,2026-02-26 14:15:00,SELL,LOSS,SL,-1.2146924406578914,-5.657825850484798,-6.357825850484798,0.00031052172336558067,54.80964339742735,-0.0004474698466037097,70.0
2026-02-26 14:25:00,2026-02-26 14:30:00,SELL,LOSS,SL,-1.2641865461588462,-4.785204108761597,-5.4852041087615975,0.00025234694058403885,54.50631992476252,-0.00039868826979594374,5.0
2026-02-26 14:35:00,2026-02-26 14:55:00,SELL,LOSS,SL,-1.2608292393110394,-4.833925991738596,-5.533925991738596,0.0002555950661158326,58.28270549549804,-0.0003759243769934084,20.0
2026-02-26 15:35:00,2026-02-26 16:05:00,SELL,WIN,TP,1.7773904130372116,7.984339027295896,7.284339027295895,0.000299477967576549,58.32421163729209,-0.00012518428673558013,30.0
2026-02-26 16:15:00,2026-02-26 16:45:00,SELL,LOSS,SL,-1.1802043800678281,-6.549254683063776,-7.249254683063776,0.000369950312204272,51.28411048042838,-0.00010838849962402364,30.0
2026-02-26 17:00:00,2026-02-26 17:15:00,SELL,WIN,TP,1.837054939648673,11.274075665035244,10.574075665035245,0.0004091358555011569,59.8737310915992,-1.5137018402056057e-05,15.0
2026-02-26 18:00:00,2026-02-26 19:15:00,SELL,WIN,TP,1.88172990032279,15.910444866948815,15.210444866948816,0.0005636814955649561,46.942917893436096,-0.00030342845370090465,75.0
2026-02-26 20:35:00,2026-02-26 21:15:00,SELL,LOSS,SL,-1.1695543302211675,-6.897814574806759,-7.597814574806759,0.0003931876383204967,52.30818184184908,-0.001199133097502969,40.0
2026-02-27 03:50:00,2026-02-27 04:55:00,SELL,LOSS,SL,-1.2089461164343167,-5.785922883205895,-6.4859228832058955,0.00031906152554699686,59.8186048555564,-0.0007857324215128081,65.0
2026-02-27 07:40:00,2026-02-27 08:25:00,BUY,LOSS,SL,-1.328952210403627,-4.039955252992499,-4.739955252992499,0.0002026636835327962,52.93999486357863,0.0003057972547568788,45.0
2026-02-27 08:30:00,2026-02-27 09:05:00,BUY,LOSS,SL,-1.2869412657664534,-4.485033765808776,-5.185033765808776,0.0002323355843871986,43.22858827926248,0.00037593869828778104,35.0
2026-02-27 09:25:00,2026-02-27 09:40:00,BUY,WIN,TP,1.7451209374170813,6.84685874048785,6.14685874048785,0.00026156195801623963,45.11297614425588,0.00027535681032198056,15.0
2026-02-27 10:35:00,2026-02-27 10:55:00,BUY,LOSS,SL,-1.1927469206550538,-6.188150329984431,-6.888150329984431,0.0003458766886656215,54.870014496300975,0.0005358273112057166,20.0
2026-02-27 11:00:00,2026-02-27 11:05:00,BUY,LOSS,SL,-1.1928812078391142,-6.184538251306048,-6.884538251306048,0.0003456358834204764,47.30710364349908,0.0005497701665566623,5.0
2026-02-27 11:10:00,2026-02-27 11:50:00,BUY,LOSS,SL,-1.1918677510622329,-6.2119232881175925,-6.911923288117593,0.00034746155254112833,40.763332287803166,0.0005287785927514665,40.0
2026-02-27 12:20:00,2026-02-27 15:30:00,BUY,LOSS,SL,-1.1816853332646933,-6.504021607198872,-7.2040216071988725,0.00036693477381321665,42.659597068075264,0.00023522112784624127,190.0
2026-02-27 15:35:00,2026-02-27 15:40:00,BUY,LOSS,SL,-1.1624075888634458,-7.157347738477981,-7.857347738477981,0.0004104898492318531,40.499551890685424,3.87169072457727e-05,5.0
2026-02-27 16:15:00,2026-02-27 16:30:00,SELL,LOSS,SL,-1.1477787691573353,-7.766871897108118,-8.466871897108117,0.0004511247931405542,50.39803431103016,-0.00012745414739301353,15.0
2026-02-27 16:50:00,2026-02-27 17:35:00,SELL,LOSS,SL,-1.128841870557163,-8.761452047192474,-9.461452047192473,0.0005174301364794928,57.49318567265455,-1.4149564333987286e-05,45.0
2026-02-27 17:50:00,2026-02-27 18:35:00,BUY,WIN,TP,1.8865005951512557,16.621237773584042,15.921237773584043,0.0005873745924527683,52.722146162952,8.075858118417045e-05,45.0
2026-02-27 19:25:00,2026-02-27 20:30:00,BUY,LOSS,SL,-1.1416179062032628,-8.061253953046798,-8.761253953046797,0.0004707502635365097,54.43908578712663,0.0006122278589375529,65.0
2026-02-27 20:35:00,2026-02-27 22:30:00,BUY,WIN,TP,1.8209304536240356,10.168844957059054,9.468844957059055,0.0003722948319020022,46.113693232602756,0.0006890091727329573,115.0
2026-02-27 22:55:00,2026-02-27 22:55:00,BUY,LOSS,SL,-1.242210562882566,-5.128639098555098,-5.828639098555098,0.0002752426065703815,53.29985759520809,0.0008556385951610235,0.0
2026-02-27 23:20:00,2026-02-27 23:40:00,BUY,LOSS,SL,-1.2520921298908763,-4.966803725419243,-5.666803725419244,0.00026445358169462394,41.524585772261936,0.0007562033002632695,20.0
2026-03-02 00:00:00,2026-03-02 00:15:00,BUY,LOSS,SL,-1.2795750334795886,-11.899828985587233,-12.599828985587234,0.0006199885990391763,40.210829961752225,0.0006041558197549257,15.0
2026-03-02 01:10:00,2026-03-02 01:25:00,SELL,WIN,TP,1.8981176781948046,18.63049098767211,17.930490987672112,0.0006543496995890617,48.02978665945233,-0.0008569801525695198,15.0
2026-03-02 02:15:00,2026-03-02 03:00:00,SELL,LOSS,SL,-1.1014738918977358,-10.854751614413182,-11.554751614413181,0.0006569834409608864,46.79738682993607,-0.0016686634139828627,45.0
2026-03-02 03:05:00,2026-03-02 03:10:00,SELL,LOSS,SL,-1.1100932301676172,-10.083210643174855,-10.783210643174854,0.0006055473762116027,56.445100160622964,-0.001795658983845927,5.0
2026-03-02 03:20:00,2026-03-02 03:30:00,SELL,LOSS,SL,-1.109072781343298,-10.168190154174027,-10.868190154174027,0.0006112126769449155,58.60134353733065,-0.001709406988789075,10.0
2026-03-02 04:10:00,2026-03-02 05:25:00,SELL,LOSS,SL,-1.1279709508039082,-8.81427342469554,-9.514273424695538,0.0005209515616462953,55.51110607717176,-0.0013334143036125568,75.0
2026-03-02 05:35:00,2026-03-02 07:05:00,SELL,WIN,TP,1.8119128917778984,9.633370989139301,8.933370989139302,0.0003544456996380116,58.62715787842976,-0.0009385478517407453,90.0
2026-03-02 10:50:00,2026-03-02 11:00:00,SELL,LOSS,SL,-1.0928131524869966,-11.774335029080095,-12.474335029080095,0.0007182890019387208,46.51532829891384,-0.003666900417205632,10.0
2026-03-02 11:05:00,2026-03-02 11:15:00,SELL,LOSS,SL,-1.0943455777588391,-11.599330925251671,-12.29933092525167,0.0007066220616834369,58.230711198937485,-0.003639289934017187,10.0
2026-03-02 11:25:00,2026-03-02 12:20:00,SELL,LOSS,SL,-1.0991803369530198,-11.08264370460532,-11.78264370460532,0.0006721762469736692,59.94761860109411,-0.0034559913031990686,55.0
2026-03-02 12:50:00,2026-03-02 14:15:00,SELL,WIN,TP,1.8800152799890166,15.66878915759229,14.96878915759229,0.00055562630525304,55.091213487258315,-0.002738056206653905,85.0
2026-03-02 15:30:00,2026-03-02 15:55:00,SELL,WIN,TP,1.887183034027159,16.727830054263816,16.027830054263816,0.0005909276684754645,47.15671119299526,-0.0028840845726372244,25.0
2026-03-02 16:10:00,2026-03-02 16:35:00,SELL,LOSS,SL,-1.102621179141491,-10.744577175645475,-11.444577175645474,0.000649638478376361,47.520791319945985,-0.0030833402680294775,25.0
2026-03-02 16:40:00,2026-03-02 17:35:00,SELL,WIN,TP,1.9022315372712955,19.45649429462726,18.75649429462726,0.0006818831431542532,54.44178207670594,-0.003054665619369068,55.0
2026-03-02 18:55:00,2026-03-02 19:10:00,SELL,LOSS,SL,-1.105424512541369,-10.48546003101125,-11.18546003101125,0.0006323640020674392,45.917610426017745,-0.0034761257082998043,15.0
2026-03-02 19:15:00,2026-03-02 19:55:00,SELL,LOSS,SL,-1.1128248138786432,-9.863298467973735,-10.563298467973734,0.0005908865645316548,57.944481471474575,-0.0034017979327738423,40.0
2026-03-02 20:05:00,2026-03-02 21:25:00,SELL,LOSS,SL,-1.1198850929016178,-9.341320641263028,-10.041320641263027,0.0005560880427508022,53.70842399632164,-0.003047833196016869,80.0
2026-03-02 22:05:00,2026-03-02 22:05:00,SELL,WIN,TP,1.8738299734787267,14.851625422800275,14.151625422800276,0.0005283875140933605,58.85299134979448,-0.0022147393035516494,0.0
2026-03-02 22:45:00,2026-03-03 03:20:00,SELL,LOSS,SL,-1.105821124901042,-10.449908994401124,-11.149908994401123,0.0006299939329600114,46.077891426300596,-0.002340936059392895,275.0
2026-03-03 03:45:00,2026-03-03 04:15:00,SELL,WIN,TP,1.810663087906521,9.563180617462198,8.863180617462199,0.0003521060205820731,56.468834397390516,-0.001319181766765709,30.0
2026-03-03 04:30:00,2026-03-03 06:45:00,SELL,WIN,TP,1.8360625782502547,11.199777077457341,10.499777077457342,0.00040665923591527535,48.293211928213196,-0.0012305820810918355,135.0
2026-03-03 08:55:00,2026-03-03 09:10:00,SELL,WIN,TP,1.8278270281537634,10.616225116832801,9.916225116832802,0.00038720750389443663,45.15133398636552,-0.0018035807112986024,15.0
2026-03-03 09:20:00,2026-03-03 09:35:00,SELL,WIN,TP,1.8594742350147724,13.232265522371446,12.532265522371446,0.0004744088507457325,45.767172904091524,-0.0018938082086683572,15.0
2026-03-03 13:45:00,2026-03-03 14:20:00,SELL,LOSS,SL,-1.0902903542359923,-12.075380182763439,-12.775380182763438,0.0007383586788509316,45.10272547708193,-0.0047764825661473775,35.0
2026-03-03 14:25:00,2026-03-03 16:10:00,SELL,WIN,TP,1.910030533180717,21.22976383778663,20.529763837786632,0.0007409921279262304,55.87984883998096,-0.00467043174680426,105.0
2026-03-03 17:35:00,2026-03-03 17:40:00,SELL,LOSS,SL,-1.0617033464984136,-17.2065764135777,-17.9065764135777,0.0010804384275718037,46.13891339725199,-0.0048662228078635295,5.0
2026-03-03 17:45:00,2026-03-03 18:15:00,SELL,LOSS,SL,-1.0619966446968476,-17.129905172930226,-17.829905172930225,0.0010753270115287526,50.65173251494962,-0.004827997341813051,30.0
2026-03-03 18:20:00,2026-03-03 18:45:00,SELL,LOSS,SL,-1.0675884524193593,-15.795426795621847,-16.495426795621846,0.0009863617863748444,58.5226388350702,-0.004554520615044133,25.0
2026-03-03 19:05:00,2026-03-03 20:30:00,SELL,LOSS,SL,-1.0724941065133022,-14.794224773520103,-15.494224773520102,0.0009196149849013246,57.29931929566766,-0.003920378947267267,85.0
2026-03-03 21:10:00,2026-03-03 21:40:00,SELL,LOSS,SL,-1.094793737814147,-11.549220054605346,-12.249220054605345,0.0007032813369736522,53.82885026725073,-0.00226593869268088,30.0
2026-03-03 22:00:00,2026-03-03 22:25:00,SELL,LOSS,SL,-1.0919820420403383,-11.871687318720902,-12.571687318720901,0.0007247791545813455,54.345475069964216,-0.0017266678758209864,25.0
2026-03-03 22:35:00,2026-03-04 02:15:00,SELL,WIN,TP,1.8891855875893437,17.048193881068375,16.348193881068376,0.0006016064627022908,59.56831383844485,-0.0013070156482895001,220.0
2026-03-04 02:20:00,2026-03-04 02:35:00,SELL,WIN,TP,1.8274206559281927,10.588872415506657,9.888872415506658,0.0003862957471835308,45.44651097950909,-0.0006063596645138336,15.0
2026-03-04 03:45:00,2026-03-04 04:50:00,SELL,LOSS,SL,-1.1264620683227615,-8.907509447400152,-9.607509447400151,0.000527167296493337,47.5865206864772,-0.0012178606557173843,65.0
2026-03-04 04:55:00,2026-03-04 05:45:00,SELL,LOSS,SL,-1.1582701499046069,-7.318310816049166,-8.018310816049166,0.00042122072107000496,53.9659305344938,-0.0011770250179030661,50.0
2026-03-04 06:25:00,2026-03-04 06:40:00,SELL,WIN,TP,1.7953861012619192,8.774507070803296,8.074507070803296,0.0003258169023601279,55.70581261748343,-0.000811686818827484,15.0
2026-03-04 07:50:00,2026-03-04 08:20:00,SELL,LOSS,SL,-1.1891785433769664,-6.286011733409701,-6.986011733409701,0.00035240078222738405,45.54429247820965,-0.0009573538293448092,30.0
2026-03-04 08:25:00,2026-03-04 08:25:00,SELL,LOSS,SL,-1.1599498876762444,-7.251958125935708,-7.951958125935708,0.0004167972083957006,56.93394251816497,-0.0009380940160432782,0.0
2026-03-04 10:00:00,2026-03-04 10:25:00,SELL,WIN,TP,1.8717198978345042,14.590882500420289,13.89088250042029,0.0005196960833473616,54.62718602136682,-3.5752622366658215e-05,25.0
2026-03-04 10:50:00,2026-03-04 11:15:00,SELL,LOSS,SL,-1.1133807340150246,-9.819840590090777,-10.519840590090777,0.0005879893726727063,45.52511219709941,-0.0001371321164760353,25.0
2026-03-04 11:20:00,2026-03-04 12:05:00,SELL,LOSS,SL,-1.0988472686208908,-11.116617423545637,-11.816617423545637,0.0006744411615696838,58.713782500417224,-0.00018291905137091113,45.0
2026-03-04 13:45:00,2026-03-04 16:35:00,BUY,LOSS,SL,-1.0921062334043314,-11.857028488073794,-12.557028488073794,0.0007238018992048916,52.16130932021181,0.0011289324622352215,170.0
2026-03-04 16:40:00,2026-03-04 17:00:00,BUY,LOSS,SL,-1.0862025382864051,-12.600586477831243,-13.300586477831242,0.0007733724318554587,44.987756109507266,0.0013226117912679136,20.0
2026-03-04 17:10:00,2026-03-05 03:25:00,BUY,WIN,TP,1.9137332758669308,22.18391036751244,21.48391036751244,0.0007727970122504082,40.50140961225063,0.001089608779636153,615.0
2026-03-05 03:35:00,2026-03-05 03:35:00,BUY,LOSS,SL,-1.195745722962617,-6.108668454487653,-6.808668454487653,0.0003405778969659137,53.30685289228998,0.000682798961232356,0.0
2026-03-05 03:40:00,2026-03-05 03:45:00,BUY,LOSS,SL,-1.1875099868111452,-6.333049279168112,-7.033049279168112,0.0003555366186112092,42.6368001081392,0.0006681359189191216,5.0
2026-03-05 04:20:00,2026-03-05 04:20:00,BUY,LOSS,SL,-1.1734234136305381,-6.766234091841849,-7.466234091841849,0.00038441560612277283,40.43277998826422,0.0004520751322292238,0.0
2026-03-05 04:45:00,2026-03-05 05:10:00,BUY,LOSS,SL,-1.1840506015759442,-6.433288407847847,-7.133288407847847,0.00036221922718982766,41.589824996728815,0.0002856301499203351,25.0
2026-03-05 07:25:00,2026-03-05 07:45:00,SELL,WIN,TP,1.7819307467014507,8.171398396370378,7.471398396370378,0.0003057132798790401,45.49893323942058,-0.0008256575449707704,20.0
2026-03-05 08:55:00,2026-03-05 09:00:00,SELL,LOSS,SL,-1.1242254794524165,-9.049878369622565,-9.749878369622564,0.0005366585579749024,49.58719268251104,-0.00135951729477779,5.0
2026-03-05 09:05:00,2026-03-05 09:35:00,SELL,LOSS,SL,-1.126694421170258,-8.893007369725868,-9.593007369725868,0.0005262004913150854,52.7145592347728,-0.0013469819908926706,30.0
2026-03-05 09:50:00,2026-03-05 10:00:00,SELL,WIN,TP,1.871530474834953,14.567894389199033,13.867894389199034,0.0005189298129732973,54.83718917487441,-0.001229991053230517,10.0
2026-03-05 10:45:00,2026-03-05 11:00:00,SELL,LOSS,SL,-1.1085798573608119,-10.20981132510601,-10.90981132510601,0.0006139874216738076,45.061945336877265,-0.0015045618262170546,15.0
2026-03-05 11:05:00,2026-03-05 11:05:00,SELL,LOSS,SL,-1.077029925117835,-13.981967702425656,-14.681967702425656,0.0008654645134950399,59.50480490837855,-0.0014754070166191902,0.0
2026-03-05 11:35:00,2026-03-05 15:45:00,SELL,WIN,TP,1.9321866595208155,28.492722019996975,27.792722019996976,0.0009830907339998785,57.93077631769523,-0.0009505794994428829,250.0
2026-03-05 16:05:00,2026-03-05 17:25:00,SELL,WIN,TP,1.897861382956767,18.581232426102435,17.881232426102436,0.0006527077475367628,45.7445446842928,-0.00048267743906982297,80.0
2026-03-05 18:45:00,2026-03-05 22:10:00,SELL,LOSS,SL,-1.079431205781626,-13.589510509877222,-14.289510509877221,0.0008393007006584377,48.706323820291345,-0.0017452936437993838,205.0
2026-03-05 23:20:00,2026-03-06 02:15:00,SELL,LOSS,SL,-1.1367060512052485,-9.977958176835465,-10.677958176835464,0.0005851972117890883,58.549266169382435,-0.0007103071904948077,175.0
2026-03-06 02:40:00,2026-03-06 03:35:00,BUY,WIN,TP,1.7325836087928723,6.478973113697052,5.7789731136970515,0.0002492991037899077,51.60612943357603,0.0003101700543646224,55.0
2026-03-06 04:10:00,2026-03-06 07:30:00,BUY,LOSS,SL,-1.188403447791893,-6.307758492321124,-7.007758492321124,0.0003538505661547782,54.89389161435575,0.0005645030480312396,200.0
2026-03-06 07:40:00,2026-03-06 07:45:00,BUY,LOSS,SL,-1.272672538217786,-4.667402689453425,-5.367402689453425,0.0002444935126302581,45.838404026556006,0.0006374502622410461,5.0
2026-03-06 08:25:00,2026-03-06 09:20:00,BUY,WIN,TP,1.7921315639693443,8.621470379028718,7.921470379028718,0.00032071567930099133,43.08291304703533,0.0004128565361896097,55.0
2026-03-06 09:30:00,2026-03-06 10:10:00,BUY,LOSS,SL,-1.1731696862703906,-6.774682749257742,-7.474682749257743,0.0003849788499504951,51.883740973706885,0.00028348803577982196,40.0
2026-03-06 10:15:00,2026-03-06 10:20:00,BUY,LOSS,SL,-1.1427508943636668,-8.005210051100885,-8.705210051100885,0.0004670140034066852,48.90123838542548,0.000276420111553044,5.0
2026-03-06 10:25:00,2026-03-06 11:00:00,BUY,LOSS,SL,-1.1459386069036221,-7.852196421611723,-8.552196421611722,0.0004568130947741362,41.37370918001137,0.0002418294445667435,35.0
2026-03-06 13:15:00,2026-03-06 13:55:00,SELL,WIN,TP,1.8893981760803384,17.08288443287287,16.38288443287287,0.0006027628144291231,47.101201385808665,-0.0011937345530557142,40.0
2026-03-06 14:35:00,2026-03-06 15:30:00,SELL,LOSS,SL,-1.1142310893450302,-9.754184221946293,-10.454184221946292,0.0005836122814631003,45.716104185987284,-0.001842213530590442,55.0
2026-03-06 15:50:00,2026-03-06 17:00:00,SELL,LOSS,SL,-1.0676852709441051,-15.774263086363426,-16.474263086363425,0.0009849508724242963,53.24267538842586,-0.0018226088361739112,70.0
2026-03-06 17:10:00,2026-03-06 18:05:00,SELL,LOSS,SL,-1.0610768383436215,-17.37281868412943,-18.07281868412943,0.0010915212456086522,56.79440431344322,-0.0018756226427938394,55.0
2026-03-06 18:15:00,2026-03-06 18:20:00,SELL,LOSS,SL,-1.0636287817630736,-16.716158195886454,-17.416158195886453,0.0010477438797258057,57.22848642435965,-0.001231835045382823,5.0
2026-03-06 18:25:00,2026-03-06 20:10:00,SELL,LOSS,SL,-1.0660904938972702,-16.130769056657112,-16.83076905665711,0.0010087179371105117,59.600353990553415,-0.0010600770352204858,105.0
2026-03-06 20:30:00,2026-03-06 20:50:00,BUY,LOSS,SL,-1.079519794411274,-13.575485228596417,-14.275485228596416,0.0008383656819063689,54.377104358400395,0.0002516895147945952,20.0
2026-03-06 20:55:00,2026-03-06 23:20:00,BUY,WIN,TP,1.914270102334885,22.32908418732238,21.62908418732238,0.0007776361395773836,44.42751976373826,0.00032402406136733397,145.0
2026-03-06 23:35:00,2026-03-09 00:00:00,BUY,LOSS,SL,-1.145780774252011,-7.859615097607463,-8.559615097607463,0.0004573076731738007,54.83819656935854,0.0008099139471120509,2905.0
2026-03-09 03:35:00,2026-03-09 07:05:00,SELL,LOSS,SL,-1.1088706354866036,-10.185213216864607,-10.885213216864607,0.0006123475477909854,47.15633603043796,-0.003372419911149782,210.0
2026-03-09 07:20:00,2026-03-09 07:20:00,SELL,LOSS,SL,-1.1063828646100966,-10.400010083062682,-11.100010083062681,0.000626667338870843,57.290443483891046,-0.002789821255539726,0.0
2026-03-09 08:25:00,2026-03-09 08:30:00,SELL,LOSS,SL,-1.0875262242089174,-12.425147252017709,-13.125147252017708,0.0007616764834677859,55.784620321996954,-0.0015411023847653471,5.0
2026-03-09 08:50:00,2026-03-09 09:55:00,SELL,LOSS,SL,-1.086598234000981,-12.547579596007385,-13.247579596007384,0.0007698386397338224,53.846215070668116,-0.0012150858178117119,65.0
2026-03-09 10:00:00,2026-03-09 10:20:00,SELL,WIN,TP,1.917448858019234,23.22740560592107,22.52740560592107,0.0008075801868640713,59.68973716737082,-0.0007187843960931861,20.0
2026-03-09 11:00:00,2026-03-09 11:15:00,SELL,LOSS,SL,-1.0757753858036947,-14.196897506937422,-14.896897506937421,0.0008797931671291434,45.2260401920034,-0.0010172547394713405,15.0
2026-03-09 11:20:00,2026-03-09 11:30:00,SELL,LOSS,SL,-1.0765636307394117,-14.061031593493144,-14.761031593493144,0.0008707354395662022,56.739990341405075,-0.000987028254932687,10.0
2026-03-09 11:40:00,2026-03-09 15:25:00,SELL,LOSS,SL,-1.06808702827515,-15.687085416018597,-16.387085416018596,0.0009791390277345494,58.06404594095489,-0.000785557811589177,225.0
2026-03-09 16:15:00,2026-03-09 17:15:00,BUY,WIN,TP,1.924470207437685,25.479617276244927,24.779617276244927,0.0008826539092081702,44.0860094737549,0.0006345696702418913,60.0
2026-03-09 19:00:00,2026-03-09 19:55:00,BUY,LOSS,SL,-1.113611472822498,-9.801927966926026,-10.501927966926026,0.0005867951977951251,50.16324468714678,0.0016270445130088795,55.0
2026-03-09 20:05:00,2026-03-09 21:15:00,BUY,WIN,TP,1.8615064562377814,13.441106391456238,12.741106391456238,0.00048137021304851406,43.06245810495639,0.001501513073516314,70.0
2026-03-10 00:25:00,2026-03-10 01:40:00,BUY,LOSS,SL,-1.1262852123100777,-8.918583511936639,-9.618583511936638,0.0005279055674624265,48.95022016171837,0.003215070156496136,75.0
2026-03-10 02:20:00,2026-03-10 03:25:00,BUY,LOSS,SL,-1.1306538936082453,-8.653809407306422,-9.353809407306422,0.0005102539604871428,52.44278204699049,0.0026492806318529905,65.0
2026-03-10 03:30:00,2026-03-10 05:45:00,BUY,LOSS,SL,-1.1219611573179227,-9.199331836391544,-9.899331836391543,0.0005466221224261057,40.71872932877751,0.002419339513741514,135.0
2026-03-10 06:15:00,2026-03-10 08:00:00,BUY,WIN,TP,1.7996416594775448,8.982115018465354,8.282115018465355,0.00033273716728218284,46.74672933065215,0.0013101383769220654,105.0
2026-03-10 09:15:00,2026-03-10 09:25:00,BUY,WIN,TP,1.863869785071636,13.691815487490878,12.991815487490879,0.0004897271829163472,54.15172334189721,0.0013867269341021338,10.0
2026-03-10 11:00:00,2026-03-10 12:30:00,BUY,LOSS,SL,-1.1112939881104003,-9.98521130366925,-10.685211303669249,0.0005990140869113208,48.8291072218785,0.002225031497847363,90.0
2026-03-10 13:00:00,2026-03-10 14:05:00,BUY,LOSS,SL,-1.0989531345881365,-11.105794062635898,-11.805794062635897,0.0006737196041757882,45.2275602877445,0.001946817658002864,65.0
2026-03-10 14:45:00,2026-03-10 16:55:00,BUY,WIN,TP,1.9002696456460133,19.054074939881428,18.35407493988143,0.0006684691646626869,43.29484792649009,0.0012628787448214496,130.0
2026-03-10 17:10:00,2026-03-10 19:15:00,BUY,WIN,TP,1.8841963537172062,16.270613354574138,15.570613354574139,0.0005756871118191426,53.97775531523496,0.0010561258995420708,125.0
2026-03-10 19:35:00,2026-03-10 19:50:00,BUY,LOSS,SL,-1.10356413861445,-10.655852048582325,-11.355852048582324,0.0006437234699055239,50.721345383630336,0.0013150757265025792,15.0
2026-03-10 19:55:00,2026-03-10 20:10:00,BUY,LOSS,SL,-1.1126918258427672,-9.87375807891555,-10.57375807891555,0.00059158387192764,44.0523295683163,0.0012314571997718016,15.0
2026-03-10 20:30:00,2026-03-10 21:00:00,BUY,LOSS,SL,-1.0816189488441166,-13.252056834374248,-13.952056834374247,0.0008168037889583526,44.0816240980074,0.0008760723545926385,30.0
2026-03-10 21:10:00,2026-03-10 21:30:00,BUY,LOSS,SL,-1.0896922691918185,-12.149232916176643,-12.849232916176643,0.0007432821944117665,40.72096874781859,0.0004927769372777835,20.0
2026-03-10 23:55:00,2026-03-11 02:10:00,SELL,LOSS,SL,-1.2159418137765816,-5.630877098377173,-6.330877098377173,0.00030872513989174357,45.51811590188712,-0.0009175788057764755,135.0
2026-03-11 02:40:00,2026-03-11 02:45:00,SELL,LOSS,SL,-1.1763281738041316,-6.671243445819485,-7.371243445819485,0.0003780828963880366,59.69077859127661,-0.0009275897069884742,5.0
2026-03-11 03:00:00,2026-03-11 03:25:00,SELL,LOSS,SL,-1.1687628518386812,-6.925474647441309,-7.625474647441309,0.0003950316431627101,54.80453549324224,-0.0008215242184499427,25.0
2026-03-11 03:40:00,2026-03-11 03:50:00,SELL,LOSS,SL,-1.1706435030983529,-6.860170365956652,-7.560170365956652,0.0003906780243970916,57.53272476198276,-0.0006432563115339462,10.0
2026-03-11 03:55:00,2026-03-11 05:35:00,SELL,LOSS,SL,-1.1733407236265898,-6.768984801022281,-7.468984801022281,0.00038459898673484286,59.63607285087884,-0.0005501658815534327,100.0
2026-03-11 05:50:00,2026-03-11 06:45:00,SELL,LOSS,SL,-1.2250523009697099,-5.443411578958223,-6.143411578958223,0.00029622743859726575,58.443259000375434,-7.815950377132452e-05,55.0
2026-03-11 07:15:00,2026-03-11 08:10:00,BUY,WIN,TP,1.7271000511675714,6.328693202592884,5.628693202592884,0.0002442897734197335,54.39633366367684,0.0002494984786647336,55.0
2026-03-11 08:50:00,2026-03-11 09:15:00,BUY,WIN,TP,1.7989704900510972,8.948788118263607,8.248788118263608,0.00033162627060875975,43.26259634231686,0.00046725548177550813,25.0
2026-03-11 09:20:00,2026-03-11 09:25:00,BUY,LOSS,SL,-1.1347617745527008,-8.420501869459528,-9.120501869459527,0.0004947001246306066,48.00503748021824,0.00044198064232037204,5.0
2026-03-11 09:30:00,2026-03-11 09:35:00,BUY,LOSS,SL,-1.126720193005371,-8.89140212213546,-9.59140212213546,0.000526093474809035,46.08278960266758,0.00041830072208792757,5.0
2026-03-11 10:15:00,2026-03-11 10:20:00,BUY,LOSS,SL,-1.1229593881311466,-9.132766559747484,-9.832766559747483,0.0005421844373164491,42.00162963192251,0.00011954101543465434,5.0
2026-03-11 12:10:00,2026-03-11 12:40:00,SELL,LOSS,SL,-1.1102441842116322,-10.070773276169675,-10.770773276169674,0.0006047182184112581,45.25677972813749,-0.0009927499519393201,30.0
2026-03-11 12:45:00,2026-03-11 14:00:00,SELL,WIN,TP,1.8779539174196578,15.387252730405422,14.687252730405422,0.000546241757680211,57.263855413748345,-0.001029996923083365,75.0
2026-03-11 14:30:00,2026-03-11 14:50:00,SELL,WIN,TP,1.8965913160321897,18.340735451451874,17.640735451451874,0.0006446911817150936,49.84341597327419,-0.0011956316824253133,20.0
2026-03-11 15:25:00,2026-03-11 16:00:00,SELL,LOSS,SL,-1.0983604982536332,-11.166682944421357,-11.866682944421356,0.000677778862961438,47.15233365006549,-0.0015317508120265,35.0
2026-03-11 16:05:00,2026-03-11 17:45:00,SELL,WIN,TP,1.9241917345430968,25.38234746501711,24.68234746501711,0.0008794115821672679,55.80558611006626,-0.0016239398983226572,100.0
2026-03-11 18:35:00,2026-03-12 00:30:00,SELL,WIN,TP,1.887560498704331,16.787343210824424,16.087343210824425,0.0005929114403608377,48.63832856453445,-0.0020902652525738308,355.0
2026-03-12 02:40:00,2026-03-12 03:00:00,SELL,LOSS,SL,-1.184998423651266,-6.405451464197686,-7.105451464197686,0.00036036343094647105,48.60977230342195,-0.002392820004389007,20.0
2026-03-12 03:05:00,2026-03-12 03:35:00,SELL,LOSS,SL,-1.1783785114281982,-6.606056424585226,-7.306056424585226,0.00037373709497235194,54.547842848601114,-0.0023347000871822843,30.0
2026-03-12 03:50:00,2026-03-12 04:25:00,SELL,WIN,TP,1.8156028330856875,9.84615362300756,9.14615362300756,0.0003615384541002873,59.56132701285736,-0.0021220239004677843,35.0
2026-03-12 05:45:00,2026-03-12 07:10:00,SELL,LOSS,SL,-1.2116352166639097,-5.725111518599778,-6.4251115185997785,0.00031500743457327256,45.12474366599656,-0.0021859288862862147,85.0
2026-03-12 07:15:00,2026-03-12 07:45:00,SELL,LOSS,SL,-1.1831612311048887,-6.459670662659732,-7.159670662659733,0.000363978044177275,53.23246205333861,-0.0020832762917057934,30.0
2026-03-12 07:50:00,2026-03-12 08:05:00,SELL,LOSS,SL,-1.188509415529707,-6.304774815571012,-7.004774815571012,0.00035365165437136994,50.30188875339429,-0.001942291757059511,15.0
2026-03-12 08:15:00,2026-03-12 08:25:00,SELL,LOSS,SL,-1.1704063506472948,-6.868325893967352,-7.568325893967352,0.00039122172626453476,55.615786150761906,-0.0018207434780832532,10.0
2026-03-12 08:40:00,2026-03-12 10:00:00,SELL,LOSS,SL,-1.1689001136487203,-6.9206591304006295,-7.62065913040063,0.00039471060869344015,59.67605435290139,-0.0016509973872436134,80.0
2026-03-12 10:25:00,2026-03-12 11:30:00,SELL,LOSS,SL,-1.165882347941246,-7.028368976029874,-7.728368976029874,0.0004018912650687159,53.2050319568742,-0.001043232552382145,65.0
2026-03-12 12:15:00,2026-03-12 13:35:00,SELL,LOSS,SL,-1.1707382982969932,-6.856916754907182,-7.556916754907182,0.00039046111699378184,57.50457502270584,-0.0005287787396077714,80.0
2026-03-12 13:50:00,2026-03-12 14:05:00,SELL,WIN,TP,1.8284018627844065,10.65513817602326,9.955138176023262,0.0003885046058674235,55.727651278520796,-0.0001764479603623137,15.0
2026-03-12 15:05:00,2026-03-12 15:15:00,SELL,WIN,TP,1.8581344792945866,13.097858239656702,12.397858239656703,0.000469928607988558,48.657654156333415,-0.0005523148896817709,10.0
2026-03-12 17:40:00,2026-03-13 06:25:00,SELL,WIN,TP,1.904358236291096,19.911366775786533,19.211366775786534,0.0006970455591928936,50.54955301308356,-0.0015882350650775479,765.0
2026-03-13 07:35:00,2026-03-13 08:15:00,SELL,WIN,TP,1.6929190622487504,5.512940902949627,4.812940902949626,0.0002170980300982846,48.2524656888503,-0.00114245326427298,40.0
2026-03-13 11:05:00,2026-03-13 12:05:00,SELL,LOSS,SL,-1.1079319492074613,-10.265097196362593,-10.965097196362592,0.0006176731464241148,46.56181879222918,-0.003199055222250724,60.0
2026-03-13 12:10:00,2026-03-13 12:50:00,SELL,LOSS,SL,-1.1231253913996624,-9.121801592930744,-9.821801592930743,0.0005414534395287764,56.97627917270425,-0.003212169434084533,40.0
2026-03-13 12:55:00,2026-03-13 13:30:00,SELL,LOSS,SL,-1.1090923389501726,-10.166546520344987,-10.866546520344986,0.0006111031013563506,52.955276668884004,-0.0030642240548328648,35.0
2026-03-13 13:35:00,2026-03-13 14:25:00,SELL,LOSS,SL,-1.1026462535150228,-10.742196775390788,-11.442196775390787,0.0006494797850261001,54.38829714915191,-0.0028413801252216153,50.0
2026-03-13 14:30:00,2026-03-13 14:45:00,SELL,LOSS,SL,-1.10457481455275,-10.56253189906997,-11.26253189906997,0.0006375021266047355,57.84217624904983,-0.002474977975875925,15.0
2026-03-13 15:10:00,2026-03-13 15:35:00,SELL,LOSS,SL,-1.0976070682665828,-11.245159677051419,-11.945159677051418,0.0006830106451367564,58.339891934027875,-0.0020335640457811444,25.0
2026-03-13 16:00:00,2026-03-13 16:55:00,SELL,WIN,TP,1.901374239497555,19.278677597078687,18.578677597078688,0.0006759559199026023,53.148280034574356,-0.0015037268897943878,55.0
2026-03-13 18:55:00,2026-03-13 21:15:00,SELL,WIN,TP,1.8906399926243487,17.288221151319117,16.588221151319118,0.0006096073717106207,46.25623811299861,-0.0022434788942671258,140.0
2026-03-16 00:10:00,2026-03-16 00:10:00,SELL,LOSS,SL,-1.1259711608029912,-8.938324880278902,-9.638324880278901,0.0005292216586852008,47.783286483943044,-0.0029207971833464796,0.0
2026-03-16 00:15:00,2026-03-16 02:00:00,SELL,LOSS,SL,-1.1188977599029688,-9.410587388829605,-10.110587388829604,0.0005607058259219661,56.63923239516481,-0.0028919639401991937,105.0
2026-03-16 03:10:00,2026-03-16 05:30:00,SELL,LOSS,SL,-1.1629259519755315,-7.137757600153115,-7.8377576001531155,0.000409183840010144,58.874193191109335,-0.001390720629031117,140.0
2026-03-16 05:40:00,2026-03-16 06:50:00,SELL,WIN,TP,1.7084253873368893,7.031169298587026,6.331169298587026,0.00027437230995292535,59.849739580312416,-0.0005336063760599252,70.0
2026-03-16 09:05:00,2026-03-16 09:30:00,SELL,WIN,TP,1.7991192489448313,8.956155527548471,8.256155527548472,0.0003318718509182808,47.230198511408226,-0.0008588174629073908,25.0
2026-03-16 10:05:00,2026-03-16 10:20:00,SELL,LOSS,SL,-1.1521552949285223,-7.572232668404787,-8.272232668404786,0.0004381488445602618,48.23949836912229,-0.0010826568837580819,15.0
2026-03-16 10:35:00,2026-03-16 11:25:00,SELL,LOSS,SL,-1.1322656478199928,-8.560542109625867,-9.260542109625867,0.0005040361406417589,59.529344445042355,-0.0009676291651516955,50.0
2026-03-16 11:35:00,2026-03-16 11:50:00,SELL,LOSS,SL,-1.1516278994225315,-7.595092353112175,-8.295092353112175,0.00043967282354075875,59.71086576630186,-0.0005888992413052296,15.0
2026-03-16 14:55:00,2026-03-16 15:45:00,BUY,WIN,TP,1.8628716617172811,13.584877386034645,12.884877386034645,0.00048616257953450524,53.06844817470905,0.0014625011538700328,50.0
2026-03-16 16:35:00,2026-03-16 18:25:00,BUY,LOSS,SL,-1.1204208115503431,-9.304212429111058,-10.004212429111057,0.000553614161940673,50.36466119255504,0.0020280601677902244,110.0
2026-03-16 18:40:00,2026-03-16 20:15:00,BUY,WIN,TP,1.8784397636094854,16.998023377712823,16.298023377712823,0.0006032674459237268,51.01186991413658,0.0019513787239431313,95.0
2026-03-16 21:45:00,2026-03-16 22:20:00,BUY,LOSS,SL,-1.12429468564589,-9.045396267777338,-9.745396267777338,0.0005363597511852238,49.596634523686284,0.0026087655494699824,35.0
2026-03-16 22:30:00,2026-03-17 00:35:00,BUY,LOSS,SL,-1.1787476176478158,-7.253928172443201,-7.953928172443201,0.00041026187816294295,44.1712124328448,0.00242071727158244,125.0
2026-03-17 01:50:00,2026-03-17 02:00:00,BUY,LOSS,SL,-1.3852248216391219,-3.9554753956910873,-4.655475395691087,0.00019036502637938933,44.63307367528605,0.0013630957995809379,10.0
2026-03-17 03:10:00,2026-03-17 03:15:00,BUY,LOSS,SL,-1.2545023279514864,-4.929237143129871,-5.629237143129871,0.0002619491428752972,45.126820877783516,0.0008393775112314206,5.0
2026-03-17 03:35:00,2026-03-17 05:20:00,BUY,WIN,TP,1.753064692033332,7.80921601335748,7.1092160133574795,0.0002969738671118881,41.55281027446889,0.0006915637162734356,105.0
2026-03-17 05:50:00,2026-03-17 06:05:00,BUY,LOSS,SL,-1.2573280500895825,-4.886090147000587,-5.586090147000587,0.0002590726764666534,42.80622384226635,0.0005373779958348646,15.0
2026-03-17 06:25:00,2026-03-17 06:50:00,BUY,WIN,TP,1.6230973406906593,5.598332860703072,4.8983328607030705,0.00022994442869010812,44.68133481292238,0.0004214688418258117,25.0
2026-03-17 07:10:00,2026-03-17 07:35:00,BUY,LOSS,SL,-1.2870935299053956,-4.483185428558855,-5.183185428558855,0.0002322123619038721,54.112454089532285,0.000417041117808159,25.0
2026-03-17 07:40:00,2026-03-17 07:40:00,BUY,LOSS,SL,-1.2941076429139464,-4.840127217033428,-5.540127217033429,0.0002493418144688728,42.33861365025715,0.0003933908436029032,0.0
2026-03-17 09:00:00,2026-03-17 09:05:00,SELL,LOSS,SL,-1.1828000064021835,-6.470459327008292,-7.170459327008293,0.0003646972884671647,48.611329312347536,-0.00026414524663365135,5.0
2026-03-17 09:10:00,2026-03-17 09:25:00,SELL,LOSS,SL,-1.1768063250446603,-6.65590625644985,-7.35590625644985,0.0003770604170967004,57.99777827670326,-0.00026431720048991636,15.0
2026-03-17 10:05:00,2026-03-17 10:25:00,SELL,LOSS,SL,-1.1516915941187267,-7.592323100100828,-8.292323100100827,0.0004394882066734053,58.02872270434711,-5.193607369480269e-05,20.0
2026-03-17 12:15:00,2026-03-17 15:00:00,BUY,WIN,TP,1.8931316476241185,17.71461434125532,17.01461434125532,0.0006238204780418508,53.100211489484025,0.0008470950525587551,165.0
2026-03-17 15:55:00,2026-03-17 16:25:00,BUY,LOSS,SL,-1.1186026841138337,-10.374663623499712,-11.074663623499712,0.0006183109082333469,54.19459342713122,0.001678257178600262,30.0
2026-03-17 16:30:00,2026-03-17 20:00:00,BUY,WIN,TP,1.8892291561778742,17.05529262927319,16.35529262927319,0.0006018430876424096,46.96642528402448,0.0017111489128642798,210.0
2026-03-17 20:40:00,2026-03-17 23:00:00,BUY,LOSS,SL,-1.1996832208046269,-7.209518452099183,-7.909518452099183,0.00040063456347325403,53.54588513005798,0.0017327235758153314,140.0
2026-03-17 23:05:00,2026-03-18 05:05:00,BUY,LOSS,SL,-1.6587798871149113,-8.812851938039653,-9.512851938039653,0.0003541901292026921,45.38598771862902,0.001512634863813478,360.0
2026-03-18 05:10:00,2026-03-18 06:35:00,BUY,WIN,TP,1.6734397453261747,6.149332828017196,5.449332828017196,0.0002449777609338925,40.769830907242344,0.0006306476658672899,85.0
2026-03-18 08:35:00,2026-03-18 08:35:00,BUY,LOSS,SL,-1.2991354817817957,-5.211560222987321,-5.911560222987321,0.0002674373481991199,52.806951168379804,0.0007874866518495782,0.0
2026-03-18 08:40:00,2026-03-18 09:25:00,BUY,LOSS,SL,-1.247130275148025,-5.046448778487477,-5.746448778487477,0.0002697632518991804,42.5806766063643,0.0007778699619276352,45.0
2026-03-18 10:45:00,2026-03-18 11:40:00,BUY,WIN,TP,1.8397205331330762,11.478204720112185,10.778204720112186,0.00041594015733706883,40.53934740848305,0.0001352359287363214,55.0
2026-03-18 11:55:00,2026-03-18 13:10:00,BUY,WIN,TP,1.8273786363081066,11.644656587968528,10.94465658796853,0.00042482188626560895,54.570855416878615,9.645849548234331e-05,75.0
2026-03-18 13:30:00,2026-03-18 14:30:00,BUY,LOSS,SL,-1.1064661416171773,-10.392657466593679,-11.092657466593678,0.0006261771644395914,42.05809067497787,0.00037000000166753644,60.0
2026-03-18 14:40:00,2026-03-18 14:40:00,BUY,LOSS,SL,-1.0856817449920342,-12.671097502659045,-13.371097502659044,0.0007780731668439594,40.94626225257394,0.00019495560682725177,0.0
2026-03-18 16:00:00,2026-03-18 16:05:00,SELL,LOSS,SL,-1.0842081919336295,-12.875329193484774,-13.575329193484773,0.0007916886128989835,49.4249490559029,-0.0008099819930031948,5.0
2026-03-18 16:10:00,2026-03-18 17:05:00,SELL,LOSS,SL,-1.0802545006583406,-13.460360376014279,-14.160360376014278,0.0008306906917343392,49.59692659523956,-0.0008137739977303049,55.0
2026-03-18 17:15:00,2026-03-18 20:35:00,SELL,WIN,TP,1.9076369634492552,20.65368392686995,19.95368392686995,0.0007217894642289664,56.071512886873975,-0.000927394280988203,200.0
2026-03-18 23:25:00,2026-03-18 23:40:00,SELL,LOSS,SL,-1.3184465488830688,-11.178659949275879,-11.878659949275878,0.0005652439966183238,45.538899229449925,-0.0030608539767551513,15.0
2026-03-18 23:45:00,2026-03-19 00:10:00,SELL,WIN,TP,1.6894524887948659,14.144619784008208,13.444619784008207,0.000558153992800271,55.80200874798019,-0.003049455653073574,25.0
2026-03-19 00:50:00,2026-03-19 01:40:00,SELL,LOSS,SL,-1.1719409298052863,-8.179141041978387,-8.879141041978386,0.0004652760694651751,45.5020968510564,-0.003187541624317003,50.0
2026-03-19 01:45:00,2026-03-19 02:00:00,SELL,LOSS,SL,-1.1566977376551175,-7.381713067236117,-8.081713067236116,0.00042544753781580846,48.78306563125698,-0.0030486844211494724,15.0
2026-03-19 02:10:00,2026-03-19 02:55:00,SELL,LOSS,SL,-1.1613852615903586,-7.196352691352214,-7.896352691352214,0.00041309017942346536,56.765036878352504,-0.002895982989400636,45.0
2026-03-19 04:00:00,2026-03-19 04:05:00,SELL,LOSS,SL,-1.165247622494494,-7.051524281587284,-7.751524281587284,0.00040343495210581583,56.44941921884598,-0.0019135182824800978,5.0
2026-03-19 04:55:00,2026-03-19 06:10:00,SELL,WIN,TP,1.8391702554206435,12.579061704350293,11.879061704350294,0.0004559687234783389,57.191843096968135,-0.0013083081654183815,75.0
2026-03-19 08:15:00,2026-03-19 08:35:00,SELL,WIN,TP,1.8095581321707297,9.501892376906241,8.801892376906242,0.0003500630792302374,56.458049943123896,-0.001210792592805543,20.0
2026-03-19 09:10:00,2026-03-19 10:00:00,SELL,WIN,TP,1.889508472593135,17.100935401457185,16.400935401457186,0.0006033645133818746,51.1998109752823,-0.0012304506498035384,50.0
2026-03-19 11:05:00,2026-03-19 11:20:00,SELL,LOSS,SL,-1.0982638765306632,-11.17667972510683,-11.876679725106829,0.0006784453150070559,54.560040516450215,-0.001560012752834572,15.0
2026-03-19 11:30:00,2026-03-19 11:45:00,SELL,LOSS,SL,-1.081488228096686,-13.271711182791911,-13.97171118279191,0.0008181140788527748,50.808859407489734,-0.001408067822065373,15.0
2026-03-19 12:10:00,2026-03-19 14:40:00,SELL,LOSS,SL,-1.0838819127453887,-12.921521186997186,-13.621521186997185,0.0007947680791331423,58.53244180867143,-0.0010645799203596873,150.0
2026-03-19 15:25:00,2026-03-19 15:50:00,SELL,LOSS,SL,-1.0722760715560873,-14.835837760274305,-15.535837760274305,0.0009223891840182964,51.788106230737924,-1.6860623215375625e-06,25.0
2026-03-19 17:25:00,2026-03-19 17:45:00,BUY,LOSS,SL,-1.0656050334651608,-16.242732869438225,-16.942732869438224,0.0010161821912958926,54.33235950293821,0.0015138111577028823,20.0
2026-03-19 17:50:00,2026-03-19 18:10:00,BUY,WIN,TP,1.9281279359597845,26.827223646741395,26.127223646741395,0.0009275741215580124,48.19446699309553,0.0015289773270508178,20.0
2026-03-19 21:55:00,2026-03-20 03:45:00,BUY,LOSS,SL,-1.0740061674804613,-14.512387332637044,-15.212387332637043,0.0009008258221758261,54.70772354884926,0.004460418707951552,350.0
2026-03-20 04:35:00,2026-03-20 04:35:00,BUY,LOSS,SL,-1.2590327276838431,-5.832619247497694,-6.532619247497694,0.00030884128316654866,44.24929419645477,0.0023253405548553374,0.0
2026-03-20 04:55:00,2026-03-20 05:00:00,BUY,LOSS,SL,-1.2735250644227534,-5.587166501660378,-6.287166501660378,0.0002924777667773932,44.60055958525812,0.002147331871207081,5.0
2026-03-20 06:40:00,2026-03-20 06:55:00,BUY,LOSS,SL,-1.3769929874838363,-4.017826157302627,-4.717826157302627,0.0001945217438201443,40.315568670290084,0.0012977995582039714,15.0
2026-03-20 07:05:00,2026-03-20 07:35:00,BUY,LOSS,SL,-1.3288799055580893,-4.444685951953696,-5.144685951953696,0.00022297906346354458,45.54612553348786,0.0011538602486600436,30.0
2026-03-20 07:45:00,2026-03-20 07:50:00,BUY,LOSS,SL,-1.2584216433147961,-4.869644922820381,-5.569644922820381,0.00025797632818809425,41.67884831026668,0.0009645927488013406,5.0
2026-03-20 08:05:00,2026-03-20 09:05:00,BUY,WIN,TP,1.7207163236832468,7.393413090416391,6.69341309041639,0.0002864471030138641,50.59334592088389,0.0008538839923288855,60.0
2026-03-20 10:50:00,2026-03-20 11:05:00,BUY,LOSS,SL,-1.1418878150476734,-8.047821545944633,-8.747821545944632,0.00046985476972966967,48.14618267782493,0.0011024659846030627,15.0
2026-03-20 11:10:00,2026-03-20 11:30:00,BUY,LOSS,SL,-1.1317687368289,-8.589053549921232,-9.289053549921231,0.0005059369033280247,48.692697300794485,0.0010618250899885329,20.0
2026-03-20 11:35:00,2026-03-20 11:40:00,BUY,LOSS,SL,-1.135744592544974,-8.36677595218893,-9.06677595218893,0.0004911183968126634,41.073130337532945,0.0009812053809570287,5.0
2026-03-20 12:40:00,2026-03-20 13:10:00,BUY,WIN,TP,1.8803620858253172,15.717108567103622,15.017108567103623,0.0005572369522368021,44.83452478419296,0.0002879371031150324,30.0
2026-03-20 14:05:00,2026-03-20 15:05:00,BUY,LOSS,SL,-1.1181127905413968,-9.466483565550131,-10.16648356555013,0.000564432237703388,52.73773830857301,0.0005577588769594133,60.0
2026-03-20 15:15:00,2026-03-20 15:50:00,BUY,LOSS,SL,-1.1126390734587621,-9.877913936020665,-10.577913936020664,0.0005918609290680443,40.36474174683049,0.0006177630082617735,35.0
2026-03-20 17:15:00,2026-03-20 18:10:00,SELL,LOSS,SL,-1.094691282870844,-11.560634196539187,-12.260634196539186,0.0007040422797692689,53.98675505568576,-0.0005678732004956721,55.0
2026-03-20 18:30:00,2026-03-20 19:30:00,SELL,LOSS,SL,-1.098031113312209,-12.32092734473723,-13.02092734473723,0.0007480618229824821,59.608403138282554,-0.0004405318776337097,60.0
2026-03-20 19:35:00,2026-03-23 00:00:00,SELL,WIN,TP,1.907565091425905,20.636847278285742,19.936847278285743,0.0007212282426095246,57.033044811034614,-5.543099519078609e-05,3145.0
2026-03-23 00:10:00,2026-03-23 02:35:00,BUY,LOSS,SL,-1.0956864075961226,-11.450805136512642,-12.150805136512641,0.0006967203424341354,45.13298617412053,0.00019984926876004394,145.0
2026-03-23 03:05:00,2026-03-23 03:15:00,SELL,LOSS,SL,-1.1127004803259715,-9.873076646236377,-10.573076646236377,0.0005915384430824942,47.18364257284671,-6.648256430685784e-05,10.0
2026-03-23 03:20:00,2026-03-23 04:35:00,SELL,WIN,TP,1.8661032890205351,15.330575358443722,14.630575358443723,0.0005476858452814332,55.73732479513278,-4.9405040843941705e-05,75.0
2026-03-23 05:30:00,2026-03-23 07:45:00,SELL,WIN,TP,1.829898779216955,10.757705152197762,10.057705152197762,0.0003919235050732391,45.75778666029008,-0.00032137204212201453,135.0
2026-03-23 09:05:00,2026-03-23 09:35:00,SELL,LOSS,SL,-1.1557642885927157,-7.419956775938207,-8.119956775938206,0.00042799711839595347,49.57579603006268,-0.0010825333314798957,30.0
2026-03-23 09:40:00,2026-03-23 10:25:00,SELL,LOSS,SL,-1.125438210549076,-8.972052499973792,-9.672052499973791,0.000531470166664977,55.86420389249243,-0.0011449757081756218,45.0
2026-03-23 10:35:00,2026-03-23 11:15:00,SELL,WIN,TP,1.8875907985080693,16.792137773913197,16.092137773913198,0.0005930712591304414,56.722644803535246,-0.0010496994368309753,40.0
2026-03-23 14:00:00,2026-03-23 14:40:00,SELL,LOSS,SL,-1.0325145526338892,-31.755459294178333,-32.45545929417833,0.002050363952945258,57.66420891278847,-0.0007439768168702177,40.0
2026-03-23 17:20:00,2026-03-23 17:45:00,BUY,LOSS,SL,-1.053542710542474,-19.6766786714454,-20.3766786714454,0.001245111911429687,54.03103454061635,0.0032485628366636377,25.0
2026-03-23 17:50:00,2026-03-23 18:00:00,BUY,LOSS,SL,-1.0561360040568375,-18.81387928837086,-19.51387928837086,0.001187591952558033,43.483461239509694,0.0032602468012121744,10.0
2026-03-23 18:35:00,2026-03-23 20:30:00,BUY,WIN,TP,1.936361148820496,30.427342934946534,29.727342934946535,0.0010475780978315555,45.2753067359714,0.0027270486978951958,115.0
2026-03-23 21:30:00,2026-03-24 01:45:00,BUY,LOSS,SL,-1.1011770345769256,-11.972032419211308,-12.672032419211307,0.0007248021612806929,51.24710940516204,0.0030514248140807165,255.0
2026-03-24 02:00:00,2026-03-24 02:00:00,BUY,LOSS,SL,-1.2129787534610177,-6.264834435944509,-6.96483443594451,0.0003443222957296908,40.07584304676072,0.00193054746206478,0.0
2026-03-24 03:10:00,2026-03-24 03:30:00,BUY,LOSS,SL,-1.1410668892170752,-8.088835697377505,-8.788835697377504,0.0004725890464917661,40.78189064806165,0.001078282613280912,20.0
2026-03-24 04:05:00,2026-03-24 06:05:00,BUY,LOSS,SL,-1.1462757464775093,-7.836403327832308,-8.536403327832307,0.00045576022185546275,42.19362383322954,0.0005162903503754812,120.0
2026-03-24 06:50:00,2026-03-24 07:45:00,SELL,LOSS,SL,-1.2481269018403676,-6.036234971297149,-6.736234971297149,0.0003224156647531405,49.479278193769254,-0.0002965777998464869,55.0
2026-03-24 07:55:00,2026-03-24 08:55:00,SELL,LOSS,SL,-1.1910091524756645,-6.235351222907525,-6.935351222907525,0.00034902341486046245,57.27447323036976,-0.00037634880504588963,60.0
2026-03-24 10:15:00,2026-03-24 10:50:00,BUY,LOSS,SL,-1.0962443729429279,-11.390217832194626,-12.090217832194625,0.0006926811888129725,52.738649864593654,0.0003526104711308875,35.0
2026-03-24 10:55:00,2026-03-24 11:15:00,BUY,LOSS,SL,-1.0959887637847396,-11.417886016769184,-12.117886016769184,0.0006945257344512515,42.18403523782757,0.00030929209966368276,20.0
2026-03-24 11:30:00,2026-03-24 15:05:00,BUY,LOSS,SL,-1.094163246079345,-11.61985479087424,-12.319854790874238,0.0007079903193916403,41.194831328386265,0.0001487944667233343,215.0
2026-03-24 16:00:00,2026-03-24 16:05:00,SELL,LOSS,SL,-1.0864711789223604,-12.564546852054214,-13.264546852054213,0.0007709697901369452,47.15548438206681,-0.00045413244081071724,5.0
2026-03-24 16:10:00,2026-03-24 16:50:00,SELL,LOSS,SL,-1.0844733493820051,-12.83805315304598,-13.53805315304598,0.0007892035435364382,58.44373429335427,-0.0004222074575701562,40.0
2026-03-24 17:00:00,2026-03-24 19:05:00,SELL,WIN,TP,1.9268617659493206,26.345478407561075,25.645478407561075,0.00091151594691869,52.62229893282277,-0.00021766496643493838,125.0
2026-03-24 20:00:00,2026-03-24 20:35:00,SELL,LOSS,SL,-1.0870762487578747,-12.484187872867757,-13.184187872867756,0.0007656125248579161,50.487931490742426,-0.000661783788124648,35.0
2026-03-24 20:45:00,2026-03-24 22:20:00,SELL,LOSS,SL,-1.1007870708559522,-12.014098312988507,-12.714098312988506,0.0007276065541992952,58.10261693869058,-0.0006116805347704535,95.0
2026-03-24 23:30:00,2026-03-25 02:10:00,BUY,WIN,TP,1.76740191341811,17.476602927403796,16.776602927403797,0.0006592200975801275,54.764129720109,0.00046631773945060573,160.0
2026-03-25 03:05:00,2026-03-25 03:55:00,BUY,LOSS,SL,-1.1336428441596396,-8.482630336761442,-9.182630336761441,0.0004988420224506967,50.85179004596202,0.0015662551228972088,50.0
2026-03-25 05:40:00,2026-03-25 06:05:00,BUY,LOSS,SL,-1.2050270192652561,-6.465146525282416,-7.165146525282416,0.0003576764350187949,41.3308272570411,0.0008468382192816648,25.0
2026-03-25 06:25:00,2026-03-25 06:45:00,BUY,LOSS,SL,-1.241049342626302,-6.178233862518167,-6.878233862518167,0.0003318822575012793,46.14882123086257,0.0006210298566573513,20.0
2026-03-25 07:35:00,2026-03-25 07:45:00,BUY,LOSS,SL,-1.2512932513287167,-5.477355914588765,-6.177355914588765,0.0002918237276392594,43.07385746702382,0.00022742652384732942,10.0
2026-03-25 08:05:00,2026-03-25 08:05:00,BUY,LOSS,SL,-1.1886438951235916,-6.300993172054902,-7.000993172054902,0.00035339954480365093,41.026852269275814,6.496000983924333e-05,0.0
2026-03-25 08:35:00,2026-03-25 08:50:00,SELL,LOSS,SL,-1.2385679801572131,-6.23001282573301,-6.9300128257330105,0.0003353341883821325,46.234588608747565,-9.043543221998185e-05,15.0
2026-03-25 08:55:00,2026-03-25 09:05:00,SELL,LOSS,SL,-1.2193545478466128,-6.670595489267538,-7.370595489267538,0.0003647063659512081,49.850565609691124,-0.00012515150866398983,10.0
2026-03-25 09:10:00,2026-03-25 09:10:00,SELL,LOSS,SL,-1.1694470610613454,-6.901548210611729,-7.601548210611729,0.0003934365473741778,52.172171604963,-0.00013014867127192353,0.0
2026-03-25 09:25:00,2026-03-25 10:10:00,SELL,LOSS,SL,-1.1700023237791282,-7.570499788162609,-8.270499788162608,0.0004313666525441225,54.24370501696269,-0.00010156427631935472,45.0
2026-03-25 10:55:00,2026-03-25 11:25:00,BUY,LOSS,SL,-1.1141123652496354,-9.763292197233596,-10.463292197233596,0.0005842194798156075,51.646678848665914,0.00015971473700782113,30.0
2026-03-25 11:30:00,2026-03-25 14:20:00,BUY,LOSS,SL,-1.1315458938310021,-9.462100617242962,-10.162100617242961,0.0005574733744828662,41.63962763717984,0.00014992074979058856,170.0
2026-03-25 14:30:00,2026-03-25 15:20:00,BUY,LOSS,SL,-1.1056114091204732,-10.468673965511432,-11.16867396551143,0.0006312449310341208,41.513734231874245,0.00015144900447450205,50.0
2026-03-25 16:20:00,2026-03-25 18:05:00,SELL,WIN,TP,1.9043751466654677,19.915064758355584,19.215064758355584,0.0006971688252785026,45.70614178281955,-0.0006749757962229985,105.0
2026-03-25 18:25:00,2026-03-25 19:40:00,SELL,LOSS,SL,-1.092061938799138,-11.862252229792979,-12.562252229792978,0.0007241501486528256,50.02128500619401,-0.001328812113918998,75.0
2026-03-25 19:55:00,2026-03-25 21:10:00,SELL,WIN,TP,1.8847971088348756,16.3606754116018,15.660675411601801,0.0005786891803867134,54.543311785791914,-0.0012779492225820643,75.0
2026-03-25 23:15:00,2026-03-26 02:05:00,SELL,LOSS,SL,-1.500582604592629,-5.695577358398639,-6.395577358398639,0.0002530384905599324,45.35911131880643,-0.0015636286237974417,170.0
2026-03-26 02:20:00,2026-03-26 02:40:00,SELL,WIN,TP,1.7058449228369728,5.799134726107603,5.099134726107603,0.00022663782420361938,54.50155250383956,-0.0012954488534753228,20.0
2026-03-26 03:00:00,2026-03-26 03:00:00,SELL,LOSS,SL,-1.2222902322542006,-5.4986232182098185,-6.198623218209819,0.00029990821454736787,46.54016297929474,-0.0012743766840179749,0.0
2026-03-26 03:05:00,2026-03-26 04:35:00,SELL,WIN,TP,1.763375804323902,8.197443119533622,7.497443119533622,0.00030991477065112706,59.46861102956206,-0.0012520499754360426,90.0
2026-03-26 04:50:00,2026-03-26 05:20:00,SELL,LOSS,SL,-1.2772732498949542,-5.527860695017005,-6.2278606950170055,0.0002885240463344352,46.70662720279581,-0.0009674269870405539,30.0
2026-03-26 05:25:00,2026-03-26 05:30:00,SELL,LOSS,SL,-1.2477391847899473,-5.54015346596327,-6.24015346596327,0.00029601023106417954,58.992212659999616,-0.0009074111510940508,5.0
2026-03-26 06:05:00,2026-03-26 06:30:00,SELL,LOSS,SL,-1.2618930573693201,-4.818352460522867,-5.518352460522867,0.00025455683070153785,59.68812830303533,-0.0007097430653830727,25.0
2026-03-26 07:00:00,2026-03-26 07:25:00,SELL,WIN,TP,1.6454053383613503,5.5682914032296535,4.868291403229653,0.00022560971344095964,56.197129874464224,-0.0004650659320755146,25.0
2026-03-26 08:55:00,2026-03-26 09:50:00,SELL,WIN,TP,1.823358357639838,10.322358495298168,9.622358495298169,0.00037741194984330456,53.393044923837735,-0.0005891262409136733,55.0
2026-03-26 10:20:00,2026-03-26 11:10:00,SELL,LOSS,SL,-1.1433683148641605,-7.975041876913224,-8.675041876913223,0.0004650027917941629,51.12341410335487,-0.0007278698339334699,50.0
2026-03-26 11:15:00,2026-03-26 13:25:00,SELL,WIN,TP,1.8687237321764107,14.235046159962629,13.53504615996263,0.000507834871998766,54.851406851673225,-0.0006613895876348419,130.0
2026-03-26 15:00:00,2026-03-26 15:15:00,SELL,LOSS,SL,-1.1279414979668998,-8.816072313446831,-9.51607231344683,0.0005210714875631326,46.8246014501355,-0.001442458050433748,15.0
2026-03-26 15:20:00,2026-03-26 15:40:00,SELL,LOSS,SL,-1.1436868348345928,-8.755537831745551,-9.45553783174555,0.0005103691887830599,54.82882504546772,-0.0014328465761106468,20.0
2026-03-26 15:50:00,2026-03-26 16:30:00,SELL,LOSS,SL,-1.1131314695875867,-9.839273489908983,-10.539273489908982,0.0005892848993272312,56.24986495987608,-0.0013455321250037677,40.0
2026-03-26 16:45:00,2026-03-26 21:25:00,SELL,WIN,TP,1.904651689422937,19.9757256095644,19.2757256095644,0.0006991908536521368,49.058082227996344,-0.0011253644370095017,280.0
2026-03-26 22:25:00,2026-03-27 07:05:00,SELL,LOSS,SL,-1.1026383127771704,-10.742950492288571,-11.44295049228857,0.0006495300328193041,55.5763030279026,-0.0012865987874774998,520.0
2026-03-27 07:25:00,2026-03-27 07:45:00,SELL,LOSS,SL,-1.307690588510741,-5.10002179074811,-5.80002179074811,0.0002600014527165071,52.99323709692118,-4.740156384630545e-05,20.0
2026-03-27 07:50:00,2026-03-27 08:30:00,SELL,WIN,TP,1.704343869193831,6.917538416849701,6.217538416849701,0.00027058461389498274,59.587244922198536,-1.0195417585512345e-05,40.0
2026-03-27 08:35:00,2026-03-27 08:55:00,BUY,LOSS,SL,-1.2660352850001688,-5.710679852107735,-6.4106798521077355,0.00030071199014051016,41.869315658511326,1.3684431397154029e-05,20.0
2026-03-27 11:25:00,2026-03-27 13:05:00,SELL,WIN,TP,1.847570802688269,12.120845843632711,11.420845843632712,0.0004373615281210793,46.44251716381107,-0.000819498516831052,100.0
2026-03-27 14:25:00,2026-03-27 14:45:00,SELL,LOSS,SL,-1.1496133076503878,-7.683897413302109,-8.383897413302108,0.0004455931608867353,45.25563889449195,-0.0013044678705460555,20.0
2026-03-27 14:50:00,2026-03-27 15:20:00,SELL,LOSS,SL,-1.1465680193817116,-7.822770780545717,-8.522770780545716,0.00045485138536978376,56.007559577480784,-0.0012956830599091251,30.0
2026-03-27 15:35:00,2026-03-27 15:35:00,SELL,LOSS,SL,-1.12527345743982,-8.982536927109152,-9.682536927109151,0.0005321691284740122,56.431226609255475,-0.0010917597562805081,0.0
2026-03-27 15:55:00,2026-03-27 16:15:00,SELL,LOSS,SL,-1.1203874093500537,-9.306516482070592,-10.006516482070591,0.0005537677654713327,57.75231783618675,-0.0009169502930324036,20.0
2026-03-27 16:30:00,2026-03-27 17:20:00,SELL,LOSS,SL,-1.123180564987658,-10.029980148331129,-10.729980148331128,0.0005953320098886816,55.59297842157377,-0.0006484028960382915,50.0
2026-03-27 17:25:00,2026-03-27 17:30:00,SELL,LOSS,SL,-1.1017327860533275,-10.82967280062308,-11.529672800623079,0.0006553115200415643,59.30443400796955,-0.0003415630066532227,5.0
2026-03-27 17:40:00,2026-03-27 17:55:00,SELL,WIN,TP,1.904307024833035,19.900175760181217,19.200175760181217,0.0006966725253393999,59.939486399108425,-0.00019668719592469408,15.0
2026-03-27 18:05:00,2026-03-30 00:00:00,SELL,WIN,TP,1.9091571806255494,21.016049411193173,20.316049411193173,0.0007338683137064243,46.0450346403631,-0.0001582164996143387,3235.0
2026-03-30 02:25:00,2026-03-30 03:15:00,SELL,LOSS,SL,-1.2322714491652869,-6.8968996821254,-7.596899682125401,0.0003731266454750486,45.22291690223421,-0.0014395871661732063,50.0
2026-03-30 04:20:00,2026-03-30 05:40:00,SELL,LOSS,SL,-1.2062681634682466,-7.017669483370036,-7.717669483370036,0.0003878446322246352,59.10075176891549,-0.0010510794355482744,80.0
2026-03-30 05:55:00,2026-03-30 06:05:00,SELL,LOSS,SL,-1.2370306516223544,-6.262636379669083,-6.9626363796690836,0.0003375090919779905,55.86589136864697,-0.0006633979470183071,10.0
2026-03-30 06:50:00,2026-03-30 07:25:00,SELL,LOSS,SL,-1.2763335108337561,-5.542578633982353,-6.242578633982353,0.00028950524226547695,59.76103788756861,-0.0003174612817018474,35.0
2026-03-30 07:50:00,2026-03-30 10:00:00,SELL,WIN,TP,1.732527559165159,7.125146460447697,6.425146460447697,0.0002741715486816176,53.756868665645435,-5.203607571035995e-05,130.0
2026-03-30 12:45:00,2026-03-30 15:10:00,SELL,WIN,TP,1.8544441556601308,14.014473829460629,13.31447382946063,0.0005038157943153672,48.45434194826759,-0.0008479727050441088,145.0
2026-03-30 15:40:00,2026-03-30 16:40:00,SELL,WIN,TP,1.8764092313725038,15.182438399003907,14.482438399003907,0.000539414613300107,46.35182078612169,-0.0011878072728761513,60.0
2026-03-30 17:55:00,2026-03-30 18:10:00,SELL,WIN,TP,1.8731605330068604,14.7679628227414,14.0679628227414,0.0005255987607580722,47.00218511863199,-0.0018586568577134699,15.0
2026-03-30 18:45:00,2026-03-31 00:00:00,SELL,LOSS,SL,-1.1157080181300045,-9.642443420614487,-10.342443420614487,0.0005761628947076032,45.113712642925066,-0.0021973472779219794,315.0
2026-03-31 00:10:00,2026-03-31 00:35:00,SELL,LOSS,SL,-1.4143764475975478,-7.167855598877013,-7.867855598877013,0.00033785703992515834,46.7195795942616,-0.001571026257235042,25.0
2026-03-31 00:50:00,2026-03-31 02:05:00,SELL,WIN,TP,1.5333762045294046,7.2294376812964485,6.529437681296448,0.0003143145893765669,57.17372261239443,-0.0014323424403459573,75.0
2026-03-31 02:45:00,2026-03-31 03:15:00,SELL,WIN,TP,1.6321666332802407,5.76841802631919,5.068418026319189,0.00023561393421065658,46.86627130344287,-0.0012328473358818037,30.0
2026-03-31 03:40:00,2026-03-31 03:45:00,SELL,LOSS,SL,-1.1708251893465473,-6.853937606188353,-7.553937606188353,0.0003902625070792962,55.49996018082206,-0.0012344401473718403,5.0
2026-03-31 05:00:00,2026-03-31 08:10:00,SELL,WIN,TP,1.8274591239805467,11.650601774804693,10.950601774804694,0.0004250200591601476,55.69921945981695,-0.0003243276421152075,190.0
2026-03-31 08:25:00,2026-03-31 09:55:00,SELL,LOSS,SL,-1.2680668256213048,-5.676495729073271,-6.376495729073271,0.00029843304860486874,45.11286449887559,-9.308957392573092e-05,90.0
2026-03-31 10:00:00,2026-03-31 13:45:00,SELL,WIN,TP,1.8256036879347601,10.468132418166466,9.768132418166466,0.00038227108060558053,57.850805477146615,-0.00016821601845817824,225.0
2026-03-31 14:20:00,2026-03-31 14:25:00,SELL,LOSS,SL,-1.1467557187106416,-7.814044514147355,-8.514044514147354,0.0004542696342764323,48.81391490569481,-0.00028477026896189805,5.0
2026-03-31 17:45:00,2026-03-31 19:40:00,BUY,WIN,TP,1.912545245181182,21.86896812121242,21.16896812121242,0.0007622989373737537,51.95527060572207,0.002265298599820831,115.0
2026-03-31 21:00:00,2026-04-01 02:25:00,BUY,WIN,TP,1.9137199646542253,24.398366930183368,23.69836693018337,0.0008499455643394355,49.66416120221367,0.0031810881516127765,325.0
2026-04-01 04:15:00,2026-04-01 04:20:00,BUY,LOSS,SL,-1.1816053045940562,-7.157091792879276,-7.8570917928792765,0.00040380611952535195,44.671297845826935,0.0029750810613582424,5.0
2026-04-01 04:30:00,2026-04-01 04:35:00,BUY,LOSS,SL,-1.1824950343102787,-7.775521380816074,-8.475521380816074,0.0004383680920543727,44.99667691820979,0.002864204516315416,5.0
2026-04-01 04:55:00,2026-04-01 08:30:00,BUY,WIN,TP,1.807423318950754,11.26256808936419,10.562568089364191,0.0004154189363121379,44.38712375142475,0.0026553926540628936,215.0
2026-04-01 09:00:00,2026-04-01 09:05:00,BUY,LOSS,SL,-1.2014662994695753,-5.963609311496864,-6.663609311496864,0.0003309072874331612,49.06358318412249,0.0018607901905325352,5.0
2026-04-01 09:10:00,2026-04-01 09:20:00,BUY,WIN,TP,1.8044887729142234,9.229591567785246,8.529591567785246,0.00034098638559286167,43.602814725130735,0.0018175795886177237,10.0
2026-04-01 10:50:00,2026-04-01 11:30:00,BUY,WIN,TP,1.9042580125918045,19.889476541499086,19.189476541499086,0.0006963158847166294,46.72119345598593,0.002200701972904451,40.0
2026-04-01 12:00:00,2026-04-01 12:20:00,BUY,LOSS,SL,-1.0902895093206346,-12.075483824469767,-12.775483824469767,0.0007383655882979813,54.97429755686416,0.00251801444979205,20.0
2026-04-01 12:25:00,2026-04-01 14:55:00,BUY,WIN,TP,1.9051613134399727,20.088440514513973,19.388440514513974,0.0007029480171504461,44.647862433471005,0.002486949441600439,150.0
2026-04-01 15:20:00,2026-04-01 15:25:00,BUY,LOSS,SL,-1.1382306575938967,-8.234285196977552,-8.934285196977552,0.00048228567979843146,50.30121639655217,0.002439945771455676,5.0
2026-04-01 15:30:00,2026-04-01 15:40:00,BUY,WIN,TP,1.8712088923292074,14.529022431519657,13.829022431519657,0.0005176340810506788,40.89598997192639,0.002396655584059326,10.0
2026-04-01 15:50:00,2026-04-01 17:55:00,BUY,WIN,TP,1.9042552062921108,19.88886426662384,19.188864266623842,0.0006962954755541469,54.70090491453399,0.002399078814294464,125.0
2026-04-01 18:10:00,2026-04-01 18:30:00,BUY,LOSS,SL,-1.0920064639531233,-11.868801571479736,-12.568801571479735,0.0007245867714320548,53.42726763200415,0.0025385957859589414,20.0
2026-04-01 18:35:00,2026-04-01 20:30:00,BUY,LOSS,SL,-1.0987360868491036,-11.12800924071744,-11.828009240717439,0.0006752006160478697,45.23238559968113,0.002443746698348237,115.0
2026-04-01 20:40:00,2026-04-01 20:55:00,BUY,LOSS,SL,-1.120325108258336,-9.310817371990353,-10.010817371990353,0.0005540544914660008,40.92565727990415,0.0019233151295268147,15.0
2026-04-01 22:30:00,2026-04-02 03:55:00,BUY,WIN,TP,1.86071980769234,13.359543642690209,12.65954364269021,0.0004786514547563508,40.206295039592426,0.0005610345350166579,325.0
2026-04-02 04:05:00,2026-04-02 04:05:00,BUY,LOSS,SL,-1.1604411529461847,-7.232814846047763,-7.932814846047763,0.00041552098973650316,45.10379088755448,0.0001397538378296037,0.0
2026-04-02 04:10:00,2026-04-02 04:10:00,BUY,WIN,TP,1.8705819844025808,14.453798999802704,13.753798999802704,0.0005151266333267435,41.37546266039817,0.00012699744436650562,0.0
2026-04-02 04:15:00,2026-04-02 04:15:00,BUY,LOSS,SL,-1.094979844718079,-11.528549535622211,-12.22854953562221,0.0007019033023748228,49.08117930822842,0.00012476394690907888,0.0
2026-04-02 09:40:00,2026-04-02 10:00:00,SELL,LOSS,SL,-1.1472158365653247,-7.792747460673265,-8.492747460673264,0.0004528498307115006,48.42066305122672,-0.002751194916218891,20.0
2026-04-02 10:05:00,2026-04-02 10:40:00,SELL,WIN,TP,1.8611890415651424,13.408084365575835,12.708084365575836,0.0004802694788524963,53.49128940365834,-0.0026917652294204952,35.0
2026-04-02 10:50:00,2026-04-02 13:15:00,SELL,WIN,TP,1.8828843743813153,16.07714055604992,15.37714055604992,0.0005692380185349676,51.589347075165975,-0.0026721742212170163,145.0
2026-04-02 14:35:00,2026-04-02 15:00:00,SELL,LOSS,SL,-1.1641854631486626,-7.090673198604346,-7.790673198604346,0.0004060448799070278,50.48757049446135,-0.002511692083174255,25.0
2026-04-02 15:20:00,2026-04-02 15:45:00,SELL,LOSS,SL,-1.139207288415352,-8.183531921233222,-8.88353192123322,0.00047890212808220485,55.98990032414164,-0.002324269482359975,25.0
2026-04-02 15:55:00,2026-04-02 17:05:00,SELL,LOSS,SL,-1.1518342264848027,-8.34474333269054,-9.044743332690539,0.00048298288884604485,59.26328148644085,-0.0020661312713790014,70.0
2026-04-02 17:15:00,2026-04-02 17:35:00,SELL,LOSS,SL,-1.12665675089399,-8.895354909561725,-9.595354909561724,0.00052635699397083,58.49349234305012,-0.0016044752375596882,20.0
2026-04-02 18:25:00,2026-04-03 00:00:00,SELL,WIN,TP,1.9175868801043818,23.267980662895372,22.567980662895373,0.0008089326887631457,54.43678350892043,-0.0007352727308980178,335.0
2026-04-03 00:10:00,2026-04-03 10:25:00,SELL,LOSS,SL,-1.424680641618092,-11.0705449144716,-11.7705449144716,0.0005180363276314452,52.23646590408782,-0.00026786079328222634,615.0
2026-04-03 11:10:00,2026-04-03 13:50:00,BUY,WIN,TP,1.655425926971333,5.76512067464905,5.06512067464905,0.00023217068915495526,53.73129308562616,4.211339141391157e-05,160.0
2026-04-03 14:00:00,2026-04-03 14:35:00,BUY,LOSS,SL,-1.3157241441950283,-5.0007862941857875,-5.700786294185788,0.0002533857529456455,51.36918290708361,0.0002365385083680227,35.0
2026-04-03 14:40:00,2026-04-03 15:30:00,BUY,LOSS,SL,-1.3189796809669276,-4.961995110040939,-5.661995110040939,0.0002507996740026585,41.704874545211375,0.0002390885211791538,50.0
2026-04-03 16:15:00,2026-04-03 17:25:00,SELL,WIN,TP,1.8486435868359434,12.213843788912882,11.513843788912883,0.00044046145963045,48.560604931493714,-2.4316479799724178e-05,70.0
2026-04-03 18:20:00,2026-04-03 21:35:00,SELL,WIN,TP,1.8145275497524436,9.7832726495527,9.0832726495527,0.000359442421651736,46.800649047980805,-0.0005588704543140199,195.0
2026-04-03 23:10:00,2026-04-03 23:10:00,SELL,LOSS,SL,-1.2506968844439899,-4.988880843963649,-5.688880843963649,0.0002659253895975999,56.36120242016694,-0.0010361528869273773,0.0
2026-04-03 23:20:00,2026-04-06 00:05:00,SELL,LOSS,SL,-1.2862050311827145,-5.842198278723042,-6.542198278723043,0.00030281321858159746,56.925007258116494,-0.0010125707386450244,2925.0
2026-04-06 00:10:00,2026-04-06 01:05:00,SELL,WIN,TP,1.8019834373048198,11.830214789145444,11.130214789145445,0.000437673826304847,58.14444080741609,-0.0009546585605044733,55.0
2026-04-06 01:50:00,2026-04-06 05:10:00,SELL,LOSS,SL,-1.218316467354917,-6.6966078122231645,-7.396607812223165,0.00036644052081481775,48.29461476860855,-0.0008919184206310771,200.0
2026-04-06 06:00:00,2026-04-06 08:10:00,SELL,LOSS,SL,-1.2333171544708201,-6.343213762921484,-7.043213762921484,0.0003428809175281213,59.55636079129603,-0.0005407426126304848,130.0
2026-04-06 08:35:00,2026-04-06 09:50:00,SELL,LOSS,SL,-1.3104634111656537,-5.065189767433552,-5.765189767433553,0.00025767931782886633,59.914378102973586,-4.970868370102188e-05,75.0
2026-04-06 10:10:00,2026-04-06 10:30:00,BUY,WIN,TP,1.820149238835461,10.120331029181862,9.420331029181863,0.0003706777009727353,49.71685150255517,0.000173912939892773,20.0
2026-04-06 12:55:00,2026-04-06 13:45:00,BUY,LOSS,SL,-1.1604301263047694,-7.233243238245034,-7.933243238245034,0.0004155495492163792,46.77632874938661,0.0015494409449998692,50.0
2026-04-06 13:50:00,2026-04-06 14:10:00,BUY,LOSS,SL,-1.1660380796375893,-7.724986282670608,-8.424986282670607,0.0004416657521779938,46.14602901903234,0.0014764202877652899,20.0
2026-04-06 14:40:00,2026-04-06 16:25:00,BUY,WIN,TP,1.7939216888635336,10.446058174490382,9.746058174490383,0.00038820193914964495,41.95362325161471,0.0012620809937320399,105.0
2026-04-06 17:50:00,2026-04-06 17:50:00,BUY,LOSS,SL,-1.1204427361813338,-10.232970861305267,-10.932970861305266,0.0006088647240870853,47.45932008027712,0.0013691495293934874,0.0
2026-04-06 18:55:00,2026-04-06 20:15:00,BUY,LOSS,SL,-1.1691966128575007,-8.292340560095333,-8.992340560095332,0.00047282270400634787,40.76034277190989,0.0008208799588096394,80.0
2026-04-06 20:25:00,2026-04-07 00:00:00,BUY,LOSS,SL,-1.174540892000539,-7.4022480714525205,-8.10224807145252,0.0004201498714302236,46.570558211594495,0.00047181271450980056,215.0
2026-04-07 00:10:00,2026-04-07 04:10:00,BUY,LOSS,SL,-1.7026472700416442,-7.269567573815802,-7.9695675738158025,0.00028463783825434074,41.61603535051885,0.000151149345479773,240.0
2026-04-07 05:50:00,2026-04-07 07:00:00,SELL,LOSS,SL,-1.3108828508935229,-5.059974895852325,-5.759974895852325,0.00025733165972350404,47.20166476908726,-0.0004572603191914659,70.0
2026-04-07 07:05:00,2026-04-07 07:45:00,SELL,LOSS,SL,-1.3111987209983513,-4.213380815936251,-4.913380815936251,0.00021422538772904897,59.423128909483324,-0.0004939441569196124,40.0
2026-04-07 08:15:00,2026-04-07 08:40:00,SELL,WIN,TP,1.635609759333713,5.386345440029451,4.68634544002945,0.00021954484800101312,58.883966955630974,-0.00036101457716108953,25.0
2026-04-07 08:55:00,2026-04-07 09:05:00,SELL,LOSS,SL,-1.2409755854056452,-5.149797990185,-5.849797990185,0.00027665319934562976,45.32533232742074,-0.0003359919811951606,10.0
2026-04-07 09:10:00,2026-04-07 09:35:00,SELL,LOSS,SL,-1.2699445363608892,-5.174911145930393,-5.874911145930393,0.00027166074306208654,54.04272207846643,-0.00031525558178757684,25.0
2026-04-07 10:10:00,2026-04-07 10:45:00,SELL,LOSS,SL,-1.1955277967780653,-6.114362338645151,-6.814362338645151,0.00034095748924301933,53.74513409553189,-0.0001350285412347052,35.0
2026-04-07 10:50:00,2026-04-07 11:00:00,SELL,LOSS,SL,-1.1999488485621492,-6.601407024397497,-7.301407024397498,0.00036676046829322526,59.59078187333191,-1.0185119327710268e-05,10.0
2026-04-07 12:50:00,2026-04-07 13:05:00,BUY,LOSS,SL,-1.1476781002631686,-8.548633196389664,-9.248633196389664,0.0004965755464259317,53.384147358858634,0.001116958257158407,15.0
2026-04-07 13:10:00,2026-04-07 13:25:00,BUY,LOSS,SL,-1.125354180901897,-8.977396468192843,-9.677396468192843,0.0005318264312128101,43.6746074252283,0.001140335942597659,15.0
2026-04-07 13:30:00,2026-04-07 13:40:00,BUY,LOSS,SL,-1.1329398724982014,-9.37441744398305,-10.07441744398305,0.0005516278295988296,40.31719979195697,0.00110906905570185,10.0
2026-04-07 14:00:00,2026-04-07 17:20:00,BUY,WIN,TP,1.8638396612311405,15.057421609610534,14.357421609610535,0.000538580720320344,43.89315600736122,0.0009879765832006004,200.0
2026-04-07 18:10:00,2026-04-07 22:15:00,BUY,WIN,TP,1.8761441869268398,16.66258978414269,15.96258978414269,0.0005920863261381041,47.86268269874353,0.0011685991194223533,245.0
2026-04-08 00:05:00,2026-04-08 01:00:00,BUY,WIN,TP,1.7714747435718423,12.402828615147234,11.702828615147235,0.0004667609538382124,50.43613746527998,0.001870758348487822,55.0
2026-04-08 03:45:00,2026-04-08 08:45:00,BUY,WIN,TP,1.9260233901919603,26.035572530151875,25.335572530151875,0.0009011857510050437,52.716238411478784,0.00498963592606172,300.0
2026-04-08 09:10:00,2026-04-08 09:25:00,BUY,WIN,TP,1.879245820944579,15.56257378121806,14.86257378121806,0.0005520857927072513,53.77312137800251,0.004248452552008786,15.0
2026-04-08 09:55:00,2026-04-08 10:10:00,BUY,LOSS,SL,-1.0980081085777251,-11.203237410779664,-11.903237410779663,0.0006802158273853729,52.02727598029676,0.004313743237260859,15.0
2026-04-08 10:15:00,2026-04-08 11:40:00,BUY,LOSS,SL,-1.0922464315311278,-11.840527740767492,-12.54052774076749,0.0007227018493844479,42.379621073805495,0.004185194763168809,85.0
2026-04-08 11:55:00,2026-04-08 14:15:00,BUY,WIN,TP,1.8982513562336851,18.65628165613076,17.95628165613076,0.0006552093885377029,40.541315829927356,0.0035311700010944858,140.0
2026-04-08 15:20:00,2026-04-08 15:20:00,BUY,LOSS,SL,-1.1064203321462167,-10.396700610049269,-11.096700610049268,0.0006264467073366228,54.001555762045896,0.0028095414281741338,0.0
2026-04-08 15:25:00,2026-04-08 15:40:00,BUY,WIN,TP,1.8972530665546872,18.4653011329482,17.7653011329482,0.0006488433710982884,47.30592747794547,0.002785593459712077,15.0
2026-04-08 16:30:00,2026-04-08 16:35:00,BUY,LOSS,SL,-1.0931265440360594,-11.738076993523915,-12.438076993523914,0.0007158717995682985,47.424144219184576,0.0029883108570443184,5.0
2026-04-08 16:50:00,2026-04-08 18:10:00,BUY,LOSS,SL,-1.0896487047012235,-12.15465084891909,-12.85465084891909,0.0007436433899278911,44.4394331079063,0.002806632479340321,80.0
2026-04-08 18:20:00,2026-04-08 19:00:00,BUY,LOSS,SL,-1.1107250832073752,-11.034515000000754,-11.734515000000753,0.0006623010000000613,45.2890136883001,0.002170567134920587,40.0
2026-04-08 20:00:00,2026-04-08 20:20:00,BUY,LOSS,SL,-1.1389019087470211,-8.199325113820265,-8.899325113820264,0.00047995500758809054,40.897683793931016,0.0012860276933728265,20.0
2026-04-08 21:00:00,2026-04-08 21:15:00,BUY,LOSS,SL,-1.1403542575564547,-8.124828397868654,-8.824828397868654,0.00047498855985796085,42.263116027917015,0.000743615933030517,15.0
2026-04-08 22:40:00,2026-04-09 11:50:00,SELL,LOSS,SL,-1.1393641124571525,-8.99299325777426,-9.69299325777426,0.0005261995505183479,51.74620204596339,-0.0003800375279408019,790.0
2026-04-09 13:45:00,2026-04-09 14:00:00,BUY,LOSS,SL,-1.2522571401102687,-5.957050680410657,-6.6570506804106575,0.0003171367120273753,54.235600566189326,0.00037649954286278486,15.0
2026-04-09 14:05:00,2026-04-09 14:40:00,BUY,WIN,TP,1.7907655052537395,9.414518663224948,8.714518663224949,0.00035048395544080857,50.77145214623731,0.0003967575394787648,35.0
2026-04-09 15:25:00,2026-04-09 16:35:00,BUY,WIN,TP,1.8241026418420352,10.370267415886648,9.670267415886649,0.00037900891386292225,54.81005299582244,0.0007457185304693414,70.0
2026-04-09 16:55:00,2026-04-09 17:35:00,BUY,LOSS,SL,-1.1649681580046207,-8.474131047558807,-9.174131047558806,0.00048494206983732763,47.97000392003166,0.0009736727766593845,40.0
2026-04-09 17:40:00,2026-04-09 18:20:00,BUY,WIN,TP,1.8714557617405703,14.558845943444144,13.858845943444145,0.0005186281981147787,41.628909448733296,0.0009145548520002045,40.0
2026-04-09 20:55:00,2026-04-09 21:00:00,BUY,LOSS,SL,-1.178065714395265,-7.939085084825902,-8.639085084825902,0.00044927233898832056,53.98911110368636,0.0019942419279781465,5.0
2026-04-09 21:05:00,2026-04-09 21:20:00,BUY,LOSS,SL,-1.1673836242303963,-8.369160098650095,-9.069160098650094,0.00047794400657666717,45.28604992204206,0.00199586442332933,15.0
2026-04-09 21:55:00,2026-04-09 23:40:00,BUY,LOSS,SL,-1.191695754841636,-7.459919532340952,-8.159919532340952,0.00041732796882267475,40.335678373410595,0.0017350172326604518,105.0
2026-04-09 23:55:00,2026-04-10 01:40:00,BUY,LOSS,SL,-1.3067574248977567,-5.537876232118243,-6.237876232118244,0.00028252508214128227,44.05582837492068,0.0012203949985116758,105.0
2026-04-10 02:05:00,2026-04-10 02:50:00,BUY,LOSS,SL,-1.3618918798361717,-4.892233129376954,-5.592233129376955,0.00023948220862519853,42.386255236868834,0.0007527458613645344,45.0
2026-04-10 04:15:00,2026-04-10 06:30:00,BUY,WIN,TP,1.6355357721795503,5.385008395343372,4.685008395343372,0.0002195002798448128,40.56129998693371,0.00018831402829411203,135.0
2026-04-10 07:30:00,2026-04-10 07:55:00,BUY,LOSS,SL,-1.3593926114610047,-4.5389668060279655,-5.238966806027966,0.00022259778706853813,54.16555020349067,0.0001601317746544595,25.0
2026-04-10 08:00:00,2026-04-10 08:10:00,BUY,LOSS,SL,-1.3277788584430048,-4.4559211391032125,-5.155921139103213,0.00022372807594020494,42.95418237873519,0.00015260351587498278,10.0
2026-04-10 08:40:00,2026-04-10 09:15:00,BUY,LOSS,SL,-1.3238483853700893,-4.9054376498701915,-5.605437649870192,0.00024702917665805847,43.997851841266055,7.755954156696276e-05,35.0
2026-04-10 09:35:00,2026-04-10 10:55:00,SELL,WIN,TP,1.7237364450031802,7.487356535406199,6.787356535406198,0.00028957855118019423,45.08462250230653,-3.184788771504188e-05,80.0
2026-04-10 11:10:00,2026-04-10 12:15:00,SELL,LOSS,SL,-1.2079047133682128,-6.971874915960762,-7.671874915960762,0.0003847916610640918,47.2329330048292,-0.00023475946822681948,65.0
2026-04-10 12:30:00,2026-04-10 12:50:00,SELL,LOSS,SL,-1.1230702298604789,-9.125441880897366,-9.825441880897365,0.000541696125393117,58.30158967891914,-0.00010926023661528284,20.0
2026-04-10 14:35:00,2026-04-10 15:30:00,BUY,WIN,TP,1.7905834592198353,10.260412778565577,9.560412778565578,0.00038201375928548426,54.09603215043894,0.0008737490095476197,55.0
2026-04-10 15:50:00,2026-04-10 16:20:00,BUY,WIN,TP,1.8567344560959647,12.960090790174906,12.260090790174907,0.0004653363596725186,53.29041894386917,0.001121348712582293,30.0
2026-04-10 17:45:00,2026-04-10 17:55:00,BUY,LOSS,SL,-1.1253446050388305,-8.978005911704056,-9.678005911704055,0.0005318670607803436,51.42048231035041,0.0017368992503559166,10.0
2026-04-10 18:00:00,2026-04-10 19:30:00,BUY,LOSS,SL,-1.11837035943301,-9.448060855690276,-10.148060855690275,0.0005632040570460647,51.291160246462084,0.0017242239827734984,90.0
2026-04-10 19:55:00,2026-04-10 21:30:00,BUY,WIN,TP,1.8151198480342798,11.78138266591753,11.08138266591753,0.0004327127555305742,42.50782005710798,0.0014211138259194733,95.0
2026-04-10 22:10:00,2026-04-10 23:55:00,BUY,LOSS,SL,-1.2354097385134761,-6.297495148576048,-6.997495148576048,0.0003398330099050534,52.09738151927623,0.0012511970761228675,105.0
2026-04-13 00:00:00,2026-04-13 09:05:00,BUY,WIN,TP,1.7702571293411973,18.492922536537293,17.792922536537294,0.0006964307512178931,41.1505913594566,0.001139589955884368,545.0
2026-04-13 09:15:00,2026-04-13 09:40:00,SELL,WIN,TP,1.7712545482859183,7.743343244699275,7.043343244699275,0.0002914447748233185,53.7942180911519,-0.0006929644727460271,25.0
2026-04-13 10:00:00,2026-04-13 10:00:00,SELL,LOSS,SL,-1.168414399895488,-6.9377345441991025,-7.637734544199103,0.00039584896961328655,48.6229163034041,-0.0006899223973049207,0.0
2026-04-13 10:05:00,2026-04-13 10:25:00,SELL,LOSS,SL,-1.1864620125734926,-6.999324933900107,-7.699324933900107,0.0003932883289266172,54.81397517161804,-0.0006764197396318394,20.0
2026-04-13 10:50:00,2026-04-13 14:05:00,SELL,LOSS,SL,-1.2003566274331792,-7.189320220516348,-7.889320220516348,0.0003992880147011577,56.29932503220409,-0.0004650555008525181,195.0
2026-04-13 14:40:00,2026-04-13 14:55:00,SELL,WIN,TP,1.8113315479401213,9.600606397985768,8.900606397985769,0.0003533535465995367,47.59571425186298,-0.00014335968127299203,15.0
2026-04-13 15:35:00,2026-04-13 15:45:00,SELL,LOSS,SL,-1.158266579420469,-7.31845335674619,-8.018453356746189,0.0004212302237831337,49.26532608922626,-0.00024669499114993165,10.0
2026-04-13 15:50:00,2026-04-13 16:20:00,SELL,LOSS,SL,-1.1816357274464806,-7.806629746637172,-8.506629746637172,0.0004404419831091735,58.29417469694851,-0.00023171429842228086,30.0
2026-04-13 18:05:00,2026-04-13 19:35:00,BUY,WIN,TP,1.8606848169301082,14.691530768733964,13.991530768733965,0.0005263843589578171,51.548855657999454,0.0006079736828301652,90.0
2026-04-14 00:05:00,2026-04-14 02:20:00,BUY,WIN,TP,1.2279180639763165,5.566395253398696,4.866395253398696,0.0003022131751132928,47.16837617096495,0.0029301644401700244,135.0
2026-04-14 03:05:00,2026-04-14 04:55:00,BUY,LOSS,SL,-1.314810438535586,-4.594166219890626,-5.294166219890626,0.000232944414659368,51.982770743393026,0.002714435721311137,110.0
2026-04-14 05:05:00,2026-04-14 05:20:00,BUY,LOSS,SL,-1.3327404079672471,-4.806415004810959,-5.506415004810959,0.00024042766698740493,42.60123325813307,0.002325225991986146,15.0
2026-04-14 05:45:00,2026-04-14 06:50:00,BUY,WIN,TP,1.6507371711563268,5.671615877195314,4.971615877195314,0.00022905386257315782,44.65622940468762,0.0020863416120173728,65.0
2026-04-14 08:00:00,2026-04-14 08:15:00,BUY,LOSS,SL,-1.3577556189126754,-4.554245011293333,-5.254245011293333,0.0002236163340861536,54.27410907863514,0.0017795774528657216,15.0
2026-04-14 08:20:00,2026-04-14 08:25:00,BUY,LOSS,SL,-1.272861854789484,-4.664858178038521,-5.364858178038522,0.0002443238785358733,45.56611889776624,0.0017356878687511124,5.0
2026-04-14 08:40:00,2026-04-14 09:15:00,BUY,LOSS,SL,-1.3028466480798213,-5.162401458323939,-5.862401458323939,0.0002641600972215318,46.92931387116037,0.0016491006783201367,35.0
2026-04-14 09:30:00,2026-04-14 09:45:00,BUY,WIN,TP,1.7894182483448762,8.497499115096453,7.7974991150964525,0.00031658330383657656,48.03442909705137,0.0014609138209296102,15.0
2026-04-14 11:00:00,2026-04-14 13:05:00,BUY,WIN,TP,1.8617126858427973,14.80890685387869,14.108906853878691,0.0005302968951292694,53.3702748490027,0.001859911492752886,125.0
2026-04-14 14:35:00,2026-04-14 16:00:00,BUY,WIN,TP,1.82744961901961,10.590817641968787,9.890817641968788,0.00038636058806562206,52.56930321421395,0.00223493365828209,85.0
2026-04-14 16:20:00,2026-04-14 16:30:00,BUY,LOSS,SL,-1.1325247412679629,-8.54576081743119,-9.24576081743119,0.0005030507211620643,54.27644683904377,0.0022457062370995207,10.0
2026-04-14 16:35:00,2026-04-14 18:45:00,BUY,LOSS,SL,-1.1416448374306551,-8.865902520369128,-9.565902520369127,0.0005177268346913472,48.26130451605608,0.0022015398287418275,130.0
2026-04-14 19:15:00,2026-04-15 05:15:00,BUY,LOSS,SL,-1.1462922030630143,-7.835634292616799,-8.535634292616798,0.0004557089528411185,41.19389359054986,0.0016680581772792191,600.0
2026-04-15 06:15:00,2026-04-15 08:00:00,BUY,WIN,TP,1.7106279644109963,7.093821464533391,6.39382146453339,0.00027646071548447046,41.55407300358348,8.219819519483806e-06,105.0
2026-04-15 08:05:00,2026-04-15 08:10:00,SELL,LOSS,SL,-1.2989089348356864,-4.780050583314553,-5.480050583314553,0.00024533670555426163,58.09825620486839,-3.542364218844796e-05,5.0
2026-04-15 08:35:00,2026-04-15 09:40:00,BUY,LOSS,SL,-1.2826544103085755,-5.445467101291478,-6.145467101291478,0.0002830311400861262,53.95720506270307,4.401945327203727e-05,65.0
2026-04-15 09:45:00,2026-04-15 12:00:00,BUY,LOSS,SL,-1.2081272112035306,-6.385229132889757,-7.085229132889757,0.0003523486088593454,41.47953666317661,9.087357813242214e-05,135.0
2026-04-15 12:20:00,2026-04-15 13:35:00,SELL,WIN,TP,1.85694107745479,12.980253481722382,12.280253481722383,0.00046600844939077846,46.74449597725188,-5.956741088208872e-05,75.0
2026-04-15 13:45:00,2026-04-15 15:30:00,SELL,LOSS,SL,-1.1381143539737557,-8.240377058781444,-8.940377058781444,0.0004826918039187102,45.34726431734336,-0.0003404551101231501,105.0
2026-04-15 15:40:00,2026-04-15 15:55:00,SELL,LOSS,SL,-1.1483320301498794,-7.741632262361463,-8.441632262361463,0.0004494421508241683,55.42054684505295,-0.0003949355753756212,15.0
2026-04-15 16:00:00,2026-04-15 16:25:00,SELL,LOSS,SL,-1.14099127603488,-8.092637417882575,-8.792637417882574,0.0004728424945254341,59.45704897304597,-0.00033922631657357094,25.0
2026-04-15 16:40:00,2026-04-15 17:25:00,SELL,LOSS,SL,-1.150228031320659,-8.422202057298277,-9.122202057298276,0.0004881468038198476,59.27606452735144,-0.00014106165455074482,45.0
2026-04-15 17:40:00,2026-04-15 18:25:00,BUY,WIN,TP,1.8451530513686991,13.107577349414358,12.407577349414359,0.0004735859116471149,54.48906068798943,5.012419176919636e-05,45.0
2026-04-15 19:00:00,2026-04-16 05:40:00,BUY,WIN,TP,1.8335470138527994,12.116945222349619,11.41694522234962,0.00044056484074499,52.43576610837392,0.00044842084624607814,640.0
2026-04-16 07:00:00,2026-04-16 07:45:00,BUY,LOSS,SL,-1.2453252943612845,-5.583842576705754,-6.283842576705754,0.0002989228384470645,51.844724982340864,0.0008326843438410947,45.0
2026-04-16 08:00:00,2026-04-16 08:20:00,BUY,LOSS,SL,-1.3245943992745295,-4.896921458540281,-5.596921458540281,0.00024646143056939737,42.969172402714996,0.0007713839499658981,20.0
2026-04-16 08:40:00,2026-04-16 08:40:00,BUY,LOSS,SL,-1.2713978695108725,-5.6215527637070375,-6.321552763707038,0.0002947701842471641,45.23055744796566,0.0006533721863797304,0.0
2026-04-16 08:55:00,2026-04-16 09:00:00,BUY,LOSS,SL,-1.2661816112142312,-5.708200226627235,-6.408200226627235,0.0003005466817751581,47.97537235992032,0.0006062270279563187,5.0
2026-04-16 09:50:00,2026-04-16 10:15:00,BUY,LOSS,SL,-1.2353987677906666,-6.297732716541348,-6.997732716541348,0.00033984884776937083,46.50975821056471,0.0003138668718749571,25.0
2026-04-16 10:30:00,2026-04-16 10:50:00,BUY,LOSS,SL,-1.166945025859112,-6.98999577767545,-7.68999577767545,0.0003993330518450004,40.22246599274787,0.0001872337937149915,20.0
2026-04-16 14:00:00,2026-04-16 14:00:00,SELL,LOSS,SL,-1.1795247303861225,-7.227289525148516,-7.927289525148516,0.00040848596834328787,49.46744343285337,-0.0010397331675231491,0.0
2026-04-16 14:05:00,2026-04-16 16:50:00,SELL,WIN,TP,1.8342307838467506,11.064966260991739,10.36496626099174,0.00040216554203306,59.469839797535464,-0.0010261403108438039,165.0
2026-04-16 17:10:00,2026-04-16 19:05:00,SELL,LOSS,SL,-1.168052090550618,-7.645589503801352,-8.345589503801351,0.00043637263358670115,45.90785657862516,-0.0009670086048620963,115.0
2026-04-16 19:10:00,2026-04-16 19:30:00,SELL,WIN,TP,1.8215367689520696,12.24814831550023,11.548148315500232,0.00044827161051664514,59.91559503903529,-0.0008800737127445668,20.0
2026-04-16 19:40:00,2026-04-16 22:25:00,SELL,LOSS,SL,-1.1360927894088857,-8.347927868504023,-9.047927868504022,0.0004898618579001946,45.87509272368431,-0.0008047647413766956,165.0
2026-04-16 22:45:00,2026-04-17 00:00:00,SELL,WIN,TP,1.712880849943656,7.158899082590021,6.458899082590021,0.00027862996941964007,57.279123079183144,-0.0005509589123409153,75.0
2026-04-17 00:10:00,2026-04-17 01:00:00,SELL,LOSS,SL,-1.7506341072772706,-7.46306234818874,-8.16306234818874,0.00028420415654595733,47.836828741231,-0.00040318978112230397,50.0
2026-04-17 01:20:00,2026-04-17 03:00:00,SELL,WIN,TP,1.6025929089280229,5.242409681182804,4.542409681182803,0.00021808032270607475,59.92350239992123,-0.00028521265954650765,100.0
2026-04-17 03:20:00,2026-04-17 04:05:00,SELL,WIN,TP,1.677703791980642,5.726018877230667,5.026018877230666,0.0002275339625743646,45.41328507956824,-0.00014022725177031958,45.0
2026-04-17 05:40:00,2026-04-17 06:40:00,SELL,LOSS,SL,-1.37571394374449,-4.393919256869737,-5.093919256869738,0.00021292795045800523,49.201669223290935,-0.00034807498946554105,60.0
2026-04-17 07:35:00,2026-04-17 09:25:00,SELL,WIN,TP,1.6345825934776037,5.367831628065956,4.667831628065956,0.0002189277209355539,55.135255052280755,-0.00019109120290727866,110.0
2026-04-17 10:05:00,2026-04-17 10:55:00,SELL,LOSS,SL,-1.2444412791854085,-5.60005827029587,-6.30005827029587,0.0003000038846863736,47.92384266088406,-0.00019563510434150722,50.0
2026-04-17 11:10:00,2026-04-17 11:40:00,SELL,LOSS,SL,-1.226052702143398,-5.966121880295892,-6.666121880295893,0.0003244081253530279,59.75349193336905,-0.00013002437343612172,30.0
2026-04-17 13:05:00,2026-04-17 15:20:00,BUY,WIN,TP,1.7954429316831475,8.777222642348704,8.077222642348705,0.00032590742141160094,53.743816326508096,0.00039966061707530365,135.0
2026-04-17 16:50:00,2026-04-17 17:50:00,BUY,LOSS,SL,-1.0819855826816691,-13.197266486264624,-13.897266486264623,0.0008131510990842912,54.567130602110595,0.001940963716922095,60.0
2026-04-17 17:55:00,2026-04-17 18:25:00,BUY,LOSS,SL,-1.0846925435278074,-12.807414895641521,-13.50741489564152,0.0007871609930427665,41.60344251198382,0.002052225438541555,30.0
2026-04-17 18:35:00,2026-04-17 18:40:00,BUY,LOSS,SL,-1.1017260615293998,-11.913354842034162,-12.61335484203416,0.0007208903228022671,42.555589594361145,0.0017328643326206539,5.0
2026-04-17 18:55:00,2026-04-17 19:00:00,BUY,LOSS,SL,-1.0959538507992261,-11.421676583802775,-12.121676583802774,0.0006947784389201255,41.32861221163782,0.001543115492330882,5.0
2026-04-17 19:20:00,2026-04-17 20:00:00,BUY,LOSS,SL,-1.1032253267205419,-10.687545021845878,-11.387545021845877,0.0006458363347897829,41.985837412823216,0.001275029571920605,40.0
2026-04-17 20:50:00,2026-04-17 21:40:00,BUY,LOSS,SL,-1.1474596334442173,-8.55966861782632,-9.25966861782632,0.0004973112411884637,43.710300735013966,0.00046132443962387804,50.0
2026-04-20 02:00:00,2026-04-20 03:00:00,SELL,LOSS,SL,-1.1965783871379088,-7.304435067717518,-8.004435067717518,0.00040696233784787313,45.97975668395539,-0.0026634903467892546,60.0
2026-04-20 03:05:00,2026-04-20 03:20:00,SELL,LOSS,SL,-1.1809509337681656,-7.178995985780988,-7.878995985780988,0.00040526639905210754,59.83730656923703,-0.002638804369219372,15.0
2026-04-20 04:15:00,2026-04-20 04:35:00,SELL,LOSS,SL,-1.2191358624268387,-6.676054839725908,-7.376054839725908,0.000365070322648352,58.71823696773533,-0.0021245296593841445,20.0
2026-04-20 05:00:00,2026-04-20 06:40:00,SELL,LOSS,SL,-1.2268882636586738,-6.488946993773358,-7.188946993773358,0.00035259646625150637,58.62674883934385,-0.0018260534651379778,100.0
2026-04-20 07:00:00,2026-04-20 08:30:00,SELL,WIN,TP,1.6934155014580783,6.0758357335838244,5.375835733583824,0.00023919452445279022,57.763288516048476,-0.0011866616155113974,90.0
2026-04-20 09:35:00,2026-04-20 09:40:00,SELL,LOSS,SL,-1.179652708169809,-6.566295160186474,-7.266295160186474,0.00037108634401239514,46.356094420860245,-0.0009860809171775564,5.0
2026-04-20 09:55:00,2026-04-20 10:00:00,SELL,LOSS,SL,-1.1555302660986815,-7.42961672402409,-8.129616724024089,0.000428641114934885,58.1679868390688,-0.0008872002452147143,5.0
2026-04-20 10:35:00,2026-04-20 13:55:00,SELL,LOSS,SL,-1.1408025304320313,-8.102145088810907,-8.802145088810907,0.000473476339254065,56.75408957640865,-0.0006105215498393157,200.0
2026-04-20 14:05:00,2026-04-20 14:45:00,SELL,LOSS,SL,-1.2098349848927274,-6.918779452403844,-7.618779452403844,0.00038125196349364363,59.58268825761582,-0.00011215263909902795,40.0
2026-04-20 14:55:00,2026-04-20 15:05:00,BUY,LOSS,SL,-1.1735814273349134,-6.76098500486788,-7.46098500486788,0.0003840656669911758,46.99631615947158,0.00010125751644030068,10.0
2026-04-20 15:25:00,2026-04-20 16:25:00,BUY,WIN,TP,1.8172627578026677,11.933611797688794,11.233611797688795,0.00043778705992295253,40.55384923760122,2.191285329011805e-05,60.0
2026-04-20 17:05:00,2026-04-20 17:50:00,BUY,LOSS,SL,-1.1327330337012722,-8.53391956858751,-9.23391956858751,0.0005022613045725675,54.25428779421833,0.00023563678319193926,45.0
2026-04-20 17:55:00,2026-04-20 18:20:00,BUY,WIN,TP,1.8787646787993726,15.49684250590866,14.79684250590866,0.0005498947501969897,46.74237522993267,0.00034885495102154884,25.0
2026-04-20 19:35:00,2026-04-21 06:10:00,BUY,LOSS,SL,-1.159906693977096,-7.979011582576755,-8.679011582576754,0.000458600772171731,53.41782761686888,0.0007824756585543824,635.0
2026-04-21 06:30:00,2026-04-21 06:35:00,BUY,LOSS,SL,-1.3281706794371273,-4.856633804269838,-5.556633804269838,0.00024377558695136935,41.38702421927469,0.00015166062982796547,5.0
2026-04-21 06:50:00,2026-04-21 08:20:00,BUY,WIN,TP,1.6617284227369777,5.894891091408151,5.1948910914081505,0.00023649636971362746,40.574983384685225,7.249744490067656e-05,90.0
2026-04-21 08:35:00,2026-04-21 09:00:00,SELL,WIN,TP,1.6869734468382176,5.928157764172871,5.228157764172871,0.0002342719254724268,59.981319920938766,-4.144490887791896e-05,25.0
2026-04-21 09:15:00,2026-04-21 10:50:00,SELL,WIN,TP,1.7243676953067142,7.507252231086038,6.8072522310860375,0.000290241741036238,46.429138427167565,-5.072848333087521e-05,95.0
2026-04-21 12:00:00,2026-04-21 16:30:00,SELL,LOSS,SL,-1.1700043323648537,-6.882203036178257,-7.5822030361782575,0.00039214686907857507,45.302437265477586,-0.0005520076059344348,270.0
2026-04-21 16:40:00,2026-04-21 17:40:00,SELL,LOSS,SL,-1.1581813480167509,-7.32185787096784,-8.021857870967839,0.00042145719139787886,59.229837885028296,-0.0006551130947929362,60.0
2026-04-21 17:55:00,2026-04-21 18:30:00,SELL,WIN,TP,1.8777668246536776,15.362170043751068,14.662170043751068,0.000545405668125065,45.55957995003267,-0.00046798059932262603,35.0
2026-04-21 19:10:00,2026-04-21 20:00:00,SELL,WIN,TP,1.847076617993003,13.286289206600456,12.586289206600457,0.0004795429735533619,45.73298659772684,-0.0008160949677700202,50.0
2026-04-21 20:40:00,2026-04-21 20:40:00,SELL,LOSS,SL,-1.0937411716873044,-11.667671227064801,-12.3676712270648,0.0007111780818043735,48.21622486758028,-0.0014160184240350482,0.0
2026-04-21 20:50:00,2026-04-21 22:40:00,SELL,WIN,TP,1.9106791480731347,21.39118813647023,20.69118813647023,0.0007463729378823505,54.18271381301438,-0.0013572006679738458,110.0
2026-04-21 23:10:00,2026-04-22 08:20:00,SELL,LOSS,SL,-1.0738919107433214,-14.533281112105833,-15.233281112105832,0.0009022187408069832,55.02074671336962,-0.0015392703410388453,550.0
2026-04-22 08:55:00,2026-04-22 11:10:00,SELL,LOSS,SL,-1.1797077263318507,-6.564591019049381,-7.264591019049381,0.0003709727346032507,59.76375606065954,-0.000265871953366581,135.0
2026-04-22 11:25:00,2026-04-22 12:55:00,BUY,LOSS,SL,-1.1706009096593821,-6.8616334578553975,-7.561633457855398,0.00039077556385700975,50.53201915620321,9.947171747537453e-05,90.0
2026-04-22 13:00:00,2026-04-22 14:25:00,BUY,LOSS,SL,-1.2082176865228285,-6.382932580654709,-7.082932580654709,0.0003521955053770316,40.33805380881801,0.00017739833674368377,85.0
2026-04-22 16:25:00,2026-04-22 16:40:00,SELL,LOSS,SL,-1.1458734389830862,-8.640783350747926,-9.340783350747925,0.0005027188900498062,49.5989558487471,-0.0007013695182371826,15.0
2026-04-22 16:55:00,2026-04-22 17:50:00,SELL,WIN,TP,1.85813153469552,14.4073221894253,13.7073221894253,0.0005169107396475034,54.93812827815283,-0.0006883582044558967,55.0
2026-04-22 20:25:00,2026-04-22 23:05:00,SELL,WIN,TP,1.8008671518235269,10.8522556774616,10.1522556774616,0.00040174185591541927,46.30182362238334,-0.001512967708638513,160.0
2026-04-22 23:35:00,2026-04-23 03:10:00,SELL,WIN,TP,1.738538116069871,6.6492985131948465,5.949298513194846,0.00025497661710649754,47.04572923385749,-0.0016515972016415414,215.0
2026-04-23 03:20:00,2026-04-23 05:55:00,SELL,WIN,TP,1.8231962984059908,10.311980359984819,9.61198035998482,0.000377066011999509,59.54719966359486,-0.0012995158725257472,155.0
2026-04-23 07:20:00,2026-04-23 08:20:00,SELL,LOSS,SL,-1.2831160087630373,-5.438545200050403,-6.1385452000504035,0.00028256968000336935,46.78565776317621,-0.001130351954873321,60.0
2026-04-23 08:30:00,2026-04-23 08:50:00,SELL,LOSS,SL,-1.3452881913777988,-4.675357773492505,-5.375357773492505,0.00023169051823281796,55.9855162991962,-0.0010361901981297272,20.0
2026-04-23 09:15:00,2026-04-23 09:40:00,SELL,LOSS,SL,-1.3148701269286418,-5.011095106751594,-5.7110951067515945,0.00025407300711670887,55.38489003276507,-0.0008867064278854642,25.0
2026-04-23 09:50:00,2026-04-23 10:05:00,SELL,LOSS,SL,-1.2974113015328386,-5.234816410187769,-5.93481641018777,0.00026898776067914244,58.836578715237465,-0.0007685988223180562,15.0
2026-04-23 10:10:00,2026-04-23 10:30:00,SELL,WIN,TP,1.8160158468635865,9.870501431246016,9.170501431246016,0.0003623500477081933,55.532272793370645,-0.0007194554032605716,20.0
2026-04-23 10:50:00,2026-04-23 12:40:00,SELL,WIN,TP,1.8400374507291979,11.50292652322127,10.80292652322127,0.00041676421744073574,50.84994322788806,-0.0007184554503418816,110.0
2026-04-23 12:45:00,2026-04-23 13:15:00,SELL,WIN,TP,1.8509247870286982,12.416046572309881,11.716046572309882,0.00044720155241035443,45.67216038718954,-0.000758042994227548,30.0
2026-04-23 14:45:00,2026-04-23 14:45:00,SELL,LOSS,SL,-1.1723507484025253,-7.482333759473724,-8.182333759473723,0.000425488917298273,46.23182275221546,-0.0012806944686887256,0.0
2026-04-23 14:50:00,2026-04-23 14:50:00,SELL,LOSS,SL,-1.1374296007538687,-8.276452776654452,-8.976452776654451,0.00048509685177697054,53.07432816953088,-0.0012759638853083732,0.0
2026-04-23 15:00:00,2026-04-23 17:15:00,SELL,LOSS,SL,-1.1292432232281029,-8.73734958803285,-9.437349588032848,0.0005158233058689277,56.18495786256748,-0.0012326555519150961,135.0
2026-04-23 18:10:00,2026-04-23 18:25:00,SELL,LOSS,SL,-1.150734840605495,-9.160999561744674,-9.860999561744674,0.0005307333041163849,58.47656472899867,-0.00034479275764187634,15.0
2026-04-23 18:35:00,2026-04-23 20:00:00,SELL,WIN,TP,1.8709695237943809,14.5002140487559,13.800214048755901,0.0005166738016252287,57.745532462537604,-0.00015015661018114024,85.0
2026-04-23 21:00:00,2026-04-24 14:00:00,SELL,LOSS,SL,-1.0922729746010016,-11.837409374999663,-12.537409374999662,0.0007224939583332793,51.144763361104715,-0.0005313578503434169,1020.0
2026-04-24 15:35:00,2026-04-24 15:50:00,BUY,LOSS,SL,-1.167338282990527,-8.37110262251186,-9.071102622511859,0.00047807350816740396,51.33092573374531,0.0010412673319066812,15.0
2026-04-24 15:55:00,2026-04-24 18:50:00,BUY,WIN,TP,1.8685008461839105,14.209223344518907,13.509223344518908,0.0005069741114839878,42.31455377783322,0.0010384879348734888,175.0
2026-04-24 19:30:00,2026-04-27 00:00:00,BUY,LOSS,SL,-1.1446392495247453,-7.913752686672492,-8.613752686672491,0.0004609168457781155,54.394568191435276,0.0010835246976401702,3150.0
2026-04-27 00:40:00,2026-04-27 04:00:00,BUY,WIN,TP,1.7938918882679982,11.314738828817806,10.614738828817806,0.0004204912942938962,43.713753763760096,0.0007034969513632916,200.0
2026-04-27 07:50:00,2026-04-27 07:55:00,BUY,LOSS,SL,-1.335324862974385,-4.778619221240587,-5.478619221240587,0.00023857461474937694,49.41538649297711,0.00108731975325016,5.0
2026-04-27 08:00:00,2026-04-27 08:55:00,BUY,LOSS,SL,-1.3383750796319998,-4.7463604509677895,-5.44636045096779,0.0002364240300645179,46.193019139515364,0.0010734003614647492,55.0
2026-04-27 09:40:00,2026-04-27 10:00:00,BUY,WIN,TP,1.7689764154777252,7.657124787219139,6.957124787219139,0.00028857082624064457,41.00696269195095,0.0007720965021948967,20.0
2026-04-27 12:30:00,2026-04-27 14:40:00,BUY,LOSS,SL,-1.1877550432277417,-6.95869748737311,-7.65869748737311,0.000390579832491558,54.489234651512994,0.001428249180129848,130.0
2026-04-27 14:45:00,2026-04-27 15:10:00,BUY,WIN,TP,1.7525042357120215,8.497135653616851,7.797135653616851,0.00032323785512052976,44.52288870717247,0.001319288192064283,25.0
2026-04-27 15:40:00,2026-04-27 16:45:00,BUY,LOSS,SL,-1.1928718467995751,-6.803268871288802,-7.503268871288802,0.00038021792475265566,51.42332844528716,0.0013409206695556009,65.0
2026-04-27 17:00:00,2026-04-27 17:55:00,BUY,LOSS,SL,-1.1524015030385617,-7.5616150763747605,-8.26161507637476,0.00043744100509165177,40.11895825950864,0.0012464002733321156,55.0
2026-04-27 18:20:00,2026-04-27 18:55:00,BUY,LOSS,SL,-1.1691739705632223,-8.293289801054502,-8.993289801054502,0.0004728859867370409,42.65432353017986,0.0008543951285049367,35.0
2026-04-27 19:05:00,2026-04-27 19:50:00,BUY,LOSS,SL,-1.177151319448552,-7.3093807905250205,-8.00938079052502,0.00041395871936831445,41.0970025245511,0.0005798894576376501,45.0
2026-04-27 20:35:00,2026-04-27 20:50:00,BUY,LOSS,SL,-1.179860289580949,-7.215858050506073,-7.915858050506073,0.000407723870033678,49.120139011742054,4.299794135231849e-05,15.0
2026-04-27 22:15:00,2026-04-28 03:10:00,SELL,LOSS,SL,-1.2864093241995114,-5.389807728340878,-6.089807728340878,0.0002793205152227098,46.91445968848502,-0.0003472905299091167,295.0
2026-04-28 03:15:00,2026-04-28 03:25:00,SELL,WIN,TP,1.523948472571048,3.8414710629298474,3.1414710629298472,0.00016804903543096066,56.24407612886907,-0.00038346946215472855,10.0
2026-04-28 03:50:00,2026-04-28 04:00:00,SELL,WIN,TP,1.661625889746363,5.892741221250698,5.192741221250698,0.00023642470737500042,48.04984121292994,-0.00038254491181599626,10.0
2026-04-28 04:40:00,2026-04-28 05:05:00,SELL,WIN,TP,1.6607425460088039,5.874273451519453,5.174273451519452,0.00023580911505063454,47.07941811068878,-0.0004914314007378184,25.0
2026-04-28 06:15:00,2026-04-28 06:25:00,SELL,LOSS,SL,-1.3493746354884155,-4.634708413569965,-5.334708413569965,0.00022898056090463995,48.95970429835922,-0.0007201810709214218,10.0
2026-04-28 06:40:00,2026-04-28 08:35:00,SELL,WIN,TP,1.6572681401393692,5.802558796185276,5.102558796185276,0.000233418626539497,51.34190515915191,-0.0006900013280544126,115.0
2026-04-28 10:20:00,2026-04-28 11:15:00,SELL,LOSS,SL,-1.214893211499958,-6.784168953611801,-7.4841689536118015,0.0003722779302408421,45.53226307083146,-0.0011114274930310586,55.0
2026-04-28 11:20:00,2026-04-28 12:30:00,SELL,WIN,TP,1.8195342684464042,12.098923731053237,11.398923731053237,0.000443297457701771,58.64454751626542,-0.0011834292186305717,70.0
2026-04-28 12:50:00,2026-04-28 14:45:00,SELL,WIN,TP,1.836200409058483,12.33104697240305,11.63104697240305,0.00044770156574673326,47.630653358832824,-0.0011781753720612187,115.0
2026-04-28 15:30:00,2026-04-28 15:40:00,SELL,LOSS,SL,-1.1486857242954454,-8.498154767126463,-9.198154767126463,0.0004932103178084616,50.309212314593836,-0.001379311807435446,10.0
2026-04-28 15:45:00,2026-04-28 16:35:00,SELL,LOSS,SL,-1.166025934499338,-8.427786451668993,-9.127786451668992,0.0004818524301112151,58.71730868484411,-0.0013293129919078606,50.0
2026-04-28 16:50:00,2026-04-28 18:00:00,SELL,LOSS,SL,-1.1412178382635412,-8.889384213254813,-9.589384213254812,0.0005192922808837196,56.4471253941797,-0.001045164379205099,70.0
2026-04-28 18:15:00,2026-04-28 18:25:00,SELL,LOSS,SL,-1.1360253200627446,-9.18672973158675,-9.88672973158675,0.0005391153154390498,59.694210707311726,-0.0007111456484591994,10.0
2026-04-28 19:20:00,2026-04-28 20:45:00,SELL,LOSS,SL,-1.1553783797749422,-8.179492021948574,-8.879492021948574,0.00047196613479655634,53.58280273953474,-0.0001934965227312624,85.0
2026-04-28 21:15:00,2026-04-28 22:50:00,BUY,LOSS,SL,-1.2183589027905282,-6.695539612374589,-7.39553961237459,0.0003663693074916616,54.34844672968687,0.00019821504362460551,95.0
2026-04-28 22:55:00,2026-04-29 01:00:00,BUY,WIN,TP,1.6960922262515052,6.6971326412413665,5.997132641241366,0.0002632377547080215,40.1765194545884,0.0002772408247124769,125.0
2026-04-29 01:30:00,2026-04-29 04:00:00,BUY,LOSS,SL,-1.3933576243761114,-4.604880646617381,-5.304880646617382,0.00022032537644114947,52.70847064832208,0.00039234896040674094,150.0
2026-04-29 04:35:00,2026-04-29 05:40:00,BUY,LOSS,SL,-1.3007022953201273,-5.190657932033681,-5.890657932033681,0.000266043862135591,46.01379701191789,0.00033925762548459026,65.0
2026-04-29 05:50:00,2026-04-29 06:40:00,BUY,LOSS,SL,-1.283718552492368,-5.429543642664258,-6.129543642664258,0.0002819695761776035,44.14874467084451,0.00023710470643290016,50.0
2026-04-29 07:15:00,2026-04-29 08:10:00,BUY,LOSS,SL,-1.366964388251106,-4.470072078980224,-5.170072078980224,0.00021800480526531558,41.52859624812051,2.2497668747956112e-06,55.0
2026-04-29 09:05:00,2026-04-29 10:10:00,SELL,LOSS,SL,-1.2647929660970454,-4.77653536171918,-5.47653536171918,0.00025176902411462284,47.22329069304178,-0.0003005487218830094,65.0
2026-04-29 10:15:00,2026-04-29 11:05:00,SELL,WIN,TP,1.774171906530328,8.641923452475377,7.941923452475376,0.0003247307817491733,59.760172928245964,-0.00040026625874678423,50.0
2026-04-29 11:20:00,2026-04-29 13:55:00,SELL,LOSS,SL,-1.168778354623789,-6.924930375278414,-7.6249303752784146,0.00039499535835188667,47.552176896750105,-0.00038131324057921745,155.0
2026-04-29 14:15:00,2026-04-29 15:50:00,SELL,WIN,TP,1.7558394802039727,8.629598994992584,7.929598994992584,0.0003276532998331004,56.29309440094985,-0.0003159028911903228,95.0
2026-04-29 16:05:00,2026-04-29 16:30:00,SELL,WIN,TP,1.8407594179137508,11.55961246688253,10.859612466882531,0.000418653748896112,45.84387387738184,-0.00027115874569161313,25.0
2026-04-29 17:20:00,2026-04-29 17:50:00,SELL,LOSS,SL,-1.1571024973238362,-8.101798308352569,-8.801798308352568,0.0004667865538902128,46.479359453139786,-0.0006402734599186832,30.0
2026-04-29 18:05:00,2026-04-29 20:00:00,SELL,WIN,TP,1.872586805979921,14.696961491136197,13.996961491136197,0.0005232320497045362,55.49543743607363,-0.0006179405653325976,115.0
2026-04-29 20:50:00,2026-04-29 21:05:00,SELL,WIN,TP,1.807772048208572,11.285176987184766,10.585176987184767,0.00041617256623947005,48.919335649118196,-0.0008526519128810861,15.0
2026-04-29 21:20:00,2026-04-29 21:40:00,SELL,WIN,TP,1.877888836321833,15.378518881952076,14.678518881952076,0.0005459506293983807,45.317606015563946,-0.0009515633055938721,20.0
2026-04-29 22:15:00,2026-04-30 03:00:00,SELL,LOSS,SL,-1.1088208141689684,-11.208360320590925,-11.908360320590925,0.0006738906880393519,49.20752703445341,-0.0012701757435413796,285.0
2026-04-30 03:40:00,2026-04-30 04:35:00,SELL,WIN,TP,1.7293084811748969,7.666180996067729,6.966180996067729,0.00029553936653562714,58.00682897252509,-0.0006250993904706181,55.0
2026-04-30 04:55:00,2026-04-30 05:30:00,SELL,WIN,TP,1.757215429587683,8.685306944836803,7.985306944836803,0.0003295102314945349,46.38657503973519,-0.0005848187316903619,35.0
2026-04-30 06:10:00,2026-04-30 07:15:00,SELL,WIN,TP,1.8041796135985322,9.21344118837364,8.51344118837364,0.00034044803961243966,45.76971729585613,-0.0008376590128507111,65.0
2026-04-30 08:10:00,2026-04-30 09:30:00,SELL,LOSS,SL,-1.2250249984374508,-5.44395070300585,-6.14395070300585,0.00029626338020044015,49.313746414697555,-0.0011768581480395834,80.0
2026-04-30 09:40:00,2026-04-30 10:00:00,SELL,LOSS,SL,-1.232173027674335,-6.368559035562126,-7.068559035562126,0.00034457060237084704,59.14737210734013,-0.0011246243736175998,20.0
2026-04-30 11:45:00,2026-04-30 12:30:00,SELL,LOSS,SL,-1.1373137725250853,-8.282590679804635,-8.982590679804634,0.00048550604532032347,59.63756978246825,-0.00016020792021231856,45.0
2026-04-30 12:35:00,2026-04-30 12:45:00,SELL,LOSS,SL,-1.1393176598252654,-9.813409107682823,-10.513409107682822,0.0005742272738454741,59.759254912121065,-6.35682253258274e-06,10.0
2026-04-30 14:55:00,2026-04-30 15:15:00,BUY,LOSS,SL,-1.1075111005517464,-11.3315016249932,-12.031501624993199,0.0006821001083328955,49.988815192972424,0.0013174438949530298,20.0
2026-04-30 15:25:00,2026-04-30 15:40:00,BUY,LOSS,SL,-1.1002660956239896,-12.070807162224982,-12.770807162224981,0.0007313871441483549,46.03180957961301,0.0012957868983622944,15.0
2026-04-30 15:50:00,2026-04-30 16:25:00,BUY,LOSS,SL,-1.0881350803820682,-12.346219866879004,-13.046219866879003,0.0007564146577918986,41.31773102652267,0.0011892330743796808,35.0
2026-04-30 16:30:00,2026-04-30 17:45:00,BUY,WIN,TP,1.9154228724852564,22.647055164546238,21.94705516454624,0.0007882351721515766,45.576872840725684,0.0009662040833693375,75.0
2026-04-30 19:20:00,2026-05-01 09:55:00,BUY,WIN,TP,1.8934268626106978,17.766455121745906,17.066455121745907,0.0006255485040581994,54.4380849056401,0.0019218972586887428,875.0
2026-05-01 11:00:00,2026-05-01 14:10:00,BUY,WIN,TP,1.8539686971217684,13.965263108955396,13.265263108955397,0.0005021754369651922,53.54801193736688,0.0005817412876740757,190.0
2026-05-01 14:50:00,2026-05-01 15:10:00,BUY,WIN,TP,1.8220131512088973,10.236785265811289,9.53678526581129,0.0003745595088604019,52.921128423767634,0.0010481842512966022,20.0
2026-05-01 16:20:00,2026-05-01 16:45:00,BUY,LOSS,SL,-1.1586879814874567,-8.031841905664093,-8.731841905664092,0.00046212279371098765,53.40879371190738,0.0014761544312364983,25.0
2026-05-01 16:55:00,2026-05-01 17:00:00,BUY,WIN,TP,1.8852267148440776,16.42565787223871,15.72565787223871,0.0005808552624079694,46.529734241708866,0.0014197180046238156,5.0
2026-05-01 17:55:00,2026-05-01 18:50:00,BUY,LOSS,SL,-1.1171211882326817,-10.491981217050649,-11.191981217050648,0.0006261320811367625,48.29718577430194,0.0018578140177647473,55.0
2026-05-01 18:55:00,2026-05-01 19:00:00,BUY,LOSS,SL,-1.1053657650351543,-10.490748723424147,-11.190748723424147,0.0006327165815616159,45.815663456917584,0.0018113731090920737,5.0
2026-05-01 23:55:00,2026-05-04 00:00:00,SELL,LOSS,SL,-1.2675902680426077,-6.158173690356349,-6.85817369035635,0.00032387824602377556,45.42662284589376,-0.0009192968575904015,2885.0
2026-05-04 00:55:00,2026-05-04 01:20:00,SELL,WIN,TP,1.8308426745169337,10.82331296790462,10.12331296790462,0.00039411043226347776,59.53932806355611,-0.00038027683582742,25.0
2026-05-04 01:30:00,2026-05-04 06:50:00,SELL,LOSS,SL,-1.1845305815563056,-7.702987146517203,-8.402987146517203,0.000433532476434541,45.81959150288909,-0.0003520013298523583,320.0
2026-05-04 07:25:00,2026-05-04 09:10:00,SELL,LOSS,SL,-1.205335650970897,-5.870074900640287,-6.570074900640287,0.0003246716600427026,51.49984566554266,-0.0003928557890895412,105.0
2026-05-04 09:35:00,2026-05-04 09:45:00,SELL,WIN,TP,1.7733399285942355,7.823786155169877,7.123786155169877,0.00029412620517235824,59.09230153651354,-0.00019058478635325393,10.0
2026-05-04 09:55:00,2026-05-04 10:40:00,SELL,WIN,TP,1.7898153937150496,9.366989181012743,8.666989181012744,0.0003488996393671044,46.391609437720966,-0.0001965682031614957,45.0
2026-05-04 11:35:00,2026-05-04 13:00:00,SELL,WIN,TP,1.803418336404123,10.09127776089357,9.391277760893571,0.00037304259202979663,46.38878213637498,-0.0005618916387191142,85.0
2026-05-04 13:35:00,2026-05-04 15:00:00,SELL,WIN,TP,1.8916880826019242,17.465188762688545,16.765188762688545,0.0006155062920896473,48.335031926610114,-0.0009656890989488964,85.0
2026-05-04 15:10:00,2026-05-04 15:15:00,SELL,LOSS,SL,-1.1340449155129193,-9.306204582925647,-10.006204582925646,0.0005470803055283757,45.974578028933905,-0.0013911620785709289,5.0
2026-05-04 15:20:00,2026-05-04 16:35:00,SELL,LOSS,SL,-1.1192686707127446,-9.384431502623801,-10.0844315026238,0.0005589621001749889,55.335706035720264,-0.0013830177087790219,75.0
2026-05-04 17:05:00,2026-05-04 18:25:00,SELL,WIN,TP,1.8665029523354562,13.981604724515485,13.281604724515486,0.0004993868241505316,52.83789484539977,-0.0009872790917606622,80.0
2026-05-04 20:20:00,2026-05-04 22:20:00,SELL,LOSS,SL,-1.1445351250264444,-9.502480104960263,-10.202480104960262,0.0005534986736639662,49.63816412405759,-0.0014430189632947954,120.0
2026-05-04 22:30:00,2026-05-04 23:20:00,SELL,WIN,TP,1.8068646009940832,11.226515348056278,10.526515348056279,0.00041421717826855235,58.90209015529458,-0.0012530256889895508,50.0
2026-05-04 23:45:00,2026-05-05 00:00:00,SELL,LOSS,SL,-1.3155245413176053,-5.420123254347518,-6.1201232543475195,0.00027467488362320155,45.5686328776556,-0.0011766374366299903,15.0
2026-05-05 00:10:00,2026-05-05 04:20:00,SELL,WIN,TP,1.436052232137105,7.1299976329692,6.4299976329692,0.000330999921098952,45.550934441370096,-0.001179906319690005,250.0
2026-05-05 04:50:00,2026-05-05 05:25:00,SELL,LOSS,SL,-1.2888912844724796,-4.907660733028406,-5.607660733028406,0.00025384404886857545,46.94436210055658,-0.000998313194088718,35.0
2026-05-05 05:30:00,2026-05-05 06:55:00,SELL,WIN,TP,1.6438623367230707,5.538967111539207,4.8389671115392066,0.00022463223705132448,59.92950777518679,-0.0009327655684736591,85.0
2026-05-05 07:20:00,2026-05-05 07:55:00,SELL,WIN,TP,1.5779268597721992,4.4862182670713855,3.7862182670713853,0.00018954060890241198,47.60318585566501,-0.00082506776432556,35.0
2026-05-05 08:25:00,2026-05-05 09:00:00,SELL,LOSS,SL,-1.3209977316028254,-4.93834417460861,-5.63834417460861,0.00024922294497395044,45.229545086807626,-0.00088308975153506,35.0
2026-05-05 09:05:00,2026-05-05 09:30:00,SELL,LOSS,SL,-1.2389724091388685,-5.184583499005079,-5.884583499005079,0.00027897223326701014,55.16810016926894,-0.0008566603475337331,25.0
2026-05-05 09:35:00,2026-05-05 10:05:00,SELL,LOSS,SL,-1.1904718093702524,-6.250120757009924,-6.950120757009924,0.0003500080504672932,58.74614418237908,-0.000807096457960732,30.0
2026-05-05 10:15:00,2026-05-05 10:35:00,SELL,LOSS,SL,-1.224950582985754,-6.534504956922004,-7.234504956922004,0.0003556336637947486,58.78210493666137,-0.0006710272600480849,20.0
2026-05-05 10:45:00,2026-05-05 13:30:00,SELL,LOSS,SL,-1.1934558104971262,-6.786053043190142,-7.486053043190142,0.0003790702028793487,58.630753900811236,-0.0005471522697524378,165.0
2026-05-05 13:40:00,2026-05-05 15:25:00,SELL,LOSS,SL,-1.182542840181917,-7.125982716735267,-7.825982716735267,0.00040173218111565657,51.75340312030401,-0.00023229202750130185,105.0
2026-05-05 15:35:00,2026-05-05 16:05:00,SELL,LOSS,SL,-1.1778470882362553,-7.285088611283529,-7.985088611283529,0.00041233924075228075,56.849494877380955,-0.00012913520720903016,30.0
2026-05-05 16:45:00,2026-05-05 17:15:00,BUY,LOSS,SL,-1.1618888527897344,-7.177077561348998,-7.877077561348998,0.0004118051707566093,54.4288758226511,0.00013340696862229606,30.0
2026-05-05 17:20:00,2026-05-05 18:40:00,BUY,WIN,TP,1.8741368756095493,14.890277709933454,14.190277709933454,0.0005296759236644787,47.7322308646904,0.00021635587716439808,80.0
2026-05-05 19:00:00,2026-05-05 19:15:00,BUY,LOSS,SL,-1.142449675286508,-8.020023022086264,-8.720023022086263,0.0004680015348057774,53.72585747375587,0.0006109564457983385,15.0
2026-05-05 19:20:00,2026-05-05 22:25:00,BUY,LOSS,SL,-1.1884464944102446,-7.567855256503852,-8.267855256503852,0.0004245236837668688,44.9722413420418,0.0006147058638859004,185.0
2026-05-05 22:35:00,2026-05-05 23:45:00,BUY,LOSS,SL,-1.3150944475231459,-5.008381929395477,-5.708381929395477,0.00025389212862629367,40.684592121505425,0.0002902624504037554,70.0
2026-05-05 23:50:00,2026-05-06 00:00:00,BUY,LOSS,SL,-1.450178621583508,-4.187742637416313,-4.887742637416314,0.00019251617582780964,41.00269037694803,0.00010969219894318982,10.0
2026-05-06 00:50:00,2026-05-06 01:50:00,SELL,LOSS,SL,-1.7352992723831506,-4.0119837919738375,-4.711983791973838,0.00015413225279825362,45.51775041755108,-2.2548013282053248e-05,60.0
2026-05-06 05:15:00,2026-05-06 05:40:00,BUY,LOSS,SL,-1.2329398802754457,-5.822248499051673,-6.522248499051673,0.00031481656660341386,53.51993596182494,0.0011608303026207079,25.0
2026-05-06 05:45:00,2026-05-06 07:25:00,BUY,WIN,TP,1.727622712428537,7.611307364877674,6.911307364877674,0.00029371024549592923,43.64234059433511,0.0011563743106490776,100.0
2026-05-06 08:35:00,2026-05-06 10:30:00,BUY,LOSS,SL,-1.2215658263781355,-6.615997672637563,-7.315997672637563,0.0003610665115092129,54.81732035309312,0.001419573571772359,115.0
2026-05-06 10:40:00,2026-05-06 11:30:00,BUY,WIN,TP,1.8389975149970001,11.422168514745202,10.722168514745203,0.0004140722838248083,46.89767002194933,0.0013630136289053407,50.0
2026-05-06 14:45:00,2026-05-06 15:00:00,BUY,LOSS,SL,-1.1095939194111497,-10.124593822111837,-10.824593822111837,0.0006083062548073892,48.55223443706759,0.0031748023982218765,15.0
2026-05-06 15:45:00,2026-05-06 16:00:00,BUY,LOSS,SL,-1.1222023540191035,-10.101463260094322,-10.801463260094321,0.0006000975506729699,40.46063292787423,0.0026927303391246493,15.0
2026-05-06 16:15:00,2026-05-06 17:05:00,BUY,LOSS,SL,-1.1198120636352327,-10.281045435866508,-10.981045435866507,0.000612069695724438,41.0699231915395,0.002367898007299196,50.0
2026-05-06 17:25:00,2026-05-06 19:55:00,BUY,LOSS,SL,-1.1283123669388404,-8.793481048297135,-9.493481048297134,0.0005195654032197605,41.92639461045726,0.001706500704947933,150.0
2026-05-06 20:05:00,2026-05-06 20:50:00,BUY,LOSS,SL,-1.172655057153923,-7.4710847404796485,-8.171084740479648,0.0004247389826986846,47.53256996852698,0.0009546985400428198,45.0
2026-05-06 21:00:00,2026-05-07 04:35:00,BUY,WIN,TP,1.8002065682437134,9.911372999887304,9.211372999887304,0.000367045766662892,45.87552067658324,0.0007471891327672786,455.0
2026-05-07 05:10:00,2026-05-07 06:30:00,BUY,LOSS,SL,-1.254941908364026,-4.922462204888344,-5.622462204888344,0.00026149748032585783,54.22357673623462,0.00043865764322292833,80.0
2026-05-07 07:10:00,2026-05-07 09:25:00,BUY,LOSS,SL,-1.3423190012577497,-4.705502164913299,-5.405502164913299,0.0002337001443275943,40.778920105191666,0.00034382297250235005,135.0
2026-05-07 09:35:00,2026-05-07 09:50:00,BUY,LOSS,SL,-1.2196205381591114,-5.553308212347229,-6.253308212347229,0.00030355388082308404,44.31973919196419,0.0001815912807157094,15.0
2026-05-07 09:55:00,2026-05-07 10:05:00,BUY,WIN,TP,1.8054122825022099,10.205955115203937,9.505955115203937,0.0003768651705067708,40.26497304127566,0.00015922754527397665,10.0
2026-05-07 12:25:00,2026-05-07 19:05:00,BUY,LOSS,SL,-1.1710834423530914,-6.845101000108155,-7.545101000108155,0.0003896734000072107,52.733181220433025,0.0008305367472294378,400.0
2026-05-07 19:30:00,2026-05-07 19:50:00,BUY,LOSS,SL,-1.1737093376746697,-7.432417213288366,-8.132417213288365,0.00042216114755259693,43.79030349686902,0.0005032252830983186,20.0
2026-05-07 19:55:00,2026-05-07 20:25:00,BUY,LOSS,SL,-1.1854985834717342,-7.029964420281486,-7.729964420281486,0.00039533096135212085,40.98364047198009,0.0003893922680970885,30.0
2026-05-07 21:25:00,2026-05-07 22:25:00,SELL,WIN,TP,1.8238250789253392,12.422824323462624,11.722824323462625,0.0004540941441154,45.31828289786062,-0.00027060841424786375,60.0
2026-05-07 22:35:00,2026-05-07 23:55:00,SELL,WIN,TP,1.8743025823737915,16.402348429641044,15.702348429641045,0.0005834116143213323,45.89289748006727,-0.0006028902119026291,80.0
2026-05-08 01:20:00,2026-05-08 03:05:00,SELL,LOSS,SL,-1.1847734973518296,-6.41203156476433,-7.11203156476433,0.00036080210431767106,47.27185706813463,-0.0015293031794529899,105.0
2026-05-08 03:15:00,2026-05-08 07:50:00,SELL,LOSS,SL,-1.2639904995491693,-5.266816616046897,-5.966816616046898,0.00027778777440305485,57.910348034942054,-0.001502309737420937,275.0
2026-05-08 08:10:00,2026-05-08 08:30:00,SELL,LOSS,SL,-1.316435507332839,-4.992241933007201,-5.692241933007201,0.000252816128867097,56.04411121004127,-0.0008318984865922641,20.0
2026-05-08 08:40:00,2026-05-08 08:55:00,SELL,LOSS,SL,-1.2980721678197935,-5.225870676813703,-5.9258706768137035,0.0002683913784542532,55.71163292158525,-0.0007151205291613394,15.0
2026-05-08 09:15:00,2026-05-08 09:25:00,SELL,LOSS,SL,-1.2147951866675335,-6.221157587681946,-6.921157587681946,0.0003414105058455079,58.75441506439187,-0.0005265288026916615,10.0
2026-05-08 10:00:00,2026-05-08 11:20:00,SELL,LOSS,SL,-1.1877578255950756,-6.326009698027878,-7.026009698027878,0.0003550673132019177,59.16771431958267,-0.00023579054351841044,80.0
2026-05-08 13:45:00,2026-05-08 13:55:00,BUY,LOSS,SL,-1.191549017788171,-6.220595811699091,-6.9205958116990915,0.00034803972077996227,54.33367016466387,0.0012286750180590111,10.0
2026-05-08 14:00:00,2026-05-08 15:30:00,BUY,LOSS,SL,-1.2100238809869976,-6.337499634949127,-7.0374996349491274,0.00034916664233000514,44.55630279892309,0.0012328486867425603,90.0
2026-05-08 16:10:00,2026-05-08 16:30:00,BUY,WIN,TP,1.842776582497061,12.892826481836751,12.192826481836752,0.000466427549394523,49.18055315125792,0.001353387164365838,20.0
2026-05-08 17:05:00,2026-05-08 17:10:00,BUY,LOSS,SL,-1.1239190442574825,-9.069784640383215,-9.769784640383214,0.0005379856426922303,50.51096220274245,0.0015288233648991234,5.0
2026-05-08 17:15:00,2026-05-11 00:00:00,BUY,LOSS,SL,-1.1223475546238773,-9.173436756249153,-9.873436756249152,0.0005448957837499351,49.30906803249924,0.0015060055162097186,3285.0
2026-05-11 00:40:00,2026-05-11 07:35:00,BUY,LOSS,SL,-1.20376902423891,-10.633531037031329,-11.333531037031328,0.000588902069135433,40.18294547173778,0.0006145363379077562,415.0
2026-05-11 09:05:00,2026-05-11 09:25:00,SELL,LOSS,SL,-1.2704536757434841,-4.697490881759968,-5.3974908817599685,0.0002464993921173329,55.15243367011481,-0.0006204200106707525,20.0
2026-05-11 12:00:00,2026-05-11 12:55:00,BUY,LOSS,SL,-1.237645273660668,-6.249542881772062,-6.949542881772063,0.00033663619211808703,50.25428773940697,0.0002983535884091282,55.0
2026-05-11 13:10:00,2026-05-11 16:00:00,BUY,WIN,TP,1.7548017861612406,7.872332895746949,7.1723328957469485,0.00029907776319159664,41.04553678387003,0.000330819809092775,170.0
2026-05-11 17:50:00,2026-05-11 18:45:00,BUY,LOSS,SL,-1.1889225542275395,-6.922491679183805,-7.622491679183805,0.0003881661119455227,53.444048975883156,0.0008157954392875588,55.0
2026-05-11 18:50:00,2026-05-11 19:40:00,BUY,LOSS,SL,-1.1923145455264754,-6.819796165124524,-7.519796165124524,0.00038131974434167535,41.185271705331175,0.0007951112534700933,50.0
2026-05-11 19:45:00,2026-05-11 20:00:00,BUY,LOSS,SL,-1.236682305942478,-6.270087496492626,-6.970087496492626,0.00033800583309943926,40.05823120728897,0.0006785280919150427,15.0
2026-05-11 20:15:00,2026-05-12 00:55:00,BUY,WIN,TP,1.7437012615397658,8.1640726224975,7.4640726224975,0.00031213575408323954,42.399439023991455,0.0005672653827513141,280.0
2026-05-12 02:05:00,2026-05-12 02:25:00,BUY,LOSS,SL,-1.4618076807576612,-4.115024639406527,-4.815024639406528,0.00018766830929371802,51.857827433820916,0.0005874740579041582,20.0
2026-05-12 05:55:00,2026-05-12 06:35:00,SELL,WIN,TP,1.6644991698823395,5.953484535815657,5.253484535815657,0.00023844948452721217,45.25322706046452,-0.0005091843904383442,40.0
2026-05-12 07:35:00,2026-05-12 08:55:00,SELL,LOSS,SL,-1.3363008202037892,-4.3708811097559295,-5.07088110975593,0.00021805874065032133,46.933180449570045,-0.0008359637745749549,80.0
2026-05-12 09:10:00,2026-05-12 10:00:00,SELL,WIN,TP,1.7920415894729267,8.617307590161772,7.917307590161772,0.0003205769196720555,52.26262827420133,-0.0008752003948830911,50.0
2026-05-12 10:20:00,2026-05-12 11:35:00,SELL,WIN,TP,1.8221826269102501,10.247494917128176,9.547494917128176,0.0003749164972376211,46.345705634262124,-0.0009806699171903688,75.0
2026-05-12 11:50:00,2026-05-12 16:20:00,SELL,WIN,TP,1.8391121672029456,11.431020825041106,10.731020825041107,0.00041436736083468636,47.207755828861956,-0.0011979491457783098,270.0
2026-05-12 17:15:00,2026-05-12 22:00:00,SELL,LOSS,SL,-1.13627848399101,-8.337915500043035,-9.037915500043034,0.0004891943666694996,45.00118267552365,-0.0012160445949573884,285.0
2026-05-12 22:50:00,2026-05-13 00:00:00,SELL,WIN,TP,1.7597685000681897,7.325302887288721,6.625302887288721,0.00027751009624292245,59.360044854709244,-0.0006890781501307508,70.0
2026-05-13 00:25:00,2026-05-13 03:00:00,SELL,WIN,TP,1.643122547163757,6.445830488151239,5.745830488151239,0.0002615276829383535,55.48559671686399,-0.0005351826355193268,155.0
2026-05-13 03:20:00,2026-05-13 04:45:00,SELL,LOSS,SL,-1.3355554275315442,-4.378146946070759,-5.078146946070759,0.00021854312973804553,47.11788620299988,-0.0003983696752893895,85.0
2026-05-13 04:55:00,2026-05-13 07:40:00,SELL,WIN,TP,1.719518781201834,7.356722657879767,6.656722657879767,0.00028522408859601626,57.809301272124465,-0.00035542750102313114,165.0
2026-05-13 07:50:00,2026-05-13 09:10:00,SELL,WIN,TP,1.615038934428293,5.034396708237888,4.334396708237888,0.00020781322360789264,45.8933723693057,-0.00035703365047878854,80.0
2026-05-13 12:55:00,2026-05-13 13:45:00,SELL,LOSS,SL,-1.1862482646804873,-6.369177542220438,-7.069177542220438,0.00035794516948138143,48.686453087070696,-0.0016683383554922937,50.0
2026-05-13 15:00:00,2026-05-13 15:30:00,SELL,WIN,TP,1.7860014510341948,8.345857762426135,7.645857762426135,0.00031152859208087303,52.70955281615663,-0.0012774107500954646,30.0
2026-05-13 16:35:00,2026-05-13 16:45:00,SELL,LOSS,SL,-1.1997657907098944,-7.207034516448684,-7.907034516448684,0.00040046896776321355,47.94034551751952,-0.0012965737814609746,10.0
2026-05-13 16:50:00,2026-05-13 18:30:00,SELL,LOSS,SL,-1.1884566325419403,-7.567512694109845,-8.267512694109845,0.0004245008462739627,53.705989370842,-0.001264826977213307,100.0
2026-05-13 18:50:00,2026-05-14 01:30:00,SELL,LOSS,SL,-1.2071024947339473,-6.9942324719051365,-7.694232471905137,0.00038628216479374256,56.764849479959565,-0.0008978971223569943,400.0
2026-05-14 01:50:00,2026-05-14 05:25:00,SELL,WIN,TP,1.5239390399441253,4.161485436006886,3.4614854360068845,0.00018204951453354903,57.39263120590017,-0.00011371186385877863,215.0
2026-05-14 05:30:00,2026-05-14 06:00:00,BUY,LOSS,SL,-1.4039057386576232,-4.1709902216001895,-4.87099022160019,0.0001980660147733476,44.7590256095275,2.126539035307573e-06,30.0
2026-05-14 06:30:00,2026-05-14 07:45:00,SELL,LOSS,SL,-1.4036688807168358,-4.172733488568746,-4.8727334885687466,0.0001981822325712537,53.01663349732168,-6.941048255737492e-05,75.0
2026-05-14 07:55:00,2026-05-14 09:00:00,SELL,WIN,TP,1.6164513182441707,5.057354318135455,4.357354318135455,0.0002085784772711625,53.82104983431336,-3.582208386276875e-05,65.0
2026-05-14 09:25:00,2026-05-14 09:40:00,SELL,LOSS,SL,-1.2876972215363818,-5.371051752226429,-6.071051752226429,0.00027807011681516887,45.436256786573544,-0.0001154942493570843,15.0
2026-05-14 09:45:00,2026-05-14 09:45:00,SELL,LOSS,SL,-1.266550547916144,-5.7019603575435776,-6.401960357543578,0.0003001306905028725,56.52156805552103,-0.00010383868247321182,0.0
2026-05-14 10:15:00,2026-05-14 14:30:00,SELL,WIN,TP,1.802401287596731,9.121523443524794,8.421523443524794,0.00033738411478415194,47.25052947306916,-2.847897749491679e-05,255.0
2026-05-14 15:05:00,2026-05-14 16:00:00,SELL,WIN,TP,1.7521296100830444,8.482479624968377,7.782479624968377,0.00032274932083227963,46.98761493781355,-0.00042138766655130944,55.0
2026-05-14 17:15:00,2026-05-14 17:55:00,SELL,WIN,TP,1.81477463703985,11.757188808491172,11.057188808491173,0.00043190629361634334,49.7767554817125,-0.0008467364198063709,40.0
2026-05-14 20:05:00,2026-05-14 23:20:00,SELL,WIN,TP,1.7973130615770119,10.640920873684713,9.940920873684714,0.0003946973624561565,48.52991680418054,-0.0016253399449468464,195.0
2026-05-15 00:25:00,2026-05-15 02:10:00,SELL,WIN,TP,1.6473108626179085,6.071931041877389,5.371931041877388,0.000245731034729241,51.119349795956715,-0.0016195497493589617,105.0
2026-05-15 05:35:00,2026-05-15 05:50:00,SELL,LOSS,SL,-1.3029971703887604,-5.160433024705612,-5.860433024705612,0.00026402886831363895,46.6362932394766,-0.001835879765266224,15.0
2026-05-15 06:00:00,2026-05-15 08:00:00,SELL,WIN,TP,1.7248268839374015,7.5217822523411035,6.821782252341103,0.0002907260750780334,51.249202654633606,-0.0017847434906208548,120.0
2026-05-15 09:10:00,2026-05-15 11:15:00,SELL,WIN,TP,1.802129194009933,10.929126315483241,10.229126315483242,0.00040430421051610387,46.636108294996106,-0.001748288337399151,125.0
2026-05-15 11:45:00,2026-05-15 12:05:00,SELL,WIN,TP,1.8382409363264371,11.364067611296825,10.664067611296826,0.0004121355870432206,46.5639803723744,-0.0017696411630709896,20.0
2026-05-15 13:00:00,2026-05-15 13:05:00,SELL,LOSS,SL,-1.1755803888257252,-7.364936576099167,-8.064936576099166,0.0004176624384065536,47.270433764887926,-0.001995610198645359,5.0
2026-05-15 13:10:00,2026-05-15 13:20:00,SELL,LOSS,SL,-1.1924517854584429,-7.4353279661264695,-8.13532796612647,0.0004156885310750264,57.27036805745736,-0.001967981800904406,10.0
2026-05-15 14:05:00,2026-05-15 15:35:00,SELL,WIN,TP,1.881021564712335,15.809768889332055,15.109768889332056,0.000560325629644374,55.51660654917608,-0.0015242711483511862,90.0
2026-05-15 16:15:00,2026-05-15 17:15:00,SELL,LOSS,SL,-1.1751018164634883,-8.053155633883556,-8.753155633883555,0.00045687704225897107,46.55831401439977,-0.0015049850262189857,60.0
2026-05-15 17:25:00,2026-05-15 21:30:00,SELL,WIN,TP,1.8488242318065131,14.675560142206702,13.975560142206703,0.0005291853380735852,58.13124043185555,-0.0014641330043545508,245.0
2026-05-15 22:25:00,2026-05-18 00:00:00,SELL,WIN,TP,1.7134983138013717,7.176914048360273,6.476914048360273,0.0002792304682786424,45.526382841205184,-0.0011017178511398829,2975.0
2026-05-18 00:10:00,2026-05-18 03:45:00,SELL,WIN,TP,1.5159217464316934,7.828908524899205,7.128908524899205,0.0003442969508299852,46.142130291853945,-0.0010249584038146686,215.0
2026-05-18 04:10:00,2026-05-18 04:50:00,SELL,LOSS,SL,-1.2455944999433985,-6.086102906525025,-6.786102906525025,0.0003257401937684069,46.04940355590969,-0.0010136059081600202,40.0
2026-05-18 04:55:00,2026-05-18 06:45:00,SELL,LOSS,SL,-1.25567931717083,-5.893379242710627,-6.593379242710627,0.00031289194951410166,57.64748951656696,-0.0009925542107231955,110.0
2026-05-18 07:25:00,2026-05-18 09:00:00,SELL,LOSS,SL,-1.3175706757954453,-4.978686419941835,-5.678686419941835,0.00025191242799605426,55.4693387191295,-0.0005749694221908186,95.0
2026-05-18 09:05:00,2026-05-18 09:10:00,SELL,LOSS,SL,-1.2845726634636605,-5.416849170943782,-6.116849170943782,0.00028112327806290277,57.458219394335806,-0.00038783568310263306,5.0
2026-05-18 10:50:00,2026-05-18 11:30:00,BUY,WIN,TP,1.7675547812618853,9.125013407601614,8.425013407601615,0.0003441671135867378,54.717970398944374,0.00022267478033066723,40.0
2026-05-18 12:05:00,2026-05-18 13:05:00,BUY,LOSS,SL,-1.1797243804949542,-7.220482913729574,-7.9204829137295745,0.00040803219424857546,54.3996906479114,0.0005087233664851087,60.0
2026-05-18 13:10:00,2026-05-18 13:55:00,BUY,LOSS,SL,-1.236576152040797,-6.272362491520544,-6.972362491520544,0.0003381574994346724,41.02014080354689,0.0005840724393380015,45.0
2026-05-18 14:15:00,2026-05-18 14:35:00,BUY,WIN,TP,1.7646442102155806,8.997327213383734,8.297327213383735,0.0003399109071127553,40.80852971222559,0.0004382423731943419,20.0
2026-05-18 16:05:00,2026-05-18 18:00:00,BUY,LOSS,SL,-1.15551728564767,-8.916184056341113,-9.616184056341112,0.0005144122704228017,54.44030065064277,0.0008703930253417536,115.0
2026-05-18 18:15:00,2026-05-18 19:20:00,BUY,WIN,TP,1.8463266555988684,14.41754258263104,13.71754258263104,0.0005205847527543375,43.652648538018134,0.0008117945194339171,65.0
2026-05-18 19:30:00,2026-05-18 21:20:00,BUY,LOSS,SL,-1.142578744619576,-8.815034964959066,-9.515034964959066,0.000514335664330674,53.87855959387121,0.0008527024545754713,110.0
2026-05-18 22:10:00,2026-05-19 07:35:00,BUY,LOSS,SL,-1.123056082139625,-9.126376060513252,-9.826376060513251,0.000541758404034162,54.768433615624154,0.0005563155847305712,565.0
2026-05-19 08:40:00,2026-05-19 08:50:00,SELL,LOSS,SL,-1.2630580722097455,-5.761730381127394,-6.461730381127394,0.00030411535874181114,46.65993269531769,-0.00030027439598367955,10.0
2026-05-19 08:55:00,2026-05-19 10:00:00,SELL,WIN,TP,1.7452600176724888,8.221371463071982,7.521371463071982,0.0003140457154357625,59.40090519275771,-0.0003053685507206083,65.0
2026-05-19 10:50:00,2026-05-19 11:10:00,SELL,WIN,TP,1.7778783016864914,9.604887672921649,8.90488767292165,0.0003601629224307202,51.92543791217874,-0.00046868694322843574,20.0
2026-05-19 11:35:00,2026-05-19 12:00:00,SELL,WIN,TP,1.796468086272369,10.591762559711928,9.891762559711928,0.0003930587519903984,46.64967381233002,-0.0005717208717119782,25.0
2026-05-19 13:10:00,2026-05-19 13:40:00,SELL,WIN,TP,1.7748697047562572,9.460493281891004,8.760493281891005,0.00035534977606300295,46.38975547064695,-0.0010632270787938047,30.0
2026-05-19 14:00:00,2026-05-19 16:15:00,SELL,WIN,TP,1.8108949612512322,11.491359341241438,10.791359341241439,0.00042304531137467874,49.40496251581531,-0.0011223296006550587,135.0
2026-05-19 16:55:00,2026-05-19 17:25:00,SELL,WIN,TP,1.8404120898048717,12.685505414001254,11.985505414001254,0.00045951684713340697,46.35128673657397,-0.001323053256201412,30.0
2026-05-19 18:40:00,2026-05-19 19:30:00,SELL,LOSS,SL,-1.1475720787700086,-8.553984582777018,-9.253984582777017,0.0004969323055184785,46.38109626523957,-0.0017824487727340355,50.0
2026-05-19 19:35:00,2026-05-19 20:10:00,SELL,LOSS,SL,-1.1799853267670377,-7.867210164044146,-8.567210164044146,0.0004444806776029128,59.32471567493448,-0.001751508406606872,35.0
2026-05-19 20:25:00,2026-05-19 21:10:00,SELL,LOSS,SL,-1.214832026133709,-6.7857593562569365,-7.485759356256937,0.00037238395708374684,59.07708817798882,-0.0014884892471394018,45.0
2026-05-19 21:25:00,2026-05-20 00:00:00,SELL,WIN,TP,1.7614011190730536,8.858722784751507,8.158722784751507,0.000335290759491686,55.000296715145204,-0.0011939977564821014,155.0
2026-05-20 00:15:00,2026-05-20 00:30:00,SELL,LOSS,SL,-1.4359783009843046,-5.928645843006762,-6.628645843006762,0.00027524305620050865,46.06073792490276,-0.000989888928704774,15.0
2026-05-20 00:35:00,2026-05-20 02:30:00,SELL,LOSS,SL,-1.419567271780617,-5.413452830125907,-6.113452830125907,0.0002542301886751026,58.922401481935154,-0.0009450700816169277,115.0
2026-05-20 02:50:00,2026-05-20 03:05:00,SELL,WIN,TP,1.5187353585730614,4.102433040349042,3.402433040349041,0.00018008110134496016,55.40239066268536,-0.0005880313787258729,15.0
2026-05-20 03:25:00,2026-05-20 03:30:00,SELL,LOSS,SL,-1.348974416346254,-4.638647487583602,-5.338647487583602,0.00022924316583884012,47.55497653333434,-0.000576176041754195,5.0
2026-05-20 03:35:00,2026-05-20 03:55:00,SELL,WIN,TP,1.7359314180296366,6.573790055117602,5.873790055117602,0.0002524596685038875,50.12193221046858,-0.0005602900403596234,20.0
2026-05-20 05:15:00,2026-05-20 06:35:00,SELL,LOSS,SL,-1.2475689961041247,-6.047133602687848,-6.747133602687848,0.0003231422401792108,48.2465187796669,-0.0007723179696106364,80.0
2026-05-20 06:50:00,2026-05-20 08:25:00,SELL,WIN,TP,1.7429376853437564,8.136257643246527,7.436257643246527,0.0003112085881082186,58.72500041086317,-0.0007267210905723687,95.0
2026-05-20 08:35:00,2026-05-20 09:15:00,SELL,LOSS,SL,-1.255683283076124,-5.893306443670498,-6.593306443670498,0.0003128870962447591,47.93881895126661,-0.0006551582270797329,40.0
2026-05-20 09:25:00,2026-05-20 10:50:00,SELL,WIN,TP,1.7752085686797194,9.476563541163198,8.776563541163199,0.00035588545137210155,59.133888157078786,-0.0006604439939765783,85.0
2026-05-20 11:45:00,2026-05-20 13:35:00,SELL,LOSS,SL,-1.2006695640941505,-7.17998010020584,-7.87998010020584,0.00039866534001378235,49.778332149360885,-0.0007752407686894003,110.0
2026-05-20 14:05:00,2026-05-20 14:25:00,SELL,LOSS,SL,-1.2278700889275111,-5.927311935398093,-6.627311935398093,0.00032182079569322393,55.109412676954214,-0.0006009458768116982,20.0
2026-05-20 14:50:00,2026-05-20 16:00:00,SELL,WIN,TP,1.758360310004273,8.732143184103737,8.032143184103738,0.000331071439470088,58.80969968399599,-0.0004287855126161588,70.0
2026-05-20 18:55:00,2026-05-21 10:15:00,BUY,LOSS,SL,-1.0896741446913614,-12.151486344718187,-12.851486344718186,0.0007434324229811772,54.81872568315397,0.0006306020746362773,920.0
2026-05-21 11:05:00,2026-05-21 11:10:00,SELL,LOSS,SL,-1.183534392112103,-7.738284112260762,-8.438284112260762,0.0004358856074840738,49.8697362002812,-0.0003180591096720864,5.0
2026-05-21 11:40:00,2026-05-21 13:25:00,SELL,WIN,TP,1.857052728527765,15.589407557669112,14.889407557669113,0.0005596469185890062,59.193933206216514,-0.00010454069345966488,105.0
2026-05-21 14:30:00,2026-05-21 14:55:00,SELL,WIN,TP,1.8415300065800573,13.94482299272979,13.244822992729791,0.0005048274330909974,45.810240682542336,-0.00018048892961530782,25.0
2026-05-21 15:35:00,2026-05-21 16:15:00,SELL,WIN,TP,1.871765419639943,14.59641708487991,13.89641708487991,0.0005198805694959843,46.305677987988474,-0.0006241663292270161,40.0
2026-05-21 16:55:00,2026-05-21 20:15:00,SELL,LOSS,SL,-1.1020174157938736,-10.802247902657157,-11.502247902657157,0.0006534831935105363,51.52626188619151,-0.0011429794922013237,200.0
2026-05-21 21:50:00,2026-05-21 21:50:00,BUY,LOSS,SL,-1.123518507574067,-9.09595274133601,-9.79595274133601,0.0005397301827557533,51.84331256328478,2.755933205267347e-05,0.0
2026-05-21 21:55:00,2026-05-21 22:55:00,BUY,WIN,TP,1.8505967932931167,14.863912233910128,14.163912233910128,0.0005354637411303449,40.454757254777036,2.4285268697799012e-05,60.0
2026-05-21 23:05:00,2026-05-22 03:15:00,BUY,LOSS,SL,-1.1892999950935925,-8.167406411485977,-8.867406411485977,0.00045782709409912655,53.608630623696016,0.000306419113804246,250.0
2026-05-22 03:45:00,2026-05-22 04:20:00,BUY,LOSS,SL,-1.4986513754637916,-3.6064909053622687,-4.306490905362269,0.00016043272702420525,46.31268419601077,0.00029969044325239835,35.0
2026-05-22 04:30:00,2026-05-22 04:55:00,BUY,LOSS,SL,-1.4301892966126417,-3.989469681019341,-4.689469681019341,0.0001859646454013492,46.304821601037226,0.00022711698353972132,25.0
2026-05-22 05:25:00,2026-05-22 06:15:00,BUY,LOSS,SL,-1.4654876596436284,-3.777941595527378,-4.477941595527378,0.00017186277303522449,41.09929129678949,0.00011741522164054885,50.0
2026-05-22 06:25:00,2026-05-22 07:55:00,BUY,WIN,TP,1.5142935131908104,3.7412558102046587,3.0412558102046585,0.00016470852700684984,41.862730280452304,2.5956140455640764e-05,90.0
2026-05-22 08:40:00,2026-05-22 08:55:00,BUY,LOSS,SL,-1.689974247847075,-2.9391953449630295,-3.6391953449630297,0.00011594635633084003,53.32272593516054,6.328026815460852e-05,15.0
2026-05-22 09:10:00,2026-05-22 09:15:00,BUY,LOSS,SL,-1.3778909775663382,-4.375519055067522,-5.075519055067522,0.00021170127033789068,50.91435290082218,5.1284245597083e-05,5.0
2026-05-22 09:20:00,2026-05-22 09:35:00,BUY,LOSS,SL,-1.3693103592040448,-4.449299593399702,-5.149299593399702,0.00021661997289338088,43.47722827264442,4.155892337065481e-05,15.0
2026-05-22 10:00:00,2026-05-22 11:20:00,SELL,LOSS,SL,-1.2222572087998191,-5.499291633328628,-6.199291633328628,0.0002999527755552681,46.05361472283624,-4.5147821119639886e-05,80.0
2026-05-22 11:25:00,2026-05-22 12:10:00,SELL,WIN,TP,1.7982298793491136,8.912270427079317,8.212270427079318,0.00033040901423596786,56.115487132530745,-0.0002083354116280134,45.0
2026-05-22 12:40:00,2026-05-22 13:10:00,SELL,LOSS,SL,-1.2466002155816496,-6.06617579457338,-6.76617579457338,0.00032441171963817,45.80767260609439,-0.000372079142206605,30.0
2026-05-22 13:15:00,2026-05-22 14:00:00,SELL,WIN,TP,1.7322100970318683,7.762249783874831,7.062249783874831,0.0002987416594624816,47.5623921401573,-0.00039587432594734295,45.0
2026-05-22 14:40:00,2026-05-22 14:45:00,SELL,LOSS,SL,-1.245663318281792,-5.070611790942813,-5.770611790942813,0.00027137411939625905,45.63229777796605,-0.0006592566807077649,5.0
2026-05-22 14:50:00,2026-05-22 15:10:00,SELL,LOSS,SL,-1.2709885366624643,-5.62823159525263,-6.32823159525263,0.00029521543968349777,53.79653045105923,-0.0006595960346356122,20.0
2026-05-22 15:25:00,2026-05-22 16:05:00,SELL,LOSS,SL,-1.2006979604773778,-7.1791340038817255,-7.879134003881726,0.0003986089335920425,55.6632250664571,-0.000647664463918618,40.0
2026-05-22 16:25:00,2026-05-22 17:00:00,SELL,WIN,TP,1.8161871146097774,11.856756031553097,11.156756031553098,0.00043522520105175936,59.81196805034179,-0.00044224097852318955,35.0
2026-05-22 17:30:00,2026-05-22 18:05:00,SELL,LOSS,SL,-1.128864522556765,-8.760087727477494,-9.460087727477493,0.0005173391818317619,45.53044053428312,-0.00050764992809893,35.0
2026-05-22 18:10:00,2026-05-22 19:25:00,SELL,LOSS,SL,-1.1664768604832791,-8.408208975808538,-9.108208975808537,0.0004805472650538323,52.31093390845984,-0.0005081848853905058,75.0
2026-05-22 19:35:00,2026-05-22 20:00:00,SELL,LOSS,SL,-1.2108807289275514,-6.890420391197826,-7.590420391197826,0.0003793613594132529,57.84061972045241,-0.00031364238754338913,25.0
2026-05-22 20:20:00,2026-05-22 20:25:00,SELL,LOSS,SL,-1.184699407071127,-6.414202545950264,-7.114202545950264,0.0003609468363966714,59.344775104772495,-9.865502001127346e-05,5.0
2026-05-22 20:35:00,2026-05-22 23:30:00,SELL,WIN,TP,1.7998304320775718,10.789834543331136,10.089834543331136,0.00039966115144440194,59.77175704670188,-2.2505169802622405e-05,175.0
2026-05-25 03:05:00,2026-05-25 03:45:00,BUY,WIN,TP,1.6483747747732882,5.625448880853901,4.925448880853901,0.0002275149626951424,45.32317815051027,0.0016203829659933167,40.0
2026-05-25 04:00:00,2026-05-25 10:15:00,BUY,LOSS,SL,-1.186568555659494,-6.359960023623156,-7.059960023623156,0.0003573306682415103,42.60845314457062,0.0016614812032953452,375.0
2026-05-25 10:40:00,2026-05-25 11:30:00,BUY,WIN,TP,1.711410629733962,7.116314623049159,6.416314623049159,0.0002772104874349842,40.580852003622205,0.0008314501592940893,50.0
2026-05-25 12:15:00,2026-05-25 14:40:00,BUY,WIN,TP,1.6735437971530598,6.151675290805382,5.451675290805381,0.00024505584302681886,53.672509886969124,0.0007607029264264931,145.0
2026-05-25 15:00:00,2026-05-25 15:40:00,BUY,WIN,TP,1.6076680525341185,4.917268847214419,4.217268847214418,0.00020390896157381565,49.33722738215862,0.0007439626275291822,40.0
2026-05-25 16:15:00,2026-05-25 16:30:00,BUY,LOSS,SL,-1.3110100195619834,-4.636863543975865,-5.336863543975865,0.00023579090293165893,52.11100970229835,0.0007845657386349458,15.0
2026-05-25 16:35:00,2026-05-25 16:45:00,BUY,LOSS,SL,-1.3628607978566314,-4.507053302776808,-5.207053302776808,0.00022047022018511708,43.40541802997387,0.0007475574303774657,10.0
2026-05-25 17:05:00,2026-05-25 18:10:00,BUY,WIN,TP,1.6486515455074233,5.630825550292463,4.930825550292463,0.0002276941850097531,41.81544498204629,0.0006465345498103403,65.0
2026-05-25 18:15:00,2026-05-25 19:10:00,BUY,LOSS,SL,-1.2957236300440071,-5.25784278997734,-5.95784278997734,0.00027052285266521283,54.18601754460936,0.0005088738023719674,55.0
2026-05-25 19:50:00,2026-05-26 00:45:00,BUY,LOSS,SL,-1.3198145857128152,-4.126811736153812,-4.826811736153812,0.00020845411574362032,44.16819162411106,0.00033978413177404576,295.0
2026-05-26 00:55:00,2026-05-26 03:00:00,BUY,LOSS,SL,-1.623484053148569,-4.426613441699222,-5.126613441699222,0.0001817742294465634,40.8592428356071,0.0001428978014716975,125.0
2026-05-26 03:05:00,2026-05-26 03:15:00,BUY,LOSS,SL,-1.4005471813369743,-3.496584788493905,-4.196584788493905,0.00016643898589964007,44.42820353165342,2.094577351563487e-05,10.0
2026-05-26 03:50:00,2026-05-26 04:10:00,SELL,LOSS,SL,-1.409658967702062,-3.7851603082689302,-4.48516030826893,0.00017901068721790984,45.41778001996533,-7.492215841309324e-05,20.0
2026-05-26 04:15:00,2026-05-26 04:35:00,SELL,WIN,TP,1.6020848737867306,4.831436962046221,4.131436962046221,0.0002010478987348999,55.23218780613264,-9.183844868454472e-05,20.0
2026-05-26 05:10:00,2026-05-26 08:00:00,SELL,WIN,TP,1.5926106808329417,4.691170649507948,3.991170649507948,0.00019637235498356657,46.28594637965702,-0.0001972441413753412,170.0
2026-05-26 09:15:00,2026-05-26 09:20:00,SELL,LOSS,SL,-1.5708194661177985,-3.3022408506166103,-4.0022408506166105,0.00014014939004108282,45.44462610357067,-0.0004304283761233929,5.0
2026-05-26 09:25:00,2026-05-26 09:25:00,SELL,LOSS,SL,-1.399650343667821,-3.5021872640529352,-4.202187264052935,0.00016681248427012505,58.4671345055258,-0.0004256970656968395,0.0
2026-05-26 09:30:00,2026-05-26 09:30:00,SELL,LOSS,SL,-1.3676621743666624,-3.7198881737633407,-4.419888173763341,0.00018132587825084494,59.68302916615497,-0.0004195235836976785,0.0
2026-05-26 10:15:00,2026-05-26 10:30:00,SELL,LOSS,SL,-1.241641047900371,-5.138369737629599,-5.838369737629599,0.00027589131584193925,45.00126932370378,-0.00036390950614872963,15.0
2026-05-26 10:35:00,2026-05-26 11:10:00,SELL,LOSS,SL,-1.2202522088641297,-5.540249585496259,-6.240249585496259,0.00030268330569975467,59.24978072453566,-0.00034340264141796695,35.0
2026-05-26 11:35:00,2026-05-26 12:55:00,SELL,LOSS,SL,-1.2608004693710715,-5.801218712887434,-6.501218712887434,0.0003067479141924579,58.85234073350405,-0.00015062403344057174,80.0
2026-05-26 13:05:00,2026-05-26 14:35:00,BUY,LOSS,SL,-1.214132123003259,-5.670013942675855,-6.370013942675855,0.0003113342628450721,52.80650770968875,5.615584593066103e-05,90.0
2026-05-26 14:40:00,2026-05-26 15:00:00,BUY,LOSS,SL,-1.281688170503307,-5.460029797686915,-6.160029797686915,0.0002840019865124002,41.053261781084714,0.00018975590129910458,20.0
2026-05-26 15:30:00,2026-05-26 16:00:00,BUY,LOSS,SL,-1.2903742951825103,-5.332597202675115,-6.032597202675115,0.00027550648017833477,42.77439003100877,5.040784920429253e-05,30.0
2026-05-26 17:50:00,2026-05-27 01:00:00,SELL,LOSS,SL,-1.1714023939737523,-6.834224229990248,-7.534224229990248,0.00038894828199934176,46.89972395770638,-0.0004189184012368674,430.0
2026-05-27 01:10:00,2026-05-27 02:00:00,SELL,LOSS,SL,-1.569261768514016,-3.5836594198016867,-4.283659419801687,0.00015224396132011334,56.41993827094902,-0.0001115131487174903,50.0
2026-05-27 04:10:00,2026-05-27 04:30:00,BUY,LOSS,SL,-1.5108229711250112,-3.2533878900892312,-3.9533878900892314,0.00014355919267260693,53.60532500910794,0.00028068786410551105,20.0
2026-05-27 04:35:00,2026-05-27 06:00:00,BUY,WIN,TP,1.5244907886464953,3.8472208375773596,3.1472208375773594,0.00016824069458594662,40.948268581157976,0.000293259389241296,85.0
2026-05-27 06:35:00,2026-05-27 08:00:00,BUY,WIN,TP,1.530889639649589,3.9160669276284485,3.2160669276284484,0.00017053556425426707,52.4130239415902,0.00029801814654950576,85.0
2026-05-27 08:35:00,2026-05-27 08:55:00,BUY,LOSS,SL,-1.5303103975762582,-3.4628257063872505,-4.162825706387251,0.00015085504709250105,54.096476819313004,0.00042767504996565897,20.0
2026-05-27 09:00:00,2026-05-27 09:40:00,BUY,WIN,TP,1.6317515663447832,4.431116108622902,3.731116108622902,0.00018103720362073737,44.939941241917325,0.00042744741374067807,40.0
2026-05-27 10:20:00,2026-05-27 11:00:00,BUY,LOSS,SL,-1.3105170736996103,-5.064521798118137,-5.764521798118137,0.00025763478654114376,51.20912096257808,0.00048411244443768986,40.0
2026-05-27 11:05:00,2026-05-27 13:20:00,BUY,LOSS,SL,-1.276047443651516,-5.54707883589347,-6.24707883589347,0.00028980525572623,45.820644971538584,0.0005046962898991314,135.0
2026-05-27 14:00:00,2026-05-27 14:55:00,BUY,LOSS,SL,-1.3263573063445575,-4.876951539528517,-5.576951539528517,0.00024513010263529434,43.517162416796666,0.0003259178974948096,55.0
2026-05-27 15:00:00,2026-05-27 15:15:00,BUY,WIN,TP,1.7034570834561051,6.893263625970071,6.19326362597007,0.0002697754541990253,44.09389932279782,0.0001872169700278814,15.0
2026-05-27 15:20:00,2026-05-27 15:20:00,BUY,WIN,TP,1.8568868462194155,12.974955810633904,12.274955810633905,0.0004658318603544833,54.877338868246774,0.00015462061933702032,0.0
2026-05-27 16:00:00,2026-05-27 17:50:00,BUY,LOSS,SL,-1.1204996863585546,-9.298776787056816,-9.998776787056816,0.000553251785803821,47.99441286235894,0.0003850438404648937,110.0
2026-05-27 17:55:00,2026-05-27 17:55:00,BUY,LOSS,SL,-1.103557841083113,-10.656439237637482,-11.356439237637481,0.0006437626158425285,41.1700113532551,0.0003347029623459452,0.0
2026-05-27 18:15:00,2026-05-27 19:00:00,BUY,LOSS,SL,-1.11156806859209,-9.963138043163177,-10.663138043163176,0.0005975425362109177,42.053097678433495,0.0001735658881294455,45.0
2026-05-27 19:20:00,2026-05-28 02:50:00,SELL,WIN,TP,1.8512370874940356,12.444211102788817,11.744211102788817,0.00044814037009293116,45.01534114863365,-0.0001806392321346273,450.0
2026-05-28 03:30:00,2026-05-28 03:55:00,SELL,WIN,TP,1.6556578079550377,5.288993422312695,4.5889934223126945,0.00021296644741038989,49.413752255847776,-0.0006109161890410775,25.0
2026-05-28 04:00:00,2026-05-28 04:45:00,SELL,WIN,TP,1.6818384153614068,5.814725429529867,5.114725429529867,0.00023049084765096878,45.59813381009817,-0.0006598151284264997,45.0
2026-05-28 08:25:00,2026-05-28 08:30:00,SELL,LOSS,SL,-1.349553326916992,-4.632952592909988,-5.332952592909988,0.0002288635061939805,46.73489531191458,-0.0018017380978967434,5.0
2026-05-28 08:35:00,2026-05-28 08:50:00,SELL,LOSS,SL,-1.3358469554051935,-4.773056062253777,-5.473056062253777,0.0002382037374835958,57.79042785968455,-0.0017919606882785821,15.0
2026-05-28 09:00:00,2026-05-28 09:10:00,SELL,LOSS,SL,-1.3496732272542682,-4.631775459112885,-5.331775459112885,0.00022878503060757516,57.80451937299937,-0.0017113107064481436,10.0
2026-05-28 10:40:00,2026-05-28 11:00:00,SELL,LOSS,SL,-1.3041535974756517,-5.145375001181972,-5.8453750011819725,0.00026302500007874583,58.000128946010754,-0.0010265116083862935,20.0
2026-05-28 11:15:00,2026-05-28 11:50:00,SELL,LOSS,SL,-1.286494747622052,-5.388558463846803,-6.0885584638468035,0.00027923723092316443,53.37374429252995,-0.0008280029160554481,35.0
2026-05-28 11:55:00,2026-05-28 12:10:00,SELL,LOSS,SL,-1.2486874192793453,-5.523223350773497,-6.223223350773497,0.00029488155671824945,58.8464529676788,-0.0006888992825440088,15.0
2026-05-28 12:35:00,2026-05-28 13:40:00,SELL,WIN,TP,1.7137165720241276,7.183300482912581,6.483300482912581,0.00027944334943040365,54.430485076396614,-0.0004771503418703471,65.0
2026-05-28 14:20:00,2026-05-28 14:50:00,SELL,LOSS,SL,-1.253815210467119,-5.927849043371091,-6.627849043371091,0.00031518993622481166,45.082448834399855,-0.0004084093406251377,30.0
2026-05-28 17:00:00,2026-05-28 17:10:00,BUY,WIN,TP,1.8345357787248247,11.087205225315145,10.387205225315146,0.0004029068408438145,52.924585156042305,0.0005905408786222033,10.0
2026-05-28 19:00:00,2026-05-29 06:10:00,BUY,LOSS,SL,-1.1414904845197815,-8.067613086448876,-8.767613086448875,0.00047117420576330617,52.230113502847104,0.0015318363963259252,670.0
2026-05-29 07:45:00,2026-05-29 09:00:00,BUY,WIN,TP,1.562496382184683,4.285668923115305,3.585668923115305,0.00018285563077047516,45.843025956981435,4.213697770638625e-05,75.0
2026-05-29 10:25:00,2026-05-29 10:35:00,BUY,LOSS,SL,-1.2317267806366787,-5.315426975045611,-6.015426975045611,0.000287695131669695,43.5009387046317,0.00019763280372964154,10.0
2026-05-29 10:45:00,2026-05-29 11:00:00,BUY,LOSS,SL,-1.21324450787418,-6.258397798685765,-6.958397798685765,0.00034389318657899093,46.10833939371501,0.00015810642664004781,15.0
2026-05-29 12:15:00,2026-05-29 12:55:00,SELL,LOSS,SL,-1.2253106966521443,-6.525978827595002,-7.225978827595002,0.00035506525517294067,47.64837757360954,-0.00020664863889363616,40.0
2026-05-29 13:00:00,2026-05-29 14:40:00,SELL,LOSS,SL,-1.2301214859898233,-5.88008385557116,-6.58008385557116,0.0003186722570380352,58.74291469368565,-0.0002431672685632158,100.0
2026-05-29 14:45:00,2026-05-29 16:15:00,SELL,LOSS,SL,-1.2977811177508225,-5.229805546650334,-5.929805546650334,0.0002686537031100739,59.53387888734833,-5.455441617230328e-05,90.0
2026-05-29 16:50:00,2026-05-29 17:10:00,BUY,LOSS,SL,-1.238255826358091,-5.716886045618606,-6.4168860456186065,0.0003077924030412792,54.90544767933081,0.00022987608447189167,20.0
2026-05-29 17:15:00,2026-05-29 17:45:00,BUY,WIN,TP,1.8031717627406232,9.161143684686014,8.461143684686014,0.00033870478948950226,41.64838952074069,0.0002475182136134624,30.0
2026-05-29 19:15:00,2026-05-29 20:55:00,BUY,LOSS,SL,-1.1406285503399958,-8.110931582401392,-8.810931582401391,0.0004740621054934776,53.04416220297455,0.001203752213789766,100.0
2026-05-29 21:15:00,2026-05-29 23:50:00,BUY,LOSS,SL,-1.2655010678053504,-5.243109513994325,-5.943109513994325,0.0002762073009329531,42.523334852062334,0.0012070769741414633,155.0
2026-06-01 00:00:00,2026-06-01 00:45:00,BUY,WIN,TP,1.1246077701433566,4.367946490813138,3.6679464908131374,0.0002589315496937509,40.119444057978555,0.0008196513017737495,45.0
2026-06-01 00:50:00,2026-06-01 01:00:00,BUY,LOSS,SL,-1.8431689878588515,-6.55800562306996,-7.25800562306996,0.00023720037487137574,45.20231101246703,0.0005483145914302323,10.0
2026-06-01 01:15:00,2026-06-01 02:45:00,BUY,LOSS,SL,-1.334926193369659,-5.181452169867128,-5.881452169867129,0.0002587634779911726,40.40273539574825,0.0004417402570133788,90.0
2026-06-01 03:05:00,2026-06-01 03:20:00,BUY,LOSS,SL,-1.314038533565058,-4.184322600948697,-4.884322600948697,0.00021228817339662785,41.30788412362608,7.753766445617316e-05,15.0
2026-06-01 05:25:00,2026-06-01 06:00:00,SELL,LOSS,SL,-1.4657004040048978,-3.7767639230722674,-4.476763923072268,0.000171784261538097,46.184849483625314,-0.00041195185216524877,35.0
2026-06-01 06:05:00,2026-06-01 06:40:00,SELL,WIN,TP,1.5077346105944025,3.6754189338762187,2.9754189338762185,0.0001625139644625059,59.03661222369296,-0.00044306462343857156,35.0
2026-06-01 06:50:00,2026-06-01 07:15:00,SELL,LOSS,SL,-1.417764322968913,-4.072432934128977,-4.772432934128977,0.00019149552894195452,45.28724933940165,-0.00047277041694426813,25.0
2026-06-01 07:20:00,2026-06-01 08:00:00,SELL,LOSS,SL,-1.4915071636141475,-3.6414700106834,-4.3414700106834,0.00016276466737882004,55.62313747465473,-0.0004771861501815522,40.0
2026-06-01 09:00:00,2026-06-01 09:00:00,SELL,LOSS,SL,-1.4921870032652513,-3.638097698718167,-4.338097698718167,0.0001625398465812532,59.48985628570065,-0.0002466205685416334,0.0
2026-06-01 09:25:00,2026-06-01 09:45:00,SELL,LOSS,SL,-1.4199451896836843,-4.057515765102292,-4.757515765102292,0.0001905010510068154,57.812144548797015,-0.00016287778323920143,20.0
2026-06-01 10:25:00,2026-06-01 10:45:00,BUY,LOSS,SL,-1.2204992459692072,-5.535162900918266,-6.235162900918266,0.0003023441933945114,54.72307533841051,7.007420992488633e-05,20.0
2026-06-01 10:50:00,2026-06-01 12:20:00,BUY,LOSS,SL,-1.2210435231787227,-5.523995933558567,-6.223995933558567,0.0003015997289039482,48.60381423292466,0.00010309894999172009,90.0
2026-06-01 12:55:00,2026-06-01 14:00:00,BUY,LOSS,SL,-1.2711605153644763,-5.156637812925867,-5.856637812925867,0.00027044252086173815,40.554053996897345,9.008394370479955e-05,65.0
2026-06-01 15:05:00,2026-06-01 16:05:00,SELL,WIN,TP,1.6285753138063308,5.261606051548774,4.5616060515487735,0.00021538686838498168,49.78343224527307,-0.0002275773810331838,60.0
2026-06-01 18:30:00,2026-06-01 18:30:00,SELL,LOSS,SL,-1.1556421148957985,-7.424996220781853,-8.124996220781853,0.0004283330813854555,51.470352796367116,-0.001532664083235602,0.0
2026-06-01 18:35:00,2026-06-01 20:30:00,SELL,LOSS,SL,-1.1566434427509582,-7.383925062154461,-8.08392506215446,0.0004255950041436294,58.018759499904085,-0.0015217270087135581,115.0
2026-06-01 21:30:00,2026-06-02 07:35:00,SELL,LOSS,SL,-1.3012634234627956,-5.18322500025694,-5.883225000256941,0.00026554833335042615,58.66661476907749,-0.0009429953708395278,605.0
2026-06-02 08:20:00,2026-06-02 09:05:00,SELL,LOSS,SL,-1.6601111616855837,-3.0178756392117636,-3.717875639211764,0.00012119170928073733,58.56816672020333,-1.5224972869987141e-05,45.0
2026-06-02 10:20:00,2026-06-02 11:05:00,BUY,WIN,TP,1.6331733349609652,5.342599621934819,4.642599621934819,0.000218086654064485,52.34037861915269,0.00042548401438136096,45.0
2026-06-02 11:15:00,2026-06-02 11:55:00,BUY,LOSS,SL,-1.349317268812866,-4.635272479022089,-5.335272479022089,0.00022901816526813484,49.16701815756752,0.0005588881990565842,40.0
2026-06-02 12:25:00,2026-06-02 13:20:00,BUY,LOSS,SL,-1.3308130078190787,-4.022855741352526,-4.722855741352526,0.0002015237160901095,42.66762887017036,0.0004879912081809934,55.0
2026-06-02 13:30:00,2026-06-02 14:35:00,BUY,WIN,TP,1.6084720677009363,4.92983085500618,4.229830855006179,0.00020432769516687914,46.48465933262524,0.00040606717463931297,65.0
2026-06-02 15:55:00,2026-06-02 16:25:00,BUY,LOSS,SL,-1.3308273805760786,-4.827269296484492,-5.5272692964844925,0.00024181795309892887,54.41750981979524,0.0005595697326294946,30.0
2026-06-02 16:40:00,2026-06-02 16:45:00,BUY,LOSS,SL,-1.282320918444595,-5.450482063501426,-6.150482063501427,0.0002833654709001335,42.34080765204899,0.0005256321168447542,5.0
2026-06-02 17:00:00,2026-06-02 17:00:00,BUY,LOSS,SL,-1.2016535335525294,-5.959000630353483,-6.659000630353483,0.00033060004202360184,40.261412151788036,0.0004508152545752431,0.0
2026-06-02 17:35:00,2026-06-02 18:25:00,BUY,LOSS,SL,-1.1926697232795136,-6.19022907688127,-6.89022907688127,0.00034601527179211705,47.5219139463094,0.00030887024567638477,50.0
2026-06-02 18:40:00,2026-06-02 19:20:00,BUY,LOSS,SL,-1.2040114909357913,-6.491853149812053,-7.1918531498120535,0.00035945687665409987,40.76573678661148,0.00017150291666756523,40.0
2026-06-02 21:35:00,2026-06-02 21:45:00,SELL,LOSS,SL,-1.2710651120528755,-5.158065575718306,-5.858065575718306,0.0002705377050479071,46.75443041736323,-0.0007797972036276413,10.0
2026-06-02 21:50:00,2026-06-02 22:15:00,SELL,LOSS,SL,-1.2758527390822696,-5.087634865108003,-5.787634865108003,0.00026584232434046786,59.01896662959809,-0.0007868263688151078,25.0
2026-06-02 22:40:00,2026-06-02 23:00:00,SELL,LOSS,SL,-1.4040303845693984,-4.170073652452943,-4.870073652452943,0.00019800491016354032,58.3637945471512,-0.0006781646075808556,20.0
2026-06-02 23:20:00,2026-06-03 01:10:00,SELL,WIN,TP,1.4860360304506695,3.758720365709313,3.0587203657093123,0.00016862401219027855,59.69049706133268,-0.000569266227166132,110.0
2026-06-03 01:30:00,2026-06-03 02:15:00,SELL,WIN,TP,1.4028446080055101,3.053975589697079,2.3539755896970784,0.00014513251965657717,45.11977843656212,-0.00048228510253123247,45.0
2026-06-03 03:20:00,2026-06-03 03:25:00,SELL,LOSS,SL,-1.462817082159671,-3.79281700321079,-4.49281700321079,0.00017285446688064784,50.483159489185994,-0.0006443286123243297,5.0
2026-06-03 03:55:00,2026-06-03 04:25:00,SELL,LOSS,SL,-1.4753112222367943,-3.7246616192919904,-4.4246616192919905,0.00016831077461942602,58.93075441155393,-0.0005716837955100917,30.0
2026-06-03 05:00:00,2026-06-03 08:25:00,SELL,WIN,TP,1.599669971920416,4.795053659884064,4.095053659884064,0.00019983512199617056,53.604681103730314,-0.00040752210124495036,205.0
2026-06-03 10:15:00,2026-06-03 10:35:00,SELL,LOSS,SL,-1.2967989588643187,-5.243140867446837,-5.943140867446838,0.00026954272449652706,48.48810690692019,-0.0006552210099930456,20.0
2026-06-03 10:40:00,2026-06-03 11:40:00,SELL,WIN,TP,1.8107325882352403,9.567059491941588,8.867059491941589,0.00035223531639806867,50.246060480340546,-0.0006745063954658459,60.0
2026-06-03 12:10:00,2026-06-03 13:05:00,SELL,LOSS,SL,-1.23864953991614,-5.190244826582923,-5.890244826582923,0.00027934965510546805,48.17733290611346,-0.0008414002170198387,55.0
2026-06-03 13:10:00,2026-06-03 14:45:00,SELL,LOSS,SL,-1.2056938738905822,-5.861593498559635,-6.561593498559636,0.0003241062332372664,57.58638619607437,-0.0008269468620574205,95.0
2026-06-03 15:00:00,2026-06-03 15:20:00,SELL,WIN,TP,1.7556702525322472,7.185659015016444,6.485659015016444,0.0002728553005005181,51.5354739902436,-0.0005692490418172103,20.0
2026-06-03 16:40:00,2026-06-03 17:55:00,SELL,LOSS,SL,-1.2000063164173935,-6.59982630400736,-7.29982630400736,0.0003666550869337582,45.85220336008196,-0.0009566756278642785,75.0
2026-06-03 18:05:00,2026-06-04 09:35:00,SELL,LOSS,SL,-1.1503088563226733,-8.418264717806055,-9.118264717806055,0.00048788431452033226,52.09225860120268,-0.0010403800941656272,930.0
2026-06-04 09:50:00,2026-06-04 10:25:00,BUY,LOSS,SL,-1.2697899417041758,-4.706587405309936,-5.406587405309936,0.00024710582702064697,49.6199001341695,0.00013972239493442729,35.0
2026-06-04 10:30:00,2026-06-04 10:35:00,BUY,LOSS,SL,-1.2979849933277756,-5.227048431529679,-5.927048431529679,0.0002684698954352747,40.78101126828432,0.00015283756734341125,5.0
2026-06-04 11:00:00,2026-06-04 11:30:00,BUY,WIN,TP,1.725487399753332,7.542768083649377,6.842768083649377,0.0002914256027882881,41.92143634023848,4.916322335080103e-05,30.0
2026-06-04 11:40:00,2026-06-04 12:00:00,BUY,WIN,TP,1.7432153700340516,7.467490975965875,6.767490975965875,0.0002855830325322153,49.70133465114533,4.955107267146097e-05,20.0
2026-06-04 16:00:00,2026-06-04 17:25:00,BUY,LOSS,SL,-1.2002223067621212,-5.994448501625115,-6.694448501625115,0.0003329632334416263,48.94841400757197,0.001479654661851404,85.0
2026-06-04 18:55:00,2026-06-04 20:05:00,BUY,LOSS,SL,-1.2723759993639983,-5.605674519054603,-6.3056745190546035,0.0002937116346036645,43.055624210697026,0.0008863335655808768,70.0
2026-06-05 00:10:00,2026-06-05 07:55:00,SELL,LOSS,SL,-1.5829689298505565,-4.344571653947591,-5.0445716539475915,0.00018297144359652462,57.631273124991125,-0.0003915101297984336,465.0
2026-06-05 08:05:00,2026-06-05 08:30:00,SELL,LOSS,SL,-1.7175827187849086,-2.8722810744829177,-3.572281074482918,0.00011148540496547906,51.34838971650012,-0.00014285594910323773,25.0
2026-06-05 08:55:00,2026-06-05 09:05:00,SELL,WIN,TP,1.490841477472085,2.928049736010575,2.2280497360105747,0.000130934991200368,59.961345280699426,-7.656703988279112e-05,10.0
2026-06-05 09:15:00,2026-06-05 09:25:00,SELL,LOSS,SL,-1.4828781414890089,-3.6850990278824094,-4.38509902788241,0.00016567326852544032,47.283088158466164,-8.131006648537387e-05,10.0
2026-06-05 13:55:00,2026-06-05 14:05:00,BUY,LOSS,SL,-1.3061827220384343,-5.119228335325098,-5.819228335325098,0.00026128188902171246,50.03049154435786,0.0011130257183236125,10.0
2026-06-05 14:10:00,2026-06-05 15:30:00,BUY,LOSS,SL,-1.2887637172438662,-5.355646739325558,-6.055646739325558,0.0002770431159550716,43.73220280468439,0.001105539884129314,80.0
2026-06-05 21:50:00,2026-06-08 00:00:00,SELL,WIN,TP,1.7868560452307731,10.059995633479126,9.359995633479127,0.00037533318778264744,46.8679319386062,-0.004543641536796539,3010.0
2026-06-08 01:15:00,2026-06-08 02:55:00,SELL,LOSS,SL,-1.2358349783714995,-6.8123290403180645,-7.512329040318066,0.00036748860268791316,53.220208850195284,-0.004044437247653798,100.0
2026-06-08 03:20:00,2026-06-08 03:35:00,SELL,LOSS,SL,-1.2931423002501996,-5.29357502815455,-5.993575028154551,0.000272905001876953,59.189593542713304,-0.0031904469765076104,15.0
2026-06-08 04:20:00,2026-06-08 04:25:00,SELL,WIN,TP,1.72538615296637,7.5395447313554085,6.839544731355408,0.0002913181577118666,55.94466529672018,-0.0025647686639844736,5.0
2026-06-08 04:45:00,2026-06-08 05:25:00,SELL,LOSS,SL,-1.211852712315932,-6.864312657986948,-7.564312657986948,0.0003776208438658668,49.60545039005406,-0.0024569405374541553,40.0
2026-06-08 05:30:00,2026-06-08 08:00:00,SELL,LOSS,SL,-1.1915677067763073,-6.842095150120807,-7.542095150120807,0.0003828063433413344,58.84524099234402,-0.0021974062819467566,150.0
2026-06-08 08:10:00,2026-06-08 08:15:00,SELL,LOSS,SL,-1.2868892500561977,-5.382798762117912,-6.082798762117912,0.0002788532508078289,58.5922868790785,-0.0012531743830501707,5.0
2026-06-08 08:30:00,2026-06-08 08:50:00,SELL,WIN,TP,1.7895846088765306,9.355508925699686,8.655508925699687,0.00034851696418997634,55.061805981303635,-0.0011282739702485056,20.0
2026-06-08 10:15:00,2026-06-08 11:50:00,SELL,WIN,TP,1.8653671555282407,13.855216108988767,13.155216108988768,0.0004951738702996246,51.90226197616115,-0.0012652447278107548,95.0
2026-06-08 12:50:00,2026-06-08 13:05:00,SELL,LOSS,SL,-1.137765107632681,-8.258732034429727,-8.958732034429726,0.000483915468961917,46.05840999662439,-0.0015207701289368103,15.0
2026-06-08 13:10:00,2026-06-08 13:30:00,SELL,LOSS,SL,-1.1679495382420555,-8.345003270390137,-9.045003270390136,0.0004763335513593766,56.92832033829705,-0.0014954366593895596,20.0
2026-06-08 13:40:00,2026-06-08 14:10:00,SELL,LOSS,SL,-1.1406449467444095,-9.732123106994582,-10.432123106994581,0.0005688082071330136,58.88938515620361,-0.0013542168759392847,30.0
2026-06-08 15:40:00,2026-06-08 15:40:00,SELL,LOSS,SL,-1.1382626498097772,-8.232611275538314,-8.932611275538314,0.00048217408503583214,56.900330783656315,-0.0002702588348648671,0.0
2026-06-08 16:55:00,2026-06-08 17:15:00,BUY,LOSS,SL,-1.1383105786773626,-8.230104953379612,-8.930104953379612,0.0004820069968920008,54.105969070876746,0.0003071186656997682,20.0
2026-06-08 17:20:00,2026-06-08 21:55:00,BUY,LOSS,SL,-1.1391056207281907,-8.188782126597015,-8.888782126597015,0.0004792521417732034,41.14217359690065,0.00033247967629157493,275.0
2026-06-08 22:05:00,2026-06-09 02:45:00,BUY,LOSS,SL,-1.257641113101098,-5.857641730996254,-6.557641730996254,0.0003105094487330873,40.241419398556225,0.0002603004422161437,280.0
2026-06-09 03:40:00,2026-06-09 04:00:00,SELL,LOSS,SL,-1.4365350018290368,-3.9489204645037015,-4.648920464503702,0.0001832613643002751,49.98891380748206,-0.00021483581323522571,20.0
2026-06-09 04:05:00,2026-06-09 04:15:00,SELL,LOSS,SL,-1.3667138450775786,-4.472306230341915,-5.172306230341915,0.00021815374868942037,55.04343183630234,-0.00022216475966319038,10.0
2026-06-09 05:20:00,2026-06-09 07:20:00,SELL,LOSS,SL,-1.3302050814071935,-4.834105189678216,-5.5341051896782165,0.00024227367931192357,58.60453215554153,-1.534978498374251e-05,120.0
2026-06-09 08:10:00,2026-06-09 09:15:00,BUY,WIN,TP,1.7611365513472308,7.372984695985686,6.6729846959856856,0.0002790994898661881,54.23695370901458,0.00030687930384343254,65.0
2026-06-09 09:40:00,2026-06-09 10:00:00,BUY,LOSS,SL,-1.2191246037637893,-6.119974850408726,-6.819974850408726,0.0003346649900272087,54.637916909550285,0.000537776451704719,20.0
2026-06-09 10:05:00,2026-06-09 10:15:00,BUY,LOSS,SL,-1.1917134287150946,-6.21611869706895,-6.91611869706895,0.0003477412464712761,45.2843677424052,0.0005362405052098396,10.0
2026-06-09 10:25:00,2026-06-09 11:00:00,BUY,LOSS,SL,-1.2102260262976006,-6.332463455513425,-7.032463455513425,0.0003488308970342159,45.03915722639951,0.000487170159952921,35.0
2026-06-09 11:15:00,2026-06-09 11:50:00,BUY,WIN,TP,1.7832501944007917,9.049951433275906,8.349951433275907,0.0003383317144425463,42.87817218469428,0.0003744896289676891,35.0
2026-06-09 15:30:00,2026-06-09 16:35:00,BUY,LOSS,SL,-1.2509252218990157,-5.982301240657816,-6.682301240657816,0.000318820082710543,53.34467448125448,0.0014937463478803537,65.0
2026-06-09 16:50:00,2026-06-09 17:10:00,BUY,LOSS,SL,-1.1535464220265115,-7.5126883896216015,-8.2126883896216,0.0004341792259748142,51.95356498219984,0.0015542178806684515,20.0
2026-06-09 17:15:00,2026-06-09 18:30:00,BUY,LOSS,SL,-1.1622006262896853,-8.598245169885075,-9.298245169885075,0.0004932163446589801,40.00980703665394,0.0014855151366075514,75.0
2026-06-09 19:00:00,2026-06-09 19:10:00,BUY,LOSS,SL,-1.1296791899619043,-8.711337495968085,-9.411337495968084,0.0005140891663978798,41.34745084736667,0.0008787709324589166,10.0
2026-06-09 20:05:00,2026-06-10 00:40:00,BUY,LOSS,SL,-1.139626881179948,-9.794333625868699,-10.494333625868698,0.0005729555750579345,44.091896693419194,0.00018908421048968727,275.0
2026-06-10 01:25:00,2026-06-10 03:45:00,SELL,WIN,TP,1.6126461590398746,5.412209161410243,4.712209161410242,0.00022374030538037363,45.77814285035286,-0.0005507340156585272,140.0
2026-06-10 03:55:00,2026-06-10 03:55:00,SELL,LOSS,SL,-1.215594545910447,-5.638336261137965,-6.338336261137965,0.0003092224174092425,47.54406660221202,-0.0006515595496430215,0.0
2026-06-10 04:05:00,2026-06-10 06:05:00,SELL,LOSS,SL,-1.2103164899327614,-5.754738919043877,-6.454738919043877,0.0003169825946028754,58.759559342361634,-0.0006221368256020821,120.0
2026-06-10 06:40:00,2026-06-10 06:45:00,SELL,LOSS,SL,-1.3139604528371847,-5.022137435323114,-5.7221374353231145,0.00025480916235492024,58.34872240478279,-0.00026418959350249516,5.0
2026-06-10 07:15:00,2026-06-10 08:30:00,SELL,LOSS,SL,-1.3085474715219667,-5.089190840167256,-5.789190840167256,0.0002592793893445108,56.15448145119653,-0.00012232593765926225,75.0
2026-06-10 09:50:00,2026-06-10 10:00:00,BUY,LOSS,SL,-1.259723361115147,-5.820300595401528,-6.520300595401528,0.0003080200396933709,52.23594657107288,0.00030800344050829764,10.0
2026-06-10 10:05:00,2026-06-10 14:00:00,BUY,LOSS,SL,-1.2213909482059937,-6.0685861545545325,-6.768586154554533,0.0003312390769702405,43.90059498694601,0.0002983784274637191,235.0
2026-06-10 14:15:00,2026-06-10 14:25:00,BUY,LOSS,SL,-1.1806518404164397,-7.84261154070589,-8.54261154070589,0.0004428407693804174,41.93421346657898,0.00030308119958766255,10.0
2026-06-10 15:25:00,2026-06-10 15:30:00,SELL,LOSS,SL,-1.166148900396573,-7.720567439052926,-8.420567439052926,0.0004413711626034606,45.185490081526936,-0.00010340312083378933,5.0
2026-06-10 15:35:00,2026-06-10 15:40:00,SELL,LOSS,SL,-1.1241468154838286,-9.054979067346757,-9.754979067346756,0.0005369986044897317,58.74483160448185,-9.460045650588889e-05,5.0
2026-06-10 16:00:00,2026-06-10 16:35:00,BUY,WIN,TP,1.8750548884221199,16.5077316849077,15.8077316849077,0.0005869243894969466,50.4995104136557,1.8926863361912183e-05,35.0
2026-06-10 17:20:00,2026-06-10 18:10:00,BUY,LOSS,SL,-1.1398199006326473,-9.782469266322778,-10.482469266322777,0.0005721646177549229,48.920075302606556,0.0004425811002175539,50.0
2026-06-10 18:15:00,2026-06-10 18:45:00,BUY,LOSS,SL,-1.1267852706202475,-8.887351544133558,-9.587351544133558,0.0005258234362756036,42.744782396613566,0.00039423043500663724,30.0
2026-06-10 18:55:00,2026-06-10 23:00:00,BUY,LOSS,SL,-1.1060702906100368,-10.427710570497627,-11.127710570497626,0.0006285140380332102,41.58551350783893,0.0003021483789849011,245.0
2026-06-11 01:40:00,2026-06-11 02:05:00,SELL,WIN,TP,1.6480957121579303,6.088372605356963,5.388372605356962,0.0002462790868452474,46.595695794841305,-0.0007660353818828014,25.0
2026-06-11 02:20:00,2026-06-11 02:25:00,SELL,LOSS,SL,-1.2129880443531462,-5.69509921571909,-6.39509921571909,0.00031300661438126034,46.1528073190291,-0.0008694540384646121,5.0
2026-06-11 02:30:00,2026-06-11 03:10:00,SELL,LOSS,SL,-1.1947106712138813,-6.1358253441669,-6.8358253441669,0.00034238835627772423,56.20392074645343,-0.000869023032997962,40.0
2026-06-11 03:40:00,2026-06-11 04:00:00,SELL,LOSS,SL,-1.243449518145365,-6.129153317458912,-6.829153317458912,0.00032861022116387537,58.55429071248608,-0.0006935021895557725,20.0
2026-06-11 05:20:00,2026-06-11 07:05:00,SELL,WIN,TP,1.722836410306836,7.459146039553533,6.759146039553533,0.0002886382013184462,58.12182292755005,-4.4737144266893125e-05,105.0
2026-06-11 07:10:00,2026-06-11 09:50:00,BUY,LOSS,SL,-1.3146067179160468,-5.014286001102563,-5.714286001102563,0.0002542857334068528,42.739697243799675,2.455082589492008e-05,160.0
2026-06-11 09:55:00,2026-06-11 10:25:00,BUY,WIN,TP,1.7424189437628639,8.117455386914642,7.417455386914642,0.00031058184623049175,44.47310809796659,3.2165699652697555e-05,30.0
2026-06-11 10:40:00,2026-06-11 11:00:00,BUY,LOSS,SL,-1.2103862176488909,-6.3284793761336875,-7.028479376133688,0.0003485652917422869,51.29049593060171,8.287458123312774e-05,20.0
2026-06-11 11:05:00,2026-06-11 11:30:00,BUY,LOSS,SL,-1.2311353001807968,-6.391764300223056,-7.091764300223057,0.0003461176200148558,40.628435470014544,6.0191089962469135e-05,25.0
2026-06-11 12:55:00,2026-06-11 13:10:00,SELL,WIN,TP,1.8107300114198324,9.56691562671519,8.86691562671519,0.00035223052089048264,48.00529849404454,-0.000403082390130427,15.0
2026-06-11 13:55:00,2026-06-11 14:00:00,SELL,LOSS,SL,-1.1896840205834465,-6.271925367904551,-6.971925367904551,0.0003514616911935815,47.24465529492034,-0.0006824307376600558,5.0
2026-06-11 14:05:00,2026-06-11 15:20:00,SELL,WIN,TP,1.8209236772184734,10.168422318119653,9.468422318119654,0.00037228074393731985,58.206256671889975,-0.0006768159048706757,75.0
2026-06-11 15:45:00,2026-06-11 15:55:00,SELL,LOSS,SL,-1.1030921452576505,-10.70006005307944,-11.40006005307944,0.0006466706702053457,47.41429216128647,-0.0006349388798754241,10.0
2026-06-11 16:00:00,2026-06-11 16:20:00,SELL,WIN,TP,1.8837401526409403,17.82312823368547,17.12312823368547,0.0006307709411228679,59.00491282934395,-0.0005821231769529422,20.0
2026-06-11 16:30:00,2026-06-11 19:05:00,SELL,WIN,TP,1.891547713791097,19.1854183798995,18.4854183798995,0.0006761806126633212,48.07713819253351,-0.0006367715208430713,155.0
2026-06-12 00:05:00,2026-06-12 03:00:00,BUY,LOSS,SL,-1.4327956113483578,-8.938510579135158,-9.638510579135158,0.00041590070527563,54.973365802647145,0.0018714324156938744,175.0
2026-06-12 03:55:00,2026-06-12 04:05:00,BUY,LOSS,SL,-1.2566492283118584,-5.875642346143594,-6.575642346143594,0.00031170948974284845,41.03976396892155,0.0016522635980220635,10.0
2026-06-12 04:35:00,2026-06-12 08:45:00,BUY,LOSS,SL,-1.2053154990191985,-5.870552904077119,-6.570552904077119,0.00032470352693852317,40.6820700844549,0.00138502601451429,250.0
2026-06-12 09:05:00,2026-06-12 09:55:00,BUY,WIN,TP,1.7926861244656136,8.647207621046316,7.947207621046316,0.0003215735873682341,42.53347465436339,0.0006555745425582682,50.0
2026-06-12 10:05:00,2026-06-12 10:10:00,BUY,LOSS,SL,-1.1922221476346528,-6.202314157370935,-6.9023141573709355,0.00034682094382478115,53.39952947104483,0.0005902264243344835,5.0
2026-06-12 10:15:00,2026-06-12 10:35:00,BUY,LOSS,SL,-1.2175881753511684,-6.715005574467935,-7.415005574467935,0.0003676670382979103,43.259875003197145,0.0005686696628950383,20.0
2026-06-12 11:00:00,2026-06-12 11:15:00,BUY,WIN,TP,1.8479287497145631,12.151729838782877,11.451729838782878,0.00043839099462606286,53.6099520778897,0.00038215295845867026,15.0
2026-06-12 12:05:00,2026-06-12 15:05:00,BUY,LOSS,SL,-1.164068137651798,-8.51403438336553,-9.21403438336553,0.0004876022922243901,54.994024873946756,0.0006445178677878527,180.0
2026-06-12 16:05:00,2026-06-12 18:20:00,BUY,WIN,TP,1.8019555316918376,10.918490460766296,10.218490460766297,0.0004039496820255722,46.067956007167695,0.00034245103154018075,135.0
2026-06-12 18:45:00,2026-06-12 22:55:00,BUY,LOSS,SL,-1.1431991909155867,-7.983279679209087,-8.683279679209086,0.0004655519786139409,51.173139249565565,0.00043933717127320193,250.0
2026-06-12 23:00:00,2026-06-12 23:30:00,BUY,LOSS,SL,-1.269632037354364,-4.708758090514852,-5.408758090514852,0.0002472505393677075,42.4420814387646,0.0002734918925306751,30.0
2026-06-15 03:00:00,2026-06-15 04:00:00,BUY,LOSS,SL,-1.1912441402218639,-6.228918380661973,-6.928918380661973,0.00034859455871077846,50.12788778844692,0.0016016363099264908,60.0
2026-06-15 04:25:00,2026-06-15 07:25:00,BUY,WIN,TP,1.7782365735633368,8.018619671135042,7.318619671135042,0.0003006206557044725,40.64098307572141,0.0015504519107285564,180.0
2026-06-15 09:10:00,2026-06-15 09:30:00,BUY,LOSS,SL,-1.2289634497804796,-5.367509316263174,-6.067509316263174,0.00029116728775092134,42.59409004850028,0.0014845373607763612,20.0
2026-06-15 09:40:00,2026-06-15 10:00:00,BUY,LOSS,SL,-1.195720432114912,-6.109328592800555,-6.809328592800555,0.00034062190618673155,44.24041316435656,0.0013732184199481967,20.0
2026-06-15 10:05:00,2026-06-15 11:45:00,BUY,LOSS,SL,-1.1887711192866088,-6.297420515273377,-6.997420515273377,0.00035316136768494987,40.26228414185645,0.0012822009624142705,100.0
2026-06-15 12:05:00,2026-06-15 15:55:00,BUY,WIN,TP,1.8294535743474158,10.727012116209412,10.027012116209413,0.0003909004038736618,52.75660870177578,0.0008897477758047501,230.0
2026-06-15 16:55:00,2026-06-15 17:20:00,BUY,LOSS,SL,-1.1773024751861367,-6.640079186430835,-7.3400791864308355,0.0003760052790953934,51.07046610992215,0.0008537828397638947,25.0
2026-06-15 17:25:00,2026-06-15 18:00:00,BUY,LOSS,SL,-1.1795016551522732,-6.5709792712033135,-7.270979271203314,0.00037139861808020615,41.86705656646922,0.0008325017686039438,35.0
2026-06-15 19:10:00,2026-06-15 21:30:00,BUY,LOSS,SL,-1.2191963821285206,-5.56211909288573,-6.26211909288573,0.00030414127285909715,42.25659828284201,0.00029448715382973667,140.0
2026-06-16 00:05:00,2026-06-16 05:15:00,SELL,WIN,TP,1.8032459653828614,9.164975797786191,8.464975797786192,0.00033883252659291,58.927398177640235,-0.0005972827509992396,310.0
2026-06-16 05:35:00,2026-06-16 07:10:00,SELL,WIN,TP,1.73130278994072,6.443322539741892,5.743322539741892,0.0002481107513247609,48.11728880382881,-0.0005489886306289105,95.0
2026-06-16 09:30:00,2026-06-16 09:30:00,SELL,LOSS,SL,-1.2448457195965703,-5.084204541732195,-5.784204541732195,0.00027228030278216904,50.27784234547475,-0.0008720110771829326,0.0
2026-06-16 09:45:00,2026-06-16 09:55:00,SELL,LOSS,SL,-1.2230051715959656,-5.484200939571803,-6.184200939571803,0.0002989467293048232,54.489813637326236,-0.0008259870080022935,10.0
2026-06-16 12:45:00,2026-06-16 13:15:00,BUY,WIN,TP,1.7743921845864001,7.8649411206498385,7.164941120649838,0.0002954980373549852,54.816586931374005,0.00029544165284689505,30.0
2026-06-16 14:20:00,2026-06-16 14:40:00,BUY,LOSS,SL,-1.229061023954544,-5.365648868305261,-6.065648868305261,0.00029104325788696525,49.854125862739934,0.0007137275768800411,20.0
2026-06-16 15:40:00,2026-06-16 16:50:00,BUY,LOSS,SL,-1.1932032932499375,-6.175895209541537,-6.875895209541537,0.0003450596806361604,46.550692969762686,0.0004899625667629248,70.0
2026-06-16 17:15:00,2026-06-16 17:30:00,BUY,LOSS,SL,-1.176696193744295,-6.659431472797571,-7.359431472797572,0.00037729543151987727,43.629653215755624,0.0002929822956263539,15.0
2026-06-16 17:40:00,2026-06-16 17:55:00,BUY,WIN,TP,1.8343761600744275,11.07555627800172,10.37555627800172,0.0004025185426000254,45.87994569245074,0.00019935297568096644,15.0
2026-06-16 20:05:00,2026-06-16 21:35:00,BUY,LOSS,SL,-1.2024410583214395,-5.939709406241999,-6.639709406241999,0.0003293139604161472,54.740059916588955,0.0007704134955819342,90.0
2026-06-16 21:55:00,2026-06-17 00:00:00,BUY,LOSS,SL,-1.2819189499613648,-4.5471187734525955,-5.247118773452596,0.00023647458489677983,43.296781634669536,0.0007507072026133876,125.0
2026-06-17 00:05:00,2026-06-17 00:05:00,BUY,LOSS,SL,-1.2541819768481803,-4.934189246617148,-5.634189246617148,0.0002622792831077733,54.946770031654296,0.0005766586447850663,0.0
2026-06-17 00:10:00,2026-06-17 09:25:00,BUY,LOSS,SL,-1.282079902281018,-4.999604300430237,-5.699604300430237,0.00025997362002864327,54.05313120526737,0.0005739275465468374,555.0
2026-06-17 10:00:00,2026-06-17 11:05:00,BUY,LOSS,SL,-1.2696942979434915,-4.707901900875665,-5.4079019008756655,0.00024719346005838157,42.386930807981095,0.00017688108954749815,65.0
2026-06-17 11:10:00,2026-06-17 11:10:00,BUY,LOSS,SL,-1.2211662364549807,-5.521485810984327,-6.221485810984327,0.0003014323873989245,41.240978469245356,7.576260635966392e-05,0.0
2026-06-17 12:25:00,2026-06-17 13:25:00,SELL,WIN,TP,1.7525423329181997,7.082190475589002,6.3821904755890015,0.0002694063491863136,49.538863032320585,-0.00017383751329780317,60.0
2026-06-17 15:05:00,2026-06-17 15:20:00,SELL,LOSS,SL,-1.2083072742036896,-5.800600477457007,-6.500600477457007,0.0003200400318303997,45.682184425882795,-0.0006709434582659046,15.0
2026-06-17 15:25:00,2026-06-17 15:50:00,SELL,LOSS,SL,-1.21392166961693,-5.674608242309919,-6.374608242309919,0.0003116405494874015,55.65416570627077,-0.0006909343750449715,25.0
2026-06-17 16:05:00,2026-06-17 16:20:00,SELL,LOSS,SL,-1.2077658467529806,-5.81311060325007,-6.5131106032500705,0.0003208740402166449,53.94941962326986,-0.0006071841460424388,15.0
2026-06-17 16:30:00,2026-06-17 17:45:00,SELL,WIN,TP,1.7793945016602606,8.065957172653683,7.365957172653682,0.0003021985724217812,51.20501451825331,-0.0005418870136262299,75.0
2026-06-17 18:20:00,2026-06-17 21:00:00,SELL,WIN,TP,1.8286521461360201,10.672162533133967,9.972162533133968,0.00038907208443780616,51.418536908974595,-0.0006576567234557462,160.0
2026-06-18 00:25:00,2026-06-18 03:00:00,SELL,LOSS,SL,-1.1262243167063604,-8.922403749875961,-9.62240374987596,0.0005281602499916652,45.078481900183974,-0.004643630311453872,155.0
2026-06-18 03:15:00,2026-06-18 03:55:00,SELL,LOSS,SL,-1.2112648384881095,-5.733395330507317,-6.4333953305073175,0.0003155596887005335,59.032815874232604,-0.0040365253783349875,40.0
2026-06-18 04:50:00,2026-06-18 06:25:00,SELL,LOSS,SL,-1.2304378645325127,-5.339564602495738,-6.039564602495738,0.00028930430683304616,59.23451044608635,-0.0031075003917000465,95.0
2026-06-18 07:15:00,2026-06-18 07:40:00,SELL,LOSS,SL,-1.2964660833541855,-4.373067126890561,-5.073067126890561,0.00022487114179265446,51.80468286281326,-0.002039265251559952,25.0
2026-06-18 08:00:00,2026-06-18 08:30:00,SELL,WIN,TP,1.6698498768541388,5.057850231726558,4.357850231726558,0.00020192834105757537,56.90918365327208,-0.0017610514962653756,30.0
2026-06-18 09:15:00,2026-06-18 09:30:00,SELL,LOSS,SL,-1.2054217630597326,-5.868033382174897,-6.568033382174897,0.00032453555881170024,56.70202848941887,-0.00157764513596792,15.0
2026-06-18 09:40:00,2026-06-18 10:25:00,SELL,WIN,TP,1.8328806048131716,10.967491850746192,10.267491850746193,0.0003989163950249074,53.33589738561476,-0.0014272477911549952,45.0
2026-06-18 10:45:00,2026-06-18 11:25:00,SELL,WIN,TP,1.844943034105273,11.898485330596898,11.198485330596899,0.00042994951101992245,47.0323512905754,-0.0014014377772042508,40.0
2026-06-18 15:15:00,2026-06-18 15:20:00,SELL,LOSS,SL,-1.1282054158115657,-8.799982502063596,-9.499982502063595,0.0005199988334708368,54.46196090381532,-0.003346872327608885,5.0
2026-06-18 15:30:00,2026-06-18 16:35:00,SELL,LOSS,SL,-1.1100690229335621,-10.085208293377889,-10.785208293377888,0.0006056805528919075,55.00002227640217,-0.003273686660096198,65.0
2026-06-18 16:45:00,2026-06-18 17:55:00,SELL,LOSS,SL,-1.1117483619616375,-9.948677031554997,-10.648677031554996,0.0005965784687703632,56.79192263075154,-0.0029346174068778375,70.0
2026-06-18 18:05:00,2026-06-18 19:15:00,SELL,WIN,TP,1.876074492714712,15.138727561516575,14.438727561516576,0.0005379575853838793,58.53477316426284,-0.0023941024818945333,70.0
2026-06-18 19:30:00,2026-06-18 22:00:00,SELL,WIN,TP,1.8586137754041525,13.145649660857185,12.445649660857185,0.0004715216553619411,46.377236696414805,-0.0021117961906707006,150.0
2026-06-18 22:45:00,2026-06-19 00:00:00,SELL,LOSS,SL,-1.201478638239335,-5.9633053346931355,-6.663305334693136,0.00033088702231292953,45.72279761914831,-0.0020402871653790733,75.0
2026-06-19 00:05:00,2026-06-19 04:55:00,SELL,WIN,TP,1.7921653734657357,8.62303555161581,7.92303555161581,0.0003207678517205165,53.743671678015794,-0.0018439187026222381,290.0
2026-06-19 05:30:00,2026-06-19 06:10:00,SELL,WIN,TP,1.7045428652080485,5.7691714448003815,5.069171444800381,0.00022563904815998815,47.62605999565414,-0.001141404067362739,40.0
2026-06-19 08:55:00,2026-06-19 09:55:00,SELL,LOSS,SL,-1.153817835643497,-7.501196664330244,-8.201196664330244,0.00043341311095537104,52.71613669587218,-0.0020565941483845496,60.0
2026-06-19 12:50:00,2026-06-19 14:15:00,SELL,LOSS,SL,-1.1996992151916626,-6.00753094617945,-6.707530946179451,0.0003338353964119399,59.33061002379698,-0.00039340276697430454,85.0
2026-06-19 14:35:00,2026-06-19 15:50:00,BUY,WIN,TP,1.7991564716946198,8.95800072260744,8.258000722607441,0.00033193335742021595,53.33901604724224,2.259147546257445e-05,75.0
2026-06-19 16:05:00,2026-06-19 16:20:00,BUY,LOSS,SL,-1.1651291524846314,-7.055865878031863,-7.755865878031863,0.0004037243918687346,53.56307726640735,0.0003175010741147677,15.0
2026-06-19 16:25:00,2026-06-19 18:00:00,BUY,WIN,TP,1.827991450074059,10.62732899533836,9.92732899533836,0.0003875776331779247,43.14025715923245,0.00032028513257942315,95.0
2026-06-19 18:35:00,2026-06-19 20:55:00,BUY,WIN,TP,1.8162449985434326,9.88405749039012,9.18405749039012,0.00036280191634636164,48.45972636102422,0.0004191703380638234,140.0
2026-06-19 22:40:00,2026-06-19 23:15:00,BUY,LOSS,SL,-1.3297872795859804,-4.032257645763092,-4.7322576457630925,0.00020215050971748722,54.32754309799085,0.0008081705902620584,35.0
2026-06-19 23:35:00,2026-06-19 23:55:00,BUY,LOSS,SL,-1.2893304005553483,-4.456256231908483,-5.1562562319084835,0.00023041708212729532,42.61550245966407,0.0007589790163819998,20.0
2026-06-22 00:40:00,2026-06-22 00:55:00,BUY,LOSS,SL,-1.1634420030804598,-7.118378269677205,-7.818378269677205,0.0004078918846451665,46.09824226212184,0.0004135934815969744,15.0
2026-06-22 01:05:00,2026-06-22 02:50:00,BUY,LOSS,SL,-1.1541674084379652,-7.486455276975001,-8.186455276975,0.0004324303517982691,42.96851405204725,0.0003235732966093696,105.0
2026-06-22 03:00:00,2026-06-22 04:00:00,SELL,LOSS,SL,-1.2372560019606156,-5.214856491453478,-5.914856491453478,0.0002809904327636301,48.33497930423097,-1.6154185144889865e-05,60.0
2026-06-22 04:20:00,2026-06-22 06:55:00,SELL,WIN,TP,1.8039394743810937,9.200931542372338,8.500931542372339,0.0003400310514124091,56.0595047805928,-1.9416157343465912e-05,155.0
2026-06-22 08:15:00,2026-06-22 08:35:00,SELL,LOSS,SL,-1.280133046215866,-4.569732359349764,-5.2697323593497645,0.00023798215729004787,47.67507237958503,-0.000351410281094644,20.0
2026-06-22 08:50:00,2026-06-22 09:45:00,SELL,WIN,TP,1.7198224677849732,6.138331129497022,5.438331129497022,0.00023794437098320355,53.7297834984352,-0.00033565621101794285,55.0
2026-06-22 09:55:00,2026-06-22 09:55:00,SELL,LOSS,SL,-1.1981116276580617,-6.047659301078422,-6.747659301078422,0.00033651062007182596,53.959931111471455,-0.00040376080437631856,0.0
2026-06-22 10:00:00,2026-06-22 10:30:00,SELL,WIN,TP,1.8061467297182021,9.31708155914357,8.617081559143571,0.0003439027186381238,58.01219546018867,-0.00039400227167463164,30.0
2026-06-22 11:35:00,2026-06-22 12:00:00,SELL,LOSS,SL,-1.1550042671957321,-7.451435293308716,-8.151435293308715,0.00043009568622052276,47.65246651639683,-0.000667800484231762,25.0
2026-06-22 12:40:00,2026-06-22 13:05:00,SELL,LOSS,SL,-1.1596070000710181,-7.265389359834117,-7.965389359834117,0.0004176926239888943,59.940588889717205,-0.0005312258324710051,25.0
2026-06-22 13:20:00,2026-06-22 15:00:00,SELL,WIN,TP,1.8289936944374001,10.695475166393354,9.995475166393355,0.0003898491722131417,55.75080238222612,-0.00038856619259375336,100.0
2026-06-22 15:05:00,2026-06-22 15:20:00,SELL,LOSS,SL,-1.1785144804409489,-6.601786463091951,-7.301786463091951,0.00037345243087273043,51.56055256895617,-0.00037119114225525607,15.0
2026-06-22 15:30:00,2026-06-22 16:00:00,SELL,WIN,TP,1.8306798058926916,10.811940156036815,10.111940156036816,0.0003937313385345761,58.822904710340914,-0.00030408640637502593,30.0
2026-06-22 17:50:00,2026-06-22 21:30:00,SELL,WIN,TP,1.8920372880973124,17.524914433484252,16.824914433484253,0.0006174971477828237,54.52866375088741,-0.0009743798958206096,220.0
2026-06-22 22:55:00,2026-06-22 23:10:00,SELL,LOSS,SL,-1.2752228739811313,-4.63341892893887,-5.33341892893887,0.00024222792859596902,49.75024211567959,-0.001460853830512976,15.0
2026-06-22 23:25:00,2026-06-23 00:00:00,SELL,WIN,TP,1.7190903932004504,6.119728024933547,5.419728024933547,0.0002373242674978001,55.334282801731874,-0.0013881243368245588,35.0
2026-06-23 00:05:00,2026-06-23 05:10:00,SELL,LOSS,SL,-1.2367588133785379,-5.223707602390991,-5.923707602390992,0.0002815805068260012,50.99705070123069,-0.0012953855587196639,305.0
2026-06-23 05:35:00,2026-06-23 06:10:00,SELL,WIN,TP,1.6789458489481928,5.229478713930536,4.529478713930536,0.00020764929046434107,55.46002455174827,-0.0007095686526616962,35.0
2026-06-23 06:30:00,2026-06-23 06:55:00,SELL,LOSS,SL,-1.2549568609634536,-4.922232162025807,-5.622232162025807,0.0002614821441350462,48.528450043020385,-0.0006740127164004406,25.0
2026-06-23 07:00:00,2026-06-23 07:55:00,SELL,WIN,TP,1.7265939172954161,6.315126204259226,5.615126204259226,0.000243837540141962,59.170436914707935,-0.0006253173816306301,55.0
2026-06-23 08:20:00,2026-06-23 09:20:00,SELL,LOSS,SL,-1.2668692903655352,-4.747152767672457,-5.447152767672457,0.00024981018451153685,48.80453750709314,-0.0005995165452037376,60.0
2026-06-23 09:30:00,2026-06-23 10:05:00,SELL,LOSS,SL,-1.2108329311668942,-5.74309205144241,-6.44309205144241,0.00031620613676278537,54.67811661977429,-0.0005439519614198751,35.0
2026-06-23 10:15:00,2026-06-23 10:20:00,SELL,LOSS,SL,-1.160135339117285,-7.244717783796538,-7.944717783796539,0.00041631451891974494,57.1251917523933,-0.0004586893094395972,5.0
2026-06-23 10:35:00,2026-06-23 10:50:00,SELL,WIN,TP,1.865851839333306,13.908888724647351,13.208888724647352,0.000496962957488212,48.53621434057605,-0.0003546568710872666,15.0
2026-06-23 13:00:00,2026-06-23 13:45:00,SELL,WIN,TP,1.8018620090494135,9.09397536741341,8.393975367413411,0.0003364658455804804,48.73206273670128,-0.0010240936556047409,45.0
2026-06-23 16:05:00,2026-06-23 16:40:00,SELL,LOSS,SL,-1.15085547577336,-7.628861132640385,-8.328861132640384,0.00044192407550940456,49.35210281252733,-0.001766648235011159,35.0
2026-06-23 16:45:00,2026-06-23 17:15:00,SELL,WIN,TP,1.8555481765528465,12.845446545903695,12.145446545903695,0.00046151488486343003,56.165425110136596,-0.0017340360078448303,30.0
2026-06-23 18:15:00,2026-06-24 05:55:00,SELL,WIN,TP,1.8621142624284608,13.504763402105603,12.804763402105603,0.00048349211340354477,45.75627846771709,-0.0019498791117600334,700.0
2026-06-24 08:10:00,2026-06-24 09:05:00,SELL,LOSS,SL,-1.2968823745882594,-4.368337380711406,-5.068337380711406,0.00022455582538073366,53.80290819333585,-0.001250218284354343,55.0
2026-06-24 09:20:00,2026-06-24 09:55:00,SELL,WIN,TP,1.7738129165059346,7.842237890442917,7.1422378904429165,0.000294741263014737,50.935902854574024,-0.0010973960062936605,35.0
2026-06-24 10:45:00,2026-06-24 11:10:00,SELL,WIN,TP,1.8379312707994286,11.340443525813427,10.640443525813428,0.00041134811752708585,46.4453490900708,-0.0012460314285480667,25.0
2026-06-24 11:30:00,2026-06-24 14:00:00,SELL,WIN,TP,1.8737856468442835,14.846058312691813,14.146058312691814,0.0005282019437563942,46.63682560630064,-0.001410703477780606,150.0
2026-06-24 14:25:00,2026-06-24 14:35:00,SELL,LOSS,SL,-1.174258625215546,-6.7385968629275474,-7.438596862927548,0.00038257312419510693,47.1784185633852,-0.0017751902783829099,10.0
2026-06-24 14:40:00,2026-06-24 15:30:00,SELL,WIN,TP,1.8300370736175964,10.7672720902684,10.0672720902684,0.00039224240300896534,55.27277094049644,-0.001743739925520904,50.0
2026-06-24 16:30:00,2026-06-24 16:55:00,SELL,LOSS,SL,-1.1336292383945437,-8.483392197802363,-9.183392197802362,0.0004988928131868421,55.10267145786028,-0.001942983091472783,25.0
2026-06-24 17:20:00,2026-06-24 18:10:00,SELL,LOSS,SL,-1.1186517782171854,-9.428023709594612,-10.128023709594611,0.0005618682473062666,51.732442677236314,-0.0016566035250831224,50.0
2026-06-24 18:40:00,2026-06-24 19:25:00,SELL,LOSS,SL,-1.120749130287745,-9.281633148139456,-9.981633148139455,0.0005521088765426066,55.263694562587816,-0.0011877726724693893,45.0
2026-06-24 19:50:00,2026-06-25 00:00:00,SELL,WIN,TP,1.8578893744355285,13.073543002572908,12.373543002572909,0.00046911810008578675,57.60078903073139,-0.0006613246618791813,250.0
2026-06-25 00:05:00,2026-06-25 04:15:00,SELL,LOSS,SL,-1.1686194538106407,-6.930513813210414,-7.630513813210414,0.000395367587547337,56.853973850616676,-6.444611501987829e-05,250.0
2026-06-25 04:35:00,2026-06-25 06:45:00,BUY,WIN,TP,1.8039117736225125,9.19949048929547,8.499490489295471,0.0003399830163098295,53.37739503367578,3.199728092040388e-06,130.0
2026-06-25 07:40:00,2026-06-25 08:20:00,BUY,LOSS,SL,-1.2987121171814637,-4.347704838476684,-5.047704838476684,0.00022318032256508094,54.0755932019979,0.000537628491395381,40.0
2026-06-25 08:25:00,2026-06-25 08:45:00,BUY,LOSS,SL,-1.3172585073797987,-4.152003734301356,-4.8520037343013565,0.00021013358228682758,40.976139994679826,0.0005434346794492839,20.0
2026-06-25 09:15:00,2026-06-25 09:30:00,BUY,LOSS,SL,-1.2833279969211804,-4.529478240296147,-5.229478240296147,0.00023529854935313015,46.46540284329543,0.00044381039202878725,15.0
2026-06-25 10:05:00,2026-06-25 10:10:00,BUY,LOSS,SL,-1.2025296225628055,-5.9375493191861075,-6.637549319186108,0.00032916995461241037,44.021599405175515,0.00025549444750039285,5.0
2026-06-25 10:40:00,2026-06-25 11:20:00,BUY,WIN,TP,1.8292014574159636,10.7097017910206,10.0097017910206,0.0003903233930340437,43.244023742501334,7.28677979666692e-05,40.0
2026-06-25 12:10:00,2026-06-25 13:00:00,BUY,LOSS,SL,-1.1776532328465854,-6.6289434421019635,-7.328943442101964,0.000375262896140145,50.98462223309673,0.00025779877385234684,50.0
2026-06-25 16:00:00,2026-06-25 16:20:00,SELL,LOSS,SL,-1.1209931833657425,-9.264928421439777,-9.964928421439776,0.0005509952280960473,57.14004589561795,-0.0005627191301138534,20.0
2026-06-25 16:45:00,2026-06-25 17:00:00,SELL,LOSS,SL,-1.1115365277370695,-9.965672683995951,-10.66567268399595,0.0005977115122663273,58.03806865530258,-0.00030537485295267786,15.0
2026-06-25 17:25:00,2026-06-25 18:25:00,BUY,WIN,TP,1.9031261309566796,19.645402312788885,18.945402312788886,0.0006881800770929269,54.67042697632601,4.064825104910241e-05,60.0
2026-06-25 18:55:00,2026-06-25 21:00:00,BUY,LOSS,SL,-1.1152594615865024,-9.676077314915265,-10.376077314915264,0.0005784051543277202,54.23470295850438,0.0007996237310696763,125.0
2026-06-25 21:05:00,2026-06-25 23:55:00,BUY,LOSS,SL,-1.187867960828369,-6.322887391712161,-7.022887391712161,0.00035485915944743633,43.24527517984709,0.0008959322262402925,170.0
2026-06-26 00:00:00,2026-06-26 00:00:00,BUY,LOSS,SL,-1.186349206370549,-7.6395229975589,-8.3395229975589,0.00042930153317064537,40.354295058167054,0.000588298251855468,0.0
2026-06-26 00:05:00,2026-06-26 00:05:00,BUY,LOSS,SL,-1.1460405299046676,-7.847414212018954,-8.547414212018953,0.00045649428080131194,49.84339684304422,0.0005808476406943264,0.0
2026-06-26 00:10:00,2026-06-26 02:30:00,BUY,LOSS,SL,-1.235006815011725,-8.40831319687547,-9.10831319687547,0.0004538875464583673,40.272618779068715,0.0005609496502547717,140.0
2026-06-26 03:10:00,2026-06-26 04:35:00,BUY,LOSS,SL,-1.2618346281715997,-4.8192045375473604,-5.519204537547361,0.0002546136358364426,42.092894855817136,5.235797375346962e-05,85.0
2026-06-26 05:05:00,2026-06-26 06:35:00,SELL,LOSS,SL,-1.2539273936587114,-4.938133596346205,-5.638133596346205,0.0002625422397564273,45.07319601940142,-0.0001693764520729335,90.0
2026-06-26 06:40:00,2026-06-26 06:50:00,SELL,LOSS,SL,-1.2276203875945482,-5.39327957643787,-6.09327957643787,0.0002928853050958663,58.03484256624403,-0.000298803447690954,10.0
2026-06-26 09:05:00,2026-06-26 09:50:00,BUY,LOSS,SL,-1.2387413348987686,-5.188633696062816,-5.888633696062816,0.00027924224640415437,53.2229144654907,0.0003552895820446711,45.0
2026-06-26 09:55:00,2026-06-26 10:35:00,BUY,WIN,TP,1.809794123087385,9.514922211992683,8.814922211992684,0.00035049740706643304,51.55683689183399,0.00044006792355322233,40.0
2026-06-26 13:20:00,2026-06-26 14:50:00,BUY,LOSS,SL,-1.1553809450855392,-7.435795582588888,-8.135795582588887,0.00042905303883919395,54.14032627348441,0.0016100000777021783,90.0
2026-06-26 15:00:00,2026-06-26 15:40:00,BUY,WIN,TP,1.8255172279950067,10.462449713641742,9.762449713641743,0.0003820816571213939,43.28151216622135,0.0016090531672310338,40.0
2026-06-26 17:30:00,2026-06-26 17:50:00,BUY,LOSS,SL,-1.1153235148134208,-9.671258429973072,-10.371258429973071,0.0005780838953315104,51.09773853857178,0.002071727775392107,20.0
2026-06-26 18:25:00,2026-06-26 18:50:00,BUY,LOSS,SL,-1.116544836268501,-9.580388732934985,-10.280388732934984,0.0005720259155290202,43.81668865241162,0.001703909193605746,25.0
2026-06-26 19:00:00,2026-06-26 19:20:00,BUY,LOSS,SL,-1.1193842154518112,-9.376316720057897,-10.076316720057896,0.0005584211146705978,44.2966389194301,0.0014793038876992348,20.0
2026-06-26 20:10:00,2026-06-26 20:30:00,BUY,LOSS,SL,-1.152940254592982,-7.538500950330484,-8.238500950330483,0.0004359000633553117,40.49753436503272,0.0008045820473616683,20.0
2026-06-26 20:55:00,2026-06-26 22:20:00,BUY,LOSS,SL,-1.1816279467132322,-6.505760639241686,-7.205760639241686,0.00036705070928275276,40.00536959510551,0.00045905834325643546,85.0
2026-06-26 22:55:00,2026-06-29 00:00:00,SELL,WIN,TP,1.769577555326096,7.679710011871844,6.979710011871844,0.00028932366706236674,53.49634978186347,-9.62787856728653e-05,2945.0
2026-06-29 00:05:00,2026-06-29 08:50:00,SELL,LOSS,SL,-1.1582910444822692,-7.317476792643273,-8.017476792643272,0.0004211651195094776,52.77206451899313,-0.00018414310560177505,525.0
2026-06-29 10:55:00,2026-06-29 11:50:00,BUY,LOSS,SL,-1.1811697429271826,-6.519685483033054,-7.219685483033055,0.0003679790322022488,47.92763473844947,0.0006276232868329679,55.0
2026-06-29 12:00:00,2026-06-29 14:00:00,BUY,WIN,TP,1.8226309118280637,10.275921980640202,9.575921980640203,0.0003758640660213571,40.375708822557264,0.0006080470803315752,120.0
2026-06-29 14:25:00,2026-06-29 14:40:00,BUY,LOSS,SL,-1.2238607560591857,-5.467062550863599,-6.167062550863599,0.0002978041700575197,52.484861289618756,0.0006378801699593595,15.0
2026-06-29 14:45:00,2026-06-29 14:55:00,BUY,WIN,TP,1.8062914178712313,9.3247877715118,8.624787771511802,0.0003441595923837001,42.39075300933105,0.000624433488701337,10.0
2026-06-29 15:20:00,2026-06-29 17:10:00,BUY,WIN,TP,1.818042333910117,9.991567670515234,9.291567670515235,0.0003663855890171645,49.013721112537404,0.0006527798215685277,110.0
2026-06-29 17:50:00,2026-06-29 19:45:00,BUY,WIN,TP,1.8778353003143076,15.371341354299851,14.671341354299852,0.0005457113784766278,53.884673286124574,0.0008292490709038702,115.0
2026-06-29 20:20:00,2026-06-30 00:00:00,BUY,LOSS,SL,-1.2047764925179603,-5.883373026385307,-6.583373026385307,0.00032555820175904734,49.82317429502795,0.0013866028436093636,220.0
2026-06-30 00:05:00,2026-06-30 02:55:00,BUY,LOSS,SL,-1.2172444955219581,-5.6031085740394495,-6.30310857403945,0.0003068739049359284,47.866469429117515,0.001158603894891197,170.0
2026-06-30 04:00:00,2026-06-30 04:05:00,BUY,LOSS,SL,-1.30143631702618,-4.317450298840896,-5.017450298840896,0.00022116335325607996,41.31690424089281,0.0004625882469468934,5.0
2026-06-30 04:25:00,2026-06-30 04:40:00,BUY,LOSS,SL,-1.2328590277517615,-5.294443765633371,-5.994443765633371,0.0002862962510421854,43.60947503523031,0.000315325518220666,15.0
2026-06-30 09:25:00,2026-06-30 09:30:00,SELL,LOSS,SL,-1.2040281688908319,-5.901284001304074,-6.601284001304074,0.00032675226675361315,54.76625401678988,-0.001074000322086377,5.0
2026-06-30 09:40:00,2026-06-30 09:55:00,SELL,LOSS,SL,-1.2047322555039996,-5.884428189091405,-6.584428189091406,0.00032562854593938436,59.091033384925055,-0.0010302492204816716,15.0
2026-06-30 10:50:00,2026-06-30 11:00:00,SELL,WIN,TP,1.8082593101479754,9.430754168786471,8.730754168786472,0.0003476918056261788,54.486389720624565,-0.0006759966930196537,10.0
2026-06-30 12:00:00,2026-06-30 13:35:00,SELL,LOSS,SL,-1.155672859641914,-7.423727310593819,-8.123727310593818,0.00042824848737285995,48.546433963908214,-0.0008512786295953312,95.0
2026-06-30 13:50:00,2026-06-30 14:35:00,SELL,WIN,TP,1.8169863836824232,9.928148627638024,9.228148627638024,0.00036427162092123754,59.52040965805074,-0.0007183750502435249,45.0
2026-06-30 14:45:00,2026-06-30 16:15:00,SELL,LOSS,SL,-1.1444478223359142,-7.922915027922638,-8.622915027922637,0.00046152766852814304,51.563883732761624,-0.0006109536949285843,90.0
2026-06-30 16:25:00,2026-06-30 17:15:00,SELL,LOSS,SL,-1.1351636074928553,-8.398441182127069,-9.098441182127068,0.0004932294121417497,55.79580799798133,-0.00045736125430195784,50.0
2026-06-30 18:45:00,2026-07-01 00:00:00,BUY,LOSS,SL,-1.1255747769060895,-8.963382652456108,-9.663382652456107,0.0005308921768304716,53.46014899634322,0.0005522956930295031,315.0
2026-07-01 00:05:00,2026-07-01 02:40:00,BUY,LOSS,SL,-1.2092382809359121,-5.779240182661848,-6.479240182661848,0.00031861601217753017,43.387966896776334,0.0008733362300090697,155.0
2026-07-01 05:20:00,2026-07-01 07:45:00,SELL,LOSS,SL,-1.2982539877371204,-4.352847040158924,-5.052847040158924,0.00022352313601058677,46.445184230024914,-0.00014677034805110623,145.0
2026-07-01 08:00:00,2026-07-01 09:10:00,SELL,WIN,TP,1.6930585771792672,5.515901247945433,4.815901247945432,0.00021719670826485018,59.12413288744818,-0.00034893619151343813,70.0
2026-07-01 09:55:00,2026-07-01 10:10:00,SELL,WIN,TP,1.7433912997136212,6.793968005651575,6.093968005651575,0.0002597989335217365,45.940154403907734,-0.00035249656972058396,15.0
2026-07-01 10:55:00,2026-07-01 12:30:00,SELL,WIN,TP,1.782695229316301,8.203663562946662,7.503663562946662,0.0003067887854315399,45.95934031474249,-0.0005397612674342689,95.0
2026-07-01 13:20:00,2026-07-01 13:50:00,SELL,LOSS,SL,-1.1975040165642383,-6.063188169009969,-6.763188169009969,0.00033754587793406515,51.088960857753996,-0.0008410960048956806,30.0
2026-07-01 14:00:00,2026-07-01 14:55:00,SELL,WIN,TP,1.7912298669116724,8.579914379600485,7.879914379600485,0.0003193304793200307,57.08771646385108,-0.0007745232480271813,55.0
2026-07-01 16:25:00,2026-07-01 16:30:00,SELL,LOSS,SL,-1.112389265360007,-9.897646913135215,-10.597646913135215,0.0005931764608756181,49.713578729690326,-0.001330980644815627,5.0
2026-07-01 16:35:00,2026-07-01 16:40:00,SELL,LOSS,SL,-1.1044106951302646,-10.577562899589775,-11.277562899589775,0.000638504193306015,58.316512614756306,-0.001290932693345903,5.0
2026-07-01 17:00:00,2026-07-02 10:40:00,SELL,LOSS,SL,-1.0878259629305251,-12.386154693129313,-13.086154693129313,0.0007590769795419643,57.55592310113526,-0.0010646299993222197,1060.0
2026-07-02 12:10:00,2026-07-02 13:30:00,BUY,LOSS,SL,-1.1475808160373262,-7.775948438630941,-8.47594843863094,0.0004517298959086638,54.24365338941553,0.0011770067518401817,80.0
2026-07-02 13:35:00,2026-07-02 14:55:00,BUY,LOSS,SL,-1.1915653788679326,-6.220149934761498,-6.920149934761498,0.00034800999565074987,42.43940718625505,0.0012334238620725912,80.0
2026-07-02 17:30:00,2026-07-02 20:25:00,BUY,LOSS,SL,-1.0837582439010762,-12.939123284163689,-13.639123284163688,0.0007959415522776494,50.10211649881032,0.002535731676976738,175.0
2026-07-02 21:05:00,2026-07-02 22:25:00,BUY,LOSS,SL,-1.197969488841607,-6.0512834369143,-6.7512834369143,0.0003367522291275573,44.83727885536933,0.0017507918918715504,80.0
2026-07-02 22:30:00,2026-07-03 00:00:00,BUY,LOSS,SL,-1.2358091197284036,-5.240718090766649,-5.940718090766649,0.00028271453938438464,40.82941651841187,0.0013521621523928662,90.0
2026-07-03 00:05:00,2026-07-03 02:35:00,BUY,LOSS,SL,-1.2962759709117844,-7.437893609016887,-8.137893609016887,0.0003825262406011651,46.00347171247511,0.001052064245096851,150.0
2026-07-03 03:50:00,2026-07-03 04:00:00,BUY,WIN,TP,1.7149294181105168,6.015806354859766,5.315806354859766,0.0002338602118286827,44.51058198005748,0.0002941907428259949,10.0
2026-07-03 06:00:00,2026-07-03 08:00:00,BUY,WIN,TP,1.7942617330308492,8.721088981000658,8.02108898100066,0.000324036299366725,52.85280674692116,0.0007666500607117488,120.0
2026-07-03 09:00:00,2026-07-03 09:15:00,BUY,WIN,TP,1.760409900530054,7.3475903404384155,6.647590340438415,0.00027825301134797286,53.15735238321676,0.001092360879944021,15.0
2026-07-03 09:25:00,2026-07-03 09:30:00,BUY,WIN,TP,1.8010212158217545,9.05132284961796,8.351322849617961,0.00033504409498727065,53.51073563601641,0.001158603721013618,5.0
2026-07-03 10:00:00,2026-07-03 10:35:00,BUY,LOSS,SL,-1.1838891404610268,-6.438059025633102,-7.138059025633102,0.00036253726837560127,52.569660048640536,0.0012889755910210354,35.0
2026-07-03 10:40:00,2026-07-03 12:50:00,BUY,LOSS,SL,-1.1777246882374202,-6.626680288020047,-7.3266802880200474,0.00037511201920134037,44.61134514731411,0.0012686894755622458,130.0
2026-07-03 13:10:00,2026-07-03 14:10:00,BUY,WIN,TP,1.7757307253908037,7.917851112191233,7.217851112191233,0.00029726170373971846,43.65800195357403,0.000895636084972562,60.0
2026-07-03 14:40:00,2026-07-03 15:20:00,BUY,LOSS,SL,-1.2094493322386437,-5.774424388522824,-6.4744243885228245,0.0003182949592348795,51.316544305114775,0.0007790695730345298,40.0
2026-07-03 15:25:00,2026-07-03 16:10:00,BUY,LOSS,SL,-1.2013412415919345,-5.9666923283742115,-6.666692328374212,0.00033111282189163786,45.37747800268178,0.000693548739903127,45.0
2026-07-03 16:30:00,2026-07-03 16:50:00,BUY,LOSS,SL,-1.2120471115653417,-5.715933136829609,-6.415933136829609,0.0003143955424553639,40.15161683396603,0.0005062616804907272,20.0
2026-07-03 17:10:00,2026-07-03 18:45:00,BUY,LOSS,SL,-1.221823070018331,-5.508097376514364,-6.208097376514364,0.0003005398251010296,44.37831817965761,0.0003255276307807531,95.0
2026-07-03 18:50:00,2026-07-03 18:55:00,BUY,LOSS,SL,-1.2331463867885466,-5.289150751055626,-5.989150751055626,0.00028594338340372113,41.251550230557456,0.00010792136154114118,5.0
2026-07-03 19:10:00,2026-07-03 23:00:00,BUY,LOSS,SL,-1.2403157816416794,-5.161191550420273,-5.861191550420274,0.0002774127700279503,42.42584008898515,3.915990637226585e-05,230.0
2026-07-06 00:05:00,2026-07-06 08:55:00,SELL,WIN,TP,1.8057135870895937,9.294080630961489,8.59408063096149,0.00034313602103205144,50.3758700028513,-0.0002556575804608663,530.0
2026-07-06 09:10:00,2026-07-06 10:00:00,SELL,WIN,TP,1.781225277191004,8.14182394712082,7.441823947120819,0.0003047274649040366,45.01730944767134,-0.00043200327148928963,50.0
2026-07-06 10:15:00,2026-07-06 12:50:00,SELL,WIN,TP,1.8222832463559,10.253863009501597,9.553863009501598,0.0003751287669834046,49.749233407668584,-0.0006109032078318588,155.0
2026-07-06 13:15:00,2026-07-06 13:55:00,SELL,LOSS,SL,-1.1899659341915647,-6.264101715161118,-6.964101715161118,0.000350940114344042,45.04285852362943,-0.0009024156665389249,40.0
2026-07-06 14:00:00,2026-07-06 16:55:00,SELL,WIN,TP,1.7900646806373277,8.526743789809444,7.826743789809444,0.0003175581263269796,52.856843971558504,-0.000853768310362879,175.0
2026-07-06 17:05:00,2026-07-06 18:40:00,SELL,LOSS,SL,-1.1670998361572837,-6.984446322608861,-7.684446322608861,0.0003989630881739515,45.31545522368844,-0.0007554316827498297,95.0
2026-07-06 22:25:00,2026-07-07 00:55:00,BUY,WIN,TP,1.726302322865533,6.30733275100981,5.607332751009809,0.00024357775836701467,51.81426625527934,0.0006198603964298055,150.0
2026-07-07 01:10:00,2026-07-07 03:20:00,BUY,LOSS,SL,-1.3201661087921752,-4.123378685434552,-4.823378685434553,0.00020822524569569668,54.941812719376564,0.0008004374167533967,130.0
2026-07-07 03:50:00,2026-07-07 04:25:00,BUY,LOSS,SL,-1.3245756450034871,-4.080945891640319,-4.780945891640319,0.0002053963927760769,42.057988196210786,0.0006886950554789717,35.0
2026-07-07 04:30:00,2026-07-07 04:50:00,BUY,WIN,TP,1.731039410995423,6.436033685834786,5.736033685834786,0.00024786778952780184,45.628170997163835,0.0005910067202170577,20.0
2026-07-07 05:10:00,2026-07-07 05:55:00,BUY,LOSS,SL,-1.229494405629184,-5.357404692538758,-6.057404692538758,0.00029049364616928617,53.572508249779666,0.0005972297190210973,45.0
2026-07-07 06:00:00,2026-07-07 07:20:00,BUY,LOSS,SL,-1.2801940407555297,-4.568955275792263,-5.268955275792263,0.00023793035171954186,42.693493633802554,0.0005434896295419822,80.0
2026-07-07 07:25:00,2026-07-07 08:00:00,BUY,LOSS,SL,-1.33323350412908,-4.000898731997381,-4.700898731997381,0.0002000599154665245,44.85662577334669,0.00035633669499657294,35.0
2026-07-07 08:05:00,2026-07-07 08:15:00,BUY,LOSS,SL,-1.3151202362984171,-4.173391882878018,-4.8733918828780185,0.0002115594588585384,42.414692297627674,0.0002697049814126551,10.0
2026-07-07 10:00:00,2026-07-07 11:20:00,SELL,LOSS,SL,-1.2536794216176474,-4.941983128246118,-5.641983128246118,0.0002627988752164392,45.37486993779607,-0.0001564317520690306,80.0
2026-07-07 11:25:00,2026-07-07 12:55:00,SELL,WIN,TP,1.7788638328606234,8.044201253318729,7.344201253318729,0.00030147337511059587,57.77235567146436,-0.0003146758537333483,90.0
2026-07-07 13:10:00,2026-07-07 13:55:00,SELL,LOSS,SL,-1.22280056248759,-5.4883190097677605,-6.188319009767761,0.0002992212673178092,50.78034063828021,-0.0003803951166627684,45.0
2026-07-07 14:10:00,2026-07-07 14:15:00,SELL,LOSS,SL,-1.2628439317452729,-4.8045390409435775,-5.504539040943578,0.00025363593606291603,58.190555809348595,-0.00028822346732737536,5.0
2026-07-07 14:45:00,2026-07-07 15:20:00,SELL,LOSS,SL,-1.247685938815387,-5.037370893086312,-5.737370893086312,0.00026915805953905855,51.462125217154686,-0.00017646235803381316,35.0
2026-07-07 15:25:00,2026-07-07 15:30:00,SELL,LOSS,SL,-1.1743541885469329,-6.735451544548464,-7.435451544548465,0.0003823634363031716,58.00339375449452,-0.0001302245076921782,5.0
2026-07-07 15:40:00,2026-07-07 17:00:00,SELL,WIN,TP,1.8164540765596913,9.896455570970076,9.196455570970077,0.0003632151856990197,59.24042015187035,-5.5229562731629045e-05,80.0
2026-07-07 17:35:00,2026-07-07 17:50:00,SELL,LOSS,SL,-1.157772075560254,-7.338257238798217,-8.038257238798217,0.00042255048258652104,45.59905063748024,-3.3469231744076566e-05,15.0
2026-07-07 17:55:00,2026-07-07 18:55:00,SELL,WIN,TP,1.8322876889538573,10.925182996528338,10.22518299652834,0.00039750609988424936,55.2014281673936,-2.188734682806448e-05,60.0
2026-07-07 20:00:00,2026-07-07 20:55:00,SELL,LOSS,SL,-1.2183698003650667,-5.579387801464385,-6.279387801464385,0.0003052925200976644,46.81384695479345,-0.0004223762701820455,55.0
2026-07-07 21:05:00,2026-07-07 21:50:00,SELL,WIN,TP,1.7352894408434536,6.555422066927164,5.855422066927164,0.00025184740223088573,58.96582137517241,-0.0004145440809328882,45.0
2026-07-08 00:05:00,2026-07-08 00:30:00,SELL,WIN,TP,1.8167263901087691,9.912645858740522,9.212645858740522,0.00036375486195798463,49.234526773178644,-0.0008290146711913415,25.0
2026-07-08 01:55:00,2026-07-08 03:35:00,SELL,LOSS,SL,-1.2598262794387867,-4.8487253951369205,-5.548725395136921,0.0002565816930090784,47.36783608770912,-0.0011392129284830688,100.0
2026-07-08 03:55:00,2026-07-08 04:35:00,SELL,WIN,TP,1.7313986943433501,6.445980186546741,5.745980186546741,0.00024819933955152936,57.01495955847882,-0.0010847808430958228,40.0
2026-07-08 04:50:00,2026-07-08 05:15:00,SELL,LOSS,SL,-1.2500276037900928,-4.999558388119162,-5.699558388119162,0.00026663722587458115,47.50195952503929,-0.0010676386425483297,25.0
2026-07-08 05:20:00,2026-07-08 05:35:00,SELL,LOSS,SL,-1.2385854002042813,-5.1913713041275,-5.8913713041275,0.00027942475360852456,57.33871360475119,-0.0010221873508613477,15.0
2026-07-08 06:55:00,2026-07-08 08:00:00,SELL,LOSS,SL,-1.303278321629367,-4.297301286249166,-4.997301286249166,0.00021982008574993544,59.118339800487306,-0.0005934050569400551,65.0
2026-07-08 08:15:00,2026-07-08 08:40:00,SELL,LOSS,SL,-1.300709199974784,-4.325471917998701,-5.0254719179987015,0.00022169812786659927,52.86004703735859,-0.00037256938677932006,25.0
2026-07-08 09:05:00,2026-07-08 09:20:00,SELL,LOSS,SL,-1.2538500041139533,-4.939334188669541,-5.639334188669541,0.0002626222792446359,57.68677771299261,-0.0002193252670048551,15.0
2026-07-08 09:45:00,2026-07-08 10:20:00,SELL,LOSS,SL,-1.2179071790687002,-5.5891099332928675,-6.289109933292868,0.0003059406622194743,59.235469364186635,-5.4709724032653284e-05,35.0
2026-07-08 11:15:00,2026-07-08 11:15:00,BUY,LOSS,SL,-1.1305879877777345,-8.65767217197677,-9.35767217197677,0.0005105114781318384,48.25754721329395,0.00027560667939052763,0.0
2026-07-08 11:30:00,2026-07-08 11:40:00,BUY,LOSS,SL,-1.120227192088443,-9.31758591903542,-10.017585919035419,0.0005545057279357452,41.18034722385086,0.00017778907302257174,10.0
2026-07-08 11:50:00,2026-07-08 12:00:00,BUY,LOSS,SL,-1.1135503524764037,-9.806665749521159,-10.506665749521158,0.0005871110499680231,46.806728275295065,9.534513930664623e-05,10.0
2026-07-08 12:35:00,2026-07-08 14:40:00,SELL,WIN,TP,1.8942997626070037,17.92143337922647,17.22143337922647,0.0006307144459741966,48.75931523915473,-0.00017528733584515344,125.0
2026-07-08 14:45:00,2026-07-08 16:35:00,SELL,LOSS,SL,-1.1307229779824879,-8.649764528268044,-9.349764528268043,0.000509984301884529,45.82698416983291,-0.0004525302638782591,110.0
2026-07-08 16:55:00,2026-07-08 18:30:00,SELL,WIN,TP,1.8514745708037836,12.465707595174958,11.765707595174959,0.00044885691983918754,55.966517017098,-0.0005513707896476205,95.0
2026-07-08 19:20:00,2026-07-08 19:35:00,SELL,LOSS,SL,-1.1698734249750027,-6.886735963245293,-7.586735963245293,0.00039244906421640277,50.83382922911597,-0.0006697701000892842,15.0
2026-07-08 22:50:00,2026-07-08 23:30:00,BUY,LOSS,SL,-1.2242812886419427,-5.458686705677284,-6.158686705677284,0.00029724578037850283,46.660182503061336,0.0006387420392777177,40.0
2026-07-09 00:10:00,2026-07-09 00:45:00,BUY,LOSS,SL,-1.162515569451351,-7.153256597973833,-7.853256597973833,0.0004102171065316092,45.772603390416705,0.0005333229842503506,35.0
2026-07-09 01:00:00,2026-07-09 03:10:00,BUY,WIN,TP,1.8150761061766105,9.815260043735009,9.11526004373501,0.00036050866812448683,42.93947457821374,0.0004210534113431308,130.0
2026-07-09 03:55:00,2026-07-09 08:10:00,BUY,WIN,TP,1.7194020039229017,6.127634651569181,5.427634651569181,0.00023758782171898638,50.809581774435834,0.00045988214076619904,255.0
2026-07-09 10:05:00,2026-07-09 10:45:00,BUY,LOSS,SL,-1.178532490547289,-6.601221362758757,-7.301221362758757,0.0003734147575172266,52.96246973480543,0.000921663785356186,40.0
2026-07-09 10:50:00,2026-07-09 11:45:00,BUY,LOSS,SL,-1.1958932896177719,-6.104820088279727,-6.804820088279727,0.00034032133921868687,44.21674138185195,0.0009113439008112678,55.0
2026-07-09 12:50:00,2026-07-09 13:50:00,BUY,LOSS,SL,-1.2105695284839346,-5.749025213666158,-6.449025213666158,0.00031660168091112676,41.35111158122695,0.0005172694724249194,60.0
2026-07-09 14:15:00,2026-07-09 15:05:00,BUY,WIN,TP,1.7724742409807008,7.790213506464362,7.090213506464361,0.0002930071168821364,44.45743262206583,0.0002774985019524667,50.0
2026-07-09 15:40:00,2026-07-09 15:50:00,BUY,LOSS,SL,-1.2138241608781075,-5.676739971261057,-6.376739971261057,0.0003117826647507169,51.01068311168867,0.0002682511734268811,10.0
2026-07-09 15:55:00,2026-07-09 16:15:00,BUY,WIN,TP,1.7975026963478409,8.876674720743495,8.176674720743495,0.00032922249069144115,40.116371384150504,0.00023772630674456785,20.0
2026-07-09 17:20:00,2026-07-09 17:55:00,BUY,LOSS,SL,-1.1636154690093397,-7.111891534796854,-7.811891534796854,0.0004074594356531214,54.90821619673486,0.0004183101033836678,35.0
2026-07-09 18:00:00,2026-07-09 22:30:00,BUY,LOSS,SL,-1.1687653059674188,-6.925388481167193,-7.625388481167193,0.0003950258987444304,45.587097468170924,0.00047523276182936947,270.0
2026-07-09 23:10:00,2026-07-10 00:00:00,BUY,LOSS,SL,-1.3232808979270207,-4.093285147413027,-4.793285147413028,0.00020621900982759493,43.00035483777741,0.00013636005665396134,50.0
2026-07-10 00:15:00,2026-07-10 00:25:00,BUY,LOSS,SL,-1.202728072335368,-5.932715970118462,-6.632715970118462,0.0003288477313412811,51.829985330776,5.929882976696277e-05,10.0
2026-07-10 00:30:00,2026-07-10 00:55:00,BUY,LOSS,SL,-1.18679085098885,-6.353581263247698,-7.053581263247698,0.0003569054175498521,48.08491080435898,5.08841019326578e-05,25.0
2026-07-10 01:00:00,2026-07-10 03:55:00,BUY,WIN,TP,1.8185961655322855,10.025125272972058,9.325125272972059,0.0003675041757657383,47.59905969253064,2.316405576929803e-05,175.0
2026-07-10 06:25:00,2026-07-10 06:55:00,BUY,LOSS,SL,-1.2292072427308618,-5.362863878495382,-6.062863878495382,0.0002908575918996771,54.78780720370531,0.0010107625887576521,30.0
2026-07-10 07:00:00,2026-07-10 07:20:00,BUY,LOSS,SL,-1.2345594822195738,-5.263310911745144,-5.963310911745144,0.0002842207274496412,41.8118770427564,0.0010492813103128995,20.0
2026-07-10 09:00:00,2026-07-10 09:20:00,BUY,WIN,TP,1.7019070311713176,5.709316250761432,5.009316250761432,0.00022364387502539016,40.181993825627586,0.0005183477336543341,20.0
2026-07-10 09:30:00,2026-07-10 10:10:00,BUY,LOSS,SL,-1.2414822329704678,-5.141091407425801,-5.841091407425801,0.0002760727604951177,47.79094126036321,0.00047581880680280797,40.0
2026-07-10 10:15:00,2026-07-10 11:20:00,BUY,LOSS,SL,-1.2250480848710885,-5.4434948227745075,-6.143494822774508,0.0002962329881849262,41.530218291057786,0.00036680837696123625,65.0
2026-07-10 11:35:00,2026-07-10 11:55:00,BUY,LOSS,SL,-1.2072075261358934,-5.826079528328364,-6.526079528328364,0.00032173863522184806,40.19649802185368,0.0001414551529661523,20.0
2026-07-10 12:05:00,2026-07-10 12:45:00,BUY,LOSS,SL,-1.2009886707993866,-5.97540481273262,-6.67540481273262,0.0003316936541822227,44.481213984390756,1.7166390241296625e-05,40.0
2026-07-10 13:20:00,2026-07-10 15:10:00,SELL,LOSS,SL,-1.2267653947924002,-5.4098439310613635,-6.109843931061364,0.0002939895954040535,48.30404099114019,-0.0002599891227477169,110.0
2026-07-10 15:15:00,2026-07-10 15:45:00,SELL,WIN,TP,1.825653433728367,10.471404586678169,9.77140458667817,0.0003823801528892905,58.65191224550348,-0.0003607184142202513,30.0
2026-07-10 16:00:00,2026-07-10 17:30:00,SELL,WIN,TP,1.8415243031485735,11.62023161741288,10.920231617412881,0.00042067438724707084,49.11758363398857,-0.00042806123354388603,90.0
2026-07-10 17:50:00,2026-07-10 18:10:00,SELL,LOSS,SL,-1.1453324800576627,-7.8807743431009705,-8.58077434310097,0.00045871828954000677,46.15235477010508,-0.0007029801580427097,20.0
2026-07-10 18:15:00,2026-07-10 18:20:00,SELL,LOSS,SL,-1.1460419992851754,-7.847345317748665,-8.547345317748665,0.000456489687849887,56.24277611750421,-0.0006873387464063629,5.0
2026-07-10 18:45:00,2026-07-10 18:55:00,SELL,LOSS,SL,-1.1583377280524931,-7.3156141767328755,-8.015614176732875,0.00042104094511548356,59.794140373344646,-0.0005340748503384063,10.0
2026-07-10 19:40:00,2026-07-10 20:15:00,SELL,WIN,TP,1.821775813188823,10.221821436138146,9.521821436138147,0.00037406071453793566,59.55902950479068,-0.00021942666840746305,35.0
2026-07-10 23:05:00,2026-07-13 00:00:00,SELL,WIN,TP,1.7521948544096348,7.070857428046363,6.370857428046363,0.00026902858093486763,52.35436676015189,-0.0008182708353914325,2935.0
2026-07-13 02:20:00,2026-07-13 02:45:00,SELL,LOSS,SL,-1.2142972444262043,-5.666415579339667,-6.366415579339667,0.0003110943719560493,45.52643700878569,-0.001562478091822861,25.0
2026-07-13 02:50:00,2026-07-13 03:20:00,SELL,LOSS,SL,-1.234275634921451,-5.2684763199352105,-5.968476319935211,0.00028456508799569935,54.87924007703745,-0.0015614879066163656,30.0
2026-07-13 03:25:00,2026-07-13 04:00:00,SELL,WIN,TP,1.7993855710013715,8.969372641773777,8.269372641773778,0.00033231242139246424,58.42942918081058,-0.0014750129755627395,35.0
2026-07-13 04:40:00,2026-07-13 05:35:00,SELL,LOSS,SL,-1.1890641223190168,-6.289210812364775,-6.989210812364775,0.0003526140541576994,46.68959605227358,-0.0015681521653687636,55.0
2026-07-13 05:40:00,2026-07-13 07:50:00,SELL,LOSS,SL,-1.2183883218762823,-5.578999423634489,-6.278999423634489,0.00030526662824235256,57.58723684735363,-0.0014625902476015362,130.0
2026-07-13 08:25:00,2026-07-13 09:30:00,SELL,LOSS,SL,-1.2666956076858722,-4.749593061082024,-5.449593061082024,0.00024997287073881455,55.01967782749373,-0.0008873020503210594,65.0
2026-07-13 09:45:00,2026-07-13 10:10:00,SELL,LOSS,SL,-1.2151994133347908,-5.646852816667657,-6.346852816667657,0.0003097901877777715,58.024616588512394,-0.000689486255171845,25.0
2026-07-13 10:20:00,2026-07-13 10:35:00,SELL,LOSS,SL,-1.1958085971315948,-6.107028060304941,-6.807028060304941,0.0003404685373536827,59.504732101848916,-0.0005535428275604826,15.0
2026-07-13 12:25:00,2026-07-13 15:05:00,BUY,LOSS,SL,-1.172837660037651,-6.785776084807903,-7.485776084807903,0.00038571840565384006,52.60097502074421,0.000834486585286287,160.0
2026-07-13 15:25:00,2026-07-13 16:45:00,BUY,LOSS,SL,-1.1855484159302148,-6.3894289260658645,-7.089428926065865,0.0003592952617377169,41.66068012554934,0.000923215225157703,80.0
2026-07-13 21:45:00,2026-07-13 23:15:00,SELL,WIN,TP,1.7649633112681689,7.509309805184717,6.809309805184717,0.00028364366017283375,45.293043717987125,-0.0013587113248310079,90.0
2026-07-14 00:05:00,2026-07-14 00:30:00,SELL,LOSS,SL,-1.3991416143973698,-4.9075270267515005,-5.607527026751501,0.00023383513511671111,51.160285943958655,-0.0015801556037029485,25.0
2026-07-14 00:35:00,2026-07-14 03:40:00,SELL,LOSS,SL,-1.2383704987382875,-5.195150009305149,-5.895150009305149,0.0002796766672870185,56.60622211791224,-0.0015345806487343516,185.0
2026-07-14 04:00:00,2026-07-14 04:15:00,SELL,LOSS,SL,-1.2394877036752083,-5.175579725613776,-5.875579725613776,0.00027837198170757083,53.22714355178252,-0.0010995169459875331,15.0
2026-07-14 04:30:00,2026-07-14 04:50:00,SELL,LOSS,SL,-1.2485185168142432,-5.0238450350460475,-5.723845035046048,0.00026825633566979445,50.492640232773695,-0.0009825449520608487,20.0
2026-07-14 04:55:00,2026-07-14 05:15:00,SELL,LOSS,SL,-1.25713024774512,-4.889079595922329,-5.589079595922329,0.0002592719730615322,59.12640796677992,-0.0008944039889413613,20.0
2026-07-14 05:55:00,2026-07-14 06:30:00,SELL,LOSS,SL,-1.3328030553329369,-4.004780106359295,-4.704780106359295,0.00020031867375726342,56.86779519809883,-0.0006083190926706727,35.0
2026-07-14 06:35:00,2026-07-14 06:35:00,SELL,LOSS,SL,-1.2740248795712936,-4.64930367477756,-5.34930367477756,0.00024328691165179087,59.14635565917714,-0.0004958692861629643,0.0
2026-07-14 06:45:00,2026-07-14 09:15:00,SELL,WIN,TP,1.7156050089842447,6.03247266364615,5.33247266364615,0.00023441575545485427,59.82405349104844,-0.0004510278446596683,150.0
2026-07-14 09:35:00,2026-07-14 10:45:00,SELL,LOSS,SL,-1.2522385109419978,-4.964501678452859,-5.664501678452859,0.0002643001118969148,52.17539226768834,-0.0002130258321948464,70.0
2026-07-14 11:05:00,2026-07-14 11:30:00,SELL,LOSS,SL,-1.197376034816613,-6.066471220425139,-6.76647122042514,0.0003377647480282952,59.479095681481446,-0.00015844317386548568,25.0
2026-07-14 12:20:00,2026-07-14 13:25:00,BUY,LOSS,SL,-1.1899662628845362,-6.264092606842574,-6.964092606842574,0.000350939507122792,53.62426455764446,0.00015602375989876016,65.0
2026-07-14 13:30:00,2026-07-14 14:00:00,BUY,LOSS,SL,-1.228094069936633,-5.384156064547451,-6.084156064547451,0.0002922770709697732,43.515672554219364,0.00021480170598575654,30.0
2026-07-14 14:10:00,2026-07-14 14:45:00,BUY,WIN,TP,1.7695502072768758,7.678679969162939,6.978679969162939,0.0002892893323054557,42.824579970696306,0.00014039012555944197,35.0
2026-07-14 17:30:00,2026-07-14 18:40:00,BUY,LOSS,SL,-1.09349776111468,-11.69544327134686,-12.39544327134686,0.0007130295514230758,52.68872934852749,0.002373064208397002,70.0
2026-07-14 19:35:00,2026-07-14 20:10:00,BUY,LOSS,SL,-1.1576164234204318,-7.344516505951692,-8.044516505951691,0.00042296776706348847,43.462720803869,0.0020165845262514193,35.0
2026-07-14 20:30:00,2026-07-14 21:25:00,BUY,LOSS,SL,-1.1765408654298044,-6.664410886201399,-7.364410886201399,0.0003776273924134976,41.534159937910346,0.0016379262280410423,55.0
2026-07-14 21:35:00,2026-07-14 21:40:00,BUY,LOSS,SL,-1.211577801131006,-5.726393764631354,-6.426393764631354,0.00031509291764205327,42.06969288822564,0.0012240793742557265,5.0
2026-07-14 21:55:00,2026-07-15 03:50:00,BUY,WIN,TP,1.7836856334403588,8.245802910851086,7.545802910851086,0.00030819343036169296,41.32911978632305,0.0010817912406366759,355.0
2026-07-15 05:20:00,2026-07-15 05:40:00,BUY,WIN,TP,1.71376215012581,5.987196140828544,5.287196140828544,0.00023290653802765225,54.559906648549926,0.0007500855774922321,20.0
2026-07-15 06:15:00,2026-07-15 06:15:00,BUY,LOSS,SL,-1.262563963414505,-4.8085957684197425,-5.508595768419743,0.0002539063845613614,53.56143655871549,0.0009031192423776258,0.0
2026-07-15 06:20:00,2026-07-15 08:45:00,BUY,WIN,TP,1.727953259205155,6.351677855638172,5.651677855638172,0.00024505592852126155,44.62728357742746,0.0008967060459175169,145.0
2026-07-15 09:15:00,2026-07-15 09:45:00,BUY,LOSS,SL,-1.3038975735040101,-4.290582377706297,-4.990582377706297,0.00021937215851369895,52.92781187217548,0.0009135301019322917,30.0
2026-07-15 11:05:00,2026-07-15 11:10:00,BUY,LOSS,SL,-1.1989638150985835,-6.026039531381699,-6.726039531381699,0.00033506930209217274,41.32877712625295,0.0003797874458790762,5.0
2026-07-15 11:25:00,2026-07-15 12:00:00,BUY,LOSS,SL,-1.2158894002241152,-5.632001381086326,-6.332001381086326,0.0003088000920724231,40.70283766581639,0.0002693283111476763,35.0
2026-07-15 12:10:00,2026-07-15 12:30:00,BUY,LOSS,SL,-1.2273775647306926,-5.397971282630309,-6.097971282630309,0.0002931980855087035,41.07670575042043,9.335682631328446e-05,20.0
2026-07-15 14:05:00,2026-07-15 15:05:00,SELL,WIN,TP,1.7774797278376946,7.987945145695342,7.287945145695342,0.0002995981715231899,49.176497867106626,-0.0004373278488836174,60.0
2026-07-15 15:25:00,2026-07-15 15:30:00,SELL,LOSS,SL,-1.1880607189799346,-6.317431547768869,-7.01743154776887,0.000354495436517932,49.74108499205634,-0.0006501711499784513,5.0
2026-07-15 15:40:00,2026-07-15 15:45:00,SELL,LOSS,SL,-1.155095744937455,-7.4476301422922155,-8.147630142292215,0.0004298420094860958,57.578160867060035,-0.0006237351590661078,5.0
2026-07-15 16:25:00,2026-07-15 16:55:00,SELL,LOSS,SL,-1.1439387622708244,-7.947398909256108,-8.647398909256108,0.00046315992728380295,57.5067587734858,-0.0003260960946280811,30.0
2026-07-15 17:00:00,2026-07-15 17:30:00,SELL,LOSS,SL,-1.143931612363181,-7.947744026355451,-8.64774402635545,0.00046318293509041767,58.76314695670431,-0.00018521368569746066,30.0
2026-07-15 18:15:00,2026-07-15 20:05:00,BUY,WIN,TP,1.8501549917875038,12.347124631364338,11.647124631364338,0.00044490415437883684,54.99154471933088,0.00026588000084593055,110.0
2026-07-15 22:00:00,2026-07-16 05:10:00,BUY,LOSS,SL,-1.1643373219187372,-7.085045005750356,-7.785045005750356,0.0004056696670500112,52.579712694844844,0.001904531313147828,430.0
2026-07-16 05:25:00,2026-07-16 10:15:00,BUY,WIN,TP,1.7313649686227326,6.445045382763471,5.745045382763471,0.00024816817942545827,41.73823536033169,0.001256812851275546,290.0
2026-07-16 10:30:00,2026-07-16 11:05:00,BUY,LOSS,SL,-1.2550613936013915,-4.920624700901598,-5.620624700901598,0.0002613749800601326,53.83999568504013,0.000716158077506579,35.0
2026-07-16 11:10:00,2026-07-16 12:30:00,BUY,LOSS,SL,-1.202917152306107,-5.928119622393812,-6.628119622393812,0.0003285413081595628,43.24457347634111,0.0007190942072818896,80.0
2026-07-16 12:40:00,2026-07-16 14:15:00,BUY,LOSS,SL,-1.2266483217655508,-5.412121793844204,-6.112121793844204,0.00029414145292293016,42.34859501541909,0.00047214109004634075,95.0
2026-07-16 14:20:00,2026-07-16 14:50:00,BUY,LOSS,SL,-1.2355525158623415,-5.24533780222669,-5.94533780222669,0.00028302252014847384,43.91327739272829,0.0002911591602592356,30.0
2026-07-16 14:55:00,2026-07-16 15:30:00,BUY,LOSS,SL,-1.1760400342942103,-6.680526046301093,-7.380526046301093,0.0003787017364200357,50.73727367498476,0.00023393570090868288,35.0
2026-07-16 16:25:00,2026-07-16 17:45:00,SELL,WIN,TP,1.8456837982732983,11.960401938495458,11.260401938495459,0.0004320133979498545,45.182968167982544,-9.302340564287803e-05,80.0
2026-07-16 18:35:00,2026-07-16 20:00:00,SELL,WIN,TP,1.831942952742286,10.900720812552112,10.200720812552113,0.00039669069375173043,47.030248729817124,-0.0006951432302446658,85.0
2026-07-16 20:50:00,2026-07-16 22:50:00,SELL,LOSS,SL,-1.260416076473708,-4.8400087027690155,-5.540008702769016,0.0002560005801846437,46.92673699413474,-0.001148911138662223,120.0
2026-07-16 23:15:00,2026-07-16 23:30:00,SELL,LOSS,SL,-1.3673158586704297,-3.7224525606373007,-4.422452560637301,0.0001814968373757717,57.130556868199456,-0.0010128702930325417,15.0
2026-07-17 00:05:00,2026-07-17 00:10:00,SELL,LOSS,SL,-1.361199481019427,-3.7685532580989936,-4.468553258098994,0.0001845702172066188,48.588278602137876,-0.0008579667771784205,5.0
2026-07-17 00:15:00,2026-07-17 02:25:00,SELL,LOSS,SL,-1.3553392897022816,-3.8142117378515685,-4.514211737851569,0.0001876141158567338,57.07213767168957,-0.0008324522101263998,130.0
2026-07-17 02:45:00,2026-07-17 03:25:00,SELL,WIN,TP,1.4274394152727374,2.4930801269750233,1.7930801269750232,0.00011643600423248819,59.658946181552075,-0.0004562588682783808,40.0
2026-07-17 03:50:00,2026-07-17 03:50:00,SELL,LOSS,SL,-1.4296201375625055,-3.32763763280186,-4.02763763280186,0.0001551758421867407,46.92312973088828,-0.00038396074098279165,0.0
2026-07-17 03:55:00,2026-07-17 04:00:00,SELL,LOSS,SL,-1.4062765168488245,-3.4613778018878207,-4.161377801887821,0.0001640918534591205,57.8663490252561,-0.0003736338261837169,5.0
2026-07-17 04:10:00,2026-07-17 04:45:00,SELL,WIN,TP,1.6287274581368543,4.386878302293674,3.6868783022936737,0.00017956261007642156,58.42368079774162,-0.0003342926996170448,35.0
2026-07-17 05:15:00,2026-07-17 07:50:00,SELL,WIN,TP,1.6673716853583742,5.012717234114007,4.3127172341140065,0.0002004239078037941,45.374322021181754,-0.00034370810090034176,155.0
2026-07-17 08:20:00,2026-07-17 08:30:00,SELL,LOSS,SL,-1.4036180381385328,-3.4775899625595343,-4.1775899625595345,0.0001651726641706188,47.56133304654621,-0.0004891325391471746,10.0
2026-07-17 08:35:00,2026-07-17 08:35:00,SELL,LOSS,SL,-1.3596276002219974,-3.780654208360822,-4.480654208360822,0.00018537694722407493,56.22361278408997,-0.0004858979506308092,0.0
2026-07-17 09:00:00,2026-07-17 09:10:00,SELL,LOSS,SL,-1.3175942161623702,-4.148671950274906,-4.848671950274906,0.00020991146335170113,54.17266536996515,-0.00042201285202159156,10.0
2026-07-17 10:10:00,2026-07-17 11:10:00,SELL,WIN,TP,1.7544556891999106,7.1451693728396,6.4451693728396,0.00027150564576135656,58.51870628612905,-8.54507288494677e-05,60.0
2026-07-17 11:35:00,2026-07-17 13:20:00,SELL,WIN,TP,1.7964603853791534,8.8260970166697,8.1260970166697,0.0003275365672223347,47.86498462457597,-3.8433997933129405e-05,105.0
2026-07-17 14:35:00,2026-07-17 17:15:00,SELL,LOSS,SL,-1.2012255058332642,-5.96954894390278,-6.66954894390278,0.0003313032629268978,47.8409662001152,-0.0005088217407474005,160.0
2026-07-17 17:30:00,2026-07-17 17:40:00,SELL,LOSS,SL,-1.1823366727708615,-6.484360248564357,-7.184360248564357,0.0003656240165709346,54.91814401831692,-0.0005196323547378423,10.0
2026-07-17 18:00:00,2026-07-20 00:00:00,SELL,WIN,TP,1.8109767476078882,9.580708852978571,8.880708852978572,0.00035269029509930443,59.60032604268568,-0.0003874833588934923,3240.0
2026-07-20 02:45:00,2026-07-20 03:00:00,SELL,LOSS,SL,-1.3589955327535346,-3.7855499825579777,-4.485549982557978,0.0001857033321705799,45.46707172509445,-0.0005222664177091385,15.0
2026-07-20 03:05:00,2026-07-20 03:20:00,SELL,LOSS,SL,-1.331508943806064,-4.016509867030948,-4.716509867030948,0.0002011006578020573,56.541617560089826,-0.0005289841062343648,15.0
2026-07-20 03:35:00,2026-07-20 04:00:00,SELL,LOSS,SL,-1.3410277107775073,-3.9323130302816303,-4.63231303028163,0.0001954875353521029,59.092705890203774,-0.0004698423934832441,25.0
2026-07-20 04:15:00,2026-07-20 04:30:00,SELL,LOSS,SL,-1.342220983483515,-3.9220884991354446,-4.622088499135445,0.00019480589994242287,54.64701817973333,-0.00037262027076168103,15.0
2026-07-20 04:45:00,2026-07-20 04:55:00,SELL,LOSS,SL,-1.344544961038362,-3.902378827385199,-4.602378827385199,0.0001934919218256142,55.13678802858522,-0.00030537259424212593,10.0
2026-07-20 08:30:00,2026-07-20 08:45:00,BUY,LOSS,SL,-1.5256840336687818,-2.9022833792781135,-3.6022833792781137,0.00012681889195189348,47.465053769373746,0.0003438130786383997,15.0
2026-07-20 08:55:00,2026-07-20 08:55:00,BUY,LOSS,SL,-1.4784488120983346,-3.0900877475571455,-3.7900877475571457,0.00013933918317052106,51.60927558813675,0.0003339605245531452,0.0
2026-07-20 09:00:00,2026-07-20 09:05:00,BUY,LOSS,SL,-1.4572004723408327,-3.187224337018012,-3.8872243370180124,0.00014581495580119473,40.35141309461211,0.0003294499566852682,5.0
2026-07-20 09:40:00,2026-07-20 10:00:00,BUY,LOSS,SL,-1.3190493781985515,-4.134311076380403,-4.834311076380403,0.0002089540717587598,41.837721833196824,0.00024589061367552567,20.0
2026-07-20 10:05:00,2026-07-20 10:10:00,BUY,LOSS,SL,-1.258622184596201,-4.866644315766443,-5.566644315766443,0.00025777628771778393,50.16620858575442,0.00020015487684754696,5.0
2026-07-20 10:15:00,2026-07-20 10:25:00,BUY,WIN,TP,1.7417868759669568,6.7455396873937765,6.045539687393776,0.00025818465624646186,40.260146143561315,0.0001756775895698226,10.0
2026-07-20 10:55:00,2026-07-20 11:25:00,BUY,LOSS,SL,-1.2119088410962475,-5.719010282094871,-6.419010282094871,0.00031460068547294084,53.87084730266221,0.0002761613372934679,30.0
2026-07-20 11:30:00,2026-07-20 12:05:00,BUY,LOSS,SL,-1.2385627193336461,-5.1917697903226525,-5.891769790322653,0.000279451319354803,41.92189014179221,0.00027464428616741365,35.0
2026-07-20 13:35:00,2026-07-20 14:30:00,SELL,LOSS,SL,-1.2644054185175544,-4.782070751827682,-5.482070751827682,0.00025213805012179637,49.31557075492811,-0.00011119367287348858,55.0
2026-07-20 14:40:00,2026-07-20 15:00:00,SELL,WIN,TP,1.7686236909998174,7.643927326208445,6.943927326208445,0.0002881309108736394,56.85557981840252,-0.00017722921057994334,20.0
2026-07-20 15:55:00,2026-07-20 16:40:00,SELL,WIN,TP,1.8123594725065508,9.65867820090105,8.958678200901051,0.00035528927336338467,47.6975783482031,-0.00047838267157063186,45.0
2026-07-20 18:50:00,2026-07-20 19:15:00,SELL,LOSS,SL,-1.2016291690295564,-5.95959986748451,-6.65959986748451,0.000330639991165633,48.368885948880234,-0.0012148750166589561,25.0
2026-07-20 19:20:00,2026-07-21 08:40:00,SELL,LOSS,SL,-1.2275612700587626,-5.394420894828777,-6.094420894828777,0.00029296139298864017,58.21756037136231,-0.0011862607843942108,800.0
2026-07-21 08:50:00,2026-07-21 09:20:00,SELL,LOSS,SL,-1.3684035027765087,-3.714415016316085,-4.414415016316085,0.00018096100108768977,57.72258807209778,-0.00014976016029599748,30.0
2026-07-21 09:30:00,2026-07-21 09:45:00,SELL,LOSS,SL,-1.3356507351630071,-3.9792873819101118,-4.679287381910112,0.0001986191587940402,56.97066200955793,-5.680642690242266e-05,15.0
2026-07-21 10:45:00,2026-07-21 11:35:00,BUY,LOSS,SL,-1.2745316573712113,-4.642567161745713,-5.3425671617457136,0.00024283781078307553,53.06596470238865,0.00016057795550938891,50.0
2026-07-21 11:40:00,2026-07-21 14:05:00,BUY,LOSS,SL,-1.2554527621180707,-4.914618075406828,-5.6146180754068284,0.0002609745383604034,46.337114802096174,0.00022269312376543837,145.0
2026-07-21 14:15:00,2026-07-21 15:15:00,BUY,LOSS,SL,-1.2562883561835942,-4.901854984327269,-5.601854984327269,0.0002601236656218343,41.34537217801187,0.00025998684384953563,60.0
2026-07-21 15:35:00,2026-07-21 15:40:00,BUY,LOSS,SL,-1.2566208519568158,-4.896799470404222,-5.596799470404222,0.0002597866313602351,43.481236361106255,0.00010312710332405217,5.0
2026-07-21 15:50:00,2026-07-21 16:00:00,BUY,LOSS,SL,-1.239112527861642,-5.182131354399932,-5.882131354399932,0.00027880875696006556,46.36327222122702,6.814538872923492e-05,10.0
2026-07-21 16:05:00,2026-07-21 16:20:00,BUY,LOSS,SL,-1.236527406966867,-5.227839863564231,-5.927839863564231,0.00028185599090426935,41.20960829149631,3.561768914916996e-05,15.0
2026-07-21 17:05:00,2026-07-21 17:35:00,SELL,WIN,TP,1.799287670469869,8.964509926629894,8.264509926629895,0.0003321503308876673,50.69746697881695,-0.00018723376260920688,30.0
2026-07-21 18:20:00,2026-07-21 23:55:00,SELL,WIN,TP,1.8088184734228385,9.46126179554685,8.76126179554685,0.0003487087265181964,47.27767131982927,-0.0004333015088797687,335.0
2026-07-22 00:40:00,2026-07-22 02:50:00,SELL,LOSS,SL,-1.5400824884789868,-3.707039716583181,-4.407039716583181,0.00016046931443883757,48.540002549110184,-0.00080139171349769,130.0
2026-07-22 03:40:00,2026-07-22 04:00:00,SELL,LOSS,SL,-1.4213756331020337,-3.373179466117481,-4.073179466117481,0.00015821196440778142,53.591748082575315,-0.0005432140864596313,20.0
2026-07-22 04:20:00,2026-07-22 05:25:00,SELL,LOSS,SL,-1.3654897349940123,-3.7360549538180123,-4.4360549538180125,0.0001824036635877979,53.270445138654004,-0.0004486796789404668,65.0
2026-07-22 05:40:00,2026-07-22 09:00:00,SELL,LOSS,SL,-1.3307104478290404,-4.023793189977919,-4.723793189977919,0.00020158621266522011,59.807572050928876,-0.0003278722825601488,200.0
2026-07-22 09:30:00,2026-07-22 10:20:00,BUY,WIN,TP,1.6973807398737184,5.608964674519324,4.908964674519324,0.00022029882248399585,49.63888284477262,4.707117210589473e-05,50.0
2026-07-22 10:40:00,2026-07-22 10:40:00,BUY,LOSS,SL,-1.2151944650888975,-5.646959667791162,-6.346959667791162,0.0003097973111860467,50.80859506007648,0.0001752580412550664,0.0
2026-07-22 10:45:00,2026-07-22 13:00:00,BUY,LOSS,SL,-1.2127320894594418,-5.700748262949084,-6.400748262949084,0.00031338321752991035,40.26517759156095,0.00016561900783140793,135.0
2026-07-22 13:20:00,2026-07-22 16:20:00,BUY,WIN,TP,1.7730573032282835,7.812797364472491,7.112797364472491,0.0002937599121490732,45.807695212502544,4.7914900964451945e-05,180.0
2026-07-22 17:00:00,2026-07-22 17:55:00,BUY,LOSS,SL,-1.196351631839432,-6.092903942951477,-6.792903942951477,0.00033952692953003334,53.87549973607935,0.00021069747538082773,55.0
2026-07-22 18:00:00,2026-07-23 00:00:00,BUY,LOSS,SL,-1.1943426227778964,-6.1455516330189965,-6.845551633018997,0.0003430367755345837,42.222000285956426,0.00024218394842701052,360.0
2026-07-23 00:05:00,2026-07-23 00:15:00,BUY,LOSS,SL,-1.3499510012721,-3.8575429027632993,-4.557542902763299,0.0001905028601841752,46.34739830617779,0.00011774591506186205,10.0
2026-07-23 00:25:00,2026-07-23 01:40:00,BUY,LOSS,SL,-1.3546553921286202,-3.8196385059819917,-4.519638505981992,0.00018797590039880155,41.917867982293394,9.308602868562943e-05,75.0
2026-07-23 01:55:00,2026-07-23 02:15:00,SELL,LOSS,SL,-1.492901151197901,-3.028804350668878,-3.728804350668878,0.00013525362337788848,45.79557983829925,-2.654547145741759e-05,20.0
2026-07-23 02:20:00,2026-07-23 03:00:00,SELL,LOSS,SL,-1.5078951824817406,-2.968910189527051,-3.6689101895270513,0.000131260679301866,59.513116475967124,-2.6438525652094924e-05,40.0
2026-07-23 08:20:00,2026-07-23 09:30:00,BUY,LOSS,SL,-1.2927228324103668,-4.416200887937926,-5.116200887937926,0.0002277467258624672,49.93750826724643,0.0010037624378980148,70.0
2026-07-23 09:35:00,2026-07-23 10:00:00,BUY,LOSS,SL,-1.299404825614435,-4.339959527866032,-5.039959527866032,0.00022266396852441898,40.828454876231326,0.0009513597798938012,25.0
2026-07-23 10:15:00,2026-07-23 10:40:00,BUY,LOSS,SL,-1.2644933643949197,-4.7808131870820105,-5.480813187082011,0.00025205421247217157,47.90423218587921,0.0008270214743901771,25.0
2026-07-23 10:50:00,2026-07-23 11:10:00,BUY,LOSS,SL,-1.2360007264603645,-5.237275092320303,-5.937275092320303,0.00028248500615474947,42.59009981533903,0.0007295140040151082,20.0
2026-07-23 12:05:00,2026-07-23 12:25:00,BUY,LOSS,SL,-1.2147793454674365,-5.655941183839829,-6.355941183839829,0.0003103960789227274,42.08830719387137,0.0002639644294839538,20.0
2026-07-23 12:40:00,2026-07-23 13:20:00,BUY,LOSS,SL,-1.2281243057836622,-5.383574983668481,-6.083574983668481,0.00029223833224457826,40.471113288924656,6.868606358523266e-05,40.0
2026-07-23 16:35:00,2026-07-23 17:15:00,SELL,WIN,TP,1.866828549154768,14.018233918051571,13.318233918051572,0.0005006077972683645,46.200631518214834,-0.0015807533917246985,40.0
2026-07-23 18:00:00,2026-07-23 19:30:00,SELL,LOSS,SL,-1.134783321377451,-8.419315608045984,-9.119315608045984,0.0004946210405364054,45.70598005809578,-0.0020862214973100812,90.0
2026-07-23 19:35:00,2026-07-24 03:55:00,SELL,LOSS,SL,-1.163314078975171,-7.12317080239011,-7.82317080239011,0.00040821138682601025,55.67310606962123,-0.0020206086193561568,500.0
2026-07-24 04:30:00,2026-07-24 04:35:00,SELL,LOSS,SL,-1.2953429094319453,-4.3858947280074325,-5.085894728007433,0.00022572631520048083,54.47583575359918,-0.0005412632713484022,5.0
2026-07-24 05:00:00,2026-07-24 05:30:00,SELL,LOSS,SL,-1.3020085230031961,-4.311164830899216,-5.011164830899216,0.00022074432206001376,55.32803193210639,-0.00041673452319868076,30.0
2026-07-24 05:40:00,2026-07-24 06:10:00,SELL,WIN,TP,1.6791815014272842,5.234054485305673,4.534054485305673,0.0002078018161768346,55.284961523580805,-0.0003072785639581799,30.0
2026-07-24 06:35:00,2026-07-24 09:20:00,SELL,LOSS,SL,-1.3327182746137294,-4.005545761383122,-4.705545761383122,0.0002003697174255189,49.88033793562333,-0.00031596398191946484,165.0
2026-07-24 09:45:00,2026-07-24 09:55:00,SELL,LOSS,SL,-1.3118048033762524,-4.207134685456747,-4.9071346854567475,0.0002138089790304841,56.84074194777335,-0.00019382257413247395,10.0
2026-07-24 11:00:00,2026-07-24 11:15:00,BUY,LOSS,SL,-1.20224788063902,-5.9444275848054,-6.6444275848054,0.0003296285056536867,53.01730399620448,0.0001540289193451283,15.0
2026-07-24 11:20:00,2026-07-24 13:55:00,BUY,LOSS,SL,-1.2108568021889126,-5.742555087713374,-6.442555087713374,0.00031617033918092695,44.27727923549399,0.00015993429238436718,155.0
2026-07-24 14:00:00,2026-07-24 14:40:00,BUY,LOSS,SL,-1.2260801898803007,-5.4232093069696,-6.1232093069696,0.0002948806204646964,40.001860160120486,0.00014665778196687462,40.0
2026-07-24 16:40:00,2026-07-24 17:00:00,SELL,LOSS,SL,-1.1907325224093497,-6.242944346186551,-6.942944346186551,0.00034952962307916233,47.4731841801518,-0.0005110718461012187,20.0
2026-07-24 17:05:00,2026-07-24 18:05:00,SELL,LOSS,SL,-1.175733201270263,-6.690444337049794,-7.390444337049794,0.0003793629558032483,54.374343752900145,-0.0005343378886852879,60.0
2026-07-24 18:45:00,2026-07-24 20:05:00,SELL,WIN,TP,1.8274940685143615,10.593804240652705,9.893804240652706,0.000386460141355087,58.59405952872318,-0.00026238319021532064,80.0
2026-07-24 22:10:00,2026-07-24 23:55:00,SELL,LOSS,SL,-1.3564532367950968,-3.8054170835734027,-4.505417083573403,0.0001870278055715046,45.12231230847911,-0.000551317315354849,105.0
2026-07-27 00:00:00,2026-07-27 00:00:00,SELL,LOSS,SL,-1.3930596283601753,-7.4427008231832215,-8.14270082318322,0.00035618005487883205,53.61217518133242,-0.0005996199504607613,0.0
2026-07-27 02:00:00,2026-07-27 03:00:00,BUY,WIN,TP,1.7710220919596307,7.73446708077763,7.03446708077763,0.00029114890269260965,52.49209412869484,0.00037330161549498087,60.0
2026-07-27 03:55:00,2026-07-27 04:45:00,BUY,WIN,TP,1.7879142252830884,8.430146848206089,7.730146848206089,0.00031433822827353554,54.72659169509823,0.0009077855954251479,50.0
2026-07-27 05:40:00,2026-07-27 06:10:00,BUY,LOSS,SL,-1.2423171309779364,-5.12682337383341,-5.8268233738334105,0.0002751215582555441,53.191288208292,0.0013222210530878797,30.0
2026-07-27 06:15:00,2026-07-27 09:00:00,BUY,WIN,TP,1.7294237357721147,6.391631360227358,5.691631360227357,0.0002463877120075926,42.68986175007348,0.001307765901069624,165.0
2026-07-27 09:55:00,2026-07-27 10:30:00,BUY,LOSS,SL,-1.224493983321907,-5.454462365550693,-6.154462365550693,0.00029696415770345076,50.55729412834515,0.0011071410892518063,35.0
2026-07-27 10:35:00,2026-07-27 10:50:00,BUY,LOSS,SL,-1.1941543030854158,-6.150542553569171,-6.850542553569171,0.00034336950357123175,43.59163935431654,0.0010291054158357849,15.0
2026-07-27 11:40:00,2026-07-27 13:10:00,BUY,LOSS,SL,-1.20887841746245,-5.787474034648742,-6.487474034648742,0.00031916493564323876,41.012050170967534,0.0006474596914327613,90.0
2026-07-27 13:15:00,2026-07-27 14:45:00,BUY,LOSS,SL,-1.2055834644322545,-5.864204437655673,-6.564204437655673,0.0003242802958437176,41.52438996404028,0.0003523420892421747,90.0
2026-07-27 16:10:00,2026-07-27 16:55:00,SELL,WIN,TP,1.8146703025924205,9.791578618949416,9.091578618949416,0.000359719287298282,47.18434302782111,-0.0003941708522794407,45.0
2026-07-27 18:20:00,2026-07-27 19:15:00,SELL,LOSS,SL,-1.1941942790994604,-6.149482284634299,-6.849482284634299,0.00034329881897566405,45.175491788890334,-0.0010096234584893171,55.0
2026-07-27 19:50:00,2026-07-27 20:15:00,SELL,WIN,TP,1.7622700381312892,7.412906746271265,6.712906746271265,0.00028043022487567816,54.70366480497615,-0.0008847679194430302,25.0
2026-07-27 21:05:00,2026-07-28 04:00:00,SELL,LOSS,SL,-1.2719251047667517,-4.677483183679442,-5.377483183679442,0.00024516554557858246,45.476649222564625,-0.000984247783230252,415.0
2026-07-28 04:20:00,2026-07-28 05:50:00,SELL,LOSS,SL,-1.344653639153343,-3.9014636330448873,-4.6014636330448875,0.00019343090886971202,58.297259304301825,-0.0005710795110709377,90.0
2026-07-28 06:10:00,2026-07-28 06:30:00,SELL,LOSS,SL,-1.3555521353272284,-3.8125270548007286,-4.512527054800729,0.0001875018036534305,57.280963309505125,-0.00033883989781013923,20.0
2026-07-28 06:40:00,2026-07-28 07:00:00,SELL,WIN,TP,1.6549192694741872,4.7957452360568595,4.095745236056859,0.00019319150786857833,55.78373901858355,-0.0002508888424728184,20.0
2026-07-28 09:05:00,2026-07-28 09:25:00,SELL,LOSS,SL,-1.323385529981329,-4.092284308632287,-4.792284308632287,0.00020615228724216937,46.62189803063531,-0.0004968267779865698,20.0
2026-07-28 09:40:00,2026-07-28 10:50:00,SELL,WIN,TP,1.6940955491124736,5.537989212636042,4.8379892126360415,0.00021793297375451262,59.6079717252338,-0.0004752589957892628,70.0
2026-07-28 11:05:00,2026-07-28 11:20:00,SELL,LOSS,SL,-1.2443687107648267,-5.092176927521507,-5.792176927521507,0.0002728117951680571,48.02037189588573,-0.0004165946907839224,15.0
2026-07-28 11:25:00,2026-07-28 12:40:00,SELL,WIN,TP,1.764686735408516,7.499308372913461,6.799308372913461,0.0002833102790971302,57.0158336924353,-0.00039527866803035216,75.0
2026-07-28 13:40:00,2026-07-28 14:25:00,SELL,LOSS,SL,-1.2411689311829308,-5.146471086035053,-5.846471086035053,0.0002764314057356751,46.12849732412348,-0.0006215397603956951,45.0
2026-07-28 14:30:00,2026-07-28 16:05:00,SELL,LOSS,SL,-1.2361631698695588,-5.234360508255097,-5.934360508255097,0.0002822907005503329,58.28460572079734,-0.0006524144160291456,95.0
2026-07-28 16:15:00,2026-07-28 16:45:00,SELL,LOSS,SL,-1.22660717801694,-5.412922877161662,-6.112922877161663,0.00029419485847748437,55.42210366066805,-0.000455083870551265,30.0
2026-07-28 17:20:00,2026-07-28 17:25:00,SELL,LOSS,SL,-1.2167128391053994,-5.614401270031099,-6.314401270031099,0.00030762675133537757,59.21648597277811,-0.00019939881189579012,5.0
2026-07-28 20:00:00,2026-07-28 20:45:00,BUY,LOSS,SL,-1.2250868657366394,-5.442729240230481,-6.142729240230481,0.00029618194934874747,51.78491527619891,0.001204908441586161,45.0
2026-07-28 20:50:00,2026-07-28 21:25:00,BUY,LOSS,SL,-1.270185994015948,-4.701154101796167,-5.401154101796167,0.00024674360678636763,40.44689982658215,0.0012170255322083712,35.0
2026-07-28 22:05:00,2026-07-29 01:20:00,BUY,LOSS,SL,-1.3247602764183393,-4.079194324591139,-4.779194324591139,0.00020527962163934633,41.977386547070545,0.000996861670614857,195.0
2026-07-29 01:35:00,2026-07-29 02:00:00,BUY,LOSS,SL,-1.3132607380072019,-4.192228960327004,-4.892228960327004,0.0002128152640218398,40.68101686881508,0.0006427431026174713,25.0
2026-07-29 02:15:00,2026-07-29 03:25:00,BUY,WIN,TP,1.647410684637592,4.672321629894839,3.9723216298948385,0.00018907738766314592,40.17881778599953,0.000501376357722183,70.0
2026-07-29 03:50:00,2026-07-29 05:10:00,BUY,WIN,TP,1.6621891270072906,4.920472548091027,4.220472548091027,0.00019734908493634695,52.927368880342996,0.0003730023470918109,80.0
2026-07-29 05:55:00,2026-07-29 06:25:00,BUY,WIN,TP,1.6985335827420003,5.634238129046288,4.934238129046288,0.00022114127096818526,53.37279659408857,0.0004941613542228662,30.0
2026-07-29 07:50:00,2026-07-29 09:10:00,BUY,LOSS,SL,-1.3034749627562534,-4.295164750718449,-4.995164750718449,0.00021967765004790251,53.76057405795148,0.0007610230413350738,80.0
2026-07-29 09:15:00,2026-07-29 09:20:00,BUY,LOSS,SL,-1.283390514059536,-4.528699622563636,-5.228699622563636,0.00023524664150419567,44.94087355351648,0.0007780142279969482,5.0
2026-07-29 10:05:00,2026-07-29 13:15:00,BUY,LOSS,SL,-1.2598512460265303,-4.848355608415677,-5.548355608415677,0.00025655704056099454,43.96747558449186,0.0006032160138864651,190.0
2026-07-29 13:30:00,2026-07-29 13:45:00,BUY,LOSS,SL,-1.248151494692606,-5.029796400133456,-5.7297964001334565,0.0002686530933422719,41.36039694424666,0.00028860305688316323,15.0
2026-07-29 14:05:00,2026-07-29 14:40:00,BUY,LOSS,SL,-1.2634973411626504,-4.795104708030905,-5.4951047080309054,0.0002530069805353208,41.70477095356607,0.00012908326244254198,35.0
2026-07-29 16:15:00,2026-07-29 16:20:00,SELL,LOSS,SL,-1.2418460547228982,-5.134861745608287,-5.834861745608287,0.00027565744970719244,45.112746221460654,-0.00041772314799626287,5.0
2026-07-29 16:25:00,2026-07-29 16:45:00,SELL,LOSS,SL,-1.2286536545567508,-5.373426709223249,-6.0734267092232495,0.0002915617806148792,58.44069455083104,-0.0004216195745347928,20.0
2026-07-29 17:15:00,2026-07-29 17:25:00,SELL,LOSS,SL,-1.2121253290513034,-5.714194219390677,-6.414194219390677,0.00031427961462603436,57.211515425744686,-0.00028271277507196935,10.0
2026-07-29 17:45:00,2026-07-29 17:55:00,SELL,WIN,TP,1.8178904391581294,9.9823997749392,9.2823997749392,0.00036607999249799433,59.16951065069246,-0.00015124984930192653,10.0
2026-07-29 18:10:00,2026-07-29 20:15:00,SELL,LOSS,SL,-1.1728014894731735,-6.786987155311785,-7.486987155311785,0.0003857991436874312,45.55726152737083,-0.00018691211563726107,125.0
2026-07-30 02:25:00,2026-07-30 03:05:00,BUY,LOSS,SL,-1.2588460220231594,-4.863300630173594,-5.563300630173594,0.0002575533753449388,53.485529279753266,0.003636427492762051,40.0
2026-07-30 03:10:00,2026-07-30 03:20:00,BUY,LOSS,SL,-1.2534980317556061,-4.944803804094565,-5.644803804094566,0.000262986920272954,49.55364722495243,0.0035105672687636424,10.0
2026-07-30 04:05:00,2026-07-30 04:20:00,BUY,LOSS,SL,-1.2537404154585405,-4.941035558694406,-5.641035558694406,0.0002627357039129183,41.61748899877107,0.003104660275939475,15.0
2026-07-30 04:35:00,2026-07-30 04:50:00,BUY,LOSS,SL,-1.237158911092254,-5.216582018337078,-5.9165820183370785,0.00028110546788912797,43.28653734094675,0.0028801811906125074,15.0
2026-07-30 05:35:00,2026-07-30 06:15:00,BUY,LOSS,SL,-1.2904319495713141,-4.443147358532794,-5.1431473585327945,0.00022954315723557045,41.58272756809265,0.002406924869940985,40.0
2026-07-30 06:35:00,2026-07-30 09:00:00,BUY,LOSS,SL,-1.322407519577496,-4.101664630249523,-4.801664630249523,0.00020677764201668702,41.841428413183685,0.002003861175360555,145.0
2026-07-30 09:40:00,2026-07-30 10:10:00,BUY,LOSS,SL,-1.2532704016324911,-4.948349248685812,-5.648349248685812,0.0002632232832456503,42.80369429739115,0.0011294685112750447,30.0
2026-07-30 11:05:00,2026-07-30 11:25:00,BUY,WIN,TP,1.8038805066855532,9.197864405030455,8.497864405030455,0.00033992881350103154,46.799793286044896,0.0005973837196933118,20.0
2026-07-30 11:40:00,2026-07-30 12:10:00,BUY,WIN,TP,1.8310469224794257,10.837606212035112,10.137606212035113,0.00039458687373452017,51.172297388738954,0.0005958969026913508,30.0
2026-07-30 14:20:00,2026-07-30 16:35:00,BUY,WIN,TP,1.8549569268865007,12.789007341529214,12.089007341529214,0.00045963357805094964,52.83439095897461,0.0014595044441980676,135.0
2026-07-30 17:55:00,2026-07-30 21:05:00,BUY,WIN,TP,1.9142304461980837,22.31829782656003,21.61829782656003,0.0007772765942187009,54.777841968840576,0.002909492077202147,190.0
2026-07-30 21:25:00,2026-07-31 03:05:00,BUY,LOSS,SL,-1.151318267860739,-7.608587410743549,-8.308587410743549,0.0004405724940496239,53.32610935099808,0.0034976692516535124,340.0
2026-07-31 03:20:00,2026-07-31 03:30:00,BUY,LOSS,SL,-1.2719218911353067,-4.677526644967344,-5.377526644967344,0.0002451684429978328,42.497277281994776,0.0019633168818473656,10.0
2026-07-31 04:35:00,2026-07-31 04:35:00,BUY,LOSS,SL,-1.2213526339897298,-5.517678339650555,-6.217678339650555,0.0003011785559766603,48.443771279531205,0.0014640947029962437,0.0
2026-07-31 05:10:00,2026-07-31 06:10:00,BUY,LOSS,SL,-1.2235630277182148,-5.473011527024173,-6.173011527024173,0.00029820076846830135,41.82966341687226,0.001192758538217653,60.0
2026-07-31 06:50:00,2026-07-31 07:40:00,BUY,LOSS,SL,-1.2664392384951155,-4.753200938600987,-5.453200938600987,0.000250213395906803,44.55482649310235,0.0006315528919953461,50.0
2026-07-31 07:55:00,2026-07-31 09:05:00,BUY,WIN,TP,1.7302398309784848,6.413992982190365,5.713992982190365,0.00024713309940634727,40.844080529870396,0.0004187849667005583,70.0
2026-07-31 09:40:00,2026-07-31 10:45:00,BUY,WIN,TP,1.8056172237332926,9.288977441375025,8.588977441375025,0.0003429659147124813,52.52999607818853,0.00027335652858040405,65.0
2026-07-31 10:55:00,2026-07-31 11:05:00,BUY,LOSS,SL,-1.158749371744175,-7.299237527764845,-7.999237527764845,0.00041994916851772465,51.52796214891468,0.00037986558625346944,10.0
2026-07-31 11:10:00,2026-07-31 11:55:00,BUY,WIN,TP,1.841247570532413,11.598232396867637,10.898232396867638,0.0004199410798955613,41.85897313402262,0.0003580798139737329,45.0
2026-07-31 12:15:00,2026-07-31 12:25:00,BUY,LOSS,SL,-1.1378884434363266,-8.252239383366277,-8.952239383366276,0.0004834826255578038,54.09761790729591,0.00029741403383876097,10.0
2026-07-31 12:30:00,2026-07-31 13:25:00,BUY,LOSS,SL,-1.1373073061729062,-8.282933646231005,-8.982933646231004,0.00048552890974873315,43.09491238239942,0.000284109181310388,55.0
2026-07-31 13:35:00,2026-07-31 14:00:00,BUY,LOSS,SL,-1.1756797954182818,-6.6921742060267455,-7.392174206026746,0.0003794782804017372,40.12425918311725,1.620155243031718e-05,25.0
2026-07-31 15:55:00,2026-07-31 16:20:00,SELL,LOSS,SL,-1.1945736228438815,-6.139442774328984,-6.839442774328984,0.00034262951828857796,45.58584008106005,-0.0008787934364800076,25.0
2026-07-31 16:35:00,2026-07-31 16:35:00,SELL,WIN,TP,1.9049686450051275,20.04568539623486,19.34568539623486,0.0007015228465411631,46.76394544552735,-0.0008835304319982917,0.0
2026-07-31 17:15:00,2026-07-31 17:35:00,SELL,LOSS,SL,-1.0870891407672956,-12.482487841647515,-13.182487841647514,0.0007654991894430951,45.16781992775422,-0.0013641621060378473,20.0
2026-07-31 17:40:00,2026-07-31 17:50:00,SELL,LOSS,SL,-1.0980234179483717,-11.201643861538212,-11.901643861538211,0.0006801095907692704,55.85528778778518,-0.0013955955306674817,10.0
2026-07-31 21:45:00,2026-07-31 23:40:00,BUY,WIN,TP,1.8354332159506253,11.153120762181668,10.453120762181669,0.00040510402540602265,54.575972168446484,0.0010182918972669874,115.0
2026-08-03 00:00:00,2026-08-03 04:15:00,BUY,LOSS,SL,-1.094923358760636,-11.53481475009388,-12.234814750093879,0.0007023209833396479,42.87881035217176,0.0014411657281869772,255.0
2026-08-03 05:20:00,2026-08-03 06:15:00,BUY,LOSS,SL,-1.1867212337283133,-6.355577295804714,-7.0555772958047145,0.0003570384863870044,40.940880606417245,0.0011167956404005697,55.0
2026-08-03 07:00:00,2026-08-03 08:45:00,BUY,WIN,TP,1.7109287743813213,5.918710071261991,5.218710071261991,0.00023062366904208834,45.94484069403125,0.0005864841573777202,105.0
2026-08-03 09:10:00,2026-08-03 09:20:00,BUY,LOSS,SL,-1.289290013985226,-4.456738745399868,-5.156738745399868,0.00023044924969330892,53.292862252411496,0.000488465463257981,10.0
2026-08-03 09:25:00,2026-08-03 09:35:00,BUY,LOSS,SL,-1.2573600610681728,-4.885606787041862,-5.585606787041862,0.0002590404524694516,47.4507482533081,0.00046974639608854396,10.0
2026-08-03 10:15:00,2026-08-03 10:15:00,BUY,LOSS,SL,-1.1779790225043927,-6.618639690951888,-7.318639690951888,0.00037457597939673454,47.23826269752087,0.0002709329719805531,0.0
2026-08-03 10:30:00,2026-08-03 11:10:00,BUY,LOSS,SL,-1.179532374942104,-6.570026020780272,-7.270026020780272,0.0003713350680519858,48.042861922623096,0.00021670599287260117,40.0
2026-08-03 11:15:00,2026-08-03 11:50:00,BUY,LOSS,SL,-1.1774052410608733,-6.636812046927453,-7.336812046927453,0.00037578746979523476,47.787928444057975,9.195167262787685e-05,35.0
2026-08-03 12:15:00,2026-08-03 12:45:00,SELL,LOSS,SL,-1.185488837817198,-6.391159984438065,-7.0911599844380655,0.00035941066562922123,47.60952574716903,-7.45799539125791e-05,30.0
2026-08-03 12:50:00,2026-08-03 13:15:00,SELL,WIN,TP,1.7969616207469257,8.850354437193065,8.150354437193066,0.0003283451479064295,59.06653306483068,-0.00010707352124161851,25.0
2026-08-03 13:25:00,2026-08-03 14:45:00,SELL,LOSS,SL,-1.181069961406036,-6.5227271946978185,-7.222727194697819,0.00036818181297981116,45.32991514073124,-0.00017200163923236644,80.0
2026-08-03 14:50:00,2026-08-03 15:00:00,SELL,LOSS,SL,-1.2204207838681598,-5.536777260524261,-6.236777260524261,0.0003024518173682415,59.143018579023504,-0.00021188972259267302,10.0
2026-08-03 15:20:00,2026-08-03 17:00:00,SELL,WIN,TP,1.7922384010258052,8.626418018877647,7.926418018877647,0.00032088060062924177,58.344453437647125,-9.426414729829524e-05,100.0
2026-08-03 19:00:00,2026-08-04 10:20:00,SELL,LOSS,SL,-1.165498335182327,-7.042356854516484,-7.742356854516484,0.0004028237903011684,45.088863635500715,-0.0007527065236949682,920.0
2026-08-04 10:30:00,2026-08-04 13:40:00,SELL,LOSS,SL,-1.2106566349114272,-5.747061493792781,-6.4470614937927815,0.0003164707662528086,57.59177346431446,-0.00026152388622002753,190.0
2026-08-04 14:05:00,2026-08-04 14:15:00,SELL,LOSS,SL,-1.2213016332648385,-5.518719474624344,-6.218719474624344,0.00030124796497499876,55.73815836303365,-9.085046243928474e-05,10.0
2026-08-04 14:55:00,2026-08-04 16:15:00,BUY,LOSS,SL,-1.1907497704189078,-6.242470267743382,-6.942470267743382,0.0003494980178495248,52.540085263069365,0.00012172204020766131,80.0
2026-08-04 16:25:00,2026-08-04 17:05:00,BUY,WIN,TP,1.8267790138117326,10.545945119064704,9.845945119064705,0.0003848648373021936,52.201908203008855,0.00019446882319962278,40.0
2026-08-04 17:45:00,2026-08-04 18:15:00,BUY,LOSS,SL,-1.1687333538642346,-6.926510539253638,-7.626510539253638,0.00039510070261696174,52.18184671995779,0.0005288507933440822,30.0
2026-08-04 18:25:00,2026-08-04 21:50:00,BUY,WIN,TP,1.8247429766755023,10.411810848189763,9.711810848189764,0.0003803936949396271,42.43480520007063,0.0005021812003078718,205.0
2026-08-04 23:40:00,2026-08-05 00:00:00,BUY,LOSS,SL,-1.37045737624681,-3.699365876126514,-4.399365876126514,0.00017995772507514303,54.83809001725466,0.0007769613478485482,20.0
2026-08-05 00:05:00,2026-08-05 03:00:00,BUY,WIN,TP,1.6562990087294842,4.819011439596178,4.119011439596178,0.0001939670479865636,40.55384620628094,0.0007796190915190238,175.0
2026-08-05 03:45:00,2026-08-05 04:00:00,BUY,LOSS,SL,-1.3680813426076852,-3.7167907857417184,-4.416790785741719,0.00018111938571617,50.540154872429234,0.0006866138399133082,15.0
2026-08-05 04:05:00,2026-08-05 05:35:00,BUY,WIN,TP,1.6799571098049424,5.249162413141107,4.549162413141107,0.0002083054137713513,41.14237482091758,0.0006546403378850929,90.0
2026-08-05 06:40:00,2026-08-05 08:00:00,BUY,LOSS,SL,-1.3157614751100044,-4.166947455042202,-4.866947455042202,0.00021112983033608874,52.93718293014363,0.0006504429468805473,80.0
2026-08-05 08:15:00,2026-08-05 09:35:00,BUY,WIN,TP,1.6539902379487725,4.780183738595124,4.080183738595124,0.0001926727912865197,42.67578966324639,0.0006454257198733604,80.0
2026-08-05 10:15:00,2026-08-05 10:25:00,BUY,LOSS,SL,-1.239753062528093,-5.170958191129781,-5.870958191129781,0.0002780638794086422,49.66221914087661,0.0006491153890768597,10.0
2026-08-05 10:35:00,2026-08-05 11:45:00,BUY,LOSS,SL,-1.2276699507999234,-5.392323169950529,-6.09232316995053,0.0002928215446634327,45.91651607970792,0.0006197423020883885,70.0
2026-08-05 11:50:00,2026-08-05 14:05:00,BUY,WIN,TP,1.7951673591690145,8.764068811914939,8.06406881191494,0.00032546896039713805,40.06954261494751,0.0005627728288928324,135.0
2026-08-05 15:35:00,2026-08-05 15:55:00,BUY,LOSS,SL,-1.1950845207026473,-6.1259833245520525,-6.825983324552053,0.00034173222163686904,54.09962440185215,0.0008673237948657597,20.0
2026-08-05 16:00:00,2026-08-05 16:45:00,BUY,LOSS,SL,-1.1896300992267388,-6.273424440939145,-6.973424440939145,0.00035156162939589366,44.93078040097619,0.0008679809441494157,45.0
2026-08-05 16:55:00,2026-08-05 17:15:00,BUY,WIN,TP,1.8362836498557664,11.216250840175746,10.516250840175747,0.00040720836133921365,43.79847462594492,0.0008192374959157256,20.0
2026-08-05 17:30:00,2026-08-05 18:45:00,BUY,LOSS,SL,-1.1460723011986351,-7.845924872780351,-8.54592487278035,0.00045639499151870096,51.829882388882595,0.0008475754306687122,75.0
2026-08-05 18:50:00,2026-08-05 20:55:00,BUY,WIN,TP,1.848840259166564,12.23103618048549,11.53103618048549,0.0004410345393495181,41.67714713389753,0.0007522912018727013,125.0
2026-08-05 21:45:00,2026-08-05 22:15:00,BUY,LOSS,SL,-1.250675819388408,-4.989216041817567,-5.689216041817567,0.0002659477361211512,52.69495421874752,0.0007370745943882095,30.0
2026-08-05 22:35:00,2026-08-06 00:10:00,BUY,WIN,TP,1.705925791874798,5.801004456495896,5.101004456495896,0.00022670014854985764,43.722853431715386,0.0006787544225632658,95.0
2026-08-06 00:30:00,2026-08-06 06:20:00,BUY,LOSS,SL,-1.295699568053815,-4.381810824349962,-5.0818108243499625,0.00022545405495660322,53.42048139581177,0.0006108137663429769,350.0
2026-08-06 08:00:00,2026-08-06 08:05:00,BUY,LOSS,SL,-1.416532969407431,-3.4007703433959193,-4.1007703433959195,0.00016005135622640165,45.06710401609987,0.0001321823967583846,5.0
2026-08-06 08:35:00,2026-08-06 09:35:00,BUY,LOSS,SL,-1.4243580278904187,-3.356500724096655,-4.056500724096655,0.00015710004827318194,42.21514179033967,2.887297608356043e-05,60.0
2026-08-06 10:35:00,2026-08-06 12:35:00,SELL,WIN,TP,1.6858926437384578,5.367249795762309,4.6672497957623085,0.00021224165985874789,45.41215850347245,-0.0001677272816817954,120.0
2026-08-06 13:10:00,2026-08-06 14:00:00,SELL,LOSS,SL,-1.2519930414794909,-4.968363547377507,-5.668363547377507,0.00026455756982518704,45.93653930190205,-0.0004050875209766769,50.0
2026-08-06 14:05:00,2026-08-06 14:25:00,SELL,LOSS,SL,-1.2696020657474658,-4.7091703923985975,-5.409170392398598,0.00024727802615994815,54.105396629649675,-0.0004241094937933454,20.0
2026-08-06 14:30:00,2026-08-06 14:45:00,SELL,WIN,TP,1.7231664712084507,6.224558415039883,5.524558415039883,0.0002408186138346524,59.47593699975805,-0.0003742847883425604,15.0
2026-08-06 14:50:00,2026-08-06 14:55:00,SELL,LOSS,SL,-1.2529930700812413,-4.952677437681906,-5.6526774376819064,0.00026351182917876717,45.74144994507915,-0.0003828130223575421,5.0
2026-08-06 15:00:00,2026-08-06 16:10:00,SELL,WIN,TP,1.760961759229803,7.366862111919282,6.666862111919282,0.00027889540373067837,57.743841418080194,-0.0003690957905699843,70.0
2026-08-06 16:20:00,2026-08-06 16:40:00,SELL,LOSS,SL,-1.2174429201231949,-5.598908069453067,-6.298908069453067,0.00030659387129688097,45.94064469541391,-0.0003815208411244164,20.0
2026-08-06 16:45:00,2026-08-06 17:05:00,SELL,WIN,TP,1.7798939000244198,8.086526907804426,7.386526907804426,0.0003028842302601432,54.871724332300374,-0.00037640748587519646,20.0
2026-08-06 17:20:00,2026-08-06 18:15:00,SELL,WIN,TP,1.8147672962054322,9.797229425609789,9.09722942560979,0.00035990764752029777,45.97278092155311,-0.000399710450575963,55.0
2026-08-06 19:55:00,2026-08-07 12:10:00,SELL,LOSS,SL,-1.2073004310939723,-5.823916644662862,-6.5239166446628625,0.00032159444297748734,46.998179145635,-0.001102017745103101,975.0
2026-08-07 12:35:00,2026-08-07 12:50:00,SELL,LOSS,SL,-1.3109138316795046,-4.216325226182981,-4.916325226182981,0.00021442168174555854,58.08300613069596,-0.00014823944971364966,15.0
2026-08-07 13:05:00,2026-08-07 14:40:00,SELL,LOSS,SL,-1.3030705917569059,-4.2995613140918145,-4.999561314091815,0.0002199707542728461,55.814899020070115,-6.005398706099285e-05,95.0
2026-08-07 15:25:00,2026-08-07 15:30:00,BUY,WIN,TP,1.7444472069059778,6.826171554556893,6.126171554556893,0.0002608723851518846,49.98846094866874,0.00022065516055880252,5.0
2026-08-07 17:00:00,2026-08-10 07:05:00,BUY,LOSS,SL,-1.1080068554202076,-10.25867155477711,-10.958671554777109,0.0006172447703184621,48.769381084425355,0.001621593595637849,3725.0
2026-08-10 07:15:00,2026-08-10 08:50:00,BUY,WIN,TP,1.5786082488361197,3.74617738595029,3.0461773859502896,0.00015820591286503752,40.863824369646565,4.650565273300877e-05,95.0
2026-08-10 09:05:00,2026-08-10 10:35:00,BUY,WIN,TP,1.6202358882888361,4.266427074923641,3.5664270749236406,0.00017554756916412148,54.6068448078315,5.691992863710027e-07,90.0
2026-08-10 11:55:00,2026-08-10 12:35:00,BUY,LOSS,SL,-1.2852185674705463,-4.5060831027533546,-5.206083102753355,0.0002337388735168953,53.826726780564606,0.00036536194223768526,40.0
2026-08-10 12:40:00,2026-08-10 14:05:00,BUY,LOSS,SL,-1.2633652329658565,-4.79700839301611,-5.49700839301611,0.00025313389286769135,41.491281550138,0.0004066261165140972,85.0
2026-08-10 15:00:00,2026-08-10 15:25:00,BUY,LOSS,SL,-1.2977843935665263,-4.358134346878039,-5.058134346878039,0.00022387562312522322,42.38429947863804,8.136668773772726e-05,25.0
2026-08-10 16:10:00,2026-08-10 16:15:00,SELL,LOSS,SL,-1.2557527176169816,-4.910026877984585,-5.610026877984585,0.00026066845853230477,45.07100905703315,-0.00013427351373929142,5.0
2026-08-10 16:20:00,2026-08-10 16:50:00,SELL,WIN,TP,1.7549064178719922,7.160148391627153,6.460148391627153,0.0002720049463875498,55.16667036960955,-0.0001334962200447709,30.0
2026-08-10 17:10:00,2026-08-10 17:25:00,SELL,LOSS,SL,-1.2189387707892412,-5.56748704852572,-6.26748704852572,0.0003044991365683377,46.266894171034615,-0.00022984219437960363,15.0
2026-08-10 17:30:00,2026-08-10 20:10:00,SELL,WIN,TP,1.7782873858902317,8.02068656772892,7.320686567728919,0.0003006895522575996,58.92691054142104,-0.00022549325160658995,160.0
2026-08-10 21:40:00,2026-08-11 00:00:00,SELL,LOSS,SL,-1.329645631897414,-4.033560597311968,-4.7335605973119685,0.0002022373731541133,46.754235748602476,-0.00042250002936738973,140.0
2026-08-11 00:10:00,2026-08-11 01:00:00,SELL,LOSS,SL,-1.413360625574804,-3.4191951001850676,-4.119195100185068,0.00016127967334560203,46.05936445332841,-0.0005156264021952683,50.0
2026-08-11 01:05:00,2026-08-11 02:55:00,SELL,LOSS,SL,-1.558912623974038,-2.78918842965059,-3.48918842965059,0.00011927922864339024,57.761750766809314,-0.00048228429522034766,110.0
2026-08-11 04:00:00,2026-08-11 04:15:00,SELL,LOSS,SL,-1.416636276810184,-3.400175058341336,-4.100175058341336,0.00016001167055611971,52.83023026045248,-0.0002185903874729611,15.0
2026-08-11 04:25:00,2026-08-11 05:20:00,SELL,WIN,TP,1.6226990874822596,4.300808807107149,3.600808807107149,0.00017669362690359228,56.96289621176703,-0.00018323416865628772,55.0
2026-08-11 06:15:00,2026-08-11 06:30:00,SELL,LOSS,SL,-1.3750229364754316,-3.6665035728168363,-4.366503572816836,0.00017776690485448034,45.58168549735015,-0.00023615189499581746,15.0
2026-08-11 06:35:00,2026-08-11 07:45:00,SELL,WIN,TP,1.6193913019725026,4.254740657185675,3.5547406571856746,0.00017515802190619235,55.41794209711432,-0.00022999081192986992,70.0
2026-08-11 08:00:00,2026-08-11 09:20:00,SELL,WIN,TP,1.608867485678478,4.113356539712122,3.4133565397121215,0.0001704452179904373,49.57649151021932,-0.000234992511789045,80.0
2026-08-11 10:05:00,2026-08-11 11:00:00,SELL,WIN,TP,1.7235186660835944,6.233761396017169,5.5337613960171685,0.00024112537986726052,49.36068097886937,-0.000383321661642011,55.0
2026-08-11 11:35:00,2026-08-11 11:40:00,SELL,LOSS,SL,-1.2857036858871043,-4.500129852700429,-5.200129852700429,0.00023334199018008915,47.49453301974581,-0.0005300320626064892,5.0
2026-08-11 11:45:00,2026-08-11 14:00:00,SELL,LOSS,SL,-1.2889270427732573,-4.461081352584827,-5.161081352584827,0.0002307387568389497,57.825519209469896,-0.0005197116590678341,135.0
2026-08-11 14:20:00,2026-08-11 15:55:00,SELL,LOSS,SL,-1.2469972283547939,-5.04862842656506,-5.74862842656506,0.000269908561771028,57.00022777723727,-0.0004057784415307797,95.0
2026-08-11 16:00:00,2026-08-11 16:45:00,SELL,LOSS,SL,-1.229842410722705,-5.350807132833534,-6.050807132833534,0.00029005380885558946,58.75034677076947,-0.0002622382530486078,45.0
2026-08-11 16:55:00,2026-08-11 20:05:00,SELL,WIN,TP,1.7731437614450418,7.816156049944457,7.116156049944457,0.00029387186833150974,59.860792474287166,-9.950530320224082e-05,190.0
2026-08-11 20:45:00,2026-08-11 21:35:00,SELL,LOSS,SL,-1.321793426164431,-4.107583681616344,-4.807583681616344,0.00020717224544106717,45.819207401691145,-0.00011577223472669651,50.0
2026-08-11 21:40:00,2026-08-11 23:00:00,SELL,LOSS,SL,-1.3660632737654819,-3.731768171424509,-4.431768171424509,0.00018211787809496675,59.614836483072246,-0.00014017072294048027,80.0
2026-08-11 23:20:00,2026-08-11 23:40:00,BUY,LOSS,SL,-1.4991837504010745,-3.003270337218588,-3.703270337218588,0.0001335513558146075,54.01495659106311,9.460132571081914e-06,20.0
2026-08-11 23:45:00,2026-08-12 03:00:00,BUY,WIN,TP,1.5096742717035532,3.0789211835745576,2.3789211835745574,0.00013596403945246132,41.29234108617403,1.5087271082014908e-05,195.0
2026-08-12 03:35:00,2026-08-12 03:45:00,BUY,LOSS,SL,-1.541347683933178,-2.847241670518418,-3.547241670518418,0.0001231494447012297,51.54201597158297,0.00012724293298838063,10.0
2026-08-12 04:45:00,2026-08-12 05:00:00,BUY,LOSS,SL,-1.4306687761258021,-3.3219700508492203,-4.02197005084922,0.0001547980033898912,44.94577788093403,1.7284894950453378e-05,15.0
2026-08-12 05:35:00,2026-08-12 07:15:00,SELL,WIN,TP,1.6047026692109023,4.059482683598127,3.3594826835981264,0.0001686494227866044,47.16305631359028,-6.706423034086306e-05,100.0
2026-08-12 07:45:00,2026-08-12 08:20:00,SELL,WIN,TP,1.4712102902748303,2.782221861010626,2.082221861010626,0.00012607406203372034,49.36670175292101,-0.00022851162200066,35.0
2026-08-12 08:40:00,2026-08-12 09:55:00,SELL,LOSS,SL,-1.5174128330350274,-2.9326926897700325,-3.6326926897700327,0.00012884617931794665,48.484088498542754,-0.0002872812617349396,75.0
2026-08-12 10:05:00,2026-08-12 10:05:00,SELL,LOSS,SL,-1.404504615067168,-3.4721596806354107,-4.172159680635411,0.00016481064537576606,55.049732106921915,-0.00028261401414564347,0.0
2026-08-12 10:25:00,2026-08-12 12:10:00,SELL,LOSS,SL,-1.4005799623779545,-3.4963804830968606,-4.196380483096861,0.00016642536553982735,59.245215738589565,-0.00024116623491843292,105.0
2026-08-12 12:30:00,2026-08-12 13:45:00,SELL,WIN,TP,1.7629995129741771,7.438801223991099,6.738801223991099,0.0002812933741330326,58.99005248022303,-5.0994535107262706e-05,75.0
2026-08-12 14:20:00,2026-08-12 14:30:00,SELL,LOSS,SL,-1.2609407440636122,-4.832287685039404,-5.532287685039404,0.0002554858456692225,46.175743595948774,-0.00010290750485664191,10.0
2026-08-12 14:35:00,2026-08-12 14:45:00,SELL,LOSS,SL,-1.2709672234401208,-4.690483252196675,-5.390483252196675,0.0002460322168131587,55.097240585490766,-9.0310698945828e-05,10.0
2026-08-12 16:15:00,2026-08-12 17:45:00,BUY,LOSS,SL,-1.1140872927943921,-9.765218066855152,-10.46521806685515,0.0005843478711236446,53.35630614075297,0.00042933936256472904,90.0
2026-08-12 18:10:00,2026-08-12 19:05:00,BUY,LOSS,SL,-1.1444449328326207,-7.92305351520206,-8.62305351520206,0.00046153690101345587,41.0883989637549,0.0004576057700913516,55.0
2026-08-12 23:00:00,2026-08-12 23:45:00,SELL,LOSS,SL,-1.3342270123387863,-3.9919783951704026,-4.691978395170403,0.0001994652263447183,45.23353183411983,-0.0008433646082555146,45.0
2026-08-12 23:55:00,2026-08-13 00:00:00,SELL,LOSS,SL,-1.4106456321552647,-3.4351896664565054,-4.1351896664565055,0.00016234597776376556,56.04717591540734,-0.0008430783051358581,5.0
2026-08-13 00:40:00,2026-08-13 01:00:00,SELL,LOSS,SL,-1.4296478017380065,-3.327487760800384,-4.027487760800384,0.00015516585072000496,45.374014468301965,-0.000822841537895691,20.0
2026-08-13 01:05:00,2026-08-13 01:55:00,SELL,LOSS,SL,-1.4685564299584017,-3.1342146560421327,-3.834214656042133,0.00014228097706940805,56.504164521691735,-0.0008107535695518475,50.0
2026-08-13 03:50:00,2026-08-13 04:15:00,SELL,LOSS,SL,-1.5092856411766977,-2.963534643720788,-3.663534643720788,0.00013090230958140518,50.309144551876244,-0.0004249693701674495,25.0
2026-08-13 04:20:00,2026-08-13 04:50:00,SELL,WIN,TP,1.5399579958482505,3.3474291085465744,2.647429108546574,0.00014491430361823388,57.68537993633262,-0.0003749587812971189,30.0
2026-08-13 06:40:00,2026-08-13 07:55:00,SELL,LOSS,SL,-1.4423985004781357,-3.2604054916985916,-3.960405491698592,0.00015069369944652753,46.23450080093972,-0.00047105649580836406,75.0
2026-08-13 08:35:00,2026-08-13 09:10:00,SELL,WIN,TP,1.5176158453659838,3.146073167585751,2.4460731675857508,0.00013820243891951757,54.86190278687859,-0.0004013795475323878,35.0
2026-08-13 10:10:00,2026-08-13 10:30:00,SELL,LOSS,SL,-1.307901415916471,-4.247792794403015,-4.947792794403015,0.00021651951962685208,45.54829296676984,-0.0005037960370763983,20.0
2026-08-13 10:35:00,2026-08-13 10:40:00,SELL,LOSS,SL,-1.3000824609648227,-4.332417352166495,-5.032417352166495,0.0002221611568111596,53.4188636441247,-0.0004965187643362068,5.0
2026-08-13 11:05:00,2026-08-13 11:40:00,SELL,LOSS,SL,-1.2739918239035046,-4.649743944009742,-5.3497439440097425,0.0002433162629339403,54.33714171906417,-0.0004140088236916917,35.0
2026-08-13 11:55:00,2026-08-13 12:15:00,SELL,LOSS,SL,-1.3047591755878314,-4.281279384192981,-4.981279384192981,0.00021875195894623147,55.79801967598328,-0.000288998355036707,20.0
2026-08-13 14:55:00,2026-08-13 15:15:00,BUY,LOSS,SL,-1.3560114350188908,-3.8088985398655453,-4.5088985398655455,0.00018725990265765216,49.59761010075284,0.00036543102077590817,20.0
2026-08-13 15:40:00,2026-08-13 15:45:00,BUY,WIN,TP,1.7405721009994908,6.709271083431446,6.009271083431446,0.0002569757027810635,40.91188580555009,0.00032323406216194783,5.0
2026-08-13 16:25:00,2026-08-13 16:35:00,BUY,LOSS,SL,-1.1848350531488485,-6.410229190643268,-7.110229190643268,0.00036068194604295785,53.01917690979916,0.00044367717808246887,10.0
2026-08-13 16:40:00,2026-08-13 17:15:00,BUY,WIN,TP,1.8124661299223415,9.664740183561339,8.96474018356134,0.00035549133945201586,45.38055321103362,0.00042972319860923314,35.0
2026-08-13 17:30:00,2026-08-13 18:50:00,BUY,LOSS,SL,-1.1547876391344751,-7.460464192048487,-8.160464192048487,0.0004306976128032688,53.28464932286764,0.0004682020548596455,80.0
2026-08-13 19:05:00,2026-08-13 19:15:00,BUY,LOSS,SL,-1.1920188667425173,-6.207821590473838,-6.907821590473838,0.0003471881060316092,41.61884602907689,0.0004113041855633437,10.0
2026-08-13 19:45:00,2026-08-14 03:35:00,BUY,WIN,TP,1.7767752942247355,7.959581749923284,7.259581749923284,0.00029865272499743036,42.631647501332495,0.00021935510087933707,470.0
2026-08-14 04:10:00,2026-08-14 04:20:00,BUY,LOSS,SL,-1.437106763117646,-3.2877705960611117,-3.987770596061112,0.00015251803973733444,51.600299700361575,0.00020199938350873303,10.0
2026-08-14 04:30:00,2026-08-14 06:20:00,BUY,WIN,TP,1.6300708631321934,4.406440857667061,3.7064408576670607,0.00018021469525557695,47.09223671841579,0.00019404958751945145,110.0
2026-08-14 06:55:00,2026-08-14 08:25:00,BUY,WIN,TP,1.5659675243193998,3.607950123702853,2.907950123702853,0.00015359833745676678,52.127633574143715,0.0002842971144632056,90.0
2026-08-14 09:20:00,2026-08-14 10:00:00,BUY,WIN,TP,1.6017392222985223,4.021835219483073,3.3218352194830727,0.0001673945073161153,53.4493529129215,0.0004275514269287406,40.0
2026-08-14 12:35:00,2026-08-14 14:15:00,BUY,WIN,TP,1.7176305306409774,6.0829187183019116,5.382918718301911,0.0002360972906100539,51.05984113204911,0.0009215472266890234,100.0
2026-08-14 15:45:00,2026-08-14 16:35:00,BUY,WIN,TP,1.8209049596805122,10.167255086663719,9.46725508666372,0.00037224183622213525,53.780797317122605,0.0013652687075629277,50.0
2026-08-14 18:20:00,2026-08-14 19:40:00,BUY,LOSS,SL,-1.174761001901777,-6.722100406371222,-7.422100406371222,0.00038147336042479446,54.850883926452745,0.0018273960961290303,80.0
2026-08-14 19:45:00,2026-08-14 20:00:00,BUY,LOSS,SL,-1.2108375851881477,-5.7429873525994815,-6.442987352599482,0.0003161991568400204,41.07378427482548,0.0017485528954004348,15.0
2026-08-14 21:30:00,2026-08-17 00:00:00,BUY,LOSS,SL,-1.314988016281957,-4.174723952370506,-4.874723952370506,0.00021164826349138612,44.10810636937314,0.0010316427004031237,3030.0
2026-08-17 00:10:00,2026-08-17 00:15:00,BUY,LOSS,SL,-1.6904830481097124,-4.896522956610248,-5.596522956610248,0.0001931015304407486,42.111488412975305,0.0006385000956388165,5.0
2026-08-17 00:20:00,2026-08-17 01:35:00,BUY,WIN,TP,1.6878793915905888,5.407779384360879,4.707779384360879,0.00021359264614534429,43.316662343560374,0.0006097886546183595,75.0
2026-08-17 02:55:00,2026-08-17 03:00:00,BUY,WIN,TP,1.4864401112934742,2.8943851417938546,2.1943851417938545,0.00012981283805982549,53.580890512393076,0.0006377434142312843,5.0
2026-08-17 04:35:00,2026-08-17 07:05:00,BUY,WIN,TP,1.6635888624332016,4.945106379252607,4.245106379252607,0.00019817021264177643,53.17289251292585,0.0008499825163368335,150.0
2026-08-17 08:10:00,2026-08-17 08:50:00,BUY,WIN,TP,1.5427068448021868,3.3735620734031144,2.6735620734031142,0.0001457854024467783,54.425742830688804,0.0009525843848381399,40.0
2026-08-17 08:55:00,2026-08-17 09:10:00,BUY,LOSS,SL,-1.3899031043715453,-3.5647397745443,-4.2647397745443,0.00017098265163631473,54.901297428440806,0.0009677546566795314,15.0
2026-08-17 09:15:00,2026-08-17 09:25:00,BUY,WIN,TP,1.655311279789001,4.8023366670534315,4.102336667053431,0.0001934112222351096,47.59425279881784,0.0009615873289277044,10.0
2026-08-17 11:50:00,2026-08-17 11:50:00,BUY,LOSS,SL,-1.1846513343185523,-6.4156120977433275,-7.115612097743328,0.0003610408065162283,50.732069951654935,0.0016279125046929632,0.0
2026-08-17 12:00:00,2026-08-17 13:05:00,BUY,LOSS,SL,-1.181491825756199,-6.5098900230543535,-7.209890023054354,0.0003673260015369394,43.96877251047021,0.0015935588625193287,65.0
2026-08-17 13:20:00,2026-08-17 13:50:00,BUY,LOSS,SL,-1.228973341894772,-5.367320630973559,-6.067320630973559,0.0002911547087315995,40.326398659077405,0.001359075264172116,30.0
2026-08-17 14:10:00,2026-08-17 14:15:00,BUY,LOSS,SL,-1.222417068593891,-5.496057817513499,-6.196057817513499,0.00029973718783425207,44.67289717260925,0.0011124910910200736,5.0
2026-08-17 14:35:00,2026-08-17 16:10:00,BUY,WIN,TP,1.7581504338120948,7.269603421335869,6.569603421335869,0.0002756534473778319,41.95173744994363,0.0009705592896700477,95.0
2026-08-17 16:15:00,2026-08-17 16:40:00,BUY,LOSS,SL,-1.1972681387214847,-6.069242334221347,-6.769242334221347,0.0003379494889480446,53.74508136479579,0.0007388296081483059,25.0
2026-08-17 16:45:00,2026-08-17 18:00:00,BUY,LOSS,SL,-1.1830941529349053,-6.461670861524048,-7.1616708615240485,0.00036411139076828386,43.01079217227935,0.0007143593556435679,75.0
2026-08-17 18:50:00,2026-08-17 20:35:00,BUY,LOSS,SL,-1.2104086294528815,-5.752656783137965,-6.452656783137965,0.0003168437855424603,45.85702737603653,0.0002685766076468976,105.0
2026-08-17 22:15:00,2026-08-17 22:40:00,SELL,LOSS,SL,-1.297476499938535,-4.361610077456945,-5.061610077456945,0.00022410733849708746,47.591760851130196,-0.0004289879813685893,25.0
2026-08-17 22:45:00,2026-08-18 00:00:00,SELL,LOSS,SL,-1.3343914792505507,-3.9905068222468856,-4.690506822246886,0.00019936712148315732,57.5066038321931,-0.00044129696188366374,75.0
2026-08-18 00:10:00,2026-08-18 00:15:00,SELL,LOSS,SL,-1.444327671094861,-4.2257687165795685,-4.92576871657957,0.00019505124777201773,48.6868715353078,-0.00043682554396418105,5.0
2026-08-18 00:20:00,2026-08-18 02:30:00,SELL,LOSS,SL,-1.5391976459198564,-4.567372005622248,-5.267372005622248,0.00019782480037483662,51.25011840088187,-0.00043444784349655485,130.0
2026-08-18 03:15:00,2026-08-18 03:30:00,SELL,WIN,TP,1.4457324186587452,2.608365467024921,1.9083654670249208,0.00012027884890085955,59.85823985560289,-0.0002455736035060774,15.0
2026-08-18 03:40:00,2026-08-18 04:10:00,SELL,LOSS,SL,-1.450499504968174,-3.2197582660399284,-3.9197582660399286,0.000147983884402603,53.255696609615505,-0.0002259335593857159,30.0
2026-08-18 04:20:00,2026-08-18 05:10:00,SELL,WIN,TP,1.6390169682413367,4.540426624088823,3.840426624088823,0.0001846808874696566,52.27770938246867,-0.00017011859086202286,50.0
2026-08-18 05:50:00,2026-08-18 06:35:00,SELL,WIN,TP,1.6194942133141814,4.256161850835106,3.556161850835106,0.00017520539502784445,47.41303889115214,-0.0002283574997032911,45.0
2026-08-18 07:50:00,2026-08-18 08:05:00,SELL,WIN,TP,1.5971018792347562,3.9640340744150357,3.2640340744150356,0.00016546780248049005,52.025952194807886,-0.00043958967559354356,15.0
2026-08-18 08:30:00,2026-08-18 09:05:00,SELL,WIN,TP,1.5969640385332735,3.9623363451689606,3.2623363451689604,0.00016541121150561981,48.8671231870398,-0.0004968168541144014,35.0
2026-08-18 09:30:00,2026-08-18 10:25:00,SELL,LOSS,SL,-1.2980466937724662,-4.35517897327664,-5.05517897327664,0.00022367859821849077,51.94868259534593,-0.0005334482503720483,55.0
2026-08-18 10:30:00,2026-08-18 12:30:00,SELL,LOSS,SL,-1.2673968867983878,-4.739759321708114,-5.439759321708114,0.00024931728811382147,58.01668842753007,-0.0005140100305311979,120.0
2026-08-18 12:40:00,2026-08-18 16:30:00,SELL,LOSS,SL,-1.306116089238525,-4.266734533580173,-4.966734533580174,0.0002177823022386929,59.53782836342431,-0.00031043829874688456,230.0
2026-08-18 16:35:00,2026-08-18 16:40:00,SELL,LOSS,SL,-1.1915486886166944,-6.2206047831582225,-6.920604783158223,0.00034804031887727786,58.15907772440058,-9.49282882700686e-05,5.0
2026-08-18 16:45:00,2026-08-18 17:10:00,SELL,LOSS,SL,-1.185688317655082,-6.385368409969171,-7.085368409969171,0.0003590245606646129,56.41126865719164,-5.551159209704615e-05,25.0
2026-08-18 17:40:00,2026-08-18 20:05:00,BUY,LOSS,SL,-1.1818831925375244,-6.498034128654794,-7.198034128654794,0.00036653560857700707,51.89140340453553,0.00013334023775390946,145.0
2026-08-18 20:20:00,2026-08-18 23:00:00,BUY,LOSS,SL,-1.2835479002226855,-4.526740981734111,-5.226740981734111,0.00023511606544887224,40.38857709645219,0.00014871988242282086,160.0
2026-08-18 23:35:00,2026-08-19 00:00:00,SELL,LOSS,SL,-1.4312581787829444,-3.318796603051343,-4.018796603051343,0.00015458644020342863,45.51954980300886,-0.0001075862033312891,25.0
2026-08-19 00:05:00,2026-08-19 00:20:00,SELL,LOSS,SL,-1.6948256815045906,-3.902735840931103,-4.6027358409311026,0.00015351572272872087,50.894420702569285,-0.00013009500300276144,15.0
2026-08-19 00:35:00,2026-08-19 03:00:00,SELL,LOSS,SL,-1.5853326544513344,-3.2501162729846813,-3.9501162729846815,0.00013667441819899495,59.5438240365095,-0.00010587808360917883,145.0
2026-08-19 03:35:00,2026-08-19 04:15:00,SELL,WIN,TP,1.639999790745305,4.555552326328428,3.8555523263284277,0.0001851850775443008,47.122961873013,-3.699016495062324e-05,40.0
2026-08-19 04:35:00,2026-08-19 05:05:00,SELL,LOSS,SL,-1.3103309316203837,-4.222366506550056,-4.922366506550056,0.0002148244337699997,49.56115091362978,-9.834050090762325e-05,30.0
2026-08-19 06:35:00,2026-08-19 08:50:00,BUY,WIN,TP,1.6834079648338676,5.31727831986284,4.61727831986284,0.0002105759439954139,54.2555553256063,0.00018048362733269485,135.0
2026-08-19 10:45:00,2026-08-19 11:05:00,BUY,WIN,TP,1.704508360386627,5.768381002646429,5.068381002646428,0.00022561270008819847,54.847564347313984,0.0007493720236833035,20.0
2026-08-19 12:00:00,2026-08-19 12:50:00,BUY,WIN,TP,1.7707506103833608,7.724123555314822,7.024123555314822,0.00029080411851048444,51.98478991831004,0.0009481123519978762,50.0
2026-08-19 13:55:00,2026-08-19 14:05:00,BUY,LOSS,SL,-1.2886547032210545,-4.4643468089767815,-5.164346808976782,0.0002309564539318561,54.99138206151887,0.0012787258283193381,10.0
2026-08-19 14:10:00,2026-08-19 14:40:00,BUY,LOSS,SL,-1.2677982394264593,-4.734154496839448,-5.434154496839448,0.0002489436331225592,42.151900541485034,0.0012685412264004103,30.0
2026-08-19 14:50:00,2026-08-19 15:30:00,BUY,WIN,TP,1.7582594764768058,7.273333617581091,6.573333617581091,0.00027577778725269576,49.03093420590684,0.001209981584841202,40.0
2026-08-19 18:25:00,2026-08-19 21:55:00,BUY,WIN,TP,1.8864320464460023,16.61060173593121,15.910601735931209,0.0005870200578643811,50.65370619813891,0.0034342368742599216,210.0
2026-08-19 22:45:00,2026-08-20 09:45:00,BUY,WIN,TP,1.8078164276271147,9.40671674121807,8.70671674121807,0.00034689055804060535,54.687566789584835,0.0032540283343394094,660.0
2026-08-20 10:25:00,2026-08-20 10:40:00,BUY,WIN,TP,1.7759179218586019,7.925301017326248,7.225301017326248,0.0002975100339108566,51.59049546385303,0.0011631177128028636,15.0
2026-08-20 13:40:00,2026-08-20 13:50:00,BUY,LOSS,SL,-1.1880946484929378,-6.316472361187596,-7.0164723611875965,0.00035443149074580895,53.4061558243436,0.0019675379488226508,10.0
2026-08-20 14:00:00,2026-08-20 14:10:00,BUY,LOSS,SL,-1.1820011260721364,-6.494471499059017,-7.194471499059017,0.0003662980999373065,42.783258927382555,0.0019121877100494178,10.0
2026-08-20 14:25:00,2026-08-20 14:40:00,BUY,LOSS,SL,-1.1819248197108094,-6.496776094595646,-7.196776094595646,0.0003664517396397733,41.25865584656879,0.0017606963070975201,15.0
2026-08-20 15:20:00,2026-08-20 15:30:00,BUY,LOSS,SL,-1.1591905312022641,-7.281780658985436,-7.9817806589854365,0.0004187853772656598,40.988099573495816,0.0013329951785239214,10.0
2026-08-20 15:40:00,2026-08-20 16:45:00,BUY,LOSS,SL,-1.1416278754449483,-8.060756908612298,-8.760756908612297,0.0004707171272408443,40.70571289049728,0.0011862450889805753,65.0
2026-08-20 17:25:00,2026-08-20 18:00:00,BUY,WIN,TP,1.8588082708071565,13.16513567355171,12.46513567355171,0.00047217118911837777,44.172121202168405,0.0005638460087360464,35.0
2026-08-20 18:10:00,2026-08-20 18:40:00,BUY,LOSS,SL,-1.1228120159944812,-9.142525728467298,-9.842525728467297,0.0005428350485644336,46.969652999840754,0.0004519151692612411,30.0
2026-08-20 18:50:00,2026-08-21 04:30:00,BUY,WIN,TP,1.8776353280571274,15.344586785095316,14.644586785095317,0.0005448195595031787,43.49143328299794,0.0003039481511815101,580.0
2026-08-21 04:55:00,2026-08-21 05:20:00,BUY,WIN,TP,1.7105711728042945,5.910161711872753,5.210161711872753,0.00023033872372908663,54.898173252837026,0.00043783835702648766,25.0
2026-08-21 06:30:00,2026-08-21 07:40:00,BUY,LOSS,SL,-1.2934495559640067,-4.407740716168117,-5.107740716168117,0.00022718271441122002,52.98632559004505,0.0007291203248811495,70.0
2026-08-21 07:45:00,2026-08-21 08:45:00,BUY,WIN,TP,1.6203595992368496,4.268143211258902,3.568143211258902,0.0001756047737086332,43.573476172744066,0.0007074277006353658,60.0
2026-08-21 09:05:00,2026-08-21 09:20:00,BUY,LOSS,SL,-1.3086952012257915,-4.239441351952088,-4.939441351952088,0.0002159627567967552,49.93685408418654,0.0006800450925532608,15.0
2026-08-21 09:30:00,2026-08-21 10:00:00,BUY,WIN,TP,1.7353180148661662,6.556237720480752,5.856237720480752,0.000251874590682708,45.606630307639975,0.0006382490222913706,30.0
2026-08-21 10:10:00,2026-08-21 10:30:00,BUY,LOSS,SL,-1.2341427073647764,-5.270899620384405,-5.970899620384405,0.0002847266413589724,50.91624208855738,0.0006534695319557748,20.0
2026-08-21 10:35:00,2026-08-21 10:40:00,BUY,LOSS,SL,-1.2013414377217553,-5.966687490242094,-6.6666874902420945,0.0003311124993494144,51.7508593064102,0.0006501154366134188,5.0
2026-08-21 10:45:00,2026-08-21 11:40:00,BUY,WIN,TP,1.8081760431903902,9.42622638623314,8.72622638623314,0.0003475408795410741,40.82919038078625,0.0006250504951763602,55.0
2026-08-21 13:00:00,2026-08-21 15:15:00,BUY,LOSS,SL,-1.1831097812830085,-6.461204710055512,-7.161204710055512,0.0003640803140037429,46.53057870627192,0.0008367611351016713,135.0
2026-08-21 15:25:00,2026-08-21 15:30:00,BUY,LOSS,SL,-1.1839562219978286,-6.436075981228861,-7.136075981228861,0.00036240506541526256,41.239376709389454,0.0007192097954229482,5.0
2026-08-21 16:55:00,2026-08-21 17:00:00,BUY,LOSS,SL,-1.1772796481086145,-6.640805420525918,-7.340805420525919,0.0003760536947016983,41.14766359780422,5.9299218885033866e-05,5.0
2026-08-21 18:30:00,2026-08-21 18:50:00,SELL,LOSS,SL,-1.1728968419184431,-6.783795637352984,-7.483795637352984,0.00038558637582357733,46.53739809157958,-0.0006104616842093069,20.0
2026-08-21 18:55:00,2026-08-24 10:15:00,SELL,WIN,TP,1.8161109334900998,9.876122425105272,9.176122425105273,0.00036253741417018444,57.79716247049689,-0.0006298708576411016,3800.0
2026-08-24 10:30:00,2026-08-24 10:40:00,SELL,WIN,TP,1.7417734373043317,6.745136592927082,6.045136592927082,0.0002581712197642409,45.26106206016613,-0.0002666666189796718,10.0
2026-08-24 12:50:00,2026-08-24 14:25:00,SELL,LOSS,SL,-1.2547197284079827,-4.92588358290924,-5.62588358290924,0.00026172557219394964,45.373575694409695,-0.0008036935384190258,95.0
2026-08-24 14:30:00,2026-08-24 14:35:00,SELL,LOSS,SL,-1.2883743032733324,-4.467715356912926,-5.167715356912926,0.00023118102379423067,56.97975108125431,-0.0007984605857251914,5.0
2026-08-24 14:40:00,2026-08-24 15:20:00,SELL,LOSS,SL,-1.2383141283140975,-5.196142323051877,-5.896142323051877,0.00027974282153685876,53.59106756752506,-0.0007813988125198179,40.0
2026-08-24 15:35:00,2026-08-24 16:20:00,SELL,LOSS,SL,-1.1872905795112976,-6.339296843489549,-7.0392968434895495,0.0003559531228993519,55.72920335481097,-0.0006703482879355516,45.0
2026-08-24 16:30:00,2026-08-24 20:20:00,SELL,WIN,TP,1.798105093364195,8.906143910840548,8.206143910840549,0.00033020479702801283,52.445435060304135,-0.0005040593422200867,230.0
2026-08-24 21:20:00,2026-08-24 21:25:00,SELL,LOSS,SL,-1.2662321233377374,-4.756120739537572,-5.456120739537572,0.000250408049302482,49.0389222323852,-0.0006037914536318745,5.0
2026-08-24 21:30:00,2026-08-25 00:05:00,SELL,WIN,TP,1.739650580920581,6.68198372430362,5.98198372430362,0.00025606612414346796,58.99155621232042,-0.0005904742780737937,155.0
2026-08-25 00:10:00,2026-08-25 00:45:00,SELL,LOSS,SL,-1.4433785571306141,-4.232031734717011,-4.932031734717012,0.00019546878231450725,47.36388258976821,-0.00047597101558816135,35.0
2026-08-25 00:55:00,2026-08-25 02:50:00,SELL,LOSS,SL,-1.5011932450719214,-3.2947622215900965,-3.9947622215900966,0.00014631748143932444,55.6457399796971,-0.00040937188026002325,115.0
2026-08-25 03:55:00,2026-08-25 04:50:00,SELL,WIN,TP,1.5688754834965617,3.6390310071453555,2.9390310071453554,0.00015463436690483175,52.163347383767764,-9.661974337116241e-05,55.0
2026-08-25 05:25:00,2026-08-25 05:55:00,SELL,WIN,TP,1.6253422368228676,4.338205147642494,3.638205147642494,0.0001779401715880747,45.72247221472086,-0.00013291068537046868,30.0
2026-08-25 09:15:00,2026-08-25 09:45:00,SELL,WIN,TP,1.576639837511369,3.724110053813124,3.024110053813124,0.00015747033512709295,54.402140491508696,-0.0005248700160280784,30.0
2026-08-25 10:05:00,2026-08-25 10:15:00,SELL,LOSS,SL,-1.2972353568314352,-4.364337307176779,-5.064337307176779,0.00022428915381185393,56.243032180107015,-0.0005363373725468801,10.0
2026-08-25 10:30:00,2026-08-25 11:20:00,SELL,LOSS,SL,-1.2786979573575532,-4.588113847268204,-5.288113847268204,0.0002392075898179536,53.95598306593258,-0.00047617212592676594,50.0
2026-08-25 12:30:00,2026-08-25 12:30:00,SELL,LOSS,SL,-1.2133841913942165,-5.686382779652831,-6.386382779652831,0.00031242551864352496,56.65710851224983,-8.135352036053867e-05,0.0
2026-08-25 12:40:00,2026-08-25 16:10:00,SELL,LOSS,SL,-1.2042307675221804,-5.896421886537716,-6.596421886537716,0.0003264281257691742,55.56018743209251,-3.322433520525081e-05,210.0
2026-08-25 17:05:00,2026-08-26 07:15:00,BUY,LOSS,SL,-1.1830277663551814,-6.463651881427722,-7.163651881427723,0.0003642434587617893,52.66662397301398,0.0002154122648863055,850.0
2026-08-26 08:20:00,2026-08-26 08:35:00,SELL,LOSS,SL,-1.4567412835536977,-3.189423281862002,-3.889423281862002,0.00014596155212419484,51.17501768514708,-0.00030032067788798855,15.0
2026-08-26 08:40:00,2026-08-26 09:30:00,SELL,WIN,TP,1.5432903925486867,3.3791502682877237,2.6791502682877235,0.0001459716756096073,56.7047787856418,-0.0003008411098683883,50.0
2026-08-26 09:45:00,2026-08-26 09:55:00,SELL,LOSS,SL,-1.3486322048016326,-3.868352338731839,-4.568352338731839,0.00019122348924878493,50.47042595646397,-0.0003424490535708369,10.0
2026-08-26 10:55:00,2026-08-26 11:05:00,SELL,LOSS,SL,-1.3084833727184977,-4.241665802560245,-4.941665802560245,0.00021611105350404668,55.994068331990896,-0.00017521212355209315,10.0
2026-08-26 11:55:00,2026-08-26 12:00:00,BUY,LOSS,SL,-1.3015356649072898,-4.316357288307703,-5.016357288307703,0.00022109048588716081,54.13595568015675,3.839194102472909e-05,5.0
2026-08-26 12:05:00,2026-08-26 12:05:00,BUY,LOSS,SL,-1.2820694298846231,-4.545226437366988,-5.245226437366989,0.00023634842915781423,47.145542571830205,4.508353138832355e-05,0.0
2026-08-26 12:55:00,2026-08-26 13:55:00,SELL,WIN,TP,1.7032389558836456,5.739429044533285,5.039429044533285,0.00022464763481779096,48.61785928360237,-3.296973918254231e-05,60.0
2026-08-26 14:05:00,2026-08-26 14:50:00,SELL,LOSS,SL,-1.3074672944479389,-4.2523784417315404,-4.952378441731541,0.0002168252294487599,45.7513715311234,-0.00015435116683448769,45.0
2026-08-26 14:55:00,2026-08-26 15:10:00,SELL,LOSS,SL,-1.2961570646716365,-4.37658668081664,-5.07658668081664,0.00022510577872112702,58.127777173634286,-0.00018634485481561214,15.0
2026-08-26 18:10:00,2026-08-27 03:00:00,SELL,LOSS,SL,-1.1908742573070705,-6.239051164407371,-6.939051164407371,0.0003492700776272312,49.640250075374226,-0.0008136812388139791,530.0
2026-08-27 03:05:00,2026-08-27 03:30:00,SELL,LOSS,SL,-1.5639887955703384,-2.7730848695118873,-3.4730848695118874,0.00011820565796741022,59.93690570877109,-0.00026682888536044835,25.0
2026-08-27 03:40:00,2026-08-27 04:15:00,SELL,LOSS,SL,-1.5398243980030981,-2.8524542493802976,-3.5524542493802977,0.0001234969499587393,54.33001831941207,-0.00020737666958670076,35.0
2026-08-27 04:20:00,2026-08-27 08:50:00,SELL,WIN,TP,1.5840350333403745,3.8080972204567196,3.1080972204567194,0.00016026990734857731,58.33858866242626,-0.0001567620792721769,270.0
2026-08-27 09:00:00,2026-08-27 11:00:00,SELL,LOSS,SL,-1.4583851009726834,-3.1815717785722555,-3.8815717785722557,0.00014543811857150313,45.796273201380885,-8.915044969448616e-05,120.0
2026-08-27 11:05:00,2026-08-27 11:25:00,SELL,WIN,TP,1.6628199325455364,4.931548727347025,4.2315487273470245,0.00019771829091155474,57.123020079742375,-0.00012151434731211275,20.0
2026-08-27 13:20:00,2026-08-27 14:10:00,SELL,WIN,TP,1.7580063208253522,7.264678675977688,6.564678675977688,0.00027548928919924546,49.77376928950992,-0.0004771209739018456,50.0
2026-08-27 14:55:00,2026-08-27 16:05:00,SELL,LOSS,SL,-1.2280539166500917,-5.38492797970369,-6.08492797970369,0.00029232853198021483,52.361179667562446,-0.000693314893317698,70.0
2026-08-27 17:05:00,2026-08-27 17:05:00,SELL,LOSS,SL,-1.192574140989726,-6.192805196276851,-6.892805196276851,0.00034618701308519555,59.474494094747634,-0.0003262115252513631,0.0
2026-08-27 17:15:00,2026-08-28 12:40:00,SELL,WIN,TP,1.8099272436909237,9.522286511949197,8.822286511949198,0.00035074288373161824,54.19456180545408,-0.0002842414219517142,1165.0
2026-08-28 13:10:00,2026-08-28 13:30:00,SELL,LOSS,SL,-1.351756947384715,-3.842872066735058,-4.542872066735058,0.00018952480444905609,45.214373917369905,-0.0003516674048851254,20.0
2026-08-28 13:35:00,2026-08-28 13:55:00,SELL,LOSS,SL,-1.3431450272968515,-3.9142197043552365,-4.614219704355237,0.00019428131362364995,59.97186588161443,-0.00034457959452560694,20.0
2026-08-28 14:15:00,2026-08-28 15:30:00,SELL,WIN,TP,1.6452353931550374,4.637540953666864,3.937540953666864,0.00018791803178886416,57.442137791434746,-0.0002506513346243189,75.0
2026-08-28 15:55:00,2026-08-28 15:55:00,SELL,LOSS,SL,-1.288486202557285,-4.466370284386233,-5.166370284386233,0.00023109135229248015,45.9620564993933,-0.0002477510528435811,0.0
2026-08-28 16:10:00,2026-08-28 16:55:00,SELL,WIN,TP,1.726870476041918,6.3225331740522925,5.622533174052292,0.00024408443913506432,59.01252947830194,-0.0002071586195238062,45.0
2026-08-28 22:10:00,2026-08-28 22:25:00,SELL,LOSS,SL,-1.2544798539696025,-4.929584147432941,-5.629584147432941,0.0002619722764954673,45.334697989650245,-0.002987101640169909,15.0
2026-08-28 22:30:00,2026-08-31 00:00:00,SELL,WIN,TP,1.7268472405421145,6.321910289193045,5.621910289193045,0.0002440636763064186,57.556013510427015,-0.0029460423302631877,2970.0
2026-08-31 01:05:00,2026-08-31 01:30:00,SELL,LOSS,SL,-1.3747463812094123,-3.668471398636907,-4.368471398636907,0.00017789809324243738,48.13966025141822,-0.0025438477681816174,25.0
2026-08-31 01:35:00,2026-08-31 02:00:00,SELL,LOSS,SL,-1.4037527540995642,-3.476763291014983,-4.176763291014983,0.00016511755273438812,59.16145128028434,-0.0024247140413731216,25.0
2026-08-31 02:10:00,2026-08-31 02:20:00,SELL,LOSS,SL,-1.4060478672321777,-3.4627638283547526,-4.162763828354753,0.00016418425522363148,55.719913585983065,-0.0022482652373265744,10.0
2026-08-31 03:25:00,2026-08-31 03:50:00,SELL,LOSS,SL,-1.3406727601440585,-3.935368238943248,-4.635368238943248,0.0001956912159295695,58.241868392954274,-0.0017703829943886973,25.0
2026-08-31 04:10:00,2026-08-31 04:30:00,SELL,LOSS,SL,-1.2942280887861035,-4.398723772858325,-5.0987237728583255,0.00022658158485716436,47.54340017516613,-0.0015204500433732004,20.0
2026-08-31 04:35:00,2026-08-31 04:40:00,SELL,LOSS,SL,-1.29948295070269,-4.339088244100896,-5.039088244100896,0.00022260588294008477,56.22671738538157,-0.0014185498146070952,5.0
2026-08-31 04:50:00,2026-08-31 09:55:00,SELL,WIN,TP,1.6965248625921514,5.590325708666356,4.890325708666356,0.0002196775236222305,58.84656580766524,-0.0013358821693025824,305.0
2026-08-31 10:00:00,2026-08-31 10:20:00,SELL,LOSS,SL,-1.2971648801392555,-4.365135205517511,-5.065135205517511,0.00022434234703444135,49.77891870337298,-0.0006925808800064548,20.0
2026-08-31 11:15:00,2026-08-31 14:20:00,SELL,LOSS,SL,-1.2258232695765978,-5.4282416151131265,-6.128241615113127,0.0002952161076741434,57.7202357707957,-0.000353083066502613,185.0
2026-08-31 14:35:00,2026-08-31 14:55:00,BUY,LOSS,SL,-1.2888531743265796,-4.461966455211574,-5.161966455211574,0.00023079776368079157,53.85680069615136,5.879798964070204e-05,20.0
2026-08-31 15:00:00,2026-08-31 15:35:00,BUY,LOSS,SL,-1.2693715733523834,-4.71234420750044,-5.41234420750044,0.00024748961383341264,42.477731820511984,6.438538991382359e-05,35.0
2026-08-31 16:00:00,2026-08-31 16:25:00,SELL,LOSS,SL,-1.2403718896929938,-5.160220237388046,-5.860220237388046,0.0002773480158259154,45.27196907246598,-4.3933094675541184e-06,25.0
2026-08-31 16:45:00,2026-08-31 17:25:00,BUY,WIN,TP,1.7812512390548487,8.142908930603877,7.442908930603877,0.00030476363102013447,45.789104993762976,1.7936497153536735e-05,40.0
2026-08-31 19:40:00,2026-09-01 03:20:00,BUY,WIN,TP,1.7470107047169103,6.905472829441429,6.205472829441429,0.0002635157609813946,54.72496803894126,0.0007863304421669159,460.0
2026-09-01 03:50:00,2026-09-01 04:05:00,BUY,LOSS,SL,-1.324251243117347,-4.084028268900418,-4.7840282689004185,0.00020560188459334343,53.60447485125515,0.000667433708938292,15.0
2026-09-01 05:25:00,2026-09-01 05:35:00,BUY,LOSS,SL,-1.3144731542606642,-4.179921676783604,-4.879921676783604,0.00021199477845217275,42.976092954079604,0.0003051365703197195,10.0
2026-09-01 05:55:00,2026-09-01 06:20:00,BUY,LOSS,SL,-1.3461373272903323,-3.8890267566006322,-4.589026756600632,0.0001926017837733842,43.14058147618504,0.00019629865558989934,25.0
2026-09-01 06:30:00,2026-09-01 07:25:00,BUY,LOSS,SL,-1.3419019043506475,-3.9248155312244783,-4.6248155312244785,0.00019498770208162722,41.63721464855125,9.509593856038556e-05,55.0
2026-09-01 07:55:00,2026-09-01 08:00:00,SELL,LOSS,SL,-1.4335991231554082,-3.30627772658476,-4.00627772658476,0.0001537518484390257,45.46423682278923,-0.00014597757766887653,5.0
2026-09-01 08:05:00,2026-09-01 09:25:00,SELL,WIN,TP,1.6062366772760797,4.079193222377043,3.379193222377043,0.00016930644074589395,58.9903919969017,-0.00014903330362447953,80.0
2026-09-01 10:00:00,2026-09-01 10:20:00,SELL,WIN,TP,1.6706691591784313,5.072920455948427,4.372920455948427,0.00020243068186495024,48.215316653934146,-0.0002387807031869471,20.0
2026-09-01 11:50:00,2026-09-01 12:40:00,SELL,LOSS,SL,-1.2269482759215666,-5.406290358185405,-6.106290358185405,0.00029375269054567223,45.29863525928315,-0.0006868517380769212,50.0
2026-09-01 12:45:00,2026-09-01 13:40:00,SELL,WIN,TP,1.7421529122686552,6.756535152663169,6.0565351526631686,0.00025855117175541684,58.2898866092968,-0.0006915940398539711,55.0
2026-09-01 14:20:00,2026-09-01 16:35:00,SELL,LOSS,SL,-1.2634840730783259,-4.79529581548077,-5.4952958154807705,0.00025301972103199225,49.52969087778109,-0.0007815692469688162,135.0
2026-09-01 17:30:00,2026-09-01 18:20:00,SELL,WIN,OPEN,1.3850572441164963,6.999999999999119,6.299999999999119,0.000336929515836929,55.63696599553464,-0.0004089469215584618,50.0
