time,balance
2025-06-16 23:30:00,10000.0
2025-06-17 17:15:00,9988.989554675496
2025-06-17 19:45:00,10006.29717440779
2025-06-18 00:00:00,10018.616248474576
2025-06-18 03:40:00,10003.834302814288
2025-06-18 05:25:00,9995.458094226482
2025-06-18 06:20:00,9987.6713835898
2025-06-18 07:35:00,9980.787288795826
2025-06-18 07:55:00,9974.114696578914
2025-06-18 08:35:00,9967.117700506922
2025-06-18 09:00:00,9960.432426601701
2025-06-18 09:10:00,9952.876323551493
2025-06-18 10:00:00,9944.59452147422
2025-06-18 11:15:00,9935.567250784112
2025-06-18 11:40:00,9926.677397023896
2025-06-18 11:55:00,9917.572288111674
2025-06-18 13:50:00,9908.3874942778
2025-06-18 14:55:00,9899.419644910848
2025-06-18 15:20:00,9890.316502784903
2025-06-18 16:30:00,9901.577565997126
2025-06-18 18:25:00,9886.584918350858
2025-06-18 19:35:00,9874.461914471594
2025-06-18 20:30:00,9863.532932631171
2025-06-18 21:00:00,9875.407926545453
2025-06-18 21:05:00,9861.322023556899
2025-06-18 21:40:00,9846.8392506466
2025-06-18 21:50:00,9829.941356349984
2025-06-19 09:20:00,9854.570672860928
2025-06-19 09:50:00,9844.557836965436
2025-06-19 10:20:00,9834.679932545345
2025-06-19 11:50:00,9823.715912409412
2025-06-19 14:20:00,9813.040000754954
2025-06-19 17:25:00,9824.7477392155
2025-06-19 18:55:00,9814.736952596062
2025-06-19 20:30:00,9806.39932396194
2025-06-19 20:45:00,9798.07277364353
2025-06-20 01:05:00,9804.393293849793
2025-06-20 02:15:00,9810.226326912178
2025-06-20 06:40:00,9819.206900437777
2025-06-20 08:25:00,9812.002636760442
2025-06-20 09:20:00,9805.421317698367
2025-06-20 10:35:00,9797.013139469535
2025-06-20 11:55:00,9806.806300962791
2025-06-20 14:00:00,9798.580487542193
2025-06-20 14:20:00,9790.463708229825
2025-06-20 15:45:00,9782.457821475817
2025-06-20 17:35:00,9770.724773709644
2025-06-20 18:20:00,9785.99680465798
2025-06-20 19:55:00,9801.368490605002
2025-06-20 21:50:00,9792.492090365697
2025-06-20 22:30:00,9784.458523202431
2025-06-23 00:00:00,9776.363262707717
2025-06-23 02:30:00,9762.245933421895
2025-06-23 03:20:00,9776.887603226274
2025-06-23 04:25:00,9790.82943722701
2025-06-23 05:00:00,9780.086818378377
2025-06-23 07:40:00,9790.448073398515
2025-06-23 08:05:00,9781.804247799731
2025-06-23 08:20:00,9772.992224706903
2025-06-23 10:00:00,9762.632598927417
2025-06-23 11:45:00,9778.147375741459
2025-06-23 15:30:00,9794.02345891833
2025-06-23 16:05:00,9783.215212078814
2025-06-23 16:35:00,9772.148900553218
2025-06-23 19:35:00,9759.542944165558
2025-06-23 19:45:00,9779.282577456926
2025-06-24 01:05:00,9783.531083148364
2025-06-24 03:50:00,9772.788877636538
2025-06-24 05:05:00,9761.25539171036
2025-06-24 06:10:00,9773.32075995808
2025-06-24 07:45:00,9781.271925560293
2025-06-24 08:40:00,9773.25382191631
2025-06-24 09:15:00,9782.036456485239
2025-06-24 10:20:00,9771.047352221172
2025-06-24 10:30:00,9759.615921588522
2025-06-24 10:50:00,9746.939007193503
2025-06-24 12:35:00,9766.79450761188
2025-06-24 13:15:00,9756.520437074496
2025-06-24 14:30:00,9768.934965478744
2025-06-24 15:30:00,9760.018862202727
2025-06-24 16:00:00,9749.677798444896
2025-06-24 16:10:00,9739.36070128036
2025-06-24 17:10:00,9753.027861380418
2025-06-25 00:00:00,9738.585218966015
2025-06-25 03:10:00,9741.483054437882
2025-06-25 06:50:00,9733.602711402267
2025-06-25 08:25:00,9726.305352349322
2025-06-25 08:55:00,9731.300117551458
2025-06-25 09:50:00,9724.279512315587
2025-06-25 10:50:00,9715.51529656656
2025-06-25 11:45:00,9705.484848155886
2025-06-25 12:35:00,9716.73755989356
2025-06-25 13:15:00,9707.865300810228
2025-06-25 14:10:00,9699.126819664898
2025-06-25 15:25:00,9708.989843541909
2025-06-25 16:25:00,9700.24623074171
2025-06-25 17:00:00,9691.626964224932
2025-06-25 17:25:00,9681.85802191072
2025-06-25 19:05:00,9693.188511911361
2025-06-25 20:40:00,9701.915882156854
2025-06-26 02:00:00,9709.009773273496
2025-06-26 04:15:00,9701.388497852624
2025-06-26 04:25:00,9693.568293005812
2025-06-26 04:45:00,9701.399054425316
2025-06-26 07:15:00,9690.503039348154
2025-06-26 08:00:00,9680.965730443164
2025-06-26 09:05:00,9672.758587978653
2025-06-26 09:50:00,9684.376035337771
2025-06-26 11:05:00,9701.713926243872
2025-06-26 14:05:00,9689.333454546088
2025-06-26 15:35:00,9678.342854518416
2025-06-26 18:10:00,9664.535929607173
2025-06-26 19:25:00,9683.299652066027
2025-06-26 22:05:00,9672.350267981104
2025-06-26 22:55:00,9663.950832014461
2025-06-27 02:40:00,9655.360208640584
2025-06-27 04:50:00,9647.103004778768
2025-06-27 05:40:00,9658.049494265975
2025-06-27 06:00:00,9648.74036111787
2025-06-27 06:25:00,9639.659794378933
2025-06-27 07:20:00,9648.229195085858
2025-06-27 09:15:00,9640.991129830936
2025-06-27 09:35:00,9631.963043325743
2025-06-27 12:00:00,9621.540501659038
2025-06-27 14:30:00,9634.593113456402
2025-06-27 15:05:00,9626.068953717793
2025-06-27 15:30:00,9638.674448421738
2025-06-27 16:30:00,9624.649845578113
2025-06-27 17:45:00,9610.129652309886
2025-06-27 20:40:00,9596.78856890646
2025-06-27 23:00:00,9586.284065002132
2025-06-27 23:15:00,9577.496509493185
2025-06-30 02:00:00,9565.06026691894
2025-06-30 03:05:00,9557.328257782972
2025-06-30 03:35:00,9549.567505718875
2025-06-30 04:55:00,9541.557480658548
2025-06-30 06:35:00,9532.562935561964
2025-06-30 07:45:00,9540.433719831835
2025-06-30 08:55:00,9532.622562718965
2025-06-30 09:15:00,9524.64840173899
2025-06-30 09:40:00,9534.639164012473
2025-06-30 10:55:00,9523.969579037763
2025-06-30 11:25:00,9512.787043487357
2025-06-30 15:15:00,9502.035666199536
2025-06-30 15:30:00,9493.205086590724
2025-06-30 17:10:00,9484.530701182754
2025-06-30 17:20:00,9474.126748772245
2025-06-30 18:15:00,9491.585114147972
2025-06-30 20:20:00,9507.78904022325
2025-06-30 21:15:00,9521.57289439967
2025-07-01 00:20:00,9510.07651035365
2025-07-01 01:30:00,9517.029289130114
2025-07-01 03:10:00,9521.974922000809
2025-07-01 03:55:00,9528.695718201681
2025-07-01 04:35:00,9520.29476605357
2025-07-01 04:50:00,9512.0569552728
2025-07-01 06:15:00,9519.167632679682
2025-07-01 07:40:00,9512.270577500984
2025-07-01 08:50:00,9505.349868724747
2025-07-01 09:10:00,9498.244859485489
2025-07-01 10:00:00,9490.540493204913
2025-07-01 11:30:00,9501.798075343131
2025-07-01 16:00:00,9489.864317764848
2025-07-01 16:20:00,9480.897013403073
2025-07-01 16:40:00,9470.505426129881
2025-07-01 17:00:00,9458.68466651906
2025-07-01 17:40:00,9444.795118640368
2025-07-01 19:00:00,9432.175068912244
2025-07-01 20:20:00,9422.303765080798
2025-07-01 22:05:00,9412.266432752343
2025-07-01 22:50:00,9404.425754326365
2025-07-02 02:10:00,9398.757220055737
2025-07-02 02:15:00,9392.562078003051
2025-07-02 02:45:00,9396.93877038661
2025-07-02 03:30:00,9390.526545799627
2025-07-02 03:55:00,9395.277012839422
2025-07-02 04:45:00,9388.696604196355
2025-07-02 04:50:00,9381.070344069236
2025-07-02 08:15:00,9373.038596904746
2025-07-02 08:45:00,9366.777182312448
2025-07-02 09:20:00,9359.865587615444
2025-07-02 14:25:00,9370.698463131423
2025-07-02 15:40:00,9390.846665063635
2025-07-02 16:05:00,9376.323523728892
2025-07-02 18:45:00,9361.24092344404
2025-07-02 20:00:00,9351.066773139159
2025-07-03 00:35:00,9343.987595508375
2025-07-03 00:50:00,9334.825089509975
2025-07-03 12:15:00,9327.192350968213
2025-07-03 12:20:00,9320.26216382399
2025-07-03 13:10:00,9313.445294230296
2025-07-03 14:55:00,9306.01531348929
2025-07-03 15:30:00,9298.371722881036
2025-07-03 16:45:00,9279.831031413221
2025-07-03 17:00:00,9262.245867554111
2025-07-03 19:45:00,9290.184646707512
2025-07-04 02:00:00,9279.808093587544
2025-07-04 02:10:00,9273.92788351413
2025-07-04 10:25:00,9268.15782194206
2025-07-04 10:45:00,9260.243154539183
2025-07-04 11:05:00,9251.440207656899
2025-07-04 15:10:00,9242.498526908617
2025-07-04 16:40:00,9249.273049934269
2025-07-04 20:00:00,9241.274950518216
2025-07-04 22:40:00,9234.466825914576
2025-07-04 23:05:00,9236.142069625757
2025-07-04 23:30:00,9228.816886542594
2025-07-04 23:50:00,9217.764930822514
2025-07-07 01:05:00,9205.9156634913
2025-07-07 03:00:00,9214.703002362377
2025-07-07 04:00:00,9207.042862262022
2025-07-07 04:40:00,9198.959807771114
2025-07-07 05:30:00,9191.43796761331
2025-07-07 06:00:00,9183.544733352894
2025-07-07 09:30:00,9191.071840844586
2025-07-07 15:25:00,9200.26056876396
2025-07-07 16:15:00,9192.579666307101
2025-07-07 16:25:00,9184.569009347291
2025-07-07 17:10:00,9175.933560904426
2025-07-07 17:35:00,9167.21875996272
2025-07-07 19:20:00,9176.922870028437
2025-07-07 22:00:00,9163.26935490892
2025-07-08 01:35:00,9152.4884116297
2025-07-08 04:10:00,9144.503688329853
2025-07-08 05:20:00,9153.34674588671
2025-07-08 05:55:00,9144.881217802995
2025-07-08 07:30:00,9153.580625113887
2025-07-08 07:55:00,9146.904357049141
2025-07-08 08:15:00,9140.260965533396
2025-07-08 09:00:00,9133.212028585454
2025-07-08 10:00:00,9140.668658019551
2025-07-08 11:45:00,9132.392857670346
2025-07-08 12:35:00,9124.211408926783
2025-07-08 14:45:00,9116.578449305036
2025-07-08 17:05:00,9130.293001725113
2025-07-08 18:15:00,9118.942142830674
2025-07-08 20:00:00,9107.706453273735
2025-07-08 20:55:00,9096.276017668393
2025-07-08 21:50:00,9087.019218597676
2025-07-09 05:35:00,9097.067814813669
2025-07-09 07:40:00,9090.41624859671
2025-07-09 07:50:00,9083.71591854229
2025-07-09 08:10:00,9077.120991097407
2025-07-09 09:35:00,9070.1157610458
2025-07-09 09:45:00,9062.63151285088
2025-07-09 10:15:00,9054.743238963816
2025-07-09 10:35:00,9063.557230034643
2025-07-09 11:45:00,9054.13084475299
2025-07-09 13:35:00,9064.977231156014
2025-07-09 15:15:00,9055.02802481755
2025-07-09 15:55:00,9044.871618931833
2025-07-09 17:15:00,9034.680391732822
2025-07-09 19:25:00,9048.56425451469
2025-07-09 21:00:00,9041.008941889837
2025-07-09 22:10:00,9033.786603564395
2025-07-09 23:20:00,9027.3816393305
2025-07-09 23:50:00,9032.787091927556
2025-07-10 00:00:00,9018.614472715393
2025-07-10 02:20:00,9022.892194109409
2025-07-10 06:40:00,9015.633750648674
2025-07-10 07:00:00,9009.377384328254
2025-07-10 08:30:00,9013.234229998434
2025-07-10 09:35:00,9006.451192685632
2025-07-10 10:40:00,8999.106243971572
2025-07-10 14:05:00,8991.065773387849
2025-07-10 16:25:00,9000.62296640184
2025-07-10 22:40:00,8987.822788884949
2025-07-10 23:55:00,8980.877406080332
2025-07-11 00:35:00,8971.673541308812
2025-07-11 01:10:00,8964.82231689907
2025-07-11 03:05:00,8968.506692849434
2025-07-11 10:15:00,8958.252349263781
2025-07-11 13:00:00,8949.66863916229
2025-07-11 14:05:00,8941.615115404971
2025-07-11 15:10:00,8950.232730005633
2025-07-11 15:30:00,8941.795165190795
2025-07-11 16:35:00,8932.955887365755
2025-07-11 17:00:00,8922.046639248554
2025-07-11 17:15:00,8911.501279148888
2025-07-11 18:30:00,8900.54546806872
2025-07-11 19:30:00,8891.063820825331
2025-07-11 23:20:00,8881.880880624522
2025-07-11 23:50:00,8875.170350051621
2025-07-14 00:00:00,8882.527285427337
2025-07-14 03:15:00,8870.27408501782
2025-07-14 05:20:00,8877.424209183251
2025-07-14 06:50:00,8869.85098878391
2025-07-14 08:35:00,8876.397173457844
2025-07-14 10:15:00,8868.21239041487
2025-07-14 12:30:00,8860.282793484219
2025-07-14 13:00:00,8852.28690822955
2025-07-14 15:30:00,8844.981486869026
2025-07-14 16:05:00,8837.736656727004
2025-07-14 17:30:00,8846.474871939523
2025-07-14 18:35:00,8857.465241520862
2025-07-14 18:50:00,8846.657057519618
2025-07-14 21:30:00,8838.905925546864
2025-07-15 00:00:00,8845.12654030089
2025-07-15 03:00:00,8836.315801945892
2025-07-15 06:00:00,8829.93793676227
2025-07-15 07:05:00,8823.30344628226
2025-07-15 08:20:00,8826.689046687005
2025-07-15 09:50:00,8820.434180269072
2025-07-15 10:00:00,8813.499899428942
2025-07-15 10:30:00,8821.73303380394
2025-07-15 13:15:00,8813.619063633027
2025-07-15 14:10:00,8806.036243619636
2025-07-15 15:50:00,8793.59311766154
2025-07-15 16:30:00,8811.913406303562
2025-07-16 02:20:00,8804.120630194442
2025-07-16 03:25:00,8798.907181591989
2025-07-16 03:35:00,8793.610736045492
2025-07-16 04:15:00,8787.59640560227
2025-07-16 06:20:00,8781.443548417386
2025-07-16 06:45:00,8784.386886120166
2025-07-16 07:05:00,8778.725000862343
2025-07-16 07:45:00,8772.840229757592
2025-07-16 08:50:00,8767.211888485752
2025-07-16 09:55:00,8760.452175604098
2025-07-16 10:40:00,8766.608663507082
2025-07-16 11:10:00,8759.013706098793
2025-07-16 13:15:00,8767.402169237284
2025-07-16 14:50:00,8774.02594930807
2025-07-16 15:55:00,8785.990897734233
2025-07-16 18:00:00,8769.588927826318
2025-07-17 09:20:00,8735.389368978435
2025-07-17 11:25:00,8724.749132565072
2025-07-17 13:10:00,8736.44070887198
2025-07-17 15:30:00,8746.246351526566
2025-07-17 15:45:00,8734.34969492687
2025-07-17 18:50:00,8722.17017979754
2025-07-17 21:20:00,8734.146557061444
2025-07-17 22:10:00,8726.666769006633
2025-07-17 22:30:00,8719.251264923658
2025-07-18 01:00:00,8712.959850375017
2025-07-18 04:45:00,8718.820186276893
2025-07-18 07:10:00,8711.18953636542
2025-07-18 08:15:00,8705.149536754885
2025-07-18 09:00:00,8698.98959828867
2025-07-18 10:00:00,8704.519686524698
2025-07-18 11:00:00,8712.6593992438
2025-07-18 15:05:00,8721.541767220157
2025-07-18 16:20:00,8732.585325382433
2025-07-18 17:00:00,8746.121520956232
2025-07-18 17:55:00,8734.398707046746
2025-07-18 19:15:00,8723.814666391534
2025-07-18 21:15:00,8715.72349193676
2025-07-18 23:05:00,8709.003272513924
2025-07-21 00:05:00,8702.613134338111
2025-07-21 00:40:00,8690.627777685782
2025-07-21 03:10:00,8680.736293385393
2025-07-21 03:50:00,8688.269618435685
2025-07-21 07:55:00,8680.316627437149
2025-07-21 09:10:00,8674.100573836897
2025-07-21 09:30:00,8679.782075119518
2025-07-21 11:30:00,8687.598611967409
2025-07-21 13:15:00,8678.728058804427
2025-07-21 14:00:00,8686.967162277637
2025-07-21 17:00:00,8695.772643300537
2025-07-21 20:20:00,8685.733891980304
2025-07-22 00:00:00,8676.871655378995
2025-07-22 03:10:00,8668.646158633885
2025-07-22 04:35:00,8662.33327325126
2025-07-22 10:50:00,8655.298983107894
2025-07-22 11:05:00,8662.76252627567
2025-07-22 11:35:00,8671.203328452235
2025-07-22 13:00:00,8678.786355334962
2025-07-22 14:25:00,8671.178034513981
2025-07-22 15:15:00,8663.865307296133
2025-07-22 17:40:00,8676.14359713703
2025-07-23 02:35:00,8666.204320684887
2025-07-23 04:00:00,8672.735588688476
2025-07-23 04:40:00,8664.143673448556
2025-07-23 07:20:00,8655.728804202965
2025-07-23 08:35:00,8648.693904351043
2025-07-23 09:55:00,8655.142796385942
2025-07-23 11:35:00,8645.663549501209
2025-07-23 13:50:00,8636.31115528198
2025-07-23 16:00:00,8644.601920722915
2025-07-23 16:35:00,8655.083586167053
2025-07-23 17:00:00,8645.087322088602
2025-07-23 17:50:00,8635.114392883464
2025-07-23 18:15:00,8624.722085485137
2025-07-23 18:55:00,8614.721848900588
2025-07-23 22:05:00,8632.398357474942
2025-07-23 23:50:00,8625.90231554289
2025-07-23 23:55:00,8618.083600482862
2025-07-24 02:15:00,8620.9326427372
2025-07-24 03:00:00,8615.171081337758
2025-07-24 03:30:00,8608.896300802337
2025-07-24 04:30:00,8615.17823659679
2025-07-24 09:05:00,8608.064407578093
2025-07-24 10:35:00,8600.487525425087
2025-07-24 10:50:00,8592.230793015804
2025-07-24 12:05:00,8583.695118415515
2025-07-24 14:45:00,8576.81301834395
2025-07-24 15:30:00,8584.07893329895
2025-07-24 16:10:00,8572.04812056352
2025-07-24 16:25:00,8559.357266725317
2025-07-25 00:00:00,8582.236335684998
2025-07-25 02:00:00,8573.929925559598
2025-07-25 02:50:00,8567.765054596022
2025-07-25 03:45:00,8561.272277424783
2025-07-25 04:10:00,8567.21235388016
2025-07-25 06:45:00,8560.815711748593
2025-07-25 07:35:00,8565.121705016123
2025-07-25 08:35:00,8558.731589146824
2025-07-25 08:55:00,8552.325033913918
2025-07-25 09:30:00,8544.907612201985
2025-07-25 10:15:00,8536.586770579866
2025-07-25 11:10:00,8546.878470646809
2025-07-25 12:05:00,8558.086736964546
2025-07-25 13:50:00,8565.74984574541
2025-07-25 15:45:00,8575.026291179418
2025-07-25 17:15:00,8563.399567214887
2025-07-25 20:35:00,8551.307689439605
2025-07-25 21:45:00,8544.276985577024
2025-07-25 23:20:00,8538.179661061016
2025-07-28 00:00:00,8542.441777653148
2025-07-28 03:15:00,8554.040899505062
2025-07-28 04:35:00,8544.960581465279
2025-07-28 04:50:00,8536.171317142342
2025-07-28 05:05:00,8527.609176574744
2025-07-28 08:10:00,8519.69689616177
2025-07-28 16:20:00,8537.986466998844
2025-07-28 18:15:00,8554.470790340907
2025-07-29 03:55:00,8561.804104654626
2025-07-29 04:40:00,8554.93945396243
2025-07-29 05:15:00,8547.702221168154
2025-07-29 06:30:00,8554.337384254537
2025-07-29 08:55:00,8562.05533701795
2025-07-29 09:30:00,8571.3962985933
2025-07-29 11:10:00,8557.644301778124
2025-07-29 12:20:00,8544.388129400959
2025-07-29 13:25:00,8533.345058299234
2025-07-29 14:05:00,8546.69814983634
2025-07-29 16:55:00,8534.867020689042
2025-07-29 19:45:00,8521.788361528468
2025-07-29 20:15:00,8511.726755403273
2025-07-30 03:15:00,8501.395157750965
2025-07-30 07:00:00,8494.328577219185
2025-07-30 07:50:00,8487.415754982185
2025-07-30 08:50:00,8480.861224570746
2025-07-30 09:40:00,8472.816033668278
2025-07-30 09:50:00,8464.817717930942
2025-07-30 10:05:00,8456.22427221865
2025-07-30 12:45:00,8467.390893053136
2025-07-30 13:35:00,8476.585504643059
2025-07-30 21:00:00,8463.946823496211
2025-07-30 21:30:00,8453.297364750333
2025-07-31 01:45:00,8442.61828489073
2025-07-31 02:35:00,8434.273814654523
2025-07-31 04:35:00,8426.367155430597
2025-07-31 06:25:00,8436.761232526715
2025-07-31 07:35:00,8426.35276272501
2025-07-31 07:55:00,8417.940816495198
2025-07-31 09:05:00,8409.58695183564
2025-07-31 09:15:00,8400.581058222084
2025-07-31 10:45:00,8413.744415422676
2025-07-31 11:05:00,8402.814668035531
2025-07-31 12:55:00,8417.202155807512
2025-07-31 13:30:00,8427.991945129157
2025-07-31 14:10:00,8418.129458182322
2025-07-31 15:30:00,8429.480662872478
2025-07-31 16:05:00,8445.821286928187
2025-07-31 17:30:00,8433.34989091088
2025-07-31 20:10:00,8450.291481873812
2025-07-31 21:30:00,8441.34393321454
2025-07-31 22:55:00,8450.64018389234
2025-08-01 01:30:00,8440.383064569434
2025-08-01 02:10:00,8433.33518483911
2025-08-01 02:40:00,8425.448788343769
2025-08-01 04:10:00,8417.293816877893
2025-08-01 04:40:00,8427.75546986693
2025-08-01 06:05:00,8418.593648488208
2025-08-01 08:35:00,8409.38767207579
2025-08-01 10:20:00,8401.60281290853
2025-08-01 10:50:00,8392.967019004465
2025-08-01 11:45:00,8402.662287179299
2025-08-01 13:30:00,8393.2460784489
2025-08-01 15:00:00,8404.624656569986
2025-08-01 20:00:00,8382.80682836938
2025-08-01 20:35:00,8368.517683302924
2025-08-01 21:35:00,8386.772188390376
2025-08-01 22:00:00,8374.121190278964
2025-08-01 22:30:00,8392.33056457313
2025-08-04 03:10:00,8381.199632116237
2025-08-04 05:15:00,8396.17071084122
2025-08-04 09:25:00,8386.948600560461
2025-08-04 10:15:00,8376.986877518102
2025-08-04 11:30:00,8366.009188550792
2025-08-04 12:35:00,8382.739501056807
2025-08-04 13:00:00,8372.373356953989
2025-08-04 14:00:00,8387.104675171111
2025-08-04 15:00:00,8376.70257382767
2025-08-04 15:20:00,8392.410971538613
2025-08-04 17:50:00,8380.410395729145
2025-08-04 19:15:00,8366.614541136416
2025-08-05 02:10:00,8384.458298532112
2025-08-05 03:25:00,8378.623625479024
2025-08-05 03:40:00,8372.750106366922
2025-08-05 05:00:00,8365.160148563573
2025-08-05 08:30:00,8373.892306426713
2025-08-05 10:25:00,8366.225941141549
2025-08-05 10:50:00,8377.342747954317
2025-08-05 11:55:00,8392.63150485378
2025-08-05 12:50:00,8382.487056011654
2025-08-05 14:35:00,8395.142414863205
2025-08-05 15:05:00,8385.540469890222
2025-08-05 16:35:00,8375.25471915164
2025-08-05 17:00:00,8363.728398049656
2025-08-05 17:40:00,8349.97997331895
2025-08-05 21:45:00,8341.703860444424
2025-08-05 22:05:00,8334.619626733309
2025-08-06 02:50:00,8342.029176835891
2025-08-06 03:30:00,8335.87350163169
2025-08-06 04:00:00,8329.65013143419
2025-08-06 05:00:00,8323.527672179245
2025-08-06 06:20:00,8330.313718919695
2025-08-06 09:30:00,8337.011859624747
2025-08-06 09:55:00,8329.755683304553
2025-08-06 10:15:00,8322.64878848842
2025-08-06 11:25:00,8315.543947661708
2025-08-06 12:50:00,8326.597550623763
2025-08-06 15:45:00,8339.167960046721
2025-08-06 18:15:00,8356.090012338527
2025-08-06 18:40:00,8343.24445451353
2025-08-06 21:05:00,8361.35049047424
2025-08-06 23:35:00,8354.31459948323
2025-08-07 00:25:00,8346.914772877784
2025-08-07 01:00:00,8350.811429480464
2025-08-07 03:00:00,8343.82236323581
2025-08-07 03:30:00,8337.219733472224
2025-08-07 04:50:00,8342.971139841093
2025-08-07 07:00:00,8350.111867003867
2025-08-07 09:30:00,8355.366673858874
2025-08-07 10:35:00,8362.778749290179
2025-08-07 12:35:00,8351.402304760995
2025-08-07 13:00:00,8342.375423452302
2025-08-07 14:00:00,8334.215670596164
2025-08-07 16:20:00,8322.910142170116
2025-08-07 17:05:00,8344.267393912245
2025-08-07 18:35:00,8329.610638227312
2025-08-07 22:35:00,8316.727469219373
2025-08-08 01:00:00,8303.087261253419
2025-08-08 03:25:00,8296.494361748064
2025-08-08 04:05:00,8289.47140248069
2025-08-08 06:05:00,8281.586484104158
2025-08-08 08:10:00,8274.264083186352
2025-08-08 10:00:00,8266.840522269618
2025-08-08 10:30:00,8258.899021466475
2025-08-08 11:10:00,8250.42877920875
2025-08-08 11:30:00,8259.136027759463
2025-08-08 13:40:00,8268.964230238227
2025-08-08 14:10:00,8260.477903568886
2025-08-08 14:40:00,8251.77965997239
2025-08-08 15:30:00,8243.479744151975
2025-08-08 16:15:00,8234.563091090731
2025-08-08 17:05:00,8225.184382444613
2025-08-08 18:15:00,8214.976230067978
2025-08-08 19:10:00,8205.438610378762
2025-08-08 22:20:00,8195.988868043445
2025-08-11 00:05:00,8185.885369956727
2025-08-11 04:45:00,8176.032121733345
2025-08-11 09:45:00,8170.097872902238
2025-08-11 12:10:00,8162.349667728079
2025-08-11 14:25:00,8169.956011099136
2025-08-11 17:00:00,8181.36145250746
2025-08-11 19:20:00,8171.350326028486
2025-08-11 20:55:00,8162.902302925241
2025-08-11 21:30:00,8155.3536939504975
2025-08-11 22:30:00,8161.80784890421
2025-08-11 23:15:00,8155.226200498473
2025-08-11 23:25:00,8148.701462842506
2025-08-12 00:00:00,8136.393995165337
2025-08-12 01:00:00,8125.044203750826
2025-08-12 03:00:00,8118.714855828644
2025-08-12 03:35:00,8113.010495006212
2025-08-12 04:35:00,8106.779868319706
2025-08-12 07:50:00,8099.8038815258005
2025-08-12 08:45:00,8093.066826317907
2025-08-12 10:30:00,8085.588285820609
2025-08-12 12:25:00,8095.454182113236
2025-08-12 14:45:00,8103.630055496223
2025-08-12 15:00:00,8095.924915310269
2025-08-12 15:30:00,8088.087999423314
2025-08-12 16:40:00,8112.276729420336
2025-08-13 10:05:00,8136.505296850288
2025-08-13 13:35:00,8128.543549384789
2025-08-13 14:05:00,8120.55907082003
2025-08-13 15:35:00,8112.932970746158
2025-08-13 17:20:00,8124.0901867526445
2025-08-13 20:10:00,8113.404203508445
2025-08-13 21:10:00,8105.2692110974485
2025-08-14 02:00:00,8111.281052731025
2025-08-14 05:15:00,8105.752078221806
2025-08-14 06:15:00,8099.3025615116685
2025-08-14 08:25:00,8093.204150705595
2025-08-14 09:10:00,8087.5978111043
2025-08-14 09:40:00,8094.008900976128
2025-08-14 11:50:00,8105.115890843129
2025-08-14 12:30:00,8095.285824127331
2025-08-14 13:20:00,8086.571127198394
2025-08-14 14:00:00,8078.17506363108
2025-08-14 15:25:00,8087.201043511654
2025-08-14 18:45:00,8107.7343804458105
2025-08-14 22:30:00,8098.15722395692
2025-08-15 01:00:00,8091.6223061973515
2025-08-15 03:55:00,8085.897244478959
2025-08-15 04:40:00,8079.864216250846
2025-08-15 05:05:00,8072.871527542223
2025-08-15 06:15:00,8066.349005135299
2025-08-15 08:25:00,8060.198755719677
2025-08-15 10:00:00,8066.0507162389695
2025-08-15 12:10:00,8071.911298778699
2025-08-15 15:30:00,8064.6656962823845
2025-08-15 16:50:00,8079.391308798378
2025-08-18 04:20:00,8068.354874057248
2025-08-18 07:35:00,8074.177412112317
2025-08-18 08:30:00,8068.191236974844
2025-08-18 09:25:00,8062.105831203777
2025-08-18 10:45:00,8054.406931127677
2025-08-18 10:50:00,8045.345374727784
2025-08-18 14:55:00,8056.182678326254
2025-08-18 17:05:00,8047.219266193004
2025-08-18 17:45:00,8057.974506975747
2025-08-19 04:20:00,8069.300929407363
2025-08-19 07:50:00,8061.202689361439
2025-08-19 08:05:00,8054.731238824318
2025-08-19 08:50:00,8059.209246515691
2025-08-19 09:30:00,8052.04570853732
2025-08-19 09:45:00,8044.585907903763
2025-08-19 13:20:00,8053.943371855781
2025-08-19 14:30:00,8046.105735573044
2025-08-19 15:30:00,8038.48731449252
2025-08-19 16:10:00,8029.846850636725
2025-08-19 17:15:00,8020.851176637144
2025-08-19 17:45:00,8011.502460641523
2025-08-19 18:35:00,8002.4724166900405
2025-08-20 03:00:00,8007.629391631947
2025-08-20 04:25:00,8013.299639189232
2025-08-20 07:10:00,8005.372763788626
2025-08-20 09:00:00,7998.293683355024
2025-08-20 10:05:00,7989.413043257966
2025-08-20 10:20:00,7980.812646183118
2025-08-20 11:00:00,7972.48916185982
2025-08-20 11:40:00,7981.2915822235445
2025-08-20 12:35:00,7972.7390735629015
2025-08-20 13:10:00,7964.890495736534
2025-08-20 15:15:00,7956.877903135915
2025-08-20 17:00:00,7946.731742814361
2025-08-20 17:15:00,7935.992524801805
2025-08-20 18:50:00,7925.26624492805
2025-08-20 20:50:00,7936.938660182875
2025-08-20 22:00:00,7928.007936593036
2025-08-20 23:05:00,7920.273323349957
2025-08-21 03:00:00,7913.617448388337
2025-08-21 03:40:00,7917.579272166149
2025-08-21 04:40:00,7911.133197516254
2025-08-21 09:20:00,7917.196764730697
2025-08-21 10:30:00,7908.630239797655
2025-08-21 11:30:00,7899.838554050241
2025-08-21 12:10:00,7891.562848566265
2025-08-21 13:15:00,7883.901934279927
2025-08-21 14:30:00,7876.806596368746
2025-08-21 16:40:00,7887.309680659218
2025-08-22 06:35:00,7906.252222919947
2025-08-22 09:15:00,7899.952766291534
2025-08-22 10:05:00,7893.020372555825
2025-08-22 12:05:00,7885.093669861001
2025-08-22 14:35:00,7877.595059159621
2025-08-22 16:00:00,7870.459190135771
2025-08-22 16:35:00,7862.653792770477
2025-08-22 16:55:00,7854.586638919789
2025-08-22 21:45:00,7845.169203978753
2025-08-22 22:00:00,7836.477690450977
2025-08-25 01:15:00,7828.61669268637
2025-08-25 04:25:00,7821.723773474324
2025-08-25 06:55:00,7828.779344544925
2025-08-25 08:15:00,7823.096561195255
2025-08-25 08:55:00,7817.694505361617
2025-08-25 09:05:00,7822.3583761653435
2025-08-25 10:35:00,7814.7754946912755
2025-08-25 10:50:00,7806.95249995088
2025-08-25 12:15:00,7798.775393430841
2025-08-25 14:55:00,7805.645604225343
2025-08-25 16:15:00,7798.011348242124
2025-08-25 16:45:00,7805.963148770881
2025-08-25 17:50:00,7797.217498728783
2025-08-25 23:45:00,7788.8551804391045
2025-08-26 03:00:00,7780.858334175075
2025-08-26 09:15:00,7797.946767037093
2025-08-26 10:05:00,7810.389514341787
2025-08-26 11:20:00,7827.6560126764925
2025-08-26 12:05:00,7815.911738103496
2025-08-26 12:15:00,7804.979359921765
2025-08-26 12:45:00,7794.186749528346
2025-08-26 14:00:00,7784.724472420539
2025-08-26 14:30:00,7776.00967127481
2025-08-26 16:00:00,7765.83680789307
2025-08-26 17:20:00,7780.028717029771
2025-08-26 20:30:00,7768.785784709708
2025-08-26 20:50:00,7761.028121347301
2025-08-26 23:00:00,7753.576393449393
2025-08-27 04:35:00,7746.1752296228115
2025-08-27 06:50:00,7750.874024371798
2025-08-27 09:05:00,7745.074555821684
2025-08-27 09:25:00,7738.98683330209
2025-08-27 09:40:00,7732.729448543603
2025-08-27 10:10:00,7737.890671267843
2025-08-27 13:50:00,7747.47685997622
2025-08-27 15:05:00,7738.92850464105
2025-08-27 16:50:00,7730.234697517499
2025-08-27 18:05:00,7719.589690184754
2025-08-28 01:30:00,7729.609053230213
2025-08-28 04:10:00,7732.876578458196
2025-08-28 04:35:00,7727.002672447488
2025-08-28 05:05:00,7731.058154594371
2025-08-28 06:40:00,7724.522250306868
2025-08-28 07:50:00,7718.723133851022
2025-08-28 09:00:00,7713.2370864665345
2025-08-28 09:30:00,7707.25472928297
2025-08-28 10:00:00,7714.134705846179
2025-08-28 10:20:00,7705.922852896409
2025-08-28 11:10:00,7697.900898057066
2025-08-28 12:05:00,7707.880560035197
2025-08-28 15:05:00,7717.192263833871
2025-08-28 15:40:00,7729.910588295845
2025-08-28 16:30:00,7717.2071494901575
2025-08-28 17:10:00,7733.7454329145885
2025-08-28 18:05:00,7722.040215156578
2025-08-28 19:30:00,7736.3034659920395
2025-08-28 23:00:00,7727.998178122404
2025-08-29 00:05:00,7722.007595237372
2025-08-29 00:10:00,7713.959285981388
2025-08-29 01:40:00,7705.934217218643
2025-08-29 03:50:00,7700.145152329639
2025-08-29 04:05:00,7693.782120381012
2025-08-29 04:15:00,7686.616946872976
2025-08-29 08:55:00,7680.374868830455
2025-08-29 09:25:00,7674.26695674395
2025-08-29 10:00:00,7667.578434100233
2025-08-29 10:10:00,7659.854349496161
2025-08-29 10:50:00,7651.978735730407
2025-08-29 11:30:00,7643.312303499333
2025-08-29 12:30:00,7633.667454358341
2025-08-29 14:20:00,7624.056521825265
2025-08-29 15:05:00,7616.528621060726
2025-08-29 16:45:00,7606.771649280456
2025-08-29 16:55:00,7596.395878617354
2025-08-29 17:05:00,7585.807841668046
2025-08-29 23:45:00,7575.5042677443735
2025-09-01 00:40:00,7566.155903102725
2025-09-01 05:05:00,7570.069741116037
2025-09-01 08:30:00,7576.043489903629
2025-09-01 10:35:00,7568.0911100464
2025-09-01 11:45:00,7576.460437749008
2025-09-01 12:55:00,7567.984316050229
2025-09-01 14:55:00,7560.263676483171
2025-09-01 16:45:00,7552.695499268648
2025-09-01 18:15:00,7545.161951064952
2025-09-01 18:55:00,7537.7496832952465
2025-09-01 21:45:00,7530.993112945428
2025-09-01 22:00:00,7526.172816849334
2025-09-02 01:05:00,7524.278785280837
2025-09-02 02:45:00,7527.30485624831
2025-09-02 03:05:00,7521.47641855015
2025-09-02 03:45:00,7515.438238908928
2025-09-02 05:15:00,7522.722098104797
2025-09-02 08:20:00,7530.009881855984
2025-09-02 09:00:00,7523.371588233447
2025-09-02 09:30:00,7517.041795925957
2025-09-02 10:10:00,7526.6675662707785
2025-09-02 14:55:00,7514.985977200159
2025-09-02 15:25:00,7529.723204765689
2025-09-02 16:10:00,7516.484774243483
2025-09-02 16:40:00,7503.761331599335
2025-09-02 16:55:00,7491.6428424325695
2025-09-02 20:40:00,7509.783033910379
2025-09-02 22:45:00,7502.768474423938
2025-09-02 23:10:00,7496.26249427985
2025-09-03 00:00:00,7500.7431741514765
2025-09-03 01:00:00,7492.732679041201
2025-09-03 02:35:00,7498.783435131069
2025-09-03 04:15:00,7503.365272150818
2025-09-03 06:40:00,7509.001162492943
2025-09-03 07:50:00,7503.093029091016
2025-09-03 08:20:00,7497.4043904353175
2025-09-03 09:15:00,7491.801447826783
2025-09-03 09:30:00,7485.296512515597
2025-09-03 10:15:00,7492.08654910252
2025-09-03 10:45:00,7482.320923320813
2025-09-03 11:00:00,7471.904531249965
2025-09-03 11:50:00,7461.400739372536
2025-09-03 13:30:00,7452.281715933009
2025-09-03 13:40:00,7443.485512119247
2025-09-03 15:10:00,7453.280742082014
2025-09-03 15:40:00,7443.6927169619685
2025-09-03 17:00:00,7455.449049327767
2025-09-03 18:30:00,7472.846995052157
2025-09-03 20:55:00,7462.15746574893
2025-09-03 21:35:00,7454.067090576715
2025-09-03 22:15:00,7446.339465819264
2025-09-04 03:40:00,7439.349366932698
2025-09-04 04:10:00,7433.38824311943
2025-09-04 04:30:00,7438.7007604585
2025-09-04 05:10:00,7431.283522476952
2025-09-04 08:00:00,7424.447863500825
2025-09-04 08:55:00,7418.83566004535
2025-09-04 09:05:00,7413.227808310971
2025-09-04 09:50:00,7406.96384421878
2025-09-04 10:20:00,7414.068164212381
2025-09-04 12:00:00,7406.109499190716
2025-09-04 12:20:00,7417.894154416047
2025-09-04 13:10:00,7408.952419781661
2025-09-04 14:55:00,7421.2667376715735
2025-09-04 15:15:00,7413.605502457433
2025-09-04 15:35:00,7426.1173710911535
2025-09-05 02:35:00,7414.85797389437
2025-09-05 08:55:00,7420.128368298898
2025-09-05 09:20:00,7413.84243403163
2025-09-05 11:15:00,7422.3574832919685
2025-09-05 12:10:00,7431.046706200658
2025-09-05 14:15:00,7424.7920079290525
2025-09-05 14:45:00,7418.263902206488
2025-09-05 15:05:00,7428.92953033347
2025-09-05 21:15:00,7413.14546384207
2025-09-05 22:35:00,7405.069319848631
2025-09-08 00:00:00,7396.590003542768
2025-09-08 01:10:00,7384.353169825167
2025-09-08 04:00:00,7391.716178707335
2025-09-08 07:10:00,7384.919411324383
2025-09-08 08:05:00,7391.041761109343
2025-09-08 09:10:00,7396.751897084591
2025-09-08 09:50:00,7405.640779829777
2025-09-08 12:10:00,7396.592049524943
2025-09-08 15:50:00,7408.285710393831
2025-09-08 19:35:00,7399.347908577447
2025-09-08 20:05:00,7391.697542732655
2025-09-08 21:15:00,7400.905968855736
2025-09-09 02:10:00,7406.0943574419425
2025-09-09 03:25:00,7410.944837803295
2025-09-09 04:30:00,7405.110831025362
2025-09-09 04:50:00,7411.447348654172
2025-09-09 05:50:00,7405.243424929736
2025-09-09 06:20:00,7399.012495982928
2025-09-09 07:45:00,7405.017567614821
2025-09-09 08:50:00,7410.540983689804
2025-09-09 09:20:00,7404.090063836865
2025-09-09 09:25:00,7397.027576281684
2025-09-09 09:40:00,7389.76978285649
2025-09-09 10:40:00,7381.800344653216
2025-09-09 14:35:00,7371.595235084726
2025-09-09 16:35:00,7363.164238715189
2025-09-09 17:00:00,7354.2317734061935
2025-09-09 20:45:00,7376.461680656648
2025-09-10 01:05:00,7369.274088316706
2025-09-10 02:20:00,7375.832783616614
2025-09-10 04:55:00,7368.8228899438855
2025-09-10 05:05:00,7361.439597222447
2025-09-10 06:45:00,7354.666433146305
2025-09-10 07:25:00,7349.472643544835
2025-09-10 09:05:00,7344.041262553853
2025-09-10 09:55:00,7351.470352152996
2025-09-10 12:45:00,7340.763829843486
2025-09-10 14:40:00,7352.296064394355
2025-09-10 15:00:00,7344.820227614439
2025-09-10 15:10:00,7354.974136802101
2025-09-10 16:30:00,7342.133693437851
2025-09-10 19:50:00,7330.410525162879
2025-09-10 20:25:00,7322.203759449857
2025-09-10 21:20:00,7315.588091192212
2025-09-10 22:05:00,7323.069740727231
2025-09-11 02:15:00,7316.847866596573
2025-09-11 03:15:00,7320.459037221199
2025-09-11 04:30:00,7314.715552109847
2025-09-11 08:50:00,7320.363500924322
2025-09-11 09:15:00,7328.944912762947
2025-09-11 12:40:00,7338.0720854340325
2025-09-11 15:15:00,7347.58895027122
2025-09-11 15:30:00,7330.925650295423
2025-09-11 15:55:00,7312.57947264526
2025-09-12 12:05:00,7297.867852045674
2025-09-12 12:40:00,7289.990038300998
2025-09-12 13:15:00,7282.231521904649
2025-09-12 13:40:00,7274.420806661101
2025-09-12 14:40:00,7267.386900242173
2025-09-12 15:00:00,7260.303399104248
2025-09-12 17:00:00,7251.107712710599
2025-09-12 17:20:00,7240.983396746006
2025-09-12 20:05:00,7231.0290157636755
2025-09-12 23:05:00,7225.283336566026
2025-09-15 01:55:00,7217.969032262215
2025-09-15 02:10:00,7212.2362001968895
2025-09-15 03:00:00,7206.680977147502
2025-09-15 03:20:00,7201.1715109122515
2025-09-15 06:25:00,7206.318698270514
2025-09-15 08:30:00,7201.405262532903
2025-09-15 09:00:00,7196.671138104011
2025-09-15 09:15:00,7191.778077330161
2025-09-15 10:00:00,7186.109164407512
2025-09-15 10:05:00,7179.675254795635
2025-09-15 12:20:00,7189.353835790294
2025-09-15 15:00:00,7200.125054392876
2025-09-15 16:25:00,7192.221677225588
2025-09-15 17:00:00,7184.161880388987
2025-09-15 18:30:00,7194.9827096066065
2025-09-15 19:00:00,7205.706457711841
2025-09-15 19:30:00,7197.4423188945175
2025-09-16 05:15:00,7207.985887655534
2025-09-16 09:15:00,7216.120631368721
2025-09-16 12:10:00,7227.478004455653
2025-09-16 14:50:00,7239.081099560475
2025-09-16 15:30:00,7229.57627922075
2025-09-16 16:20:00,7245.747262601178
2025-09-16 19:15:00,7262.97774222331
2025-09-16 22:40:00,7254.055354544283
2025-09-17 00:00:00,7247.017634111489
2025-09-17 02:10:00,7250.538875113907
2025-09-17 03:30:00,7245.1844724616685
2025-09-17 05:30:00,7239.320114989551
2025-09-17 10:00:00,7233.47041159421
2025-09-17 13:10:00,7226.801347525719
2025-09-17 16:05:00,7219.823333140638
2025-09-17 16:35:00,7212.122132858967
2025-09-17 17:10:00,7204.447990457579
2025-09-17 18:05:00,7196.54603642779
2025-09-17 18:45:00,7188.517980562706
2025-09-17 21:00:00,7198.838255421354
2025-09-17 21:40:00,7179.887364769146
2025-09-17 21:50:00,7157.8654233394345
2025-09-17 22:35:00,7133.508925547525
2025-09-17 23:15:00,7110.965021615784
2025-09-18 02:30:00,7101.788799230794
2025-09-18 03:10:00,7109.321091434429
2025-09-18 03:50:00,7102.215519568175
2025-09-18 04:15:00,7112.607726292988
2025-09-18 07:30:00,7124.435816762684
2025-09-18 09:45:00,7115.6675882109175
2025-09-18 10:00:00,7106.836266006752
2025-09-18 11:50:00,7096.7306743368845
2025-09-18 14:40:00,7087.421168508482
2025-09-18 15:05:00,7078.037641248646
2025-09-18 18:20:00,7064.7747732295265
2025-09-19 09:30:00,7084.569018764953
2025-09-19 10:05:00,7098.077268294864
2025-09-19 11:05:00,7114.4808772053375
2025-09-19 14:45:00,7131.487600416322
2025-09-19 16:15:00,7120.901319938966
2025-09-19 16:50:00,7109.788798725865
2025-09-19 17:20:00,7099.4285873355875
2025-09-19 18:35:00,7115.408370864011
2025-09-22 03:05:00,7129.776177142119
2025-09-22 03:50:00,7136.8561526672065
2025-09-22 04:00:00,7129.4479345456475
2025-09-22 04:15:00,7121.843874861342
2025-09-22 05:05:00,7130.930113291676
2025-09-22 08:55:00,7124.162025322433
2025-09-22 10:25:00,7116.951061673373
2025-09-22 11:05:00,7108.638415852156
2025-09-22 15:00:00,7119.472261468932
2025-09-22 17:00:00,7110.883109827529
2025-09-22 19:10:00,7124.027327542247
2025-09-23 03:50:00,7128.7257054864795
2025-09-23 05:30:00,7122.000199378711
2025-09-23 06:05:00,7115.422105077839
2025-09-23 07:20:00,7108.999937650203
2025-09-23 07:55:00,7102.9416331892635
2025-09-23 09:10:00,7097.082449339375
2025-09-23 10:00:00,7089.70474184706
2025-09-23 10:15:00,7080.420943705543
2025-09-23 12:10:00,7095.749664198919
2025-09-23 13:25:00,7087.1386530726995
2025-09-23 15:20:00,7078.45897451993
2025-09-23 16:00:00,7090.861902809127
2025-09-23 16:45:00,7082.390470543685
2025-09-23 20:25:00,7098.870016691159
2025-09-24 03:30:00,7090.344645509327
2025-09-24 05:30:00,7083.608489672307
2025-09-24 08:45:00,7077.109079996082
2025-09-24 09:30:00,7085.083886500688
2025-09-24 11:10:00,7097.020774702773
2025-09-24 15:40:00,7106.97254619109
2025-09-25 03:55:00,7096.794121383589
2025-09-25 05:40:00,7091.122053518782
2025-09-25 06:55:00,7085.632477115198
2025-09-25 07:30:00,7080.497674674627
2025-09-25 08:10:00,7084.374156881001
2025-09-25 10:45:00,7092.736228559179
2025-09-25 12:05:00,7084.257688898491
2025-09-25 13:10:00,7076.23057414696
2025-09-25 13:45:00,7069.044264808443
2025-09-25 14:10:00,7077.612304802394
2025-09-25 15:30:00,7087.345268510734
2025-09-25 20:20:00,7102.271078145409
2025-09-25 22:25:00,7094.212287925594
2025-09-25 23:30:00,7086.479848122696
2025-09-26 00:05:00,7092.622260338087
2025-09-26 01:05:00,7083.4462636749695
2025-09-26 05:20:00,7073.115614679354
2025-09-26 07:10:00,7067.750567567683
2025-09-26 09:05:00,7062.006773856103
2025-09-26 09:45:00,7068.959727408157
2025-09-26 10:00:00,7061.80808935808
2025-09-26 10:50:00,7071.846628444438
2025-09-26 11:05:00,7063.579831369016
2025-09-26 11:30:00,7055.484480829493
2025-09-26 13:30:00,7065.608832769262
2025-09-26 14:50:00,7058.307476526332
2025-09-26 15:30:00,7050.5228298776865
2025-09-26 15:45:00,7041.143840103635
2025-09-26 16:00:00,7030.77872070191
2025-09-26 17:05:00,7019.315511774781
2025-09-29 03:00:00,7037.196046569211
2025-09-29 04:35:00,7043.661307326799
2025-09-29 09:10:00,7037.525973559117
2025-09-29 10:00:00,7030.452560678827
2025-09-29 10:15:00,7039.122412269504
2025-09-29 11:15:00,7031.425383588949
2025-09-29 14:25:00,7022.639599738422
2025-09-29 14:55:00,7031.901834034458
2025-09-29 15:35:00,7044.532200767282
2025-09-29 17:35:00,7033.428915145062
2025-09-29 18:10:00,7023.541964600123
2025-09-29 21:00:00,7013.986052558644
2025-09-29 21:45:00,7020.84077742368
2025-09-29 23:05:00,7014.5733291815
2025-09-30 00:00:00,7008.638841336998
2025-09-30 02:25:00,7009.010284082722
2025-09-30 03:30:00,7003.770249942427
2025-09-30 04:40:00,6996.456465185673
2025-09-30 04:55:00,6989.401650833391
2025-09-30 07:55:00,6982.242861639588
2025-09-30 11:30:00,6991.459624039689
2025-09-30 13:10:00,6983.5104483952655
2025-09-30 14:15:00,6975.911299519447
2025-09-30 15:35:00,6968.739432041352
2025-09-30 16:05:00,6960.429995611776
2025-09-30 17:05:00,6974.517609721668
2025-09-30 18:25:00,6962.929769863293
2025-09-30 19:30:00,6979.452687824476
2025-09-30 21:00:00,6970.786415000674
2025-09-30 21:30:00,6962.273878049547
2025-09-30 23:10:00,6953.970516380716
2025-10-01 00:00:00,6947.716379328728
2025-10-01 02:05:00,6950.014799193927
2025-10-01 03:00:00,6955.272167664471
2025-10-01 04:40:00,6949.382432964897
2025-10-01 07:10:00,6943.262625304488
2025-10-01 09:35:00,6952.006638937561
2025-10-01 10:25:00,6941.204736451726
2025-10-01 10:40:00,6930.456541286307
2025-10-01 12:45:00,6918.23631268053
2025-10-01 14:35:00,6909.121451792859
2025-10-01 15:05:00,6921.148480127655
2025-10-01 15:30:00,6906.9863694134065
2025-10-01 17:00:00,6891.867416337894
2025-10-01 17:20:00,6877.043083192938
2025-10-01 17:45:00,6862.602937449692
2025-10-01 18:15:00,6846.901049502247
2025-10-01 21:15:00,6836.1272896254495
2025-10-02 05:10:00,6828.071613165234
2025-10-02 09:00:00,6821.851734140937
2025-10-02 09:35:00,6815.334397267017
2025-10-02 10:00:00,6824.6090715468135
2025-10-02 15:40:00,6816.926073972933
2025-10-02 16:15:00,6808.434427026072
2025-10-02 16:35:00,6799.876074296759
2025-10-02 19:50:00,6788.406985278594
2025-10-02 20:05:00,6778.9485107179935
2025-10-02 21:55:00,6769.9360213405125
2025-10-03 00:00:00,6776.523969231753
2025-10-03 01:00:00,6768.519878630612
2025-10-03 02:30:00,6762.423444229868
2025-10-03 04:00:00,6757.549648662209
2025-10-03 04:25:00,6763.941828155048
2025-10-03 04:45:00,6757.709494767861
2025-10-03 07:55:00,6764.607463003566
2025-10-03 09:05:00,6758.456207305077
2025-10-03 09:30:00,6751.755055658182
2025-10-03 10:35:00,6744.736621563699
2025-10-03 11:00:00,6737.397875116293
2025-10-03 15:35:00,6729.771091375701
2025-10-03 17:00:00,6740.957924918011
2025-10-03 20:50:00,6729.725087414621
2025-10-06 00:00:00,6722.371841256095
2025-10-06 01:05:00,6710.3607694646635
2025-10-06 04:50:00,6701.80106011256
2025-10-06 08:10:00,6707.680441233915
2025-10-06 10:40:00,6720.593154334298
2025-10-06 14:30:00,6709.460786188793
2025-10-06 15:00:00,6701.078024297205
2025-10-06 15:10:00,6692.233116179196
2025-10-06 15:35:00,6682.962008548042
2025-10-06 16:40:00,6673.658295544567
2025-10-06 22:35:00,6664.612865123737
2025-10-06 23:00:00,6658.724545709596
2025-10-07 00:00:00,6652.374923357606
2025-10-07 03:00:00,6644.640063916603
2025-10-07 03:35:00,6638.841470199055
2025-10-07 04:05:00,6632.673135161645
2025-10-07 04:35:00,6626.52798913449
2025-10-07 06:45:00,6620.46894435361
2025-10-07 07:40:00,6625.819309717699
2025-10-07 11:45:00,6635.913730083078
2025-10-07 14:25:00,6645.739290207811
2025-10-07 16:05:00,6638.188617798751
2025-10-07 17:35:00,6650.430133801575
2025-10-07 18:05:00,6641.884023591933
2025-10-07 18:15:00,6633.140545410235
2025-10-07 18:40:00,6624.721976613533
2025-10-07 19:10:00,6616.163631291951
2025-10-07 21:30:00,6627.471304798874
2025-10-08 01:05:00,6621.3099001017745
2025-10-08 03:00:00,6625.373908374246
2025-10-08 08:05:00,6632.337627990607
2025-10-08 09:15:00,6639.549586680074
2025-10-08 10:00:00,6631.881237302209
2025-10-08 10:35:00,6624.022777895159
2025-10-08 12:40:00,6636.744186345234
2025-10-08 13:20:00,6627.01735180511
2025-10-08 13:45:00,6617.260729009908
2025-10-08 15:30:00,6608.557240267287
2025-10-08 16:05:00,6599.960506042818
2025-10-08 18:00:00,6613.059679316925
2025-10-08 21:15:00,6606.085413646661
2025-10-08 21:25:00,6597.390404568979
2025-10-08 23:50:00,6589.3521459824915
2025-10-09 00:50:00,6574.114291665894
2025-10-09 01:10:00,6564.92712479742
2025-10-09 03:20:00,6570.1884289525815
2025-10-09 05:45:00,6576.810968192248
2025-10-09 08:55:00,6570.847662349059
2025-10-09 12:00:00,6560.9697569161835
2025-10-09 12:35:00,6550.784216007226
2025-10-09 15:20:00,6564.528979291241
2025-10-09 16:05:00,6555.755026612729
2025-10-09 16:40:00,6572.591142193887
2025-10-09 21:50:00,6587.4544396518
2025-10-09 22:35:00,6579.763505759583
2025-10-09 23:30:00,6572.116555409289
2025-10-10 00:00:00,6579.98312143344
2025-10-10 01:00:00,6569.045498252909
2025-10-10 03:50:00,6561.474214256465
2025-10-10 04:05:00,6555.356342859069
2025-10-10 05:15:00,6549.088637419479
2025-10-10 08:05:00,6542.590208606954
2025-10-10 08:20:00,6537.008201601743
2025-10-10 09:05:00,6542.85355101169
2025-10-10 09:50:00,6550.278370413705
2025-10-10 09:55:00,6541.979641515046
2025-10-10 10:50:00,6533.223678966292
2025-10-10 11:10:00,6524.285028063485
2025-10-10 12:15:00,6515.960668806928
2025-10-10 14:30:00,6508.2569918301815
2025-10-10 15:15:00,6499.7111674418065
2025-10-10 17:55:00,6491.327065334934
2025-10-13 01:05:00,6476.8724410782515
2025-10-13 03:50:00,6489.517415472421
2025-10-13 08:50:00,6482.219159091675
2025-10-13 09:15:00,6489.466767416916
2025-10-13 09:50:00,6481.4571186734975
2025-10-13 10:00:00,6472.2007053027655
2025-10-13 10:45:00,6462.371908718809
2025-10-13 11:15:00,6452.417626390406
2025-10-13 14:35:00,6465.823233298785
2025-10-14 03:00:00,6480.287495416589
2025-10-14 04:05:00,6473.954005837599
2025-10-14 04:20:00,6467.501150027143
2025-10-14 05:50:00,6461.978230115826
2025-10-14 06:25:00,6456.524321513391
2025-10-14 08:40:00,6463.519024989415
2025-10-14 09:10:00,6456.689762314521
2025-10-14 09:20:00,6448.847795283766
2025-10-14 10:15:00,6439.205374356088
2025-10-14 10:25:00,6428.9452253844765
2025-10-14 16:25:00,6418.371044484592
2025-10-14 17:20:00,6407.80593910752
2025-10-15 04:20:00,6423.032177836731
2025-10-15 09:10:00,6429.185611577766
2025-10-15 09:45:00,6438.728201795715
2025-10-15 11:50:00,6451.440151615444
2025-10-15 12:05:00,6442.490093888827
2025-10-15 13:25:00,6433.731246649258
2025-10-15 15:00:00,6426.483555471639
2025-10-15 15:50:00,6418.783127631077
2025-10-15 16:50:00,6431.779080814576
2025-10-15 18:40:00,6445.140788049348
2025-10-16 01:40:00,6460.28116509607
2025-10-16 03:20:00,6465.591436300547
2025-10-16 07:00:00,6458.592546349871
2025-10-16 07:25:00,6453.142930356989
2025-10-16 09:10:00,6457.902021787543
2025-10-16 09:45:00,6450.450008212763
2025-10-16 10:05:00,6442.459626348195
2025-10-16 10:55:00,6433.779046253058
2025-10-16 17:15:00,6447.270033475373
2025-10-16 18:50:00,6438.593894421252
2025-10-16 19:50:00,6450.826654600591
2025-10-17 03:15:00,6464.178663164377
2025-10-17 05:05:00,6456.985901623161
2025-10-17 05:35:00,6466.826825793098
2025-10-17 08:15:00,6475.387797076009
2025-10-17 10:00:00,6466.686243696799
2025-10-17 10:20:00,6456.467883871028
2025-10-17 11:50:00,6445.390238489316
2025-10-17 13:55:00,6434.743184774672
2025-10-17 14:10:00,6425.433359400288
2025-10-17 17:05:00,6437.7395549448465
2025-10-17 19:15:00,6428.676323237846
2025-10-17 23:10:00,6439.845303246776
2025-10-20 05:30:00,6430.870937856049
2025-10-20 07:35:00,6425.005587622672
2025-10-20 07:45:00,6419.7647467264205
2025-10-20 08:25:00,6414.502352264866
2025-10-20 09:05:00,6419.3846321935935
2025-10-20 10:00:00,6428.327630050201
2025-10-20 10:30:00,6420.8561886864
2025-10-20 13:10:00,6431.339720901702
2025-10-20 15:00:00,6424.026433793676
2025-10-20 17:35:00,6416.793803583184
2025-10-20 18:25:00,6409.253020244624
2025-10-20 19:50:00,6418.570229036767
2025-10-20 20:40:00,6426.431776219808
2025-10-21 00:00:00,6433.171928797005
2025-10-21 03:00:00,6425.817773136273
2025-10-21 04:35:00,6430.951963908117
2025-10-21 05:35:00,6437.279070012532
2025-10-21 08:35:00,6442.148689891389
2025-10-21 09:45:00,6435.184035177553
2025-10-21 11:40:00,6443.6909397350855
2025-10-21 13:15:00,6454.496351991594
2025-10-21 14:00:00,6445.985623140568
2025-10-21 15:05:00,6457.241880036723
2025-10-21 19:00:00,6448.37880266075
2025-10-21 20:50:00,6462.528243842909
2025-10-22 00:00:00,6470.605925089245
2025-10-22 03:00:00,6463.837237084414
2025-10-22 03:10:00,6458.914513038536
2025-10-22 04:05:00,6453.821688567906
2025-10-22 05:10:00,6448.658993084106
2025-10-22 08:00:00,6443.647269487548
2025-10-22 09:00:00,6447.366928616842
2025-10-22 09:35:00,6441.172345369263
2025-10-22 10:05:00,6448.61290615274
2025-10-22 13:25:00,6459.056897996957
2025-10-22 16:30:00,6451.6967767326705
2025-10-22 17:25:00,6443.606551141977
2025-10-22 21:40:00,6435.637235546168
2025-10-22 22:45:00,6429.603820517271
2025-10-23 03:00:00,6422.501897811241
2025-10-23 03:55:00,6417.204690723496
2025-10-23 04:15:00,6411.796569856306
2025-10-23 05:40:00,6417.439603157691
2025-10-23 06:50:00,6421.100372764827
2025-10-23 07:45:00,6416.318523118983
2025-10-23 08:25:00,6411.742896332981
2025-10-23 08:50:00,6407.077557527798
2025-10-23 09:40:00,6412.736356600722
2025-10-23 10:55:00,6406.129975603877
2025-10-23 11:15:00,6399.022269661154
2025-10-23 13:25:00,6407.57557802339
2025-10-23 15:35:00,6400.946494761535
2025-10-23 16:30:00,6393.266038657886
2025-10-23 20:05:00,6385.03317863584
2025-10-24 04:20:00,6377.296969862025
2025-10-24 05:25:00,6372.272637371208
2025-10-24 07:05:00,6367.936433834734
2025-10-24 08:25:00,6363.560580210506
2025-10-24 09:30:00,6358.900294337987
2025-10-24 09:55:00,6353.469164658296
2025-10-24 10:30:00,6347.266138879595
2025-10-24 11:20:00,6338.234715529355
2025-10-24 15:30:00,6350.930187176932
2025-10-24 17:50:00,6338.816773152009
2025-10-27 03:05:00,6356.038351920008
2025-10-27 04:20:00,6349.260264390378
2025-10-27 05:55:00,6343.105006671874
2025-10-27 07:15:00,6338.092743145821
2025-10-27 08:35:00,6342.70855112566
2025-10-27 09:05:00,6336.84370168339
2025-10-27 10:40:00,6330.457263742966
2025-10-27 11:15:00,6323.440424571565
2025-10-27 14:00:00,6331.167236592895
2025-10-27 15:40:00,6323.853276122157
2025-10-27 20:45:00,6332.432307567438
2025-10-28 01:25:00,6338.865583682103
2025-10-28 02:15:00,6342.376272667937
2025-10-28 06:10:00,6348.484640190731
2025-10-28 08:30:00,6343.046509838626
2025-10-28 08:50:00,6337.147685639039
2025-10-28 09:50:00,6331.062216977004
2025-10-28 10:55:00,6324.05507879353
2025-10-28 11:05:00,6315.464343270626
2025-10-28 14:35:00,6306.993845477688
2025-10-28 16:05:00,6298.907894057097
2025-10-28 16:20:00,6290.815415536281
2025-10-28 18:55:00,6282.115063982486
2025-10-28 21:55:00,6273.506947293477
2025-10-28 22:35:00,6266.907319151343
2025-10-29 01:50:00,6260.746010029881
2025-10-29 01:55:00,6255.770604138673
2025-10-29 03:35:00,6261.7781202761635
2025-10-29 05:40:00,6266.988877678546
2025-10-29 09:10:00,6260.5301338332565
2025-10-29 09:25:00,6254.0525961762405
2025-10-29 10:10:00,6262.323043768439
2025-10-29 11:10:00,6271.616789252591
2025-10-29 11:30:00,6263.746377486376
2025-10-29 12:20:00,6255.294726667431
2025-10-29 13:30:00,6263.413923847193
2025-10-29 14:00:00,6256.25017401596
2025-10-29 14:40:00,6265.4922227757315
2025-10-29 15:15:00,6257.89877805366
2025-10-29 16:55:00,6249.978384865741
2025-10-29 17:35:00,6241.946473240457
2025-10-29 19:25:00,6234.630512251938
2025-10-29 20:35:00,6218.78076239357
2025-10-30 02:15:00,6204.3280991754
2025-10-30 03:45:00,6198.010695313368
2025-10-30 04:10:00,6192.092586629849
2025-10-30 05:00:00,6185.772844804588
2025-10-30 05:20:00,6191.748028036346
2025-10-30 06:05:00,6184.990888976029
2025-10-30 06:15:00,6178.207654792641
2025-10-30 09:00:00,6187.7947265940575
2025-10-30 09:15:00,6179.020224279598
2025-10-30 09:40:00,6170.183280957435
2025-10-30 11:25:00,6161.316936716282
2025-10-30 12:50:00,6172.91437929994
2025-10-30 16:05:00,6161.037682114527
2025-10-30 17:50:00,6180.722803931567
2025-10-31 01:50:00,6171.676693173225
2025-10-31 02:25:00,6166.222328309925
2025-10-31 03:20:00,6160.641207098462
2025-10-31 03:55:00,6166.1099548536495
2025-10-31 08:50:00,6173.072647099016
2025-10-31 10:55:00,6165.906412822215
2025-10-31 11:55:00,6158.785917158768
2025-10-31 13:40:00,6168.8045283989095
2025-10-31 14:10:00,6177.568233199471
2025-10-31 17:55:00,6167.725719783304
2025-10-31 19:15:00,6182.995316599232
2025-10-31 21:25:00,6176.214026144462
2025-10-31 22:50:00,6170.266760417457
2025-11-03 00:05:00,6162.073544616393
2025-11-03 01:10:00,6153.8048442296895
2025-11-03 03:05:00,6162.035725661552
2025-11-03 04:05:00,6155.41655116596
2025-11-03 06:05:00,6149.206250400392
2025-11-03 08:30:00,6144.118319451159
2025-11-03 09:40:00,6139.110287119383
2025-11-03 10:05:00,6145.631495112002
2025-11-03 14:35:00,6137.295545333814
2025-11-03 15:10:00,6144.456344680295
2025-11-03 17:00:00,6137.6835974476535
2025-11-03 17:55:00,6128.982291318951
2025-11-03 20:35:00,6138.360742076186
2025-11-04 02:00:00,6144.215368592972
2025-11-04 05:00:00,6137.706611455895
2025-11-04 05:15:00,6131.4776337942785
2025-11-04 06:40:00,6125.590835882046
2025-11-04 08:10:00,6119.853556285593
2025-11-04 10:45:00,6112.669351783347
2025-11-04 13:35:00,6121.922224590434
2025-11-04 16:20:00,6132.431688422634
2025-11-04 17:35:00,6124.229818178789
2025-11-04 18:15:00,6115.90047819128
2025-11-04 20:10:00,6126.002503207743
2025-11-04 22:00:00,6132.595250404583
2025-11-05 00:50:00,6126.919263784042
2025-11-05 03:20:00,6119.752355025612
2025-11-05 03:35:00,6113.477307191987
2025-11-05 10:05:00,6106.457549751585
2025-11-05 11:50:00,6114.460041235082
2025-11-05 13:25:00,6107.726844988729
2025-11-05 15:00:00,6100.9149233010785
2025-11-05 15:45:00,6109.405325003678
2025-11-05 16:45:00,6101.1631744895985
2025-11-05 17:00:00,6112.717555657498
2025-11-05 22:00:00,6102.065434716006
2025-11-05 23:05:00,6095.543747003693
2025-11-06 01:55:00,6098.261821359774
2025-11-06 02:25:00,6101.707818292177
2025-11-06 07:55:00,6106.063246521335
2025-11-06 10:05:00,6111.10984736409
2025-11-06 10:55:00,6118.316889898262
2025-11-06 14:35:00,6127.838832141357
2025-11-06 16:20:00,6119.8855669254335
2025-11-06 16:40:00,6111.915149468847
2025-11-06 17:00:00,6104.274955262734
2025-11-06 17:55:00,6114.845729769231
2025-11-06 20:40:00,6128.439758664487
2025-11-07 00:00:00,6121.923528352822
2025-11-07 02:50:00,6114.390220539771
2025-11-07 03:45:00,6108.853618127022
2025-11-07 05:05:00,6103.265516933473
2025-11-07 06:20:00,6098.385670539038
2025-11-07 08:20:00,6093.574731685234
2025-11-07 10:00:00,6088.629460008822
2025-11-07 11:50:00,6082.133374827281
2025-11-07 15:15:00,6090.7679115310875
2025-11-07 20:55:00,6081.660800589479
2025-11-07 21:30:00,6075.016929966431
2025-11-07 23:50:00,6067.744023981591
2025-11-10 00:00:00,6061.191269781555
2025-11-10 00:35:00,6053.5075152858435
2025-11-10 01:00:00,6047.162286876534
2025-11-10 02:45:00,6039.209680606726
2025-11-10 06:35:00,6031.593870756797
2025-11-10 07:25:00,6025.974404846515
2025-11-10 08:35:00,6020.520810828385
2025-11-10 08:45:00,6014.882621573105
2025-11-10 09:20:00,6008.269479469649
2025-11-10 09:35:00,6016.3372441936235
2025-11-10 11:20:00,6008.43385177843
2025-11-10 13:00:00,6000.724745862714
2025-11-10 14:15:00,6009.135469978399
2025-11-10 15:15:00,6018.459972882035
2025-11-10 16:00:00,6010.985452533876
2025-11-10 16:45:00,6003.767262623213
2025-11-10 17:30:00,5996.141253174107
2025-11-10 19:00:00,6007.103002156817
2025-11-10 19:45:00,5999.3886763234395
2025-11-10 22:40:00,5992.770956267659
2025-11-10 23:45:00,5997.264562403394
2025-11-11 03:00:00,6001.22304650698
2025-11-11 04:00:00,5995.412204830429
2025-11-11 07:10:00,5989.654316263067
2025-11-11 08:40:00,5984.598551321163
2025-11-11 10:00:00,5978.100216227536
2025-11-11 10:20:00,5971.1524982493565
2025-11-11 10:55:00,5963.641132334308
2025-11-11 11:30:00,5972.633738594707
2025-11-11 12:40:00,5981.669930517998
2025-11-11 15:15:00,5989.1773185475895
2025-11-11 21:45:00,5979.7445169254115
2025-11-11 22:50:00,5974.144799498159
2025-11-12 02:55:00,5968.626610051914
2025-11-12 03:20:00,5963.427216933531
2025-11-12 03:55:00,5958.008601238483
2025-11-12 06:20:00,5952.4950448674845
2025-11-12 07:20:00,5947.42243819775
2025-11-12 08:35:00,5942.202315437764
2025-11-12 08:55:00,5936.713480474067
2025-11-12 11:00:00,5942.708044613286
2025-11-12 11:10:00,5935.857578387535
2025-11-12 14:05:00,5928.629940676631
2025-11-12 16:10:00,5937.215933162799
2025-11-12 17:00:00,5929.886091381721
2025-11-12 17:15:00,5921.815638676874
2025-11-12 17:40:00,5913.8249376368685
2025-11-12 21:10:00,5907.226176050401
2025-11-13 02:30:00,5901.5447588777
2025-11-13 04:00:00,5907.768936200392
2025-11-13 07:35:00,5902.014515188077
2025-11-13 09:20:00,5906.416421076201
2025-11-13 13:55:00,5896.312068170184
2025-11-13 14:50:00,5906.79837724122
2025-11-13 16:35:00,5917.736671853595
2025-11-13 20:50:00,5909.268024334184
2025-11-13 22:00:00,5902.01044673149
2025-11-13 23:00:00,5895.57488349418
2025-11-14 00:00:00,5889.707219319277
2025-11-14 01:00:00,5882.720392382212
2025-11-14 03:25:00,5889.280135505067
2025-11-14 05:30:00,5897.657280866779
2025-11-14 07:55:00,5904.104764052945
2025-11-14 08:25:00,5897.975911622771
2025-11-14 08:45:00,5891.860573142779
2025-11-14 09:55:00,5885.300519061987
2025-11-14 11:00:00,5876.509592965063
2025-11-14 11:50:00,5867.622830400575
2025-11-14 14:05:00,5860.482215199989
2025-11-14 16:40:00,5851.124865771233
2025-11-14 16:50:00,5841.1726847827495
2025-11-14 17:35:00,5831.509143521396
2025-11-17 04:00:00,5845.168934013976
2025-11-17 07:00:00,5840.164857067384
2025-11-17 07:10:00,5835.097095940736
2025-11-17 08:05:00,5839.636069115115
2025-11-17 08:40:00,5834.227410416512
2025-11-17 10:35:00,5841.47648147028
2025-11-17 12:20:00,5834.414211984447
2025-11-17 12:55:00,5842.7536251708925
2025-11-17 15:40:00,5851.128604666271
2025-11-17 16:40:00,5859.38702442442
2025-11-17 17:55:00,5851.958767424614
2025-11-17 18:30:00,5844.490709059116
2025-11-17 21:35:00,5853.86496558199
2025-11-18 01:00:00,5847.782114751516
2025-11-18 02:55:00,5852.088341778682
2025-11-18 03:35:00,5847.023687441917
2025-11-18 05:00:00,5842.026853070638
2025-11-18 06:20:00,5836.977686580554
2025-11-18 07:00:00,5830.875522822074
2025-11-18 10:05:00,5824.78002217434
2025-11-18 10:30:00,5817.087322419372
2025-11-18 12:00:00,5808.821939270078
2025-11-18 15:15:00,5801.441494823162
2025-11-18 15:40:00,5793.193318148606
2025-11-18 17:00:00,5785.112100062339
2025-11-18 17:50:00,5776.451637297028
2025-11-18 17:55:00,5767.263319714144
2025-11-18 20:30:00,5759.911960140214
2025-11-18 21:50:00,5753.17635955288
2025-11-18 23:05:00,5758.597721946109
2025-11-19 00:00:00,5762.145464661733
2025-11-19 02:15:00,5754.039127507291
2025-11-19 03:50:00,5758.288204717755
2025-11-19 04:40:00,5752.5713174984785
2025-11-19 07:00:00,5747.021754371382
2025-11-19 07:35:00,5742.0275768299125
2025-11-19 09:05:00,5736.806396660626
2025-11-19 09:30:00,5742.641588229082
2025-11-19 09:55:00,5735.068727321171
2025-11-19 10:30:00,5726.806413579145
2025-11-19 11:45:00,5737.28533051714
2025-11-19 13:30:00,5729.142856473965
2025-11-19 14:05:00,5720.466051268996
2025-11-19 15:20:00,5712.805586517469
2025-11-19 15:55:00,5724.128808027281
2025-11-19 21:00:00,5732.66028894221
2025-11-19 23:30:00,5725.652529910586
2025-11-20 01:15:00,5718.717314754214
2025-11-20 02:20:00,5723.005921706729
2025-11-20 03:40:00,5729.362779060788
2025-11-20 08:05:00,5722.923713648281
2025-11-20 10:15:00,5729.61845385507
2025-11-20 10:30:00,5722.323192527204
2025-11-20 12:00:00,5714.508400872055
2025-11-20 13:40:00,5723.232980744941
2025-11-20 15:30:00,5716.627535896159
2025-11-20 16:00:00,5704.777210981402
2025-11-20 16:25:00,5692.527975509454
2025-11-21 00:00:00,5709.960361763194
2025-11-21 03:05:00,5717.513889527984
2025-11-21 06:15:00,5723.467079442475
2025-11-21 08:20:00,5728.223669279192
2025-11-21 10:00:00,5722.4428173039305
2025-11-21 10:15:00,5733.14393200841
2025-11-21 11:00:00,5724.000508259217
2025-11-21 11:10:00,5714.463661321581
2025-11-21 11:50:00,5705.41528204972
2025-11-21 13:50:00,5717.049332937735
2025-11-21 14:45:00,5706.373587043285
2025-11-21 17:50:00,5723.370826656542
2025-11-21 19:00:00,5713.938436299386
2025-11-21 23:15:00,5704.219436450614
2025-11-24 01:25:00,5709.368459564725
2025-11-24 03:30:00,5704.012825027947
2025-11-24 04:10:00,5698.491604811704
2025-11-24 05:30:00,5693.125758526355
2025-11-24 06:25:00,5687.909675894744
2025-11-24 06:55:00,5683.080708526634
2025-11-24 09:05:00,5677.312015585198
2025-11-24 09:45:00,5671.290623810527
2025-11-24 10:20:00,5680.647085027946
2025-11-24 12:10:00,5691.564788395272
2025-11-24 13:45:00,5702.694860334107
2025-11-24 14:45:00,5711.291577103554
2025-11-24 15:40:00,5703.540740262436
2025-11-24 16:20:00,5695.963832665636
2025-11-24 16:45:00,5687.886779413323
2025-11-24 18:25:00,5679.555828126784
2025-11-24 18:55:00,5671.470134388266
2025-11-24 20:50:00,5663.992135370679
2025-11-25 00:00:00,5670.754711063629
2025-11-25 00:55:00,5663.772096946824
2025-11-25 02:05:00,5668.233710743873
2025-11-25 02:55:00,5663.302869566386
2025-11-25 03:15:00,5658.003176424924
2025-11-25 05:00:00,5652.591803229887
2025-11-25 05:25:00,5647.210933985499
2025-11-25 05:45:00,5641.6874253826
2025-11-25 08:30:00,5636.791715628694
2025-11-25 09:00:00,5631.739823551776
2025-11-25 10:30:00,5625.32359057421
2025-11-25 10:45:00,5618.44567432576
2025-11-25 13:30:00,5611.669918504452
2025-11-25 13:40:00,5605.186417863762
2025-11-25 14:40:00,5613.237844444093
2025-11-25 16:00:00,5632.58754818188
2025-11-25 17:00:00,5651.403622036693
2025-11-25 18:40:00,5640.851350118695
2025-11-25 18:55:00,5631.634358556505
2025-11-25 19:55:00,5648.964465595639
2025-11-25 22:20:00,5640.689652194086
2025-11-25 22:30:00,5633.022252855847
2025-11-26 03:30:00,5640.26558041118
2025-11-26 08:20:00,5646.966467737151
2025-11-26 08:55:00,5640.425346848229
2025-11-26 09:40:00,5633.64946690996
2025-11-26 09:50:00,5626.336709394133
2025-11-26 10:25:00,5618.405733633203
2025-11-26 10:50:00,5610.168310655667
2025-11-26 11:55:00,5601.832282184948
2025-11-26 15:35:00,5593.682180612509
2025-11-26 16:45:00,5581.84554465664
2025-11-27 00:00:00,5572.28217599689
2025-11-27 02:00:00,5577.915271861557
2025-11-27 03:35:00,5582.551980352136
2025-11-27 05:30:00,5575.734774972072
2025-11-27 08:25:00,5569.62493770976
2025-11-27 11:10:00,5563.652514282567
2025-11-27 13:00:00,5557.328184019213
2025-11-27 14:35:00,5551.241776445873
2025-11-27 15:30:00,5545.32892720042
2025-11-27 15:50:00,5538.849071190601
2025-11-27 16:45:00,5532.167588814482
2025-11-27 18:25:00,5525.759540514156
2025-11-27 19:20:00,5520.306065800057
2025-11-28 01:10:00,5525.767547684683
2025-11-28 02:25:00,5521.365697292945
2025-11-28 02:50:00,5516.388726597142
2025-11-28 03:20:00,5510.921319774065
2025-11-28 03:30:00,5505.448241986843
2025-11-28 06:25:00,5498.30738235914
2025-11-28 09:55:00,5507.44930582441
2025-11-28 12:35:00,5521.476195904783
2025-11-28 15:45:00,5513.900445979724
2025-11-28 16:50:00,5505.788286168639
2025-11-28 17:30:00,5497.523844424105
2025-12-01 03:05:00,5509.610445906274
2025-12-01 04:10:00,5501.633748547997
2025-12-01 04:20:00,5493.981108166277
2025-12-01 09:20:00,5501.6692126489825
2025-12-01 14:15:00,5511.570982952882
2025-12-01 16:35:00,5503.387301997982
2025-12-01 17:40:00,5494.553635198791
2025-12-01 19:10:00,5485.141720548876
2025-12-01 20:20:00,5477.317092124453
2025-12-02 02:30:00,5481.012091145269
2025-12-02 03:35:00,5476.601669249033
2025-12-02 05:50:00,5471.645808130631
2025-12-02 07:05:00,5474.836496570928
2025-12-02 09:00:00,5470.358722639652
2025-12-02 11:25:00,5475.708763362811
2025-12-02 12:20:00,5484.553321026863
2025-12-02 13:55:00,5477.657321253644
2025-12-02 14:25:00,5471.600188859258
2025-12-02 16:00:00,5464.96001201857
2025-12-02 17:05:00,5457.626597437773
2025-12-02 17:50:00,5447.898821883473
2025-12-02 21:20:00,5438.009788303518
2025-12-03 00:00:00,5431.341282285341
2025-12-03 01:30:00,5436.40969650781
2025-12-03 06:55:00,5439.381661076017
2025-12-03 09:05:00,5443.206040774971
2025-12-03 09:45:00,5437.058095708573
2025-12-03 10:45:00,5430.934340128808
2025-12-03 12:05:00,5439.883146642064
2025-12-03 15:15:00,5447.1790695396985
2025-12-03 16:15:00,5439.54772917427
2025-12-03 17:05:00,5431.391922258719
2025-12-03 17:10:00,5421.061887517733
2025-12-03 21:15:00,5436.524809179567
2025-12-03 22:30:00,5430.328905741186
2025-12-03 22:55:00,5424.856919194009
2025-12-04 00:00:00,5419.4327104843305
2025-12-04 01:50:00,5412.895595877566
2025-12-04 03:00:00,5407.80572542515
2025-12-04 03:20:00,5402.381653442686
2025-12-04 04:20:00,5396.871660544613
2025-12-04 05:00:00,5391.616761296058
2025-12-04 07:35:00,5386.682445667062
2025-12-04 08:30:00,5391.229914276176
2025-12-04 09:00:00,5385.999211393482
2025-12-04 09:50:00,5380.587264417415
2025-12-04 12:25:00,5373.277707649598
2025-12-04 12:50:00,5366.180011355198
2025-12-04 13:35:00,5375.263207848503
2025-12-04 14:40:00,5368.702759062024
2025-12-04 15:10:00,5361.9393264352375
2025-12-04 15:30:00,5355.218753517002
2025-12-04 17:05:00,5346.614160786797
2025-12-04 18:25:00,5337.421796050864
2025-12-04 22:00:00,5344.152093915884
2025-12-05 02:05:00,5338.34796488153
2025-12-05 05:30:00,5342.625212220411
2025-12-05 06:05:00,5338.025143383631
2025-12-05 06:25:00,5333.467496412386
2025-12-05 07:00:00,5328.694370497516
2025-12-05 07:30:00,5323.944302818899
2025-12-05 08:35:00,5318.897560260976
2025-12-05 10:00:00,5312.535826427961
2025-12-05 10:15:00,5305.581066133169
2025-12-05 10:50:00,5298.489517894225
2025-12-05 11:25:00,5291.612982200432
2025-12-05 13:15:00,5285.04267099193
2025-12-05 16:00:00,5278.630524370901
2025-12-05 17:30:00,5271.4048433679945
2025-12-05 18:05:00,5283.205932579342
2025-12-05 20:00:00,5274.702554015261
2025-12-08 00:00:00,5283.84786828792
2025-12-08 00:50:00,5275.117033809233
2025-12-08 02:35:00,5265.972594417906
2025-12-08 03:45:00,5259.8286612416505
2025-12-08 04:05:00,5253.599749621778
2025-12-08 08:00:00,5259.93348040515
2025-12-08 09:45:00,5253.691530098837
2025-12-08 10:15:00,5246.636775600409
2025-12-08 13:05:00,5239.568464686272
2025-12-08 15:40:00,5232.640898160558
2025-12-08 16:15:00,5226.11120274558
2025-12-08 16:50:00,5234.123805388955
2025-12-08 19:45:00,5225.231937928025
2025-12-08 20:40:00,5218.121035048889
2025-12-09 02:00:00,5211.379628783597
2025-12-09 03:45:00,5206.599504491042
2025-12-09 05:30:00,5201.318617712978
2025-12-09 09:10:00,5196.317624958187
2025-12-09 10:05:00,5190.779487166804
2025-12-09 10:30:00,5197.855212754597
2025-12-09 11:40:00,5206.060408467661
2025-12-09 12:30:00,5199.2180578525995
2025-12-09 13:00:00,5192.37045331499
2025-12-09 14:05:00,5185.362865739317
2025-12-09 15:30:00,5193.638016929102
2025-12-09 17:00:00,5202.9727669252725
2025-12-09 18:35:00,5192.604738009533
2025-12-09 19:50:00,5204.149721002353
2025-12-09 21:30:00,5197.56081173687
2025-12-10 00:00:00,5204.292403196093
2025-12-10 07:45:00,5196.154425547053
2025-12-10 08:10:00,5191.516906778045
2025-12-10 08:45:00,5186.776776875739
2025-12-10 11:15:00,5179.237262503328
2025-12-10 12:00:00,5171.94732409038
2025-12-10 12:40:00,5164.901369415141
2025-12-10 15:15:00,5157.424685054411
2025-12-10 17:00:00,5167.4740576944005
2025-12-10 19:15:00,5178.3768866449855
2025-12-10 21:00:00,5168.820692768082
2025-12-10 21:55:00,5194.608790291768
2025-12-11 01:50:00,5203.974596079238
2025-12-11 03:00:00,5210.25516341358
2025-12-11 04:50:00,5204.036148500363
2025-12-11 05:25:00,5197.726147759761
2025-12-11 06:10:00,5191.760808438755
2025-12-11 07:55:00,5186.127149909742
2025-12-11 09:10:00,5191.706374173289
2025-12-11 11:05:00,5184.4049051534275
2025-12-11 12:10:00,5193.989219675621
2025-12-11 13:05:00,5202.118228779276
2025-12-11 15:25:00,5210.750924458573
2025-12-11 17:40:00,5225.493359501024
2025-12-11 19:10:00,5238.928372076675
2025-12-11 21:50:00,5229.539727312813
2025-12-11 23:45:00,5222.705484229315
2025-12-12 03:25:00,5227.46575984131
2025-12-12 03:40:00,5221.404042004497
2025-12-12 06:15:00,5215.015801420761
2025-12-12 07:55:00,5219.62199210206
2025-12-12 08:35:00,5214.4708971799255
2025-12-12 09:30:00,5219.609494515151
2025-12-12 10:45:00,5213.508123299857
2025-12-12 10:55:00,5206.450805205445
2025-12-12 12:25:00,5199.630083636253
2025-12-12 14:45:00,5206.163651915322
2025-12-12 15:05:00,5200.2785776692335
2025-12-12 15:35:00,5194.223636663894
2025-12-12 16:30:00,5187.777548505608
2025-12-12 18:40:00,5197.575809275943
2025-12-12 19:25:00,5207.993098237883
2025-12-12 21:45:00,5202.098242675138
2025-12-12 22:05:00,5207.88095668096
2025-12-12 22:45:00,5202.366377481941
2025-12-15 00:00:00,5196.6826711866825
2025-12-15 02:15:00,5184.19067305963
2025-12-15 03:35:00,5179.24301010009
2025-12-15 03:45:00,5174.089873560974
2025-12-15 05:30:00,5168.435987100893
2025-12-15 05:55:00,5162.908575314492
2025-12-15 08:05:00,5157.699471403146
2025-12-15 08:25:00,5162.264081415505
2025-12-15 09:55:00,5167.586627803714
2025-12-15 10:30:00,5161.57257978871
2025-12-15 11:10:00,5154.969023318579
2025-12-15 12:20:00,5148.023159004539
2025-12-15 13:50:00,5155.156224692138
2025-12-15 16:00:00,5148.439790224571
2025-12-15 16:35:00,5156.671219047363
2025-12-15 19:15:00,5147.818225071806
2025-12-15 21:15:00,5142.052600811774
2025-12-15 21:50:00,5147.0335229789425
2025-12-16 00:00:00,5142.161642011407
2025-12-16 02:00:00,5146.085777173002
2025-12-16 02:45:00,5142.078742832355
2025-12-16 02:55:00,5138.019681300617
2025-12-16 03:05:00,5133.63254274915
2025-12-16 03:30:00,5129.065914094218
2025-12-16 03:50:00,5124.299661745537
2025-12-16 05:00:00,5130.160666708608
2025-12-16 05:40:00,5125.000416225022
2025-12-16 08:20:00,5120.167558625771
2025-12-16 09:10:00,5115.580618735101
2025-12-16 10:00:00,5120.728169957827
2025-12-16 10:35:00,5113.3271415381805
2025-12-16 11:40:00,5122.8528946292045
2025-12-16 14:25:00,5133.456395007787
2025-12-16 15:30:00,5148.297745186037
2025-12-16 16:30:00,5167.910079858638
2025-12-16 17:55:00,5156.144230970206
2025-12-16 20:00:00,5145.138236091183
2025-12-16 21:45:00,5136.476779409283
2025-12-16 22:55:00,5147.880912302968
2025-12-17 03:00:00,5142.611777149122
2025-12-17 04:00:00,5145.717519109475
2025-12-17 10:30:00,5137.292709146449
2025-12-17 13:00:00,5129.161926868909
2025-12-17 13:35:00,5137.598649488594
2025-12-17 14:50:00,5130.697298326236
2025-12-17 14:55:00,5123.8244864452845
2025-12-17 15:15:00,5116.926010606199
2025-12-17 15:50:00,5108.953645746763
2025-12-17 16:35:00,5100.923595508561
2025-12-17 22:20:00,5092.365450439031
2025-12-18 00:00:00,5087.401347593427
2025-12-18 03:35:00,5081.313754912487
2025-12-18 07:55:00,5086.70890660192
2025-12-18 09:00:00,5090.7154876716595
2025-12-18 09:40:00,5085.459760693072
2025-12-18 09:55:00,5079.853527708491
2025-12-18 10:30:00,5073.045050853487
2025-12-18 14:15:00,5080.832380636616
2025-12-18 15:10:00,5074.088272181548
2025-12-18 15:15:00,5065.936600044699
2025-12-18 17:30:00,5088.042464804804
2025-12-18 18:05:00,5076.069887426561
2025-12-18 19:15:00,5094.199358789072
2025-12-19 09:25:00,5106.527413862411
2025-12-19 15:20:00,5115.140049459996
2025-12-19 15:30:00,5107.902201638305
2025-12-19 16:00:00,5100.527985914499
2025-12-19 17:20:00,5092.555798659925
2025-12-19 17:50:00,5084.600370307777
2025-12-19 20:10:00,5076.252088491322
2025-12-19 21:00:00,5070.454815730216
2025-12-19 22:50:00,5064.737387905091
2025-12-22 01:55:00,5065.429567403816
2025-12-22 03:00:00,5059.927836600712
2025-12-22 06:40:00,5054.1305632464455
2025-12-22 07:40:00,5050.431989726331
2025-12-22 08:35:00,5046.446995211537
2025-12-22 08:50:00,5042.250479823446
2025-12-22 09:30:00,5046.09628471239
2025-12-22 14:05:00,5053.815911013558
2025-12-22 15:05:00,5062.215161190809
2025-12-22 16:30:00,5072.113519402862
2025-12-22 18:45:00,5064.659940713242
2025-12-22 19:40:00,5073.055209043166
2025-12-22 20:05:00,5066.588420746788
2025-12-22 23:50:00,5074.573494441562
2025-12-23 01:15:00,5077.49197560437
2025-12-23 03:40:00,5080.946584134504
2025-12-23 08:30:00,5075.985391065753
2025-12-23 09:00:00,5071.340950735996
2025-12-23 09:55:00,5076.295233340026
2025-12-23 11:00:00,5084.5196433731635
2025-12-23 12:00:00,5092.976185647774
2025-12-23 14:50:00,5086.703538860941
2025-12-23 15:30:00,5079.817171379826
2025-12-23 15:45:00,5072.002309300791
2025-12-23 16:50:00,5063.083664997325
2025-12-23 17:40:00,5054.0147970231055
2025-12-23 21:00:00,5067.921892147416
2025-12-23 23:35:00,5071.933213613469
2025-12-24 03:20:00,5077.894631962722
2025-12-24 04:55:00,5073.014821800944
2025-12-24 05:00:00,5067.92910275303
2025-12-24 07:30:00,5071.634340448974
2025-12-24 09:05:00,5066.356017007283
2025-12-24 09:15:00,5060.807615672356
2025-12-24 14:40:00,5053.538216333234
2025-12-24 14:55:00,5047.365402153573
2025-12-24 16:05:00,5041.102363396621
2025-12-26 02:25:00,5034.312554958688
2025-12-26 04:35:00,5027.358584441704
2025-12-26 05:35:00,5021.464241309327
2025-12-26 06:10:00,5015.5958659952485
2025-12-26 08:35:00,5009.802175295201
2025-12-26 12:20:00,5003.195176132157
2025-12-26 13:20:00,4997.284951659965
2025-12-26 14:55:00,4991.120030690896
2025-12-26 16:45:00,4984.741175880827
2025-12-26 17:20:00,4992.9536796412585
2025-12-26 17:50:00,4986.308907086272
2025-12-26 21:15:00,4979.341165133055
2025-12-26 22:00:00,4973.63793320861
2025-12-26 22:35:00,4968.627898480527
2025-12-26 23:40:00,4974.294039013181
2025-12-29 01:10:00,4959.443168672542
2025-12-29 02:30:00,4953.241524307242
2025-12-29 03:15:00,4947.353571379101
2025-12-29 03:45:00,4941.745699920272
2025-12-29 04:20:00,4936.302107307686
2025-12-29 05:05:00,4930.8739585754065
2025-12-29 06:00:00,4926.036450965166
2025-12-29 08:50:00,4920.18574327176
2025-12-29 08:55:00,4914.414003658468
2025-12-29 09:20:00,4908.314400185288
2025-12-29 10:20:00,4901.605032832604
2025-12-29 11:30:00,4893.141413259233
2025-12-29 12:55:00,4884.064891447971
2025-12-29 14:25:00,4894.965757623942
2025-12-29 15:15:00,4887.4182426365105
2025-12-29 15:50:00,4880.200132329449
2025-12-29 16:25:00,4872.921961325281
2025-12-29 17:55:00,4864.504050510914
2025-12-29 18:25:00,4854.102900580828
2025-12-29 21:20:00,4847.10021452914
2025-12-29 21:40:00,4841.737257812697
2025-12-29 22:55:00,4837.099920157654
2025-12-30 01:10:00,4829.559906956754
2025-12-30 06:55:00,4833.705660832196
2025-12-30 08:15:00,4836.432626663882
2025-12-30 09:05:00,4832.102735409924
2025-12-30 09:20:00,4827.354721302921
2025-12-30 11:00:00,4821.424378978282
2025-12-30 14:00:00,4814.611247580171
2025-12-30 15:00:00,4821.476986903496
2025-12-30 17:15:00,4829.420659429477
2025-12-30 18:20:00,4820.8922848601605
2025-12-30 20:55:00,4832.020973567288
2025-12-31 03:55:00,4837.410783697104
2025-12-31 06:40:00,4840.866011846165
2025-12-31 09:15:00,4844.026432061947
2025-12-31 10:00:00,4838.660148550053
2025-12-31 10:25:00,4844.209530704744
2025-12-31 11:35:00,4837.640810735366
2025-12-31 12:45:00,4830.873910264373
2025-12-31 13:35:00,4824.227838063373
2025-12-31 15:30:00,4817.432678910763
2025-12-31 16:00:00,4809.8547713104135
2025-12-31 17:55:00,4801.424298899319
2025-12-31 22:35:00,4791.662850828992
2026-01-02 02:50:00,4797.0784873999955
2026-01-02 05:50:00,4800.361225362407
2026-01-02 06:25:00,4796.321161757979
2026-01-02 07:45:00,4792.623215018353
2026-01-02 11:55:00,4803.504081713478
2026-01-02 14:40:00,4796.254569969628
2026-01-02 15:20:00,4790.167622941219
2026-01-02 16:25:00,4783.1288581741655
2026-01-02 17:00:00,4775.616471490244
2026-01-02 19:50:00,4785.784115542932
2026-01-05 00:55:00,4792.512107094122
2026-01-05 04:05:00,4801.284187944347
2026-01-05 08:20:00,4795.404697035904
2026-01-05 09:20:00,4789.984129833787
2026-01-05 10:25:00,4783.942603650436
2026-01-05 11:10:00,4794.2898518826205
2026-01-05 14:55:00,4805.002102501246
2026-01-05 16:10:00,4796.452619416418
2026-01-05 16:50:00,4788.247653994616
2026-01-05 23:25:00,4783.131381620979
2026-01-05 23:45:00,4778.059514633656
2026-01-06 01:00:00,4772.842613952808
2026-01-06 03:10:00,4768.19938820839
2026-01-06 03:40:00,4773.008037596498
2026-01-06 07:50:00,4768.154567945151
2026-01-06 09:00:00,4772.711604028162
2026-01-06 09:50:00,4767.237300285976
2026-01-06 09:55:00,4760.863832459408
2026-01-06 10:25:00,4754.169733037043
2026-01-06 11:00:00,4746.88505286206
2026-01-06 12:00:00,4739.331653519489
2026-01-06 12:15:00,4731.612558907267
2026-01-06 13:05:00,4723.8210946753
2026-01-06 14:40:00,4731.317532527339
2026-01-06 15:35:00,4723.899548934591
2026-01-06 16:05:00,4716.65715197051
2026-01-06 16:40:00,4727.303959435923
2026-01-06 17:15:00,4739.921162673325
2026-01-07 10:05:00,4755.533996217488
2026-01-07 12:00:00,4748.413135704609
2026-01-07 12:20:00,4741.086008881099
2026-01-07 16:50:00,4734.178343165112
2026-01-07 21:15:00,4746.226632304613
2026-01-07 23:25:00,4752.204216470995
2026-01-08 03:35:00,4753.6803060105685
2026-01-08 04:35:00,4749.934641754165
2026-01-08 04:40:00,4745.812449703581
2026-01-08 08:00:00,4741.780070159786
2026-01-08 08:25:00,4745.085008756912
2026-01-08 10:20:00,4749.928103957605
2026-01-08 12:00:00,4743.646681768667
2026-01-08 12:10:00,4737.746330928331
2026-01-08 15:30:00,4744.829217806041
2026-01-08 17:15:00,4737.3058194369405
2026-01-08 18:10:00,4747.254558546678
2026-01-08 21:00:00,4754.290947663925
2026-01-08 22:00:00,4749.103166000163
2026-01-08 23:30:00,4744.069702288098
2026-01-09 00:10:00,4737.000742457308
2026-01-09 01:00:00,4731.099592767712
2026-01-09 02:35:00,4734.933348022268
2026-01-09 03:40:00,4738.991352075269
2026-01-09 05:00:00,4734.052756847729
2026-01-09 05:10:00,4729.126337020312
2026-01-09 07:35:00,4733.2795792470315
2026-01-09 09:00:00,4736.8661620117655
2026-01-09 10:35:00,4744.365448213894
2026-01-09 12:20:00,4751.902105172487
2026-01-09 15:30:00,4745.868602219573
2026-01-09 15:40:00,4735.225491608434
2026-01-09 17:05:00,4752.656468070501
2026-01-09 18:00:00,4741.242783389871
2026-01-12 02:00:00,4757.934582881799
2026-01-12 07:30:00,4768.358047019137
2026-01-12 10:50:00,4779.629043589618
2026-01-12 12:15:00,4771.467211352694
2026-01-12 15:05:00,4781.731092871214
2026-01-12 16:25:00,4773.411693997917
2026-01-12 18:55:00,4765.188456800708
2026-01-12 19:20:00,4758.074287800484
2026-01-12 20:05:00,4751.166597522002
2026-01-12 22:55:00,4744.63556604737
2026-01-13 01:20:00,4740.018229088317
2026-01-13 02:25:00,4743.508131506883
2026-01-13 06:20:00,4738.823275777516
2026-01-13 06:55:00,4734.1475896299125
2026-01-13 07:25:00,4729.47524810394
2026-01-13 08:05:00,4733.379201887171
2026-01-13 09:30:00,4728.3384368038005
2026-01-13 09:55:00,4722.574854805673
2026-01-13 10:10:00,4716.604997061545
2026-01-13 11:00:00,4710.3421897148655
2026-01-13 11:30:00,4704.079164811
2026-01-13 12:00:00,4697.834562411182
2026-01-13 14:10:00,4692.231365479483
2026-01-13 14:35:00,4687.00897128263
2026-01-13 16:00:00,4676.957602100876
2026-01-13 17:15:00,4692.07264370408
2026-01-13 18:10:00,4705.116784384861
2026-01-13 20:45:00,4696.59679900531
2026-01-14 02:00:00,4703.63099107833
2026-01-14 03:05:00,4705.838140854231
2026-01-14 04:30:00,4701.591824014241
2026-01-14 04:45:00,4697.187152107485
2026-01-14 07:20:00,4699.609534360995
2026-01-14 08:10:00,4695.695680020504
2026-01-14 08:55:00,4691.770083086812
2026-01-14 10:20:00,4695.864192359657
2026-01-14 11:10:00,4690.199809485348
2026-01-14 12:25:00,4684.314733127673
2026-01-14 13:25:00,4678.349948250607
2026-01-14 13:55:00,4672.660160566605
2026-01-14 14:55:00,4679.770433351337
2026-01-14 15:30:00,4672.646947369802
2026-01-14 16:20:00,4681.901195899217
2026-01-14 19:40:00,4673.960727553993
2026-01-14 22:35:00,4668.545616883232
2026-01-15 01:15:00,4663.366650716514
2026-01-15 02:25:00,4666.316356565327
2026-01-15 08:40:00,4671.9174632442655
2026-01-15 09:20:00,4676.384463354734
2026-01-15 10:25:00,4670.902974650161
2026-01-15 11:45:00,4665.259140598369
2026-01-15 12:30:00,4659.123482521738
2026-01-15 14:45:00,4665.95358332743
2026-01-15 19:25:00,4657.762751920719
2026-01-15 21:15:00,4650.964782931767
2026-01-15 22:25:00,4656.272953058646
2026-01-15 23:55:00,4651.240967232996
2026-01-16 04:35:00,4645.110322871758
2026-01-16 06:30:00,4640.495702656673
2026-01-16 07:10:00,4642.5775610410965
2026-01-16 08:35:00,4644.595670601631
2026-01-16 09:00:00,4640.211294901239
2026-01-16 09:10:00,4635.750803179445
2026-01-16 09:45:00,4630.819407292863
2026-01-16 12:30:00,4625.209760981601
2026-01-16 13:15:00,4619.367397979173
2026-01-16 14:50:00,4613.7752721699135
2026-01-16 17:00:00,4620.471015675294
2026-01-16 17:20:00,4611.6136829392135
2026-01-19 00:00:00,4628.398625283144
2026-01-19 01:05:00,4619.9129818621
2026-01-19 02:25:00,4609.558588489249
2026-01-19 04:20:00,4600.9776428165815
2026-01-19 06:25:00,4611.90906224614
2026-01-19 07:50:00,4606.71102797116
2026-01-19 09:05:00,4611.679576873933
2026-01-19 09:40:00,4604.225393971166
2026-01-19 10:10:00,4596.887348509086
2026-01-19 10:30:00,4589.279520365226
2026-01-19 11:15:00,4581.757509274824
2026-01-19 12:10:00,4591.7606391970285
2026-01-19 13:15:00,4584.812361586958
2026-01-19 14:10:00,4592.063510551331
2026-01-19 15:20:00,4598.175551869441
2026-01-19 16:45:00,4604.822761713906
2026-01-19 18:25:00,4612.190896209439
2026-01-20 02:05:00,4606.284621443229
2026-01-20 03:00:00,4610.089227124619
2026-01-20 04:40:00,4613.913595054018
2026-01-20 09:15:00,4618.59275239475
2026-01-20 13:40:00,4633.6870792214095
2026-01-20 15:20:00,4625.572257421831
2026-01-20 16:10:00,4610.565152284187
2026-01-20 21:55:00,4596.3891130711045
2026-01-21 01:45:00,4605.614448409099
2026-01-21 02:20:00,4600.801388753349
2026-01-21 02:45:00,4596.061318379468
2026-01-21 03:05:00,4601.2217481830085
2026-01-21 03:25:00,4606.617908634314
2026-01-21 05:10:00,4601.179940580107
2026-01-21 06:05:00,4595.203581109362
2026-01-21 08:40:00,4601.497117608187
2026-01-21 09:10:00,4596.002029969242
2026-01-21 09:30:00,4589.745868328295
2026-01-21 10:25:00,4582.367210483849
2026-01-21 12:30:00,4589.833710009033
2026-01-21 13:25:00,4583.874858181179
2026-01-21 13:35:00,4577.435302501436
2026-01-21 14:10:00,4570.338205873175
2026-01-21 16:10:00,4560.560317848522
2026-01-21 17:15:00,4548.634230725223
2026-01-21 17:50:00,4536.9656053560175
2026-01-21 18:20:00,4526.082059542815
2026-01-21 21:25:00,4543.969104106064
2026-01-22 01:30:00,4559.438354069649
2026-01-22 02:30:00,4553.770012009268
2026-01-22 02:40:00,4547.68034516914
2026-01-22 03:45:00,4541.649659040417
2026-01-22 05:55:00,4535.877246396263
2026-01-22 06:05:00,4531.173613869087
2026-01-22 07:45:00,4535.550319066123
2026-01-22 08:30:00,4530.961133982269
2026-01-22 08:55:00,4536.020726324449
2026-01-22 09:40:00,4530.451250046424
2026-01-22 09:50:00,4524.145775688409
2026-01-22 11:20:00,4517.562584301909
2026-01-22 13:10:00,4510.4679674346
2026-01-22 13:30:00,4503.328159611176
2026-01-22 15:10:00,4511.17714402298
2026-01-22 16:35:00,4522.645479640764
2026-01-22 22:40:00,4535.860955476212
2026-01-22 23:25:00,4540.224470357445
2026-01-23 01:00:00,4544.02356728133
2026-01-23 02:00:00,4539.648807749835
2026-01-23 02:50:00,4535.317371580715
2026-01-23 04:00:00,4530.409629262009
2026-01-23 04:40:00,4525.598298448735
2026-01-23 07:15:00,4530.316328221354
2026-01-23 08:10:00,4526.114885409509
2026-01-23 08:25:00,4521.53706345644
2026-01-23 08:45:00,4516.492736280222
2026-01-23 09:50:00,4509.586145501889
2026-01-23 09:55:00,4502.191432024654
2026-01-23 12:10:00,4494.43994287645
2026-01-23 13:45:00,4487.848648558173
2026-01-23 14:45:00,4481.4238421166865
2026-01-23 15:15:00,4475.469939743665
2026-01-23 15:45:00,4469.316525292495
2026-01-23 16:45:00,4477.561743846587
2026-01-23 18:20:00,4489.322557254526
2026-01-23 21:05:00,4506.430371853057
2026-01-26 02:00:00,4491.252288050568
2026-01-26 09:55:00,4476.400927720036
2026-01-26 11:40:00,4492.6244624462925
2026-01-26 13:25:00,4482.908382099084
2026-01-26 14:45:00,4474.250909034724
2026-01-26 15:50:00,4484.433544410838
2026-01-26 21:00:00,4473.7776702649635
2026-01-27 04:25:00,4483.4699543642955
2026-01-27 05:45:00,4476.891471741612
2026-01-27 06:15:00,4470.555397275319
2026-01-27 09:05:00,4464.946476586768
2026-01-27 09:55:00,4458.561274579631
2026-01-27 11:15:00,4450.7374329571185
2026-01-27 11:50:00,4443.199521133262
2026-01-27 12:40:00,4432.972165175976
2026-01-27 16:30:00,4452.806166455392
2026-01-27 18:30:00,4477.0123932987135
2026-01-27 22:20:00,4498.809258591762
2026-01-27 22:40:00,4488.5539502352985
2026-01-28 01:20:00,4476.395775309443
2026-01-28 02:00:00,4464.465708825233
2026-01-28 03:05:00,4453.107026967877
2026-01-28 03:55:00,4442.5959847927825
2026-01-28 07:00:00,4433.072112159343
2026-01-28 08:30:00,4447.853243420957
2026-01-28 09:10:00,4462.009930371916
2026-01-28 09:30:00,4448.874872968048
2026-01-28 10:45:00,4435.870891093029
2026-01-28 12:25:00,4422.1812432448305
2026-01-28 13:15:00,4409.993679660121
2026-01-28 15:20:00,4398.088440922209
2026-01-28 16:35:00,4386.628691638504
2026-01-28 16:55:00,4403.6959228918295
2026-01-28 17:05:00,4423.33802232504
2026-01-28 18:30:00,4454.037486019288
2026-01-28 21:00:00,4480.560218967606
2026-01-28 21:55:00,4464.415394524969
2026-01-28 23:55:00,4447.572556888874
2026-01-29 01:10:00,4441.275179250394
2026-01-29 02:15:00,4431.098288124664
2026-01-29 03:00:00,4422.176337509244
2026-01-29 03:25:00,4413.164465970586
2026-01-29 04:05:00,4404.314791070348
2026-01-29 04:40:00,4415.854649311358
2026-01-29 08:10:00,4407.880698984202
2026-01-29 09:00:00,4418.127360872319
2026-01-29 09:30:00,4410.076017494704
2026-01-29 10:15:00,4400.718430616667
2026-01-29 10:35:00,4390.610358257544
2026-01-29 11:45:00,4379.837629302012
2026-01-29 14:55:00,4370.045535251452
2026-01-29 15:45:00,4384.6651390510915
2026-01-29 16:10:00,4371.250763476833
2026-01-29 17:15:00,4391.6330094564455
2026-01-29 18:50:00,4372.942191367545
2026-01-29 20:35:00,4356.804343959068
2026-01-29 23:40:00,4345.434609590364
2026-01-30 02:15:00,4337.3747060365395
2026-01-30 06:05:00,4321.740947809426
2026-01-30 07:10:00,4311.015600907996
2026-01-30 09:45:00,4302.001629540318
2026-01-30 09:55:00,4291.390359223352
2026-01-30 11:20:00,4307.148886535487
2026-01-30 13:05:00,4295.64298969244
2026-01-30 14:45:00,4311.008737349266
2026-01-30 17:00:00,4332.300166295663
2026-01-30 18:35:00,4358.4447630850755
2026-01-30 20:25:00,4382.563262770257
2026-01-30 23:00:00,4405.409370298696
2026-02-02 01:35:00,4396.985815454683
2026-02-02 02:00:00,4388.442514528098
2026-02-02 04:00:00,4378.945867425654
2026-02-02 07:25:00,4393.551812366867
2026-02-02 09:05:00,4384.297714072234
2026-02-02 10:55:00,4398.002969762231
2026-02-02 11:50:00,4387.272293754656
2026-02-02 13:35:00,4376.747025705196
2026-02-02 14:35:00,4389.707713007787
2026-02-02 17:00:00,4406.717335028999
2026-02-02 20:10:00,4426.50495652645
2026-02-03 01:15:00,4417.683524137724
2026-02-03 02:00:00,4412.186598435298
2026-02-03 03:10:00,4406.034321334041
2026-02-03 04:50:00,4412.940165335099
2026-02-03 05:35:00,4407.510491008794
2026-02-03 06:00:00,4401.877083615166
2026-02-03 08:15:00,4396.170318912589
2026-02-03 09:10:00,4390.675469879724
2026-02-03 09:30:00,4383.632929160202
2026-02-03 10:15:00,4376.094312739463
2026-02-03 11:30:00,4367.123293397253
2026-02-03 14:45:00,4357.909782014445
2026-02-03 15:05:00,4350.400339470838
2026-02-03 16:00:00,4361.007597698551
2026-02-03 16:40:00,4352.217484497511
2026-02-03 17:20:00,4342.632014853675
2026-02-03 18:50:00,4332.456031130858
2026-02-03 21:00:00,4322.707202002141
2026-02-03 22:55:00,4334.255478105595
2026-02-04 01:25:00,4325.796143360383
2026-02-04 02:00:00,4320.650132271639
2026-02-04 03:10:00,4326.355129493518
2026-02-04 06:55:00,4334.96385935043
2026-02-04 08:50:00,4329.906057165909
2026-02-04 09:10:00,4324.8387734988255
2026-02-04 10:10:00,4332.389081795228
2026-02-04 10:30:00,4324.519261770568
2026-02-04 11:30:00,4316.752226568608
2026-02-04 11:45:00,4308.222252238564
2026-02-04 14:40:00,4300.171779728888
2026-02-04 15:15:00,4292.791729454698
2026-02-04 16:00:00,4284.114798350932
2026-02-04 17:30:00,4299.335753954999
2026-02-04 19:20:00,4288.636477570252
2026-02-05 04:15:00,4304.197694436041
2026-02-05 09:00:00,4298.74528843592
2026-02-05 09:50:00,4291.622637200382
2026-02-05 10:00:00,4283.908546542773
2026-02-05 11:25:00,4294.124092192057
2026-02-05 13:50:00,4286.597544953609
2026-02-05 14:30:00,4279.993821677541
2026-02-05 14:45:00,4271.639362712729
2026-02-05 15:30:00,4262.265493782083
2026-02-05 17:25:00,4248.451754000893
2026-02-05 23:00:00,4236.125114285505
2026-02-06 02:15:00,4240.152654862004
2026-02-06 02:55:00,4233.798035464008
2026-02-06 03:45:00,4227.197098819062
2026-02-06 04:25:00,4220.480424955817
2026-02-06 06:35:00,4214.420141568084
2026-02-06 09:20:00,4209.05243656723
2026-02-06 09:45:00,4203.303817572596
2026-02-06 10:10:00,4197.312577022795
2026-02-06 15:25:00,4205.426465862381
2026-02-06 17:30:00,4196.154109454373
2026-02-06 18:10:00,4208.945275706408
2026-02-09 02:00:00,4224.037648271206
2026-02-09 04:00:00,4216.461727814684
2026-02-09 07:30:00,4227.872329086542
2026-02-09 10:15:00,4242.469428003568
2026-02-09 11:00:00,4257.263969339998
2026-02-09 14:20:00,4270.592748182527
2026-02-09 18:30:00,4259.260885042268
2026-02-09 20:55:00,4274.609969782431
2026-02-09 23:05:00,4267.92042630101
2026-02-10 00:00:00,4261.307856063721
2026-02-10 01:25:00,4252.255925391158
2026-02-10 02:35:00,4246.687776231093
2026-02-10 03:25:00,4241.193798384773
2026-02-10 04:45:00,4248.309635489236
2026-02-10 06:25:00,4241.723067405356
2026-02-10 07:40:00,4235.975281840121
2026-02-10 08:30:00,4230.348022562712
2026-02-10 09:35:00,4223.834558685991
2026-02-10 10:40:00,4233.42503228361
2026-02-10 13:25:00,4224.925244946057
2026-02-10 14:35:00,4218.082365600434
2026-02-10 16:00:00,4208.344267704224
2026-02-10 16:05:00,4198.176917265831
2026-02-10 17:30:00,4186.597879356709
2026-02-10 17:50:00,4202.438599386798
2026-02-10 18:15:00,4190.9132537341775
2026-02-10 20:20:00,4179.506298778343
2026-02-10 21:55:00,4172.362205584521
2026-02-11 00:00:00,4179.968289284844
2026-02-11 01:45:00,4184.31165941396
2026-02-11 02:25:00,4179.323010981915
2026-02-11 02:40:00,4174.0784547845715
2026-02-11 04:00:00,4168.020746388533
2026-02-11 04:20:00,4161.30034574114
2026-02-11 06:15:00,4168.155401364222
2026-02-11 07:35:00,4174.006076536849
2026-02-11 08:35:00,4167.288549766701
2026-02-11 09:05:00,4160.372927194482
2026-02-11 12:55:00,4170.465095708502
2026-02-11 13:30:00,4163.156046276234
2026-02-11 14:05:00,4155.460164296716
2026-02-11 19:05:00,4139.368424394695
2026-02-12 00:00:00,4155.019015115334
2026-02-12 02:25:00,4148.087122028516
2026-02-12 03:40:00,4141.800494936001
2026-02-12 04:00:00,4135.122219144539
2026-02-12 05:40:00,4143.693305925045
2026-02-12 08:30:00,4151.417902246728
2026-02-12 09:20:00,4143.258128555664
2026-02-12 10:05:00,4134.949880423268
2026-02-12 10:50:00,4126.9740414320095
2026-02-12 12:50:00,4137.795888654278
2026-02-12 14:50:00,4130.276593656239
2026-02-12 16:00:00,4140.985443506611
2026-02-12 16:10:00,4132.354791420546
2026-02-12 18:10:00,4122.721218958581
2026-02-12 19:05:00,4110.829678421591
2026-02-13 09:05:00,4130.291785186311
2026-02-13 10:55:00,4122.708975281967
2026-02-13 12:40:00,4131.258963673476
2026-02-13 14:30:00,4124.432688148311
2026-02-13 15:30:00,4117.860853311649
2026-02-13 15:50:00,4106.91233676339
2026-02-13 17:55:00,4125.224078284361
2026-02-13 18:20:00,4114.525464760421
2026-02-13 19:10:00,4103.96135411988
2026-02-13 21:50:00,4095.4335237008722
2026-02-13 22:00:00,4088.779557061225
2026-02-16 02:25:00,4081.6850654178575
2026-02-16 10:25:00,4075.8147374876266
2026-02-16 11:05:00,4068.599558253603
2026-02-16 14:25:00,4078.714075686867
2026-02-16 16:25:00,4071.8378668660107
2026-02-16 18:50:00,4080.7217648228193
2026-02-16 19:40:00,4088.1254579928045
2026-02-16 21:55:00,4082.590077354274
2026-02-17 00:00:00,4085.5127479807593
2026-02-17 01:20:00,4085.673529474954
2026-02-17 02:40:00,4088.276019670131
2026-02-17 05:30:00,4094.1583806894405
2026-02-17 08:00:00,4089.0454785759116
2026-02-17 09:15:00,4095.2388073552142
2026-02-17 10:45:00,4087.9205279526236
2026-02-17 11:20:00,4080.644101132988
2026-02-17 13:50:00,4089.5531040578853
2026-02-17 17:20:00,4102.744470310415
2026-02-17 18:15:00,4092.8747259054435
2026-02-17 20:00:00,4084.524077771482
2026-02-18 01:00:00,4094.320571986779
2026-02-18 02:35:00,4089.5118441376267
2026-02-18 03:00:00,4084.582510062238
2026-02-18 04:10:00,4079.678711203215
2026-02-18 06:00:00,4074.4150486964168
2026-02-18 09:15:00,4069.6232747342897
2026-02-18 14:25:00,4062.9779163458834
2026-02-18 15:00:00,4056.564229535219
2026-02-18 15:45:00,4065.358642197806
2026-02-18 18:30:00,4079.5282402322655
2026-02-19 03:00:00,4072.843504438318
2026-02-19 03:50:00,4067.6176954874677
2026-02-19 04:30:00,4062.6277645996256
2026-02-19 05:25:00,4067.4515720501636
2026-02-19 06:20:00,4072.15104635344
2026-02-19 07:40:00,4067.010463093301
2026-02-19 08:15:00,4061.615762950946
2026-02-19 09:35:00,4055.8419642559493
2026-02-19 10:20:00,4049.68763759994
2026-02-19 11:05:00,4042.9456348072076
2026-02-19 12:25:00,4052.130441724221
2026-02-19 16:10:00,4067.1843156241075
2026-02-19 17:05:00,4054.1287451284506
2026-02-19 17:45:00,4040.6989419969914
2026-02-20 07:05:00,4060.747577108314
2026-02-20 09:05:00,4056.262476383765
2026-02-20 09:35:00,4050.8086889741253
2026-02-20 10:05:00,4057.903091990873
2026-02-20 10:30:00,4050.7768055095835
2026-02-20 11:10:00,4043.0411089354607
2026-02-20 14:45:00,4036.049554588452
2026-02-20 15:25:00,4044.2256600812307
2026-02-20 17:00:00,4057.6642895134473
2026-02-20 17:10:00,4081.6430108241343
2026-02-20 19:20:00,4064.8075198976885
2026-02-20 20:25:00,4083.301180366048
2026-02-23 01:10:00,4101.253489437188
2026-02-23 05:20:00,4091.9396807956837
2026-02-23 08:20:00,4100.26618812862
2026-02-23 09:30:00,4094.647934267843
2026-02-23 10:00:00,4088.3573537275806
2026-02-23 10:25:00,4081.128156327307
2026-02-23 10:30:00,4073.4133693388317
2026-02-23 11:50:00,4066.3526605618868
2026-02-23 15:15:00,4058.985296221853
2026-02-23 15:30:00,4051.254507581723
2026-02-23 16:00:00,4043.502963002494
2026-02-23 16:40:00,4035.7242601861553
2026-02-23 22:50:00,4048.0854782172405
2026-02-24 02:35:00,4042.533970152187
2026-02-24 03:00:00,4047.445540631627
2026-02-24 06:05:00,4055.3796279089506
2026-02-24 07:50:00,4050.7222310197176
2026-02-24 07:55:00,4045.730569666287
2026-02-24 09:05:00,4050.7814521896457
2026-02-24 09:30:00,4044.423783113994
2026-02-24 10:20:00,4037.6285211026197
2026-02-24 11:30:00,4030.119021277857
2026-02-24 14:10:00,4039.4439372494817
2026-02-24 15:35:00,4047.296014829248
2026-02-24 17:30:00,4039.9928197589143
2026-02-24 18:05:00,4031.2377901305254
2026-02-24 23:55:00,4042.815544028985
2026-02-25 02:15:00,4037.2799129653577
2026-02-25 02:35:00,4033.119156479897
2026-02-25 03:15:00,4028.6324500039186
2026-02-25 03:30:00,4023.7006307726565
2026-02-25 04:05:00,4018.530876089318
2026-02-25 06:55:00,4026.089187697818
2026-02-25 09:55:00,4020.331165774961
2026-02-25 10:05:00,4013.877618898262
2026-02-25 11:40:00,4007.4162971635965
2026-02-25 12:00:00,4000.709116299796
2026-02-25 12:30:00,3993.9817437818087
2026-02-25 14:15:00,3987.784266946603
2026-02-25 14:55:00,3981.8797820315363
2026-02-25 15:15:00,3975.7562743486847
2026-02-25 15:55:00,3983.5300484495747
2026-02-25 16:30:00,3976.2783837382826
2026-02-25 16:45:00,3969.171639069657
2026-02-25 17:05:00,3961.9053285615187
2026-02-25 17:45:00,3953.11567423787
2026-02-26 02:20:00,3961.881913956315
2026-02-26 03:15:00,3966.6603497783967
2026-02-26 04:30:00,3961.0317110854053
2026-02-26 04:40:00,3955.446048130733
2026-02-26 09:05:00,3949.6342582213247
2026-02-26 09:25:00,3943.0666218405504
2026-02-26 10:00:00,3936.5427414918227
2026-02-26 11:05:00,3929.1609581591556
2026-02-26 13:00:00,3922.8140687817113
2026-02-26 14:15:00,3916.4562429312264
2026-02-26 14:30:00,3910.971038822465
2026-02-26 14:55:00,3905.437112830726
2026-02-26 16:05:00,3912.721451858022
2026-02-26 16:45:00,3905.4721971749586
2026-02-26 17:15:00,3916.046272839994
2026-02-26 19:15:00,3931.2567177069427
2026-02-26 21:15:00,3923.658903132136
2026-02-27 04:55:00,3917.17298024893
2026-02-27 08:25:00,3912.4330249959376
2026-02-27 09:05:00,3907.2479912301287
2026-02-27 09:40:00,3913.3948499706166
2026-02-27 10:55:00,3906.506699640632
2026-02-27 11:05:00,3899.6221613893263
2026-02-27 11:50:00,3892.7102381012087
2026-02-27 15:30:00,3885.50621649401
2026-02-27 15:40:00,3877.648868755532
2026-02-27 16:30:00,3869.181996858424
2026-02-27 17:35:00,3859.720544811232
2026-02-27 18:35:00,3875.6417825848157
2026-02-27 20:30:00,3866.880528631769
2026-02-27 22:30:00,3876.349373588828
2026-02-27 22:55:00,3870.520734490273
2026-02-27 23:40:00,3864.8539307648534
2026-03-02 00:15:00,3852.2541017792664
2026-03-02 01:25:00,3870.1845927669387
2026-03-02 03:00:00,3858.6298411525254
2026-03-02 03:10:00,3847.8466305093507
2026-03-02 03:30:00,3836.9784403551766
2026-03-02 05:25:00,3827.464166930481
2026-03-02 07:05:00,3836.3975379196204
2026-03-02 11:00:00,3823.9232028905403
2026-03-02 11:15:00,3811.623871965289
2026-03-02 12:20:00,3799.8412282606837
2026-03-02 14:15:00,3814.810017418276
2026-03-02 15:55:00,3830.8378474725396
2026-03-02 16:35:00,3819.393270296894
2026-03-02 17:35:00,3838.1497645915215
2026-03-02 19:10:00,3826.9643045605103
2026-03-02 19:55:00,3816.4010060925366
2026-03-02 21:25:00,3806.3596854512734
2026-03-02 22:05:00,3820.511310874074
2026-03-03 03:20:00,3809.361401879673
2026-03-03 04:15:00,3818.224582497135
2026-03-03 06:45:00,3828.7243595745927
2026-03-03 09:10:00,3838.6405846914254
2026-03-03 09:35:00,3851.1728502137967
2026-03-03 14:20:00,3838.397470031033
2026-03-03 16:10:00,3858.9272338688197
2026-03-03 17:40:00,3841.020657455242
2026-03-03 18:15:00,3823.190752282312
2026-03-03 18:45:00,3806.6953254866903
2026-03-03 20:30:00,3791.20110071317
2026-03-03 21:40:00,3778.9518806585647
2026-03-03 22:25:00,3766.380193339844
2026-03-04 02:15:00,3782.7283872209123
2026-03-04 02:35:00,3792.617259636419
2026-03-04 04:50:00,3783.009750189019
2026-03-04 05:45:00,3774.99143937297
2026-03-04 06:40:00,3783.0659464437736
2026-03-04 08:20:00,3776.079934710364
2026-03-04 08:25:00,3768.1279765844283
2026-03-04 10:25:00,3782.018859084849
2026-03-04 11:15:00,3771.4990184947583
2026-03-04 12:05:00,3759.6824010712126
2026-03-04 16:35:00,3747.125372583139
2026-03-04 17:00:00,3733.824786105308
2026-03-05 03:25:00,3755.3086964728204
2026-03-05 03:35:00,3748.5000280183326
2026-03-05 03:45:00,3741.4669787391645
2026-03-05 04:20:00,3734.000744647323
2026-03-05 05:10:00,3726.867456239475
2026-03-05 07:45:00,3734.338854635845
2026-03-05 09:00:00,3724.5889762662227
2026-03-05 09:35:00,3714.995968896497
2026-03-05 10:00:00,3728.863863285696
2026-03-05 11:00:00,3717.95405196059
2026-03-05 11:05:00,3703.2720842581643
2026-03-05 15:45:00,3731.0648062781615
2026-03-05 17:25:00,3748.946038704264
2026-03-05 22:10:00,3734.6565281943867
2026-03-06 02:15:00,3723.978570017551
2026-03-06 03:35:00,3729.7575431312484
2026-03-06 07:30:00,3722.7497846389274
2026-03-06 07:45:00,3717.382381949474
2026-03-06 09:20:00,3725.3038523285027
2026-03-06 10:10:00,3717.829169579245
2026-03-06 10:20:00,3709.123959528144
2026-03-06 11:00:00,3700.571763106532
2026-03-06 13:55:00,3716.954647539405
2026-03-06 15:30:00,3706.5004633174585
2026-03-06 17:00:00,3690.026200231095
2026-03-06 18:05:00,3671.953381546966
2026-03-06 18:20:00,3654.5372233510793
2026-03-06 20:10:00,3637.706454294422
2026-03-06 20:50:00,3623.4309690658256
2026-03-06 23:20:00,3645.060053253148
2026-03-09 00:00:00,3636.5004381555405
2026-03-09 07:05:00,3625.615224938676
2026-03-09 07:20:00,3614.515214855613
2026-03-09 08:30:00,3601.3900676035955
2026-03-09 09:55:00,3588.1424880075883
2026-03-09 10:20:00,3610.6698936135094
2026-03-09 11:15:00,3595.772996106572
2026-03-09 11:30:00,3581.011964513079
2026-03-09 15:25:00,3564.6248790970603
2026-03-09 17:15:00,3589.4044963733054
2026-03-09 19:55:00,3578.9025684063795
2026-03-09 21:15:00,3591.6436747978355
2026-03-10 01:40:00,3582.0250912858987
2026-03-10 03:25:00,3572.6712818785923
2026-03-10 05:45:00,3562.771950042201
2026-03-10 08:00:00,3571.0540650606663
2026-03-10 09:25:00,3584.045880548157
2026-03-10 12:30:00,3573.360669244488
2026-03-10 14:05:00,3561.554875181852
2026-03-10 16:55:00,3579.908950121733
2026-03-10 19:15:00,3595.4795634763072
2026-03-10 19:50:00,3584.123711427725
2026-03-10 20:10:00,3573.5499533488096
2026-03-10 21:00:00,3559.5978965144354
2026-03-10 21:30:00,3546.7486635982586
2026-03-11 02:10:00,3540.4177864998815
2026-03-11 02:45:00,3533.046543054062
2026-03-11 03:25:00,3525.4210684066206
2026-03-11 03:50:00,3517.860898040664
2026-03-11 05:35:00,3510.391913239642
2026-03-11 06:45:00,3504.2485016606834
2026-03-11 08:10:00,3509.877194863276
2026-03-11 09:15:00,3518.12598298154
2026-03-11 09:25:00,3509.0054811120804
2026-03-11 09:35:00,3499.4140789899448
2026-03-11 10:20:00,3489.581312430197
2026-03-11 12:40:00,3478.8105391540275
2026-03-11 14:00:00,3493.497791884433
2026-03-11 14:50:00,3511.1385273358846
2026-03-11 16:00:00,3499.271844391463
2026-03-11 17:45:00,3523.9541918564805
2026-03-12 00:30:00,3540.0415350673047
2026-03-12 03:00:00,3532.936083603107
2026-03-12 03:35:00,3525.6300271785217
2026-03-12 04:25:00,3534.7761808015293
2026-03-12 07:10:00,3528.3510692829295
2026-03-12 07:45:00,3521.19139862027
2026-03-12 08:05:00,3514.1866238046987
2026-03-12 08:25:00,3506.618297910731
2026-03-12 10:00:00,3498.9976387803304
2026-03-12 11:30:00,3491.2692698043006
2026-03-12 13:35:00,3483.7123530493936
2026-03-12 14:05:00,3493.667491225417
2026-03-12 15:15:00,3506.0653494650737
2026-03-13 06:25:00,3525.2767162408604
2026-03-13 08:15:00,3530.08965714381
2026-03-13 12:05:00,3519.124559947448
2026-03-13 12:50:00,3509.302758354517
2026-03-13 13:30:00,3498.4362118341724
2026-03-13 14:25:00,3486.9940150587818
2026-03-13 14:45:00,3475.731483159712
2026-03-13 15:35:00,3463.7863234826605
2026-03-13 16:55:00,3482.365001079739
2026-03-13 21:15:00,3498.953222231058
2026-03-16 00:10:00,3489.314897350779
2026-03-16 02:00:00,3479.2043099619495
2026-03-16 05:30:00,3471.3665523617965
2026-03-16 06:50:00,3477.6977216603836
2026-03-16 09:30:00,3485.953877187932
2026-03-16 10:20:00,3477.6816445195273
2026-03-16 11:25:00,3468.4211024099013
2026-03-16 11:50:00,3460.1260100567893
2026-03-16 15:45:00,3473.010887442824
2026-03-16 18:25:00,3463.0066750137125
2026-03-16 20:15:00,3479.3046983914255
2026-03-16 22:20:00,3469.559302123648
2026-03-17 00:35:00,3461.605373951205
2026-03-17 02:00:00,3456.9498985555138
2026-03-17 03:15:00,3451.3206614123837
2026-03-17 05:20:00,3458.4298774257413
2026-03-17 06:05:00,3452.843787278741
2026-03-17 06:50:00,3457.742120139444
2026-03-17 07:35:00,3452.5589347108853
2026-03-17 07:40:00,3447.018807493852
2026-03-17 09:05:00,3439.8483481668436
2026-03-17 09:25:00,3432.4924419103936
2026-03-17 10:25:00,3424.2001188102927
2026-03-17 15:00:00,3441.214733151548
2026-03-17 16:25:00,3430.140069528048
2026-03-17 20:00:00,3446.4953621573213
2026-03-17 23:00:00,3438.585843705222
2026-03-18 05:05:00,3429.0729917671824
2026-03-18 06:35:00,3434.5223245951997
2026-03-18 08:35:00,3428.6107643722125
2026-03-18 09:25:00,3422.864315593725
2026-03-18 11:40:00,3433.6425203138374
2026-03-18 13:10:00,3444.587176901806
2026-03-18 14:30:00,3433.494519435212
2026-03-18 14:40:00,3420.123421932553
2026-03-18 16:05:00,3406.548092739068
2026-03-18 17:05:00,3392.387732363054
2026-03-18 20:35:00,3412.341416289924
2026-03-18 23:40:00,3400.462756340648
2026-03-19 00:10:00,3413.9073761246564
2026-03-19 01:40:00,3405.028235082678
2026-03-19 02:00:00,3396.9465220154416
2026-03-19 02:55:00,3389.0501693240894
2026-03-19 04:05:00,3381.2986450425024
2026-03-19 06:10:00,3393.1777067468524
2026-03-19 08:35:00,3401.979599123759
2026-03-19 10:00:00,3418.380534525216
2026-03-19 11:20:00,3406.503854800109
2026-03-19 11:45:00,3392.532143617317
2026-03-19 14:40:00,3378.91062243032
2026-03-19 15:50:00,3363.3747846700458
2026-03-19 17:45:00,3346.4320518006075
2026-03-19 18:10:00,3372.5592754473487
2026-03-20 03:45:00,3357.3468881147114
2026-03-20 04:35:00,3350.8142688672137
2026-03-20 05:00:00,3344.527102365553
2026-03-20 06:55:00,3339.8092762082506
2026-03-20 07:35:00,3334.664590256297
2026-03-20 07:50:00,3329.0949453334765
2026-03-20 09:05:00,3335.788358423893
2026-03-20 11:05:00,3327.0405368779484
2026-03-20 11:30:00,3317.751483328027
2026-03-20 11:40:00,3308.684707375838
2026-03-20 13:10:00,3323.7018159429417
2026-03-20 15:05:00,3313.5353323773916
2026-03-20 15:50:00,3302.957418441371
2026-03-20 18:10:00,3290.6967842448316
2026-03-20 19:30:00,3277.6758569000945
2026-03-23 00:00:00,3297.61270417838
2026-03-23 02:35:00,3285.4618990418676
2026-03-23 03:15:00,3274.888822395631
2026-03-23 04:35:00,3289.519397754075
2026-03-23 07:45:00,3299.5771029062726
2026-03-23 09:35:00,3291.4571461303344
2026-03-23 10:25:00,3281.7850936303607
2026-03-23 11:15:00,3297.877231404274
2026-03-23 14:40:00,3265.421772110096
2026-03-23 17:45:00,3245.0450934386504
2026-03-23 18:00:00,3225.5312141502795
2026-03-23 20:30:00,3255.258557085226
2026-03-24 01:45:00,3242.5865246660146
2026-03-24 02:00:00,3235.6216902300703
2026-03-24 03:30:00,3226.8328545326926
2026-03-24 06:05:00,3218.29645120486
2026-03-24 07:45:00,3211.560216233563
2026-03-24 08:55:00,3204.6248650106554
2026-03-24 10:50:00,3192.534647178461
2026-03-24 11:15:00,3180.4167611616917
2026-03-24 15:05:00,3168.0969063708176
2026-03-24 16:05:00,3154.8323595187635
2026-03-24 16:50:00,3141.2943063657176
2026-03-24 19:05:00,3166.9397847732785
2026-03-24 20:35:00,3153.7555969004106
2026-03-24 22:20:00,3141.041498587422
2026-03-25 02:10:00,3157.818101514826
2026-03-25 03:55:00,3148.6354711780646
2026-03-25 06:05:00,3141.470324652782
2026-03-25 06:45:00,3134.5920907902637
2026-03-25 07:45:00,3128.414734875675
2026-03-25 08:05:00,3121.4137417036204
2026-03-25 08:50:00,3114.483728877887
2026-03-25 09:05:00,3107.1131333886196
2026-03-25 09:10:00,3099.511585178008
2026-03-25 10:10:00,3091.2410853898455
2026-03-25 11:25:00,3080.777793192612
2026-03-25 14:20:00,3070.615692575369
2026-03-25 15:20:00,3059.4470186098574
2026-03-25 18:05:00,3078.662083368213
2026-03-25 19:40:00,3066.09983113842
2026-03-25 21:10:00,3081.760506550022
2026-03-26 02:05:00,3075.3649291916236
2026-03-26 02:40:00,3080.464063917731
2026-03-26 03:00:00,3074.265440699521
2026-03-26 04:35:00,3081.762883819055
2026-03-26 05:20:00,3075.5350231240377
2026-03-26 05:30:00,3069.2948696580743
2026-03-26 06:30:00,3063.7765171975516
2026-03-26 07:25:00,3068.6448086007813
2026-03-26 09:50:00,3078.2671670960794
2026-03-26 11:10:00,3069.592125219166
2026-03-26 13:25:00,3083.127171379129
2026-03-26 15:15:00,3073.611099065682
2026-03-26 15:40:00,3064.1555612339366
2026-03-26 16:30:00,3053.6162877440274
2026-03-26 21:25:00,3072.8920133535917
2026-03-27 07:05:00,3061.449062861303
2026-03-27 07:45:00,3055.649041070555
2026-03-27 08:30:00,3061.8665794874046
2026-03-27 08:55:00,3055.4558996352966
2026-03-27 13:05:00,3066.8767454789295
2026-03-27 14:45:00,3058.492848065627
2026-03-27 15:20:00,3049.9700772850815
2026-03-27 15:35:00,3040.2875403579724
2026-03-27 16:15:00,3030.2810238759016
2026-03-27 17:20:00,3019.5510437275707
2026-03-27 17:30:00,3008.0213709269474
2026-03-27 17:55:00,3027.2215466871285
2026-03-30 00:00:00,3047.5375960983215
2026-03-30 03:15:00,3039.9406964161963
2026-03-30 05:40:00,3032.223026932826
2026-03-30 06:05:00,3025.260390553157
2026-03-30 07:25:00,3019.0178119191746
2026-03-30 10:00:00,3025.4429583796223
2026-03-30 15:10:00,3038.7574322090827
2026-03-30 16:40:00,3053.2398706080867
2026-03-30 18:10:00,3067.307833430828
2026-03-31 00:00:00,3056.9653900102135
2026-03-31 00:35:00,3049.0975344113363
2026-03-31 02:05:00,3055.6269720926325
2026-03-31 03:15:00,3060.6953901189518
2026-03-31 03:45:00,3053.1414525127634
2026-03-31 08:10:00,3064.0920542875683
2026-03-31 09:55:00,3057.715558558495
2026-03-31 13:45:00,3067.4836909766614
2026-03-31 14:25:00,3058.969646462514
2026-03-31 19:40:00,3080.1386145837264
2026-04-01 02:25:00,3103.83698151391
2026-04-01 04:20:00,3095.9798897210308
2026-04-01 04:35:00,3087.5043683402146
2026-04-01 08:30:00,3098.0669364295786
2026-04-01 09:05:00,3091.403327118082
2026-04-01 09:20:00,3099.932918685867
2026-04-01 11:30:00,3119.1223952273663
2026-04-01 12:20:00,3106.3469114028967
2026-04-01 14:55:00,3125.7353519174108
2026-04-01 15:25:00,3116.801066720433
2026-04-01 15:40:00,3130.6300891519527
2026-04-01 17:55:00,3149.8189534185767
2026-04-01 18:30:00,3137.250151847097
2026-04-01 20:30:00,3125.4221426063796
2026-04-01 20:55:00,3115.411325234389
2026-04-02 03:55:00,3128.070868877079
2026-04-02 04:05:00,3120.1380540310315
2026-04-02 04:10:00,3133.891853030834
2026-04-02 04:15:00,3121.663303495212
2026-04-02 10:00:00,3113.1705560345385
2026-04-02 10:40:00,3125.8786404001144
2026-04-02 13:15:00,3141.2557809561645
2026-04-02 15:00:00,3133.46510775756
2026-04-02 15:45:00,3124.581575836327
2026-04-02 17:05:00,3115.5368325036366
2026-04-02 17:35:00,3105.941477594075
2026-04-03 00:00:00,3128.5094582569704
2026-04-03 10:25:00,3116.738913342499
2026-04-03 13:50:00,3121.804034017148
2026-04-03 14:35:00,3116.103247722962
2026-04-03 15:30:00,3110.441252612921
2026-04-03 17:25:00,3121.9550964018335
2026-04-03 21:35:00,3131.0383690513863
2026-04-03 23:10:00,3125.349488207423
2026-04-06 00:05:00,3118.8072899287
2026-04-06 01:05:00,3129.9375047178455
2026-04-06 05:10:00,3122.5408969056225
2026-04-06 08:10:00,3115.497683142701
2026-04-06 09:50:00,3109.7324933752675
2026-04-06 10:30:00,3119.1528244044493
2026-04-06 13:45:00,3111.2195811662045
2026-04-06 14:10:00,3102.794594883534
2026-04-06 16:25:00,3112.5406530580244
2026-04-06 17:50:00,3101.607682196719
2026-04-06 20:15:00,3092.6153416366237
2026-04-07 00:00:00,3084.5130935651714
2026-04-07 04:10:00,3076.5435259913556
2026-04-07 07:00:00,3070.7835510955033
2026-04-07 07:45:00,3065.870170279567
2026-04-07 08:40:00,3070.5565157195965
2026-04-07 09:05:00,3064.7067177294116
2026-04-07 09:35:00,3058.831806583481
2026-04-07 10:45:00,3052.017444244836
2026-04-07 11:00:00,3044.7160372204385
2026-04-07 13:05:00,3035.467404024049
2026-04-07 13:25:00,3025.790007555856
2026-04-07 13:40:00,3015.715590111873
2026-04-07 17:20:00,3030.0730117214835
2026-04-07 22:15:00,3046.0356015056263
2026-04-08 01:00:00,3057.7384301207735
2026-04-08 08:45:00,3083.074002650925
2026-04-08 09:25:00,3097.9365764321433
2026-04-08 10:10:00,3086.0333390213636
2026-04-08 11:40:00,3073.492811280596
2026-04-08 14:15:00,3091.4490929367266
2026-04-08 15:20:00,3080.3523923266775
2026-04-08 15:40:00,3098.1176934596256
2026-04-08 16:35:00,3085.679616466102
2026-04-08 18:10:00,3072.824965617183
2026-04-08 19:00:00,3061.0904506171823
2026-04-08 20:20:00,3052.191125503362
2026-04-08 21:15:00,3043.3662971054932
2026-04-09 11:50:00,3033.673303847719
2026-04-09 14:00:00,3027.0162531673086
2026-04-09 14:40:00,3035.7307718305337
2026-04-09 16:35:00,3045.40103924642
2026-04-09 17:35:00,3036.2269081988616
2026-04-09 18:20:00,3050.0857541423056
2026-04-09 21:00:00,3041.4466690574795
2026-04-09 21:20:00,3032.3775089588294
2026-04-09 23:40:00,3024.2175894264883
2026-04-10 01:40:00,3017.97971319437
2026-04-10 02:50:00,3012.3874800649933
2026-04-10 06:30:00,3017.0724884603364
2026-04-10 07:55:00,3011.8335216543087
2026-04-10 08:10:00,3006.6776005152055
2026-04-10 09:15:00,3001.0721628653355
2026-04-10 10:55:00,3007.8595194007416
2026-04-10 12:15:00,3000.187644484781
2026-04-10 12:50:00,2990.3622026038834
2026-04-10 15:30:00,2999.922615382449
2026-04-10 16:20:00,3012.182706172624
2026-04-10 17:55:00,3002.50470026092
2026-04-10 19:30:00,2992.3566394052295
2026-04-10 21:30:00,3003.438022071147
2026-04-10 23:55:00,2996.440526922571
2026-04-13 09:05:00,3014.233449459108
2026-04-13 09:40:00,3021.2767927038076
2026-04-13 10:00:00,3013.6390581596083
2026-04-13 10:25:00,3005.939733225708
2026-04-13 14:05:00,2998.050413005192
2026-04-13 14:55:00,3006.9510194031777
2026-04-13 15:45:00,2998.9325660464315
2026-04-13 16:20:00,2990.425936299794
2026-04-13 19:35:00,3004.417467068528
2026-04-14 02:20:00,3009.283862321927
2026-04-14 04:55:00,3003.9896961020363
2026-04-14 05:20:00,2998.4832810972252
2026-04-14 06:50:00,3003.4548969744205
2026-04-14 08:15:00,2998.2006519631273
2026-04-14 08:25:00,2992.8357937850888
2026-04-14 09:15:00,2986.973392326765
2026-04-14 09:45:00,2994.7708914418613
2026-04-14 13:05:00,3008.87979829574
2026-04-14 16:00:00,3018.7706159377085
2026-04-14 16:30:00,3009.524855120277
2026-04-14 18:45:00,2999.958952599908
2026-04-15 05:15:00,2991.4233183072915
2026-04-15 08:00:00,2997.8171397718247
2026-04-15 08:10:00,2992.33708918851
2026-04-15 09:40:00,2986.1916220872185
2026-04-15 12:00:00,2979.106392954329
2026-04-15 13:35:00,2991.3866464360513
2026-04-15 15:30:00,2982.44626937727
2026-04-15 15:55:00,2974.0046371149083
2026-04-15 16:25:00,2965.211999697026
2026-04-15 17:25:00,2956.0897976397277
2026-04-15 18:25:00,2968.497374989142
2026-04-16 05:40:00,2979.9143202114915
2026-04-16 07:45:00,2973.6304776347856
2026-04-16 08:20:00,2968.0335561762454
2026-04-16 08:40:00,2961.7120034125383
2026-04-16 09:00:00,2955.303803185911
2026-04-16 10:15:00,2948.30607046937
2026-04-16 10:50:00,2940.6160746916944
2026-04-16 14:00:00,2932.688785166546
2026-04-16 16:50:00,2943.053751427538
2026-04-16 19:05:00,2934.7081619237365
2026-04-16 19:30:00,2946.256310239237
2026-04-16 22:25:00,2937.208382370733
2026-04-17 00:00:00,2943.667281453323
2026-04-17 01:00:00,2935.5042191051343
2026-04-17 03:00:00,2940.0466287863173
2026-04-17 04:05:00,2945.072647663548
2026-04-17 06:40:00,2939.9787284066783
2026-04-17 09:25:00,2944.646560034744
2026-04-17 10:55:00,2938.3465017644485
2026-04-17 11:40:00,2931.6803798841524
2026-04-17 15:20:00,2939.757602526501
2026-04-17 17:50:00,2925.8603360402367
2026-04-17 18:25:00,2912.3529211445953
2026-04-17 18:40:00,2899.739566302561
2026-04-17 19:00:00,2887.6178897187583
2026-04-17 20:00:00,2876.2303446969127
2026-04-17 21:40:00,2866.9706760790864
2026-04-20 03:00:00,2858.9662410113688
2026-04-20 03:20:00,2851.087245025588
2026-04-20 04:35:00,2843.711190185862
2026-04-20 06:40:00,2836.522243192089
2026-04-20 08:30:00,2841.8980789256725
2026-04-20 09:40:00,2834.631783765486
2026-04-20 10:00:00,2826.502167041462
2026-04-20 13:55:00,2817.7000219526512
2026-04-20 14:45:00,2810.0812425002473
2026-04-20 15:05:00,2802.6202574953795
2026-04-20 16:25:00,2813.8538692930683
2026-04-20 17:50:00,2804.6199497244806
2026-04-20 18:20:00,2819.416792230389
2026-04-21 06:10:00,2810.7377806478125
2026-04-21 06:35:00,2805.1811468435426
2026-04-21 08:20:00,2810.3760379349505
2026-04-21 09:00:00,2815.6041956991235
2026-04-21 10:50:00,2822.4114479302093
2026-04-21 16:30:00,2814.829244894031
2026-04-21 17:40:00,2806.8073870230633
2026-04-21 18:30:00,2821.469557066814
2026-04-21 20:00:00,2834.0558462734148
2026-04-21 20:40:00,2821.68817504635
2026-04-21 22:40:00,2842.3793631828203
2026-04-22 08:20:00,2827.1460820707143
2026-04-22 11:10:00,2819.881491051665
2026-04-22 12:55:00,2812.3198575938095
2026-04-22 14:25:00,2805.2369250131546
2026-04-22 16:40:00,2795.8961416624065
2026-04-22 17:50:00,2809.6034638518317
2026-04-22 23:05:00,2819.7557195292934
2026-04-23 03:10:00,2825.705018042488
2026-04-23 05:55:00,2835.316998402473
2026-04-23 08:20:00,2829.1784532024226
2026-04-23 08:50:00,2823.80309542893
2026-04-23 09:40:00,2818.0920003221786
2026-04-23 10:05:00,2812.1571839119906
2026-04-23 10:30:00,2821.3276853432367
2026-04-23 12:40:00,2832.130611866458
2026-04-23 13:15:00,2843.846658438768
2026-04-23 14:45:00,2835.664324679294
2026-04-23 14:50:00,2826.68787190264
2026-04-23 17:15:00,2817.250522314607
2026-04-23 18:25:00,2807.3895227528624
2026-04-23 20:00:00,2821.1897368016184
2026-04-24 14:00:00,2808.6523274266187
2026-04-24 15:50:00,2799.581224804107
2026-04-24 18:50:00,2813.090448148626
2026-04-27 00:00:00,2804.4766954619536
2026-04-27 04:00:00,2815.0914342907713
2026-04-27 07:55:00,2809.612815069531
2026-04-27 08:55:00,2804.166454618563
2026-04-27 10:00:00,2811.123579405782
2026-04-27 14:40:00,2803.464881918409
2026-04-27 15:10:00,2811.262017572026
2026-04-27 16:45:00,2803.758748700737
2026-04-27 17:55:00,2795.4971336243625
2026-04-27 18:55:00,2786.503843823308
2026-04-27 19:50:00,2778.494463032783
2026-04-27 20:50:00,2770.5786049822773
2026-04-28 03:10:00,2764.4887972539364
2026-04-28 03:25:00,2767.630268316866
2026-04-28 04:00:00,2772.823009538117
2026-04-28 05:05:00,2777.9972829896365
2026-04-28 06:25:00,2772.6625745760666
2026-04-28 08:35:00,2777.765133372252
2026-04-28 11:15:00,2770.28096441864
2026-04-28 12:30:00,2781.6798881496934
2026-04-28 14:45:00,2793.3109351220965
2026-04-28 15:40:00,2784.11278035497
2026-04-28 16:35:00,2774.9849939033006
2026-04-28 18:00:00,2765.3956096900456
2026-04-28 18:25:00,2755.5088799584587
2026-04-28 20:45:00,2746.6293879365103
2026-04-28 22:50:00,2739.2338483241356
2026-04-29 01:00:00,2745.230980965377
2026-04-29 04:00:00,2739.92610031876
2026-04-29 05:40:00,2734.035442386726
2026-04-29 06:40:00,2727.9058987440617
2026-04-29 08:10:00,2722.7358266650813
2026-04-29 10:10:00,2717.2592913033623
2026-04-29 11:05:00,2725.2012147558376
2026-04-29 13:55:00,2717.576284380559
2026-04-29 15:50:00,2725.5058833755515
2026-04-29 16:30:00,2736.365495842434
2026-04-29 17:50:00,2727.5636975340813
2026-04-29 20:00:00,2741.5606590252173
2026-04-29 21:05:00,2752.145836012402
2026-04-29 21:40:00,2766.824354894354
2026-04-30 03:00:00,2754.9159945737633
2026-04-30 04:35:00,2761.882175569831
2026-04-30 05:30:00,2769.8674825146677
2026-04-30 07:15:00,2778.3809237030414
2026-04-30 09:30:00,2772.2369730000355
2026-04-30 10:00:00,2765.1684139644735
2026-04-30 12:30:00,2756.185823284669
2026-04-30 12:45:00,2745.672414176986
2026-04-30 15:15:00,2733.6409125519926
2026-04-30 15:40:00,2720.8701053897676
2026-04-30 16:25:00,2707.8238855228888
2026-04-30 17:45:00,2729.770940687435
2026-05-01 09:55:00,2746.837395809181
2026-05-01 14:10:00,2760.1026589181365
2026-05-01 15:10:00,2769.639444183948
2026-05-01 16:45:00,2760.907602278284
2026-05-01 17:00:00,2776.6332601505223
2026-05-01 18:50:00,2765.4412789334715
2026-05-01 19:00:00,2754.250530210047
2026-05-04 00:00:00,2747.392356519691
2026-05-04 01:20:00,2757.5156694875955
2026-05-04 06:50:00,2749.112682341078
2026-05-04 09:10:00,2742.542607440438
2026-05-04 09:45:00,2749.666393595608
2026-05-04 10:40:00,2758.333382776621
2026-05-04 13:00:00,2767.7246605375144
2026-05-04 15:00:00,2784.489849300203
2026-05-04 15:15:00,2774.4836447172775
2026-05-04 16:35:00,2764.3992132146536
2026-05-04 18:25:00,2777.680817939169
2026-05-04 22:20:00,2767.478337834209
2026-05-04 23:20:00,2778.0048531822654
2026-05-05 00:00:00,2771.8847299279178
2026-05-05 04:20:00,2778.314727560887
2026-05-05 05:25:00,2772.707066827859
2026-05-05 06:55:00,2777.546033939398
2026-05-05 07:55:00,2781.3322522064695
2026-05-05 09:00:00,2775.693908031861
2026-05-05 09:30:00,2769.809324532856
2026-05-05 10:05:00,2762.8592037758463
2026-05-05 10:35:00,2755.624698818924
2026-05-05 13:30:00,2748.138645775734
2026-05-05 15:25:00,2740.3126630589986
2026-05-05 16:05:00,2732.327574447715
2026-05-05 17:15:00,2724.450496886366
2026-05-05 18:40:00,2738.6407745962997
2026-05-05 19:15:00,2729.920751574213
2026-05-05 22:25:00,2721.6528963177093
2026-05-05 23:45:00,2715.944514388314
2026-05-06 00:00:00,2711.0567717508975
2026-05-06 01:50:00,2706.3447879589235
2026-05-06 05:40:00,2699.8225394598717
2026-05-06 07:25:00,2706.7338468247494
2026-05-06 10:30:00,2699.417849152112
2026-05-06 11:30:00,2710.140017666857
2026-05-06 15:00:00,2699.3154238447455
2026-05-06 16:00:00,2688.513960584651
2026-05-06 17:05:00,2677.5329151487845
2026-05-06 19:55:00,2668.039434100487
2026-05-06 20:50:00,2659.8683493600074
2026-05-07 04:35:00,2669.0797223598947
2026-05-07 06:30:00,2663.457260155006
2026-05-07 09:25:00,2658.051757990093
2026-05-07 09:50:00,2651.7984497777456
2026-05-07 10:05:00,2661.3044048929496
2026-05-07 19:05:00,2653.7593038928417
2026-05-07 19:50:00,2645.626886679553
2026-05-07 20:25:00,2637.8969222592714
2026-05-07 22:25:00,2649.619746582734
2026-05-07 23:55:00,2665.322095012375
2026-05-08 03:05:00,2658.2100634476105
2026-05-08 07:50:00,2652.2432468315637
2026-05-08 08:30:00,2646.5510048985566
2026-05-08 08:55:00,2640.625134221743
2026-05-08 09:25:00,2633.703976634061
2026-05-08 11:20:00,2626.677966936033
2026-05-08 13:55:00,2619.757371124334
2026-05-08 15:30:00,2612.719871489385
2026-05-08 16:30:00,2624.9126979712214
2026-05-08 17:10:00,2615.1429133308384
2026-05-11 00:00:00,2605.269476574589
2026-05-11 07:35:00,2593.935945537558
2026-05-11 09:25:00,2588.538454655798
2026-05-11 12:55:00,2581.5889117740257
2026-05-11 16:00:00,2588.7612446697726
2026-05-11 18:45:00,2581.1387529905887
2026-05-11 19:40:00,2573.618956825464
2026-05-11 20:00:00,2566.648869328971
2026-05-12 00:55:00,2574.1129419514687
2026-05-12 02:25:00,2569.297917312062
2026-05-12 06:35:00,2574.5514018478775
2026-05-12 08:55:00,2569.4805207381214
2026-05-12 10:00:00,2577.397828328283
2026-05-12 11:35:00,2586.945323245411
2026-05-12 16:20:00,2597.676344070452
2026-05-12 22:00:00,2588.638428570409
2026-05-13 00:00:00,2595.2637314576978
2026-05-13 03:00:00,2601.009561945849
2026-05-13 04:45:00,2595.931414999778
2026-05-13 07:40:00,2602.588137657658
2026-05-13 09:10:00,2606.922534365896
2026-05-13 13:45:00,2599.8533568236753
2026-05-13 15:30:00,2607.4992145861015
2026-05-13 16:45:00,2599.592180069653
2026-05-13 18:30:00,2591.324667375543
2026-05-14 01:30:00,2583.6304349036377
2026-05-14 05:25:00,2587.0919203396447
2026-05-14 06:00:00,2582.2209301180446
2026-05-14 07:45:00,2577.3481966294758
2026-05-14 09:00:00,2581.7055509476113
2026-05-14 09:40:00,2575.6344991953847
2026-05-14 09:45:00,2569.2325388378413
2026-05-14 14:30:00,2577.654062281366
2026-05-14 16:00:00,2585.4365419063342
2026-05-14 17:55:00,2596.4937307148252
2026-05-14 23:20:00,2606.43465158851
2026-05-15 02:10:00,2611.8065826303873
2026-05-15 05:50:00,2605.9461496056815
2026-05-15 08:00:00,2612.7679318580226
2026-05-15 11:15:00,2622.997058173506
2026-05-15 12:05:00,2633.661125784803
2026-05-15 13:05:00,2625.596189208704
2026-05-15 13:20:00,2617.4608612425773
2026-05-15 15:35:00,2632.570630131909
2026-05-15 17:15:00,2623.8174744980256
2026-05-15 21:30:00,2637.7930346402322
2026-05-18 00:00:00,2644.2699486885926
2026-05-18 03:45:00,2651.3988572134917
2026-05-18 04:50:00,2644.6127543069665
2026-05-18 06:45:00,2638.0193750642557
2026-05-18 09:00:00,2632.340688644314
2026-05-18 09:10:00,2626.2238394733704
2026-05-18 11:30:00,2634.648852880972
2026-05-18 13:05:00,2626.728369967242
2026-05-18 13:55:00,2619.7560074757216
2026-05-18 14:35:00,2628.053334689105
2026-05-18 18:00:00,2618.4371506327643
2026-05-18 19:20:00,2632.154693215395
2026-05-18 21:20:00,2622.6396582504362
2026-05-19 07:35:00,2612.813282189923
2026-05-19 08:50:00,2606.3515518087956
2026-05-19 10:00:00,2613.8729232718674
2026-05-19 11:10:00,2622.777810944789
2026-05-19 12:00:00,2632.669573504501
2026-05-19 13:40:00,2641.4300667863918
2026-05-19 16:15:00,2652.221426127633
2026-05-19 17:25:00,2664.2069315416343
2026-05-19 19:30:00,2654.9529469588574
2026-05-19 20:10:00,2646.385736794813
2026-05-19 21:10:00,2638.899977438556
2026-05-20 00:00:00,2647.058700223308
2026-05-20 00:30:00,2640.430054380301
2026-05-20 02:30:00,2634.316601550175
2026-05-20 03:05:00,2637.719034590524
2026-05-20 03:30:00,2632.3803871029404
2026-05-20 03:55:00,2638.254177158058
2026-05-20 06:35:00,2631.5070435553703
2026-05-20 08:25:00,2638.9433011986166
2026-05-20 09:15:00,2632.3499947549462
2026-05-20 10:50:00,2641.1265582961096
2026-05-20 13:35:00,2633.2465781959036
2026-05-20 14:25:00,2626.6192662605054
2026-05-20 16:00:00,2634.6514094446093
2026-05-21 10:15:00,2621.799923099891
2026-05-21 11:10:00,2613.3616389876306
2026-05-21 13:25:00,2628.2510465452997
2026-05-21 14:55:00,2641.4958695380296
2026-05-21 16:15:00,2655.3922866229095
2026-05-21 20:15:00,2643.8900387202525
2026-05-21 21:50:00,2634.0940859789166
2026-05-21 22:55:00,2648.257998212827
2026-05-22 03:15:00,2639.3905918013406
2026-05-22 04:20:00,2635.0841008959783
2026-05-22 04:55:00,2630.3946312149587
2026-05-22 06:15:00,2625.9166896194315
2026-05-22 07:55:00,2628.9579454296363
2026-05-22 08:55:00,2625.3187500846734
2026-05-22 09:15:00,2620.243231029606
2026-05-22 09:35:00,2615.0939314362063
2026-05-22 11:20:00,2608.8946398028775
2026-05-22 12:10:00,2617.1069102299566
2026-05-22 13:10:00,2610.340734435383
2026-05-22 14:00:00,2617.402984219258
2026-05-22 14:45:00,2611.632372428315
2026-05-22 15:10:00,2605.304140833063
2026-05-22 16:05:00,2597.4250068291813
2026-05-22 17:00:00,2608.581762860734
2026-05-22 18:05:00,2599.1216751332568
2026-05-22 19:25:00,2590.0134661574484
2026-05-22 20:00:00,2582.4230457662507
2026-05-22 20:25:00,2575.3088432203003
2026-05-22 23:30:00,2585.3986777636314
2026-05-25 03:45:00,2590.324126644485
2026-05-25 10:15:00,2583.264166620862
2026-05-25 11:30:00,2589.680481243911
2026-05-25 14:40:00,2595.132156534716
2026-05-25 15:40:00,2599.3494253819304
2026-05-25 16:30:00,2594.0125618379543
2026-05-25 16:45:00,2588.8055085351775
2026-05-25 18:10:00,2593.73633408547
2026-05-25 19:10:00,2587.7784912954926
2026-05-26 00:45:00,2582.9516795593386
2026-05-26 03:00:00,2577.8250661176394
2026-05-26 03:15:00,2573.6284813291454
2026-05-26 04:10:00,2569.1433210208766
2026-05-26 04:35:00,2573.274757982923
2026-05-26 08:00:00,2577.265928632431
2026-05-26 09:20:00,2573.2636877818145
2026-05-26 09:25:00,2569.0615005177615
2026-05-26 09:30:00,2564.641612343998
2026-05-26 10:30:00,2558.8032426063683
2026-05-26 11:10:00,2552.562993020872
2026-05-26 12:55:00,2546.0617743079847
2026-05-26 14:35:00,2539.6917603653087
2026-05-26 15:00:00,2533.5317305676217
2026-05-26 16:00:00,2527.4991333649464
2026-05-27 01:00:00,2519.964909134956
2026-05-27 02:00:00,2515.6812497151545
2026-05-27 04:30:00,2511.7278618250652
2026-05-27 06:00:00,2514.8750826626424
2026-05-27 08:00:00,2518.091149590271
2026-05-27 08:55:00,2513.928323883884
2026-05-27 09:40:00,2517.6594399925066
2026-05-27 11:00:00,2511.8949181943885
2026-05-27 13:20:00,2505.6478393584953
2026-05-27 14:55:00,2500.0708878189666
2026-05-27 15:15:00,2506.2641514449365
2026-05-27 15:20:00,2518.5391072555703
2026-05-27 17:50:00,2508.5403304685137
2026-05-27 17:55:00,2497.1838912308763
2026-05-27 19:00:00,2486.520753187713
2026-05-28 02:50:00,2498.264964290502
2026-05-28 03:55:00,2502.853957712815
2026-05-28 04:45:00,2507.9686831423446
2026-05-28 08:30:00,2502.635730549435
2026-05-28 08:50:00,2497.162674487181
2026-05-28 09:10:00,2491.830899028068
2026-05-28 11:00:00,2485.985524026886
2026-05-28 11:50:00,2479.8969655630394
2026-05-28 12:10:00,2473.673742212266
2026-05-28 13:40:00,2480.1570426951785
2026-05-28 14:50:00,2473.5291936518074
2026-05-28 17:10:00,2483.9163988771224
2026-05-29 06:10:00,2475.1487857906736
2026-05-29 09:00:00,2478.734454713789
2026-05-29 10:35:00,2472.7190277387435
2026-05-29 11:00:00,2465.7606299400577
2026-05-29 12:55:00,2458.5346511124626
2026-05-29 14:40:00,2451.9545672568916
2026-05-29 16:15:00,2446.0247617102414
2026-05-29 17:10:00,2439.607875664623
2026-05-29 17:45:00,2448.0690193493087
2026-05-29 20:55:00,2439.2580877669075
2026-05-29 23:50:00,2433.314978252913
2026-06-01 00:45:00,2436.982924743726
2026-06-01 01:00:00,2429.724919120656
2026-06-01 02:45:00,2423.8434669507888
2026-06-01 03:20:00,2418.9591443498402
2026-06-01 06:00:00,2414.482380426768
2026-06-01 06:40:00,2417.4577993606445
2026-06-01 07:15:00,2412.6853664265154
2026-06-01 08:00:00,2408.343896415832
2026-06-01 09:00:00,2404.005798717114
2026-06-01 09:45:00,2399.248282952012
2026-06-01 10:45:00,2393.0131200510937
2026-06-01 12:20:00,2386.7891241175353
2026-06-01 14:00:00,2380.9324863046095
2026-06-01 16:05:00,2385.494092356158
2026-06-01 18:30:00,2377.3690961353764
2026-06-01 20:30:00,2369.285171073222
2026-06-02 07:35:00,2363.401946072965
2026-06-02 09:05:00,2359.6840704337533
2026-06-02 11:05:00,2364.3266700556883
2026-06-02 11:55:00,2358.9913975766663
2026-06-02 13:20:00,2354.268541835314
2026-06-02 14:35:00,2358.49837269032
2026-06-02 16:25:00,2352.9711033938356
2026-06-02 16:45:00,2346.8206213303342
2026-06-02 17:00:00,2340.1616206999806
2026-06-02 18:25:00,2333.271391623099
2026-06-02 19:20:00,2326.079538473287
2026-06-02 21:45:00,2320.2214728975687
2026-06-02 22:15:00,2314.4338380324607
2026-06-02 23:00:00,2309.563764380008
2026-06-03 01:10:00,2312.622484745717
2026-06-03 02:15:00,2314.9764603354142
2026-06-03 03:25:00,2310.4836433322034
2026-06-03 04:25:00,2306.0589817129116
2026-06-03 08:25:00,2310.1540353727955
2026-06-03 10:35:00,2304.2108945053487
2026-06-03 11:40:00,2313.0779539972905
2026-06-03 13:05:00,2307.1877091707074
2026-06-03 14:45:00,2300.626115672148
2026-06-03 15:20:00,2307.1117746871646
2026-06-03 17:55:00,2299.8119483831574
2026-06-04 09:35:00,2290.6936836653513
2026-06-04 10:25:00,2285.2870962600414
2026-06-04 10:35:00,2279.3600478285116
2026-06-04 11:30:00,2286.202815912161
2026-06-04 12:00:00,2292.9703068881267
2026-06-04 17:25:00,2286.2758583865016
2026-06-04 20:05:00,2279.970183867447
2026-06-05 07:55:00,2274.9256122134993
2026-06-05 08:30:00,2271.3533311390165
2026-06-05 09:05:00,2273.581380875027
2026-06-05 09:25:00,2269.1962818471447
2026-06-05 14:05:00,2263.3770535118197
2026-06-05 15:30:00,2257.321406772494
2026-06-08 00:00:00,2266.681402405973
2026-06-08 02:55:00,2259.169073365655
2026-06-08 03:35:00,2253.1754983375004
2026-06-08 04:25:00,2260.015043068856
2026-06-08 05:25:00,2252.450730410869
2026-06-08 08:00:00,2244.908635260748
2026-06-08 08:15:00,2238.82583649863
2026-06-08 08:50:00,2247.48134542433
2026-06-08 11:50:00,2260.636561533319
2026-06-08 13:05:00,2251.677829498889
2026-06-08 13:30:00,2242.6328262284987
2026-06-08 14:10:00,2232.2007031215044
2026-06-08 15:40:00,2223.268091845966
2026-06-08 17:15:00,2214.3379868925863
2026-06-08 21:55:00,2205.449204765989
2026-06-09 02:45:00,2198.891563034993
2026-06-09 04:00:00,2194.2426425704894
2026-06-09 04:15:00,2189.0703363401476
2026-06-09 07:20:00,2183.5362311504696
2026-06-09 09:15:00,2190.209215846455
2026-06-09 10:00:00,2183.3892409960463
2026-06-09 10:15:00,2176.473122298977
2026-06-09 11:00:00,2169.4406588434636
2026-06-09 11:50:00,2177.7906102767392
2026-06-09 16:35:00,2171.108309036081
2026-06-09 17:10:00,2162.8956206464595
2026-06-09 18:30:00,2153.5973754765746
2026-06-09 19:10:00,2144.1860379806067
2026-06-10 00:40:00,2133.691704354738
2026-06-10 03:45:00,2138.403913516148
2026-06-10 03:55:00,2132.06557725501
2026-06-10 06:05:00,2125.610838335966
2026-06-10 06:45:00,2119.888700900643
2026-06-10 08:30:00,2114.099510060476
2026-06-10 10:00:00,2107.579209465074
2026-06-10 14:00:00,2100.8106233105195
2026-06-10 14:25:00,2092.2680117698137
2026-06-10 15:30:00,2083.847444330761
2026-06-10 15:40:00,2074.0924652634144
2026-06-10 16:35:00,2089.900196948322
2026-06-10 18:10:00,2079.417727681999
2026-06-10 18:45:00,2069.8303761378656
2026-06-10 23:00:00,2058.702665567368
2026-06-11 02:05:00,2064.091038172725
2026-06-11 02:25:00,2057.6959389570056
2026-06-11 03:10:00,2050.8601136128386
2026-06-11 04:00:00,2044.0309602953798
2026-06-11 07:05:00,2050.790106334933
2026-06-11 09:50:00,2045.0758203338305
2026-06-11 10:25:00,2052.4932757207453
2026-06-11 11:00:00,2045.4647963446116
2026-06-11 11:30:00,2038.3730320443885
2026-06-11 13:10:00,2047.2399476711037
2026-06-11 14:00:00,2040.2680223031991
2026-06-11 15:20:00,2049.7364446213187
2026-06-11 15:55:00,2038.3363845682393
2026-06-11 16:20:00,2055.4595128019246
2026-06-11 19:05:00,2073.944931181824
2026-06-12 03:00:00,2064.306420602689
2026-06-12 04:05:00,2057.7307782565454
2026-06-12 08:45:00,2051.1602253524684
2026-06-12 09:55:00,2059.1074329735147
2026-06-12 10:10:00,2052.205118816144
2026-06-12 10:35:00,2044.7901132416762
2026-06-12 11:15:00,2056.241843080459
2026-06-12 15:05:00,2047.0278086970936
2026-06-12 18:20:00,2057.24629915786
2026-06-12 22:55:00,2048.563019478651
2026-06-12 23:30:00,2043.154261388136
2026-06-15 04:00:00,2036.225343007474
2026-06-15 07:25:00,2043.5439626786092
2026-06-15 09:30:00,2037.476453362346
2026-06-15 10:00:00,2030.6671247695456
2026-06-15 11:45:00,2023.6697042542721
2026-06-15 15:55:00,2033.6967163704815
2026-06-15 17:20:00,2026.3566371840507
2026-06-15 18:00:00,2019.0856579128474
2026-06-15 21:30:00,2012.8235388199616
2026-06-16 05:15:00,2021.2885146177478
2026-06-16 07:10:00,2027.0318371574897
2026-06-16 09:30:00,2021.2476326157575
2026-06-16 09:55:00,2015.0634316761857
2026-06-16 13:15:00,2022.2283727968356
2026-06-16 14:40:00,2016.1627239285303
2026-06-16 16:50:00,2009.2868287189888
2026-06-16 17:30:00,2001.9273972461913
2026-06-16 17:55:00,2012.302953524193
2026-06-16 21:35:00,2005.663244117951
2026-06-17 00:00:00,2000.4161253444986
2026-06-17 00:05:00,1994.7819360978815
2026-06-17 09:25:00,1989.0823317974512
2026-06-17 11:05:00,1983.6744298965755
2026-06-17 11:10:00,1977.452944085591
2026-06-17 13:25:00,1983.83513456118
2026-06-17 15:20:00,1977.334534083723
2026-06-17 15:50:00,1970.959925841413
2026-06-17 16:20:00,1964.446815238163
2026-06-17 17:45:00,1971.8127724108167
2026-06-17 21:00:00,1981.7849349439507
2026-06-18 03:00:00,1972.1625311940747
2026-06-18 03:55:00,1965.7291358635675
2026-06-18 06:25:00,1959.6895712610717
2026-06-18 07:40:00,1954.6165041341812
2026-06-18 08:30:00,1958.9743543659079
2026-06-18 09:30:00,1952.406320983733
2026-06-18 10:25:00,1962.6738128344791
2026-06-18 11:25:00,1973.872298165076
2026-06-18 15:20:00,1964.3723156630124
2026-06-18 16:35:00,1953.5871073696344
2026-06-18 17:55:00,1942.9384303380793
2026-06-18 19:15:00,1957.3771578995959
2026-06-18 22:00:00,1969.8228075604532
2026-06-19 00:00:00,1963.15950222576
2026-06-19 04:55:00,1971.0825377773758
2026-06-19 06:10:00,1976.1517092221761
2026-06-19 09:55:00,1967.950512557846
2026-06-19 14:15:00,1961.2429816116664
2026-06-19 15:50:00,1969.5009823342739
2026-06-19 16:20:00,1961.745116456242
2026-06-19 18:00:00,1971.6724454515802
2026-06-19 20:55:00,1980.8565029419703
2026-06-19 23:15:00,1976.1242452962072
2026-06-19 23:55:00,1970.9679890642988
2026-06-22 00:55:00,1963.1496107946216
2026-06-22 02:50:00,1954.9631555176466
2026-06-22 04:00:00,1949.048299026193
2026-06-22 06:55:00,1957.5492305685655
2026-06-22 08:35:00,1952.2794982092157
2026-06-22 09:45:00,1957.7178293387128
2026-06-22 09:55:00,1950.9701700376345
2026-06-22 10:30:00,1959.587251596778
2026-06-22 12:00:00,1951.4358163034694
2026-06-22 13:05:00,1943.4704269436354
2026-06-22 15:00:00,1953.4659021100288
2026-06-22 15:20:00,1946.1641156469368
2026-06-22 16:00:00,1956.2760558029736
2026-06-22 21:30:00,1973.100970236458
2026-06-22 23:10:00,1967.767551307519
2026-06-23 00:00:00,1973.1872793324526
2026-06-23 05:10:00,1967.2635717300616
2026-06-23 06:10:00,1971.7930504439921
2026-06-23 06:55:00,1966.1708182819664
2026-06-23 07:55:00,1971.7859444862256
2026-06-23 09:20:00,1966.3387917185532
2026-06-23 10:05:00,1959.8956996671109
2026-06-23 10:20:00,1951.9509818833144
2026-06-23 10:50:00,1965.1598706079617
2026-06-23 13:45:00,1973.553845975375
2026-06-23 16:40:00,1965.2249848427346
2026-06-23 17:15:00,1977.3704313886383
2026-06-24 05:55:00,1990.175194790744
2026-06-24 09:05:00,1985.1068574100325
2026-06-24 09:55:00,1992.2490953004753
2026-06-24 11:10:00,2002.8895388262888
2026-06-24 14:00:00,2017.0355971389806
2026-06-24 14:35:00,2009.597000276053
2026-06-24 15:30:00,2019.6642723663215
2026-06-24 16:55:00,2010.4808801685192
2026-06-24 18:10:00,2000.3528564589246
2026-06-24 19:25:00,1990.3712233107851
2026-06-25 00:00:00,2002.744766313358
2026-06-25 04:15:00,1995.1142525001476
2026-06-25 06:45:00,2003.6137429894432
2026-06-25 08:20:00,1998.5660381509665
2026-06-25 08:45:00,1993.714034416665
2026-06-25 09:30:00,1988.4845561763689
2026-06-25 10:10:00,1981.8470068571828
2026-06-25 11:20:00,1991.8567086482035
2026-06-25 13:00:00,1984.5277652061015
2026-06-25 16:20:00,1974.5628367846618
2026-06-25 17:00:00,1963.8971641006658
2026-06-25 18:25:00,1982.8425664134547
2026-06-25 21:00:00,1972.4664890985396
2026-06-25 23:55:00,1965.4436017068274
2026-06-26 00:00:00,1957.1040787092686
2026-06-26 00:05:00,1948.5566644972496
2026-06-26 02:30:00,1939.448351300374
2026-06-26 04:35:00,1933.9291467628266
2026-06-26 06:35:00,1928.2910131664803
2026-06-26 06:50:00,1922.1977335900424
2026-06-26 09:50:00,1916.3090998939795
2026-06-26 10:35:00,1925.1240221059722
2026-06-26 14:50:00,1916.9882265233834
2026-06-26 15:40:00,1926.7506762370251
2026-06-26 17:50:00,1916.379417807052
2026-06-26 18:50:00,1906.099029074117
2026-06-26 19:20:00,1896.022712354059
2026-06-26 20:30:00,1887.7842114037285
2026-06-26 22:20:00,1880.578450764487
2026-06-29 00:00:00,1887.5581607763588
2026-06-29 08:50:00,1879.5406839837156
2026-06-29 11:50:00,1872.3209985006824
2026-06-29 14:00:00,1881.8969204813227
2026-06-29 14:40:00,1875.729857930459
2026-06-29 14:55:00,1884.3546457019709
2026-06-29 17:10:00,1893.646213372486
2026-06-29 19:45:00,1908.3175547267858
2026-06-30 00:00:00,1901.7341817004005
2026-06-30 02:55:00,1895.431073126361
2026-06-30 04:05:00,1890.4136228275202
2026-06-30 04:40:00,1884.4191790618868
2026-06-30 09:30:00,1877.8178950605827
2026-06-30 09:55:00,1871.2334668714914
2026-06-30 11:00:00,1879.9642210402778
2026-06-30 13:35:00,1871.840493729684
2026-06-30 14:35:00,1881.0686423573222
2026-06-30 16:15:00,1872.4457273293997
2026-06-30 17:15:00,1863.3472861472726
2026-07-01 00:00:00,1853.6839034948166
2026-07-01 02:40:00,1847.2046633121547
2026-07-01 07:45:00,1842.1518162719958
2026-07-01 09:10:00,1846.9677175199413
2026-07-01 10:10:00,1853.0616855255928
2026-07-01 12:30:00,1860.5653490885395
2026-07-01 13:50:00,1853.8021609195296
2026-07-01 14:55:00,1861.68207529913
2026-07-01 16:30:00,1851.084428385995
2026-07-01 16:40:00,1839.806865486405
2026-07-02 10:40:00,1826.7207107932757
2026-07-02 13:30:00,1818.2447623546448
2026-07-02 14:55:00,1811.3246124198834
2026-07-02 20:25:00,1797.6854891357198
2026-07-02 22:25:00,1790.9342056988055
2026-07-03 00:00:00,1784.9934876080388
2026-07-03 02:35:00,1776.855593999022
2026-07-03 04:00:00,1782.1714003538816
2026-07-03 08:00:00,1790.1924893348823
2026-07-03 09:15:00,1796.8400796753208
2026-07-03 09:30:00,1805.1914025249387
2026-07-03 10:35:00,1798.0533434993056
2026-07-03 12:50:00,1790.7266632112855
2026-07-03 14:10:00,1797.9445143234768
2026-07-03 15:20:00,1791.470089934954
2026-07-03 16:10:00,1784.80339760658
2026-07-03 16:50:00,1778.3874644697503
2026-07-03 18:45:00,1772.179367093236
2026-07-03 18:55:00,1766.1902163421803
2026-07-03 23:00:00,1760.32902479176
2026-07-06 08:55:00,1768.9231054227216
2026-07-06 10:00:00,1776.3649293698425
2026-07-06 12:50:00,1785.918792379344
2026-07-06 13:55:00,1778.9546906641829
2026-07-06 16:55:00,1786.7814344539922
2026-07-06 18:40:00,1779.0969881313833
2026-07-07 00:55:00,1784.7043208823932
2026-07-07 03:20:00,1779.8809421969586
2026-07-07 04:25:00,1775.0999963053182
2026-07-07 04:50:00,1780.836029991153
2026-07-07 05:55:00,1774.7786252986143
2026-07-07 07:20:00,1769.509670022822
2026-07-07 08:00:00,1764.8087712908248
2026-07-07 08:15:00,1759.9353794079468
2026-07-07 11:20:00,1754.2933962797008
2026-07-07 12:55:00,1761.6375975330195
2026-07-07 13:55:00,1755.4492785232517
2026-07-07 14:15:00,1749.944739482308
2026-07-07 15:20:00,1744.2073685892217
2026-07-07 15:30:00,1736.7719170446733
2026-07-07 17:00:00,1745.9683726156434
2026-07-07 17:50:00,1737.9301153768452
2026-07-07 18:55:00,1748.1552983733734
2026-07-07 20:55:00,1741.8759105719091
2026-07-07 21:50:00,1747.7313326388362
2026-07-08 00:30:00,1756.9439784975766
2026-07-08 03:35:00,1751.3952531024397
2026-07-08 04:35:00,1757.1412332889865
2026-07-08 05:15:00,1751.4416749008674
2026-07-08 05:35:00,1745.55030359674
2026-07-08 08:00:00,1740.5530023104907
2026-07-08 08:40:00,1735.527530392492
2026-07-08 09:20:00,1729.8881962038224
2026-07-08 10:20:00,1723.5990862705296
2026-07-08 11:15:00,1714.241414098553
2026-07-08 11:40:00,1704.2238281795176
2026-07-08 12:00:00,1693.7171624299965
2026-07-08 14:40:00,1710.938595809223
2026-07-08 16:35:00,1701.588831280955
2026-07-08 18:30:00,1713.35453887613
2026-07-08 19:35:00,1705.7678029128847
2026-07-08 23:30:00,1699.6091162072073
2026-07-09 00:45:00,1691.7558596092335
2026-07-09 03:10:00,1700.8711196529684
2026-07-09 08:10:00,1706.2987543045376
2026-07-09 10:45:00,1698.997532941779
2026-07-09 11:45:00,1692.1927128534992
2026-07-09 13:50:00,1685.743687639833
2026-07-09 15:05:00,1692.8339011462974
2026-07-09 15:50:00,1686.4571611750364
2026-07-09 16:15:00,1694.6338358957798
2026-07-09 17:55:00,1686.821944360983
2026-07-09 22:30:00,1679.1965558798158
2026-07-10 00:00:00,1674.403270732403
2026-07-10 00:25:00,1667.7705547622845
2026-07-10 00:55:00,1660.7169734990368
2026-07-10 03:55:00,1670.042098772009
2026-07-10 06:55:00,1663.9792348935136
2026-07-10 07:20:00,1658.0159239817685
2026-07-10 09:20:00,1663.02524023253
2026-07-10 10:10:00,1657.184148825104
2026-07-10 11:20:00,1651.0406540023296
2026-07-10 11:55:00,1644.5145744740012
2026-07-10 12:45:00,1637.8391696612684
2026-07-10 15:10:00,1631.7293257302072
2026-07-10 15:45:00,1641.5007303168854
2026-07-10 17:30:00,1652.4209619342982
2026-07-10 18:10:00,1643.8401875911973
2026-07-10 18:20:00,1635.2928422734485
2026-07-10 18:55:00,1627.2772280967156
2026-07-10 20:15:00,1636.7990495328538
2026-07-13 00:00:00,1643.1699069609
2026-07-13 02:45:00,1636.8034913815604
2026-07-13 03:20:00,1630.8350150616252
2026-07-13 04:00:00,1639.104387703399
2026-07-13 05:35:00,1632.1151768910343
2026-07-13 07:50:00,1625.8361774673997
2026-07-13 09:30:00,1620.3865844063178
2026-07-13 10:10:00,1614.03973158965
2026-07-13 10:35:00,1607.2327035293451
2026-07-13 15:05:00,1599.7469274445373
2026-07-13 16:45:00,1592.6574985184714
2026-07-13 23:15:00,1599.466808323656
2026-07-14 00:30:00,1593.8592812969046
2026-07-14 03:40:00,1587.9641312875995
2026-07-14 04:15:00,1582.0885515619857
2026-07-14 04:50:00,1576.3647065269397
2026-07-14 05:15:00,1570.7756269310173
2026-07-14 06:30:00,1566.070846824658
2026-07-14 06:35:00,1560.7215431498805
2026-07-14 09:15:00,1566.0540158135266
2026-07-14 10:45:00,1560.3895141350738
2026-07-14 11:30:00,1553.6230429146487
2026-07-14 13:25:00,1546.6589503078062
2026-07-14 14:00:00,1540.5747942432588
2026-07-14 14:45:00,1547.5534742124216
2026-07-14 18:40:00,1535.1580309410747
2026-07-14 20:10:00,1527.113514435123
2026-07-14 21:25:00,1519.7491035489218
2026-07-14 21:40:00,1513.3227097842905
2026-07-15 03:50:00,1520.8685126951416
2026-07-15 05:40:00,1526.1557088359702
2026-07-15 06:15:00,1520.6471130675504
2026-07-15 08:45:00,1526.2987909231886
2026-07-15 09:45:00,1521.3082085454823
2026-07-15 11:10:00,1514.5821690141006
2026-07-15 12:00:00,1508.2501676330144
2026-07-15 12:30:00,1502.152196350384
2026-07-15 15:05:00,1509.4401414960794
2026-07-15 15:30:00,1502.4227099483105
2026-07-15 15:45:00,1494.2750798060183
2026-07-15 16:55:00,1485.6276808967623
2026-07-15 17:30:00,1476.9799368704068
2026-07-15 20:05:00,1488.627061501771
2026-07-16 05:10:00,1480.8420164960207
2026-07-16 10:15:00,1486.5870618787842
2026-07-16 11:05:00,1480.9664371778827
2026-07-16 12:30:00,1474.3383175554889
2026-07-16 14:15:00,1468.2261957616447
2026-07-16 14:50:00,1462.280857959418
2026-07-16 15:30:00,1454.9003319131168
2026-07-16 17:45:00,1466.1607338516123
2026-07-16 20:00:00,1476.3614546641645
2026-07-16 22:50:00,1470.8214459613955
2026-07-16 23:30:00,1466.3989934007582
2026-07-17 00:10:00,1461.930440142659
2026-07-17 02:25:00,1457.4162284048075
2026-07-17 03:25:00,1459.2093085317824
2026-07-17 03:50:00,1455.1816708989807
2026-07-17 04:00:00,1451.020293097093
2026-07-17 04:45:00,1454.7071713993867
2026-07-17 07:50:00,1459.0198886335006
2026-07-17 08:30:00,1454.842298670941
2026-07-17 08:35:00,1450.3616444625802
2026-07-17 09:10:00,1445.5129725123054
2026-07-17 11:10:00,1451.958141885145
2026-07-17 13:20:00,1460.0842389018148
2026-07-17 17:15:00,1453.414689957912
2026-07-17 17:40:00,1446.2303297093476
2026-07-20 00:00:00,1455.1110385623263
2026-07-20 03:00:00,1450.6254885797682
2026-07-20 03:20:00,1445.9089787127373
2026-07-20 04:00:00,1441.2766656824556
2026-07-20 04:30:00,1436.65457718332
2026-07-20 04:55:00,1432.052198355935
2026-07-20 08:45:00,1428.4499149766568
2026-07-20 08:55:00,1424.6598272290996
2026-07-20 09:05:00,1420.7726028920815
2026-07-20 10:00:00,1415.9382918157012
2026-07-20 10:10:00,1410.3716474999346
2026-07-20 10:25:00,1416.4171871873284
2026-07-20 11:25:00,1409.9981769052335
2026-07-20 12:05:00,1404.106407114911
2026-07-20 14:30:00,1398.6243363630833
2026-07-20 15:00:00,1405.5682636892918
2026-07-20 16:40:00,1414.5269418901928
2026-07-20 19:15:00,1407.8673420227083
2026-07-21 08:40:00,1401.7729211278795
2026-07-21 09:20:00,1397.3585061115634
2026-07-21 09:45:00,1392.6792187296533
2026-07-21 11:35:00,1387.3366515679074
2026-07-21 14:05:00,1381.7220334925007
2026-07-21 15:15:00,1376.1201785081735
2026-07-21 15:40:00,1370.5233790377692
2026-07-21 16:00:00,1364.6412476833693
2026-07-21 16:20:00,1358.713407819805
2026-07-21 17:35:00,1366.977917746435
2026-07-21 23:55:00,1375.739179541982
2026-07-22 02:50:00,1371.3321398253988
2026-07-22 04:00:00,1367.2589603592814
2026-07-22 05:25:00,1362.8229054054634
2026-07-22 09:00:00,1358.0991122154855
2026-07-22 10:20:00,1363.0080768900048
2026-07-22 10:40:00,1356.6611172222135
2026-07-22 13:00:00,1350.2603689592645
2026-07-22 16:20:00,1357.373166323737
2026-07-22 17:55:00,1350.5802623807856
2026-07-23 00:00:00,1343.7347107477667
2026-07-23 00:15:00,1339.1771678450034
2026-07-23 01:40:00,1334.6575293390215
2026-07-23 02:15:00,1330.9287249883525
2026-07-23 03:00:00,1327.2598147988256
2026-07-23 09:30:00,1322.1436139108876
2026-07-23 10:00:00,1317.1036543830214
2026-07-23 10:40:00,1311.6228411959394
2026-07-23 11:10:00,1305.685566103619
2026-07-23 12:25:00,1299.3296249197792
2026-07-23 13:20:00,1293.2460499361107
2026-07-23 17:15:00,1306.5642838541623
2026-07-23 19:30:00,1297.4449682461163
2026-07-24 03:55:00,1289.621797443726
2026-07-24 04:35:00,1284.5359027157187
2026-07-24 05:30:00,1279.5247378848196
2026-07-24 06:10:00,1284.0587923701253
2026-07-24 09:20:00,1279.3532466087422
2026-07-24 09:55:00,1274.4461119232856
2026-07-24 11:15:00,1267.80168433848
2026-07-24 13:55:00,1261.3591292507667
2026-07-24 14:40:00,1255.2359199437972
2026-07-24 17:00:00,1248.2929755976106
2026-07-24 18:05:00,1240.9025312605609
2026-07-24 20:05:00,1250.7963355012137
2026-07-24 23:55:00,1246.2909184176403
2026-07-27 00:00:00,1238.148217594457
2026-07-27 03:00:00,1245.1826846752347
2026-07-27 04:45:00,1252.9128315234407
2026-07-27 06:10:00,1247.0860081496073
2026-07-27 09:00:00,1252.7776395098347
2026-07-27 10:30:00,1246.623177144284
2026-07-27 10:50:00,1239.772634590715
2026-07-27 13:10:00,1233.285160556066
2026-07-27 14:45:00,1226.7209561184104
2026-07-27 16:55:00,1235.8125347373598
2026-07-27 19:15:00,1228.9630524527254
2026-07-27 20:15:00,1235.6759591989967
2026-07-28 04:00:00,1230.2984760153172
2026-07-28 05:50:00,1225.6970123822723
2026-07-28 06:30:00,1221.1844853274715
2026-07-28 07:00:00,1225.2802305635284
2026-07-28 09:25:00,1220.487946254896
2026-07-28 10:50:00,1225.3259354675322
2026-07-28 11:20:00,1219.5337585400107
2026-07-28 12:40:00,1226.333066912924
2026-07-28 14:25:00,1220.486595826889
2026-07-28 16:05:00,1214.5522353186338
2026-07-28 16:45:00,1208.439312441472
2026-07-28 17:25:00,1202.124911171441
2026-07-28 20:45:00,1195.9821819312106
2026-07-28 21:25:00,1190.5810278294143
2026-07-29 01:20:00,1185.8018335048232
2026-07-29 02:00:00,1180.9096045444962
2026-07-29 03:25:00,1184.881926174391
2026-07-29 05:10:00,1189.1023987224821
2026-07-29 06:25:00,1194.0366368515283
2026-07-29 09:10:00,1189.0414721008099
2026-07-29 09:20:00,1183.8127724782462
2026-07-29 13:15:00,1178.2644168698305
2026-07-29 13:45:00,1172.534620469697
2026-07-29 14:40:00,1167.0395157616663
2026-07-29 16:20:00,1161.204654016058
2026-07-29 16:45:00,1155.1312273068347
2026-07-29 17:25:00,1148.717033087444
2026-07-29 17:55:00,1157.9994328623832
2026-07-29 20:15:00,1150.5124457070715
2026-07-30 03:05:00,1144.9491450768978
2026-07-30 03:20:00,1139.3043412728032
2026-07-30 04:20:00,1133.6633057141087
2026-07-30 04:50:00,1127.7467236957716
2026-07-30 06:15:00,1122.6035763372388
2026-07-30 09:00:00,1117.8019117069894
2026-07-30 10:10:00,1112.1535624583034
2026-07-30 11:25:00,1120.6514268633339
2026-07-30 12:10:00,1130.789033075369
2026-07-30 16:35:00,1142.878040416898
2026-07-30 21:05:00,1164.4963382434582
2026-07-31 03:05:00,1156.1877508327148
2026-07-31 03:30:00,1150.8102241877475
2026-07-31 04:35:00,1144.592545848097
2026-07-31 06:10:00,1138.419534321073
2026-07-31 07:40:00,1132.966333382472
2026-07-31 09:05:00,1138.6803263646623
2026-07-31 10:45:00,1147.2693038060372
2026-07-31 11:05:00,1139.2700662782725
2026-07-31 11:55:00,1150.16829867514
2026-07-31 12:25:00,1141.2160592917737
2026-07-31 13:25:00,1132.2331256455427
2026-07-31 14:00:00,1124.840951439516
2026-07-31 16:20:00,1118.001508665187
2026-07-31 16:35:00,1137.3471940614218
2026-07-31 17:35:00,1124.1647062197742
2026-07-31 17:50:00,1112.263062358236
2026-07-31 23:40:00,1122.7161831204178
2026-08-03 04:15:00,1110.481368370324
2026-08-03 06:15:00,1103.425791074519
2026-08-03 08:45:00,1108.644501145781
2026-08-03 09:20:00,1103.4877624003811
2026-08-03 09:35:00,1097.9021556133393
2026-08-03 10:15:00,1090.5835159223875
2026-08-03 11:10:00,1083.3134899016072
2026-08-03 11:50:00,1075.9766778546798
2026-08-03 12:45:00,1068.8855178702418
2026-08-03 13:15:00,1077.0358723074348
2026-08-03 14:45:00,1069.813145112737
2026-08-03 15:00:00,1063.5763678522128
2026-08-03 17:00:00,1071.5027858710905
2026-08-04 10:20:00,1063.760429016574
2026-08-04 13:40:00,1057.3133675227814
2026-08-04 14:15:00,1051.094648048157
2026-08-04 16:15:00,1044.1521777804137
2026-08-04 17:05:00,1053.9981228994784
2026-08-04 18:15:00,1046.3716123602248
2026-08-04 21:50:00,1056.0834232084146
2026-08-05 00:00:00,1051.6840573322881
2026-08-05 03:00:00,1055.8030687718842
2026-08-05 04:00:00,1051.3862779861424
2026-08-05 05:35:00,1055.9354403992836
2026-08-05 08:00:00,1051.0684929442414
2026-08-05 09:35:00,1055.1486766828366
2026-08-05 10:25:00,1049.2777184917068
2026-08-05 11:45:00,1043.1853953217562
2026-08-05 14:05:00,1051.2494641336712
2026-08-05 15:55:00,1044.4234808091192
2026-08-05 16:45:00,1037.45005636818
2026-08-05 17:15:00,1047.9663072083556
2026-08-05 18:45:00,1039.4203823355751
2026-08-05 20:55:00,1050.9514185160606
2026-08-05 22:15:00,1045.262202474243
2026-08-06 00:10:00,1050.363206930739
2026-08-06 06:20:00,1045.281396106389
2026-08-06 08:05:00,1041.180625762993
2026-08-06 09:35:00,1037.1241250388964
2026-08-06 12:35:00,1041.7913748346587
2026-08-06 14:00:00,1036.123011287281
2026-08-06 14:25:00,1030.7138408948824
2026-08-06 14:45:00,1036.2383993099222
2026-08-06 14:55:00,1030.5857218722404
2026-08-06 16:10:00,1037.2525839841596
2026-08-06 16:40:00,1030.9536759147065
2026-08-06 17:05:00,1038.340202822511
2026-08-06 18:15:00,1047.4374322481208
2026-08-07 12:10:00,1040.9135156034579
2026-08-07 12:50:00,1035.9971903772748
2026-08-07 14:40:00,1030.997629063183
2026-08-07 15:30:00,1037.12380061774
2026-08-10 07:05:00,1026.165129062963
2026-08-10 08:50:00,1029.2113064489133
2026-08-10 10:35:00,1032.777733523837
2026-08-10 12:35:00,1027.5716504210836
2026-08-10 14:05:00,1022.0746420280675
2026-08-10 15:25:00,1017.0165076811894
2026-08-10 16:15:00,1011.4064808032048
2026-08-10 16:50:00,1017.866629194832
2026-08-10 17:25:00,1011.5991421463062
2026-08-10 20:10:00,1018.9198287140351
2026-08-11 00:00:00,1014.1862681167231
2026-08-11 01:00:00,1010.0670730165381
2026-08-11 02:55:00,1006.5778845868875
2026-08-11 04:15:00,1002.4777095285461
2026-08-11 05:20:00,1006.0785183356533
2026-08-11 06:30:00,1001.7120147628365
2026-08-11 07:45:00,1005.2667554200222
2026-08-11 09:20:00,1008.6801119597343
2026-08-11 11:00:00,1014.2138733557515
2026-08-11 11:40:00,1009.013743503051
2026-08-11 14:00:00,1003.8526621504662
2026-08-11 15:55:00,998.1040337239012
2026-08-11 16:45:00,992.0532265910678
2026-08-11 20:05:00,999.1693826410122
2026-08-11 21:35:00,994.3617989593959
2026-08-11 23:00:00,989.9300307879713
2026-08-11 23:40:00,986.2267604507527
2026-08-12 03:00:00,988.6056816343273
2026-08-12 03:45:00,985.0584399638088
2026-08-12 05:00:00,981.0364699129597
2026-08-12 07:15:00,984.3959525965578
2026-08-12 08:20:00,986.4781744575685
2026-08-12 09:55:00,982.8454817677984
2026-08-12 10:05:00,978.673322087163
2026-08-12 12:10:00,974.4769416040662
2026-08-12 13:45:00,981.2157428280573
2026-08-12 14:30:00,975.6834551430179
2026-08-12 14:45:00,970.2929718908213
2026-08-12 17:45:00,959.8277538239661
2026-08-12 19:05:00,951.204700308764
2026-08-12 23:45:00,946.5127219135936
2026-08-13 00:00:00,942.3775322471371
2026-08-13 01:00:00,938.3500444863367
2026-08-13 01:55:00,934.5158298302946
2026-08-13 04:15:00,930.8522951865738
2026-08-13 04:50:00,933.4997242951204
2026-08-13 07:55:00,929.5393188034218
2026-08-13 09:10:00,931.9853919710075
2026-08-13 10:30:00,927.0375991766045
2026-08-13 10:40:00,922.0051818244381
2026-08-13 11:40:00,916.6554378804283
2026-08-13 12:15:00,911.6741584962353
2026-08-13 15:15:00,907.1652599563698
2026-08-13 15:45:00,913.1745310398013
2026-08-13 16:35:00,906.064301849158
2026-08-13 17:15:00,915.0290420327194
2026-08-13 18:50:00,906.8685778406709
2026-08-13 19:15:00,899.960756250197
2026-08-14 03:35:00,907.2203380001204
2026-08-14 04:20:00,903.2325674040593
2026-08-14 06:20:00,906.9390082617264
2026-08-14 08:25:00,909.8469583854293
2026-08-14 10:00:00,913.1687936049124
2026-08-14 14:15:00,918.5517123232142
2026-08-14 16:35:00,928.018967409878
2026-08-14 19:40:00,920.5968670035068
2026-08-14 20:00:00,914.1538796509072
2026-08-17 00:00:00,909.2791556985368
2026-08-17 00:15:00,903.6826327419266
2026-08-17 01:35:00,908.3904121262874
2026-08-17 03:00:00,910.5847972680813
2026-08-17 07:05:00,914.8299036473339
2026-08-17 08:50:00,917.503465720737
2026-08-17 09:10:00,913.2387259461927
2026-08-17 09:25:00,917.3410626132462
2026-08-17 11:50:00,910.2254505155029
2026-08-17 13:05:00,903.0155604924486
2026-08-17 13:50:00,896.948239861475
2026-08-17 14:15:00,890.7521820439615
2026-08-17 16:10:00,897.3217854652974
2026-08-17 16:40:00,890.552543131076
2026-08-17 18:00:00,883.390872269552
2026-08-17 20:35:00,876.938215486414
2026-08-17 22:40:00,871.8766054089571
2026-08-18 00:00:00,867.1860985867102
2026-08-18 00:15:00,862.2603298701306
2026-08-18 02:30:00,856.9929578645083
2026-08-18 03:30:00,858.9013233315333
2026-08-18 04:10:00,854.9815650654933
2026-08-18 05:10:00,858.8219916895822
2026-08-18 06:35:00,862.3781535404173
2026-08-18 08:05:00,865.6421876148323
2026-08-18 09:05:00,868.9045239600013
2026-08-18 10:25:00,863.8493449867246
2026-08-18 12:30:00,858.4095856650165
2026-08-18 16:30:00,853.4428511314363
2026-08-18 16:40:00,846.5222463482781
2026-08-18 17:10:00,839.436877938309
2026-08-18 20:05:00,832.2388438096542
2026-08-18 23:00:00,827.0121028279201
2026-08-19 00:00:00,822.9933062248688
2026-08-19 00:20:00,818.3905703839376
2026-08-19 03:00:00,814.4404541109529
2026-08-19 04:15:00,818.2960064372813
2026-08-19 05:05:00,813.3736399307313
2026-08-19 08:50:00,817.9909182505942
2026-08-19 11:05:00,823.0592992532406
2026-08-19 12:50:00,830.0834228085555
2026-08-19 14:05:00,824.9190759995787
2026-08-19 14:40:00,819.4849215027392
2026-08-19 15:30:00,826.0582551203203
2026-08-19 21:55:00,841.9688568562515
2026-08-20 09:45:00,850.6755735974696
2026-08-20 10:40:00,857.9008746147958
2026-08-20 13:50:00,850.8844022536082
2026-08-20 14:10:00,843.6899307545492
2026-08-20 14:40:00,836.4931546599536
2026-08-20 15:30:00,828.5113740009681
2026-08-20 16:45:00,819.7506170923558
2026-08-20 18:00:00,832.2157527659075
2026-08-20 18:40:00,822.3732270374402
2026-08-21 04:30:00,837.0178138225355
2026-08-21 05:20:00,842.2279755344082
2026-08-21 07:40:00,837.1202348182401
2026-08-21 08:45:00,840.688378029499
2026-08-21 09:20:00,835.7489366775469
2026-08-21 10:00:00,841.6051743980277
2026-08-21 10:30:00,835.6342747776432
2026-08-21 10:40:00,828.9675872874011
2026-08-21 11:40:00,837.6938136736343
2026-08-21 15:15:00,830.5326089635788
2026-08-21 15:30:00,823.39653298235
2026-08-21 17:00:00,816.055727561824
2026-08-21 18:50:00,808.5719319244711
2026-08-24 10:15:00,817.7480543495764
2026-08-24 10:40:00,823.7931909425034
2026-08-24 14:25:00,818.1673073595941
2026-08-24 14:35:00,812.9995920026812
2026-08-24 15:20:00,807.1034496796293
2026-08-24 16:20:00,800.0641528361398
2026-08-24 20:20:00,808.2702967469803
2026-08-24 21:25:00,802.8141760074427
2026-08-25 00:05:00,808.7961597317463
2026-08-25 00:45:00,803.8641279970293
2026-08-25 02:50:00,799.8693657754392
2026-08-25 04:50:00,802.8083967825845
2026-08-25 05:55:00,806.446601930227
2026-08-25 09:45:00,809.4707119840401
2026-08-25 10:15:00,804.4063746768634
2026-08-25 11:20:00,799.1182608295952
2026-08-25 12:30:00,792.7318780499423
2026-08-25 16:10:00,786.1354561634046
2026-08-26 07:15:00,778.9718042819768
2026-08-26 08:35:00,775.0823810001148
2026-08-26 09:30:00,777.7615312684025
2026-08-26 09:55:00,773.1931789296706
2026-08-26 11:05:00,768.2515131271103
2026-08-26 12:00:00,763.2351558388026
2026-08-26 12:05:00,757.9899294014356
2026-08-26 13:55:00,763.0293584459689
2026-08-26 14:50:00,758.0769800042374
2026-08-26 15:10:00,753.0003933234208
2026-08-27 03:00:00,746.0613421590134
2026-08-27 03:30:00,742.5882572895015
2026-08-27 04:15:00,739.0358030401212
2026-08-27 08:50:00,742.1439002605779
2026-08-27 11:00:00,738.2623284820056
2026-08-27 11:25:00,742.4938772093526
2026-08-27 14:10:00,749.0585558853303
2026-08-27 16:05:00,742.9736279056266
2026-08-27 17:05:00,736.0808227093497
2026-08-28 12:40:00,744.9031092212989
2026-08-28 13:30:00,740.3602371545638
2026-08-28 13:55:00,735.7460174502086
2026-08-28 15:30:00,739.6835584038754
2026-08-28 15:55:00,734.5171881194891
2026-08-28 16:55:00,740.1397212935414
2026-08-28 22:25:00,734.5101371461084
2026-08-31 00:00:00,740.1320474353014
2026-08-31 01:30:00,735.7635760366645
2026-08-31 02:00:00,731.5868127456496
2026-08-31 02:20:00,727.4240489172948
2026-08-31 03:50:00,722.7886806783516
2026-08-31 04:30:00,717.6899569054933
2026-08-31 04:40:00,712.6508686613925
2026-08-31 09:55:00,717.5411943700589
2026-08-31 10:20:00,712.4760591645413
2026-08-31 14:20:00,706.3478175494282
2026-08-31 14:55:00,701.1858510942167
2026-08-31 15:35:00,695.7735068867162
2026-08-31 16:25:00,689.9132866493281
2026-08-31 17:25:00,697.356195579932
2026-09-01 03:20:00,703.5616684093734
2026-09-01 04:05:00,698.777640140473
2026-09-01 05:35:00,693.8977184636893
2026-09-01 06:20:00,689.3086917070887
2026-09-01 07:25:00,684.6838761758642
2026-09-01 08:00:00,680.6775984492793
2026-09-01 09:25:00,684.0567916716564
2026-09-01 10:20:00,688.4297121276048
2026-09-01 12:40:00,682.3234217694194
2026-09-01 13:40:00,688.3799569220826
2026-09-01 16:35:00,682.8846611066018
2026-09-01 18:20:00,689.184661106601
