entry_time,exit_time,direction,entry_price,exit_price,stop_loss,take_profit,atr,result,exit_reason,gross_pips,cost_pips,net_pips,net_money,gross_money,r_multiple,signal_rsi,ema_sep,mae_pips,mae_r,mfe_pips,signal_close,signal_range,signal_ema_fast,signal_ema_slow
2025-06-17 16:10:00,2025-06-17 17:15:00,BUY,1.15582,1.15497,1.15497,1.15752,0.00057,LOSS,SL,-8.5,1.8,-10.3,-11.01,-8.51,-1.212,44.64,0.000207,15.7,1.845,10.7,1.15581,0.0005,1.156171,1.155963
2025-06-17 18:45:00,2025-06-17 19:45:00,SELL,1.1532,1.15122,1.15419,1.15122,0.00066,WIN,TP,19.8,1.8,18.0,17.31,19.81,1.818,46.62,-0.001093,6.6,0.666,26.2,1.15319,0.00076,1.154335,1.155428
2025-06-17 22:40:00,2025-06-18 00:00:00,SELL,1.14864,1.14714,1.14939,1.14714,0.0005,WIN,TP,15.0,2.0,13.0,12.32,15.02,1.734,49.04,-0.003433,1.9,0.253,16.8,1.14865,0.00038,1.149814,1.153247
2025-06-18 00:10:00,2025-06-18 03:40:00,SELL,1.14844,1.14924,1.14924,1.14684,0.00053,LOSS,SL,-8.0,6.1,-14.1,-14.78,-7.98,-1.764,52.91,-0.003483,9.4,1.178,10.3,1.14848,0.001,1.14891,1.152394
2025-06-18 04:45:00,2025-06-18 05:25:00,SELL,1.14943,1.15001,1.15001,1.14827,0.00039,LOSS,SL,-5.8,1.9,-7.7,-8.38,-5.78,-1.329,59.5,-0.001987,6.4,1.108,2.0,1.14944,0.00047,1.148747,1.150734
2025-06-18 05:35:00,2025-06-18 06:20:00,SELL,1.14965,1.15016,1.15016,1.14863,0.00034,LOSS,SL,-5.1,2.0,-7.1,-7.79,-5.09,-1.393,56.93,-0.001579,5.5,1.081,3.8,1.14962,0.0003,1.149054,1.150633
2025-06-18 06:50:00,2025-06-18 07:35:00,SELL,1.15001,1.15045,1.15045,1.14913,0.00029,LOSS,SL,-4.4,1.8,-6.2,-6.88,-4.38,-1.411,56.06,-0.001079,5.0,1.14,4.1,1.15001,0.00022,1.149453,1.150532
2025-06-18 07:40:00,2025-06-18 07:55:00,SELL,1.15024,1.15066,1.15066,1.14941,0.00028,LOSS,SL,-4.2,1.8,-6.0,-6.67,-4.17,-1.431,59.23,-0.000839,5.0,1.198,0.4,1.15024,0.00028,1.149644,1.150483
2025-06-18 08:10:00,2025-06-18 08:35:00,SELL,1.15014,1.15055,1.15055,1.14932,0.00027,LOSS,SL,-4.1,2.2,-6.3,-7.0,-4.1,-1.537,51.49,-0.000674,5.0,1.22,1.2,1.15014,0.00043,1.149804,1.150478
2025-06-18 08:50:00,2025-06-18 09:00:00,SELL,1.15022,1.15064,1.15064,1.14938,0.00028,LOSS,SL,-4.2,1.8,-6.0,-6.69,-4.19,-1.43,50.73,-0.00052,5.6,1.338,2.4,1.15022,0.00047,1.149946,1.150465
2025-06-18 09:05:00,2025-06-18 09:10:00,SELL,1.15025,1.15074,1.15074,1.14928,0.00032,LOSS,SL,-4.9,2.0,-6.9,-7.56,-4.86,-1.412,51.24,-0.00048,5.1,1.05,2.3,1.15025,0.0006,1.149979,1.150459
2025-06-18 09:40:00,2025-06-18 10:00:00,SELL,1.15086,1.15144,1.15144,1.1497,0.00039,LOSS,SL,-5.8,1.8,-7.6,-8.28,-5.78,-1.311,57.22,-0.000272,10.6,1.833,3.1,1.15086,0.0005,1.150221,1.150492
2025-06-18 10:45:00,2025-06-18 11:15:00,BUY,1.15141,1.15076,1.15076,1.15272,0.00044,LOSS,SL,-6.5,1.8,-8.3,-9.03,-6.53,-1.276,54.8,0.000139,9.3,1.425,2.7,1.15141,0.00025,1.150756,1.150617
2025-06-18 11:20:00,2025-06-18 11:40:00,BUY,1.15062,1.14998,1.14998,1.1519,0.00043,LOSS,SL,-6.4,1.8,-8.2,-8.89,-6.39,-1.282,40.02,0.000207,8.3,1.299,0.5,1.15062,0.00058,1.150865,1.150658
2025-06-18 11:50:00,2025-06-18 11:55:00,BUY,1.15073,1.15007,1.15007,1.15205,0.00044,LOSS,SL,-6.6,1.8,-8.4,-9.11,-6.61,-1.273,47.47,0.000113,8.7,1.317,0.0,1.15073,0.00063,1.150752,1.150638
2025-06-18 12:05:00,2025-06-18 13:50:00,BUY,1.15026,1.1496,1.1496,1.15158,0.00044,LOSS,SL,-6.6,1.9,-8.5,-9.18,-6.58,-1.289,41.65,6.6e-05,8.0,1.215,7.6,1.15027,0.00047,1.150693,1.150626
2025-06-18 14:25:00,2025-06-18 14:55:00,SELL,1.14995,1.1506,1.1506,1.14866,0.00043,LOSS,SL,-6.5,1.8,-8.3,-8.97,-6.47,-1.278,46.71,-0.000196,8.6,1.33,6.3,1.14996,0.00052,1.150336,1.150532
2025-06-18 15:00:00,2025-06-18 15:20:00,SELL,1.1507,1.15135,1.15135,1.1494,0.00043,LOSS,SL,-6.5,1.9,-8.4,-9.1,-6.5,-1.292,58.47,-0.000228,7.4,1.138,2.2,1.15068,0.00043,1.150272,1.1505
2025-06-18 15:40:00,2025-06-18 16:30:00,SELL,1.15095,1.14956,1.15164,1.14956,0.00046,WIN,TP,13.9,1.9,12.0,11.26,13.86,1.726,56.79,-5.2e-05,1.8,0.26,14.9,1.15096,0.00047,1.15049,1.150543
2025-06-18 17:10:00,2025-06-18 18:25:00,SELL,1.15085,1.1521,1.1521,1.14835,0.00083,LOSS,SL,-12.5,1.8,-14.3,-14.99,-12.49,-1.144,55.39,-0.000196,20.7,1.657,11.5,1.15086,0.00124,1.150273,1.150469
2025-06-18 19:15:00,2025-06-18 19:35:00,BUY,1.15168,1.15072,1.15072,1.1536,0.00064,LOSS,SL,-9.6,1.8,-11.4,-12.12,-9.62,-1.187,51.92,0.000425,10.2,1.06,1.7,1.15168,0.00081,1.151116,1.15069
2025-06-18 19:40:00,2025-06-18 20:30:00,BUY,1.15088,1.15004,1.15004,1.15257,0.00056,LOSS,SL,-8.4,1.8,-10.2,-10.93,-8.43,-1.214,43.55,0.000406,11.8,1.4,0.6,1.15088,0.00041,1.151119,1.150712
2025-06-18 20:55:00,2025-06-18 21:00:00,BUY,1.14993,1.15137,1.14921,1.15137,0.00048,WIN,TP,14.4,1.8,12.6,11.87,14.37,1.75,42.02,2.4e-05,3.0,0.417,29.3,1.14993,0.00053,1.150656,1.150632
2025-06-18 21:05:00,2025-06-18 21:05:00,SELL,1.15043,1.15159,1.15159,1.14811,0.00077,LOSS,SL,-11.6,1.8,-13.4,-14.09,-11.59,-1.155,49.97,-1.2e-05,15.9,1.372,4.4,1.15042,0.0032,1.150608,1.15062
2025-06-18 21:20:00,2025-06-18 21:40:00,BUY,1.15105,1.14985,1.14985,1.15345,0.0008,LOSS,SL,-12.0,1.8,-13.8,-14.48,-11.98,-1.15,54.71,4.2e-05,14.6,1.218,6.0,1.15102,0.00084,1.150682,1.150639
2025-06-18 21:45:00,2025-06-18 21:50:00,BUY,1.14972,1.14828,1.14828,1.1526,0.00096,LOSS,SL,-14.4,1.8,-16.2,-16.9,-14.4,-1.125,40.52,3.6e-05,23.3,1.618,4.1,1.14974,0.00169,1.150677,1.150641
2025-06-18 23:05:00,2025-06-19 09:20:00,SELL,1.14768,1.14496,1.14904,1.14496,0.00091,WIN,TP,27.2,1.9,25.3,24.63,27.23,1.86,45.73,-0.001101,11.7,0.859,27.3,1.14768,0.0007,1.149035,1.150136
2025-06-19 09:45:00,2025-06-19 09:50:00,SELL,1.14562,1.14637,1.14637,1.14412,0.0005,LOSS,SL,-7.5,1.8,-9.3,-10.01,-7.51,-1.24,48.59,-0.001565,10.1,1.344,0.9,1.14563,0.00078,1.145999,1.147564
2025-06-19 09:55:00,2025-06-19 10:20:00,SELL,1.14628,1.14702,1.14702,1.1448,0.00049,LOSS,SL,-7.4,1.8,-9.2,-9.88,-7.38,-1.244,56.95,-0.001516,13.7,1.857,0.7,1.14629,0.00042,1.146023,1.147539
2025-06-19 10:35:00,2025-06-19 11:50:00,SELL,1.14686,1.14771,1.14771,1.14517,0.00056,LOSS,SL,-8.5,1.8,-10.3,-10.96,-8.46,-1.213,59.45,-0.001259,10.0,1.181,12.5,1.14686,0.00097,1.146217,1.147476
2025-06-19 12:10:00,2025-06-19 14:20:00,SELL,1.14737,1.14819,1.14819,1.14573,0.00055,LOSS,SL,-8.2,1.8,-10.0,-10.68,-8.18,-1.22,57.29,-0.000749,10.0,1.223,6.6,1.14736,0.0006,1.146636,1.147385
2025-06-19 14:40:00,2025-06-19 17:25:00,SELL,1.14805,1.14663,1.14876,1.14663,0.00047,WIN,TP,14.2,1.8,12.4,11.71,14.21,1.747,58.2,-0.000133,5.2,0.732,14.7,1.14805,0.00074,1.147288,1.147421
2025-06-19 17:40:00,2025-06-19 18:55:00,BUY,1.14685,1.1461,1.1461,1.14835,0.0005,LOSS,SL,-7.5,1.8,-9.3,-10.01,-7.51,-1.24,41.38,2e-06,10.3,1.371,3.1,1.14685,0.00036,1.147472,1.14747
2025-06-19 20:10:00,2025-06-19 20:30:00,SELL,1.14611,1.14666,1.14666,1.145,0.00037,LOSS,SL,-5.5,2.1,-7.6,-8.34,-5.54,-1.379,49.6,-0.000639,6.1,1.102,1.2,1.14612,0.00035,1.146493,1.147132
2025-06-19 20:35:00,2025-06-19 20:45:00,SELL,1.14671,1.14729,1.14729,1.14554,0.00039,LOSS,SL,-5.8,1.8,-7.6,-8.33,-5.83,-1.309,58.72,-0.000636,10.2,1.751,5.5,1.14671,0.00055,1.146454,1.14709
2025-06-20 00:00:00,2025-06-20 01:05:00,BUY,1.14872,1.14981,1.14817,1.14981,0.00036,WIN,TP,10.9,3.9,7.0,6.32,10.92,1.286,46.55,0.000927,1.1,0.201,12.4,1.149,0.00089,1.148647,1.14772
2025-06-20 01:30:00,2025-06-20 02:15:00,BUY,1.14945,1.15031,1.14902,1.15031,0.00029,WIN,TP,8.6,2.1,6.5,5.83,8.63,1.513,51.68,0.001048,3.3,0.765,10.8,1.14945,0.00019,1.149042,1.147995
2025-06-20 04:15:00,2025-06-20 06:40:00,BUY,1.15142,1.15258,1.15084,1.15258,0.00039,WIN,TP,11.6,1.9,9.7,8.98,11.58,1.672,54.33,0.001768,3.7,0.639,11.7,1.15142,0.00037,1.150595,1.148827
2025-06-20 07:40:00,2025-06-20 08:25:00,BUY,1.15249,1.15204,1.15204,1.15339,0.0003,LOSS,SL,-4.5,2.0,-6.5,-7.2,-4.5,-1.444,52.42,0.002028,5.0,1.11,3.7,1.15249,0.00024,1.151979,1.149951
2025-06-20 08:30:00,2025-06-20 09:20:00,BUY,1.15212,1.15171,1.15171,1.15294,0.00027,LOSS,SL,-4.1,1.8,-5.9,-6.58,-4.08,-1.441,40.26,0.001951,4.2,1.029,7.8,1.15212,0.00028,1.152143,1.150192
2025-06-20 10:30:00,2025-06-20 10:35:00,BUY,1.15163,1.15104,1.15104,1.15281,0.00039,LOSS,SL,-5.9,1.8,-7.7,-8.41,-5.91,-1.305,45.62,0.001383,6.5,1.1,0.7,1.15165,0.00061,1.151936,1.150554
2025-06-20 10:45:00,2025-06-20 11:55:00,BUY,1.15125,1.15249,1.15063,1.15249,0.00041,WIN,TP,12.4,1.9,10.5,9.79,12.39,1.693,40.31,0.001285,1.6,0.258,13.6,1.15125,0.00055,1.151859,1.150574
2025-06-20 13:30:00,2025-06-20 14:00:00,BUY,1.15255,1.152,1.152,1.15366,0.00037,LOSS,SL,-5.5,2.0,-7.5,-8.23,-5.53,-1.362,53.46,0.001174,7.5,1.357,2.9,1.15256,0.00028,1.152204,1.15103
2025-06-20 14:05:00,2025-06-20 14:20:00,BUY,1.15197,1.15141,1.15141,1.15309,0.00037,LOSS,SL,-5.6,1.8,-7.4,-8.12,-5.62,-1.32,40.58,0.001128,5.9,1.05,1.6,1.1519,0.00055,1.152251,1.151123
2025-06-20 14:40:00,2025-06-20 15:45:00,BUY,1.15155,1.151,1.151,1.15265,0.00037,LOSS,SL,-5.5,1.8,-7.3,-8.01,-5.51,-1.327,40.24,0.000928,10.2,1.853,10.9,1.15155,0.00041,1.152081,1.151153
2025-06-20 15:55:00,2025-06-20 17:35:00,BUY,1.15111,1.15019,1.15019,1.15296,0.00062,LOSS,SL,-9.2,1.8,-11.0,-11.73,-9.23,-1.195,42.31,0.000681,10.4,1.126,9.7,1.15111,0.00067,1.151914,1.151233
2025-06-20 17:55:00,2025-06-20 18:20:00,BUY,1.15092,1.1527,1.15003,1.1527,0.00059,WIN,TP,17.8,1.8,16.0,15.27,17.77,1.797,48.61,0.000148,1.2,0.135,19.0,1.15092,0.00117,1.151353,1.151205
2025-06-20 18:50:00,2025-06-20 19:55:00,BUY,1.15182,1.15361,1.15093,1.15361,0.0006,WIN,TP,17.9,1.8,16.1,15.37,17.87,1.799,51.87,0.000322,2.3,0.257,18.3,1.15182,0.00051,1.151619,1.151297
2025-06-20 20:45:00,2025-06-20 21:50:00,BUY,1.15338,1.15275,1.15275,1.15464,0.00042,LOSS,SL,-6.3,1.9,-8.2,-8.88,-6.28,-1.303,53.9,0.000977,7.1,1.131,3.8,1.15339,0.00037,1.152678,1.151701
2025-06-20 21:55:00,2025-06-20 22:30:00,BUY,1.15303,1.1525,1.1525,1.1541,0.00036,LOSS,SL,-5.3,2.0,-7.3,-8.03,-5.33,-1.375,46.07,0.00102,5.6,1.05,1.1,1.15303,0.00042,1.152928,1.151907
2025-06-20 23:55:00,2025-06-23 00:00:00,BUY,1.15216,1.15162,1.15162,1.15324,0.00036,LOSS,SL,-5.4,2.0,-7.4,-8.1,-5.4,-1.371,48.87,0.000445,70.0,12.974,0.8,1.15215,0.00066,1.15241,1.151965
2025-06-23 01:05:00,2025-06-23 02:30:00,SELL,1.14926,1.15041,1.15041,1.14696,0.00077,LOSS,SL,-11.5,1.9,-13.4,-14.12,-11.52,-1.165,51.44,-0.001136,13.1,1.137,12.5,1.14924,0.00241,1.150222,1.151358
2025-06-23 02:50:00,2025-06-23 03:20:00,SELL,1.15002,1.14831,1.15088,1.14831,0.00057,WIN,TP,17.1,1.8,15.3,14.64,17.14,1.79,57.31,-0.001231,5.0,0.583,19.3,1.15003,0.00062,1.149729,1.15096
2025-06-23 04:00:00,2025-06-23 04:25:00,SELL,1.14888,1.14724,1.1497,1.14724,0.00055,WIN,TP,16.4,1.8,14.6,13.94,16.44,1.781,47.97,-0.001332,1.9,0.231,16.9,1.14887,0.00056,1.149363,1.150695
2025-06-23 04:40:00,2025-06-23 05:00:00,SELL,1.14841,1.14923,1.14923,1.14676,0.00055,LOSS,SL,-8.2,1.8,-10.0,-10.74,-8.24,-1.218,47.51,-0.001482,15.7,1.905,1.0,1.14839,0.00066,1.149014,1.150496
2025-06-23 06:00:00,2025-06-23 07:40:00,SELL,1.14992,1.14863,1.15056,1.14863,0.00043,WIN,TP,12.9,1.8,11.1,10.36,12.86,1.72,56.03,-0.000961,3.7,0.575,13.5,1.14989,0.00036,1.149441,1.150401
2025-06-23 08:00:00,2025-06-23 08:05:00,SELL,1.14901,1.14962,1.14962,1.14778,0.00041,LOSS,SL,-6.1,1.8,-7.9,-8.64,-6.14,-1.293,45.45,-0.000859,6.9,1.123,0.0,1.14899,0.00035,1.149302,1.150161
2025-06-23 08:10:00,2025-06-23 08:20:00,SELL,1.14955,1.15017,1.15017,1.14831,0.00041,LOSS,SL,-6.2,1.9,-8.1,-8.81,-6.21,-1.306,55.97,-0.000833,6.5,1.046,1.3,1.14958,0.00051,1.149314,1.150147
2025-06-23 09:10:00,2025-06-23 10:00:00,SELL,1.15053,1.15132,1.15132,1.14896,0.00052,LOSS,SL,-7.9,1.8,-9.7,-10.36,-7.86,-1.229,55.3,-0.000379,10.4,1.323,2.7,1.15054,0.00135,1.149817,1.150196
2025-06-23 10:05:00,2025-06-23 11:45:00,SELL,1.1504,1.1486,1.1513,1.1486,0.0006,WIN,TP,18.0,1.8,16.2,15.51,18.01,1.8,49.68,-0.000117,2.8,0.311,20.9,1.15041,0.00131,1.150133,1.15025
2025-06-23 13:15:00,2025-06-23 15:30:00,SELL,1.1475,1.14566,1.14842,1.14566,0.00061,WIN,TP,18.4,1.8,16.6,15.88,18.38,1.804,47.18,-0.00125,6.6,0.718,18.4,1.14752,0.00039,1.148368,1.149619
2025-06-23 15:40:00,2025-06-23 16:05:00,SELL,1.14631,1.14714,1.14714,1.14465,0.00055,LOSS,SL,-8.3,1.8,-10.1,-10.81,-8.31,-1.217,45.1,-0.001719,10.2,1.228,4.2,1.14631,0.00067,1.147141,1.14886
2025-06-23 16:10:00,2025-06-23 16:35:00,SELL,1.14708,1.14794,1.14794,1.14537,0.00057,LOSS,SL,-8.6,1.8,-10.4,-11.07,-8.57,-1.21,55.52,-0.001698,14.0,1.634,6.0,1.14708,0.00056,1.147031,1.148729
2025-06-23 19:35:00,2025-06-23 19:35:00,BUY,1.15287,1.15186,1.15186,1.15489,0.00067,LOSS,SL,-10.1,1.8,-11.9,-12.61,-10.11,-1.178,49.69,0.001779,11.3,1.118,1.2,1.15287,0.00087,1.15167,1.149891
2025-06-23 19:40:00,2025-06-23 19:45:00,BUY,1.153,1.15522,1.15189,1.15522,0.00074,WIN,TP,22.2,1.8,20.4,19.74,22.24,1.838,51.07,0.001799,0.9,0.081,27.0,1.15299,0.00125,1.151721,1.149922
2025-06-24 00:00:00,2025-06-24 01:05:00,BUY,1.15727,1.15836,1.15672,1.15836,0.00036,WIN,TP,10.9,6.0,4.9,4.25,10.95,0.904,46.92,0.003838,1.8,0.329,21.7,1.15731,0.00056,1.156642,1.152805
2025-06-24 03:00:00,2025-06-24 03:50:00,BUY,1.15975,1.15893,1.15893,1.1614,0.00055,LOSS,SL,-8.2,1.8,-10.0,-10.74,-8.24,-1.218,54.27,0.00399,8.5,1.031,10.7,1.15975,0.00036,1.158678,1.154689
2025-06-24 03:55:00,2025-06-24 05:05:00,BUY,1.15962,1.15872,1.15872,1.16143,0.0006,LOSS,SL,-9.0,1.8,-10.8,-11.53,-9.03,-1.199,50.4,0.003836,10.0,1.107,8.8,1.15962,0.00113,1.159046,1.15521
2025-06-24 05:15:00,2025-06-24 06:10:00,BUY,1.15918,1.16064,1.15845,1.16064,0.00049,WIN,TP,14.6,1.8,12.8,12.07,14.57,1.753,44.95,0.003395,4.0,0.549,14.7,1.15919,0.0004,1.159242,1.155847
2025-06-24 06:40:00,2025-06-24 07:45:00,BUY,1.16012,1.16119,1.15959,1.16119,0.00036,WIN,TP,10.7,2.0,8.7,7.95,10.65,1.624,54.17,0.00315,0.1,0.019,11.9,1.16012,0.00053,1.159647,1.156497
2025-06-24 07:55:00,2025-06-24 08:40:00,BUY,1.16063,1.16008,1.16008,1.16173,0.00037,LOSS,SL,-5.5,1.8,-7.3,-8.02,-5.52,-1.326,54.42,0.00301,5.7,1.033,3.3,1.16063,0.00079,1.160075,1.157065
2025-06-24 08:45:00,2025-06-24 09:15:00,BUY,1.16039,1.16154,1.15982,1.16154,0.00038,WIN,TP,11.5,2.0,9.5,8.78,11.48,1.652,49.0,0.002817,3.0,0.523,15.4,1.16038,0.00054,1.160207,1.15739
2025-06-24 09:35:00,2025-06-24 10:20:00,BUY,1.16093,1.16008,1.16008,1.16263,0.00057,LOSS,SL,-8.5,1.8,-10.3,-10.99,-8.49,-1.212,52.45,0.002726,9.6,1.131,2.7,1.16093,0.00081,1.160452,1.157727
2025-06-24 10:25:00,2025-06-24 10:30:00,BUY,1.16013,1.15924,1.15924,1.16192,0.0006,LOSS,SL,-8.9,1.8,-10.7,-11.43,-8.93,-1.202,44.28,0.002488,19.8,2.217,2.4,1.16012,0.00083,1.160484,1.157996
2025-06-24 10:40:00,2025-06-24 10:50:00,BUY,1.15966,1.15864,1.15864,1.1617,0.00068,LOSS,SL,-10.2,1.8,-12.0,-12.68,-10.18,-1.177,42.41,0.002348,17.0,1.67,2.7,1.15966,0.00053,1.160395,1.158046
2025-06-24 11:00:00,2025-06-24 12:35:00,BUY,1.15905,1.16129,1.15793,1.16129,0.00075,WIN,TP,22.4,1.8,20.6,19.86,22.36,1.839,41.56,0.002118,5.5,0.492,23.7,1.15915,0.0009,1.160207,1.158089
2025-06-24 13:05:00,2025-06-24 13:15:00,BUY,1.16051,1.15973,1.15973,1.16206,0.00052,LOSS,SL,-7.8,1.8,-9.6,-10.27,-7.77,-1.232,51.6,0.001707,9.8,1.261,0.4,1.16051,0.00043,1.160237,1.158529
2025-06-24 13:20:00,2025-06-24 14:30:00,BUY,1.15953,1.16102,1.15878,1.16102,0.0005,WIN,TP,14.9,1.8,13.1,12.41,14.91,1.759,40.77,0.001628,1.8,0.241,19.3,1.15955,0.00058,1.160197,1.158569
2025-06-24 14:55:00,2025-06-24 15:30:00,BUY,1.16038,1.15974,1.15974,1.16166,0.00043,LOSS,SL,-6.4,1.8,-8.2,-8.92,-6.42,-1.281,51.44,0.001372,11.0,1.714,6.9,1.16039,0.00035,1.160216,1.158844
2025-06-24 15:35:00,2025-06-24 16:00:00,BUY,1.16039,1.15962,1.15962,1.16194,0.00052,LOSS,SL,-7.7,1.9,-9.6,-10.34,-7.74,-1.245,51.03,0.001297,8.1,1.046,6.9,1.16039,0.00139,1.16026,1.158963
2025-06-24 16:05:00,2025-06-24 16:10:00,BUY,1.15986,1.15908,1.15908,1.16142,0.00052,LOSS,SL,-7.8,1.8,-9.6,-10.32,-7.82,-1.23,42.0,0.001221,9.1,1.164,0.7,1.15984,0.00067,1.160261,1.15904
2025-06-24 16:50:00,2025-06-24 17:10:00,BUY,1.15884,1.16046,1.15803,1.16046,0.00054,WIN,TP,16.2,1.8,14.4,13.67,16.17,1.777,40.13,0.000784,2.8,0.346,18.9,1.15884,0.00065,1.159799,1.159015
2025-06-24 17:55:00,2025-06-25 00:00:00,BUY,1.16145,1.16026,1.16026,1.16384,0.0008,LOSS,SL,-11.9,1.8,-13.7,-14.44,-11.94,-1.151,54.23,0.001201,16.8,1.407,21.3,1.16138,0.00086,1.16051,1.159309
2025-06-25 00:20:00,2025-06-25 03:10:00,BUY,1.16082,1.16188,1.16029,1.16188,0.00035,WIN,TP,10.6,7.0,3.6,2.9,10.6,0.679,42.52,0.000806,4.4,0.83,12.9,1.16082,0.00034,1.161431,1.160625
2025-06-25 04:30:00,2025-06-25 06:50:00,BUY,1.16191,1.16137,1.16137,1.16299,0.00036,LOSS,SL,-5.4,1.8,-7.2,-7.88,-5.38,-1.335,50.46,0.000713,7.1,1.32,9.8,1.16193,0.00053,1.161646,1.160933
2025-06-25 07:05:00,2025-06-25 08:25:00,BUY,1.16144,1.16099,1.16099,1.16234,0.0003,LOSS,SL,-4.5,2.1,-6.6,-7.3,-4.5,-1.467,40.7,0.000648,5.5,1.223,2.9,1.16143,0.00039,1.161886,1.161238
2025-06-25 08:35:00,2025-06-25 08:55:00,BUY,1.1612,1.16195,1.16083,1.16195,0.00025,WIN,TP,7.5,1.8,5.7,4.99,7.49,1.52,42.71,0.000333,0.0,0.0,7.9,1.1612,0.00025,1.161584,1.161251
2025-06-25 09:05:00,2025-06-25 09:50:00,BUY,1.16152,1.16108,1.16108,1.1624,0.00029,LOSS,SL,-4.4,1.9,-6.3,-7.02,-4.42,-1.43,50.05,0.000326,8.4,1.9,6.8,1.16152,0.00059,1.161601,1.161275
2025-06-25 10:30:00,2025-06-25 10:50:00,BUY,1.16066,1.16003,1.16003,1.16191,0.00042,LOSS,SL,-6.3,1.8,-8.1,-8.76,-6.26,-1.287,42.48,5.3e-05,17.1,2.73,1.9,1.16067,0.00043,1.161293,1.161239
2025-06-25 11:30:00,2025-06-25 11:45:00,SELL,1.16,1.16074,1.16074,1.15851,0.0005,LOSS,SL,-7.4,1.9,-9.3,-10.03,-7.43,-1.256,45.61,-0.000338,8.1,1.09,2.5,1.16001,0.00033,1.160749,1.161087
2025-06-25 11:50:00,2025-06-25 12:35:00,SELL,1.16072,1.15933,1.16141,1.15933,0.00046,WIN,TP,13.9,1.9,12.0,11.25,13.85,1.726,54.83,-0.000352,3.6,0.52,15.6,1.16072,0.00027,1.160711,1.161063
2025-06-25 13:00:00,2025-06-25 13:15:00,SELL,1.16001,1.16065,1.16065,1.15874,0.00042,LOSS,SL,-6.4,1.8,-8.2,-8.87,-6.37,-1.282,48.84,-0.000539,6.4,1.004,3.4,1.16001,0.00033,1.160385,1.160924
2025-06-25 13:20:00,2025-06-25 14:10:00,SELL,1.16066,1.16128,1.16128,1.15941,0.00042,LOSS,SL,-6.2,1.8,-8.0,-8.74,-6.24,-1.289,58.86,-0.000544,6.3,1.01,5.4,1.16065,0.00073,1.160348,1.160893
2025-06-25 14:20:00,2025-06-25 15:25:00,SELL,1.16079,1.15954,1.16141,1.15954,0.00042,WIN,TP,12.5,1.9,10.6,9.86,12.46,1.695,55.83,-0.000406,1.3,0.209,13.0,1.16077,0.0005,1.160456,1.160861
2025-06-25 16:15:00,2025-06-25 16:25:00,SELL,1.15966,1.16028,1.16028,1.15841,0.00042,LOSS,SL,-6.2,1.8,-8.0,-8.74,-6.24,-1.288,47.5,-0.000645,6.6,1.057,1.8,1.15963,0.0006,1.159985,1.16063
2025-06-25 16:30:00,2025-06-25 17:00:00,SELL,1.16013,1.16072,1.16072,1.15895,0.00039,LOSS,SL,-5.9,2.0,-7.9,-8.62,-5.92,-1.338,56.43,-0.000622,7.0,1.183,2.7,1.16013,0.00032,1.15999,1.160612
2025-06-25 17:15:00,2025-06-25 17:25:00,SELL,1.16061,1.16134,1.16134,1.15916,0.00048,LOSS,SL,-7.3,1.8,-9.1,-9.77,-7.27,-1.248,56.74,-0.000472,8.0,1.101,4.6,1.1606,0.00095,1.160123,1.160595
2025-06-25 18:55:00,2025-06-25 19:05:00,BUY,1.16176,1.16316,1.16106,1.16316,0.00047,WIN,TP,14.0,2.0,12.0,11.33,14.03,1.715,51.55,0.000338,1.3,0.185,14.8,1.16176,0.00041,1.161183,1.160846
2025-06-25 20:05:00,2025-06-25 20:40:00,BUY,1.16265,1.16378,1.16208,1.16378,0.00038,WIN,TP,11.3,1.9,9.4,8.73,11.33,1.665,51.83,0.000847,0.0,0.0,11.6,1.16265,0.00041,1.161977,1.16113
2025-06-25 23:15:00,2025-06-26 02:00:00,BUY,1.16551,1.16647,1.16503,1.16647,0.00032,WIN,TP,9.6,1.8,7.8,7.09,9.59,1.625,51.2,0.002266,4.3,0.896,13.9,1.16551,0.00035,1.164654,1.162387
2025-06-26 04:05:00,2025-06-26 04:15:00,BUY,1.16786,1.16736,1.16736,1.16886,0.00033,LOSS,SL,-5.0,1.9,-6.9,-7.62,-5.02,-1.378,52.0,0.00276,6.0,1.195,1.6,1.16786,0.00046,1.167082,1.164322
2025-06-26 04:20:00,2025-06-26 04:25:00,BUY,1.16728,1.16676,1.16676,1.16832,0.00035,LOSS,SL,-5.2,1.9,-7.1,-7.82,-5.22,-1.364,40.86,0.002716,5.7,1.092,0.0,1.16727,0.00035,1.167133,1.164417
2025-06-26 04:30:00,2025-06-26 04:45:00,BUY,1.16711,1.16814,1.16659,1.16814,0.00034,WIN,TP,10.3,1.8,8.5,7.83,10.33,1.652,40.74,0.002653,1.0,0.194,13.3,1.16711,0.00042,1.167121,1.164468
2025-06-26 06:35:00,2025-06-26 07:15:00,BUY,1.16902,1.16818,1.16818,1.1707,0.00056,LOSS,SL,-8.4,1.8,-10.2,-10.9,-8.4,-1.214,51.79,0.002856,9.1,1.084,5.2,1.16903,0.00042,1.168289,1.165433
2025-06-26 07:20:00,2025-06-26 08:00:00,BUY,1.16833,1.16763,1.16763,1.16974,0.00047,LOSS,SL,-7.0,1.8,-8.8,-9.54,-7.04,-1.256,42.21,0.002742,8.2,1.165,2.6,1.16833,0.00028,1.168476,1.165734
2025-06-26 08:10:00,2025-06-26 09:05:00,BUY,1.16795,1.16738,1.16738,1.16909,0.00038,LOSS,SL,-5.7,1.8,-7.5,-8.21,-5.71,-1.315,40.19,0.002397,6.4,1.121,5.7,1.16796,0.00046,1.16836,1.165963
2025-06-26 09:20:00,2025-06-26 09:50:00,BUY,1.16768,1.16909,1.16697,1.16909,0.00047,WIN,TP,14.1,1.8,12.3,11.62,14.12,1.745,42.23,0.001957,2.0,0.283,17.1,1.16769,0.00061,1.168182,1.166225
2025-06-26 10:40:00,2025-06-26 11:05:00,BUY,1.16943,1.17141,1.16844,1.17141,0.00066,WIN,TP,19.8,1.8,18.0,17.34,19.84,1.819,54.47,0.002064,2.2,0.222,29.2,1.16943,0.00058,1.168737,1.166673
2025-06-26 12:15:00,2025-06-26 14:05:00,BUY,1.17216,1.17118,1.17118,1.17412,0.00065,LOSS,SL,-9.8,1.9,-11.7,-12.38,-9.78,-1.194,54.33,0.003077,15.6,1.595,8.8,1.17216,0.00038,1.170741,1.167663
2025-06-26 15:20:00,2025-06-26 15:35:00,BUY,1.17018,1.16933,1.16933,1.17188,0.00057,LOSS,SL,-8.5,1.8,-10.3,-10.99,-8.49,-1.212,45.83,0.002036,12.4,1.46,9.6,1.17018,0.0006,1.170759,1.168723
2025-06-26 15:40:00,2025-06-26 18:10:00,BUY,1.17031,1.16918,1.16918,1.17257,0.00075,LOSS,SL,-11.3,1.8,-13.1,-13.81,-11.31,-1.159,48.35,0.001904,13.1,1.159,17.3,1.1703,0.00146,1.170688,1.168784
2025-06-26 18:20:00,2025-06-26 19:25:00,BUY,1.17009,1.17222,1.16903,1.17222,0.00071,WIN,TP,21.3,1.8,19.5,18.76,21.26,1.831,41.54,0.00148,7.8,0.734,25.6,1.17009,0.00032,1.170853,1.169373
2025-06-26 20:15:00,2025-06-26 22:05:00,BUY,1.17254,1.1717,1.1717,1.17423,0.00056,LOSS,SL,-8.4,1.8,-10.2,-10.95,-8.45,-1.213,54.43,0.001771,15.8,1.87,3.0,1.17254,0.00046,1.171697,1.169927
2025-06-26 22:45:00,2025-06-26 22:55:00,BUY,1.17105,1.17046,1.17046,1.17223,0.00039,LOSS,SL,-5.9,1.8,-7.7,-8.4,-5.9,-1.305,40.28,0.001273,6.9,1.17,1.3,1.17105,0.00021,1.171702,1.170429
2025-06-27 02:10:00,2025-06-27 02:40:00,SELL,1.16901,1.1696,1.1696,1.16783,0.00039,LOSS,SL,-5.9,2.0,-7.9,-8.59,-5.89,-1.34,47.44,-0.000395,6.8,1.154,1.2,1.16901,0.00037,1.169687,1.170082
2025-06-27 02:45:00,2025-06-27 04:50:00,SELL,1.16958,1.17016,1.17016,1.16843,0.00038,LOSS,SL,-5.8,1.8,-7.6,-8.26,-5.76,-1.313,58.26,-0.000431,7.8,1.355,10.2,1.16958,0.00038,1.1696,1.170031
2025-06-27 05:00:00,2025-06-27 05:40:00,SELL,1.17009,1.16875,1.17076,1.16875,0.00045,WIN,TP,13.4,1.8,11.6,10.95,13.45,1.732,59.94,-0.000439,4.1,0.61,15.4,1.17008,0.00045,1.169425,1.169864
2025-06-27 05:45:00,2025-06-27 06:00:00,SELL,1.16942,1.17009,1.17009,1.16808,0.00045,LOSS,SL,-6.7,1.9,-8.6,-9.31,-6.71,-1.283,47.85,-0.000313,7.8,1.163,0.6,1.16942,0.0009,1.169552,1.169864
2025-06-27 06:05:00,2025-06-27 06:25:00,SELL,1.17017,1.17081,1.17081,1.16889,0.00043,LOSS,SL,-6.4,2.0,-8.4,-9.08,-6.38,-1.313,58.1,-0.000266,7.3,1.144,2.0,1.17017,0.0004,1.169597,1.169864
2025-06-27 06:35:00,2025-06-27 07:20:00,SELL,1.17041,1.1693,1.17096,1.1693,0.00037,WIN,TP,11.1,1.8,9.3,8.57,11.07,1.675,58.49,-0.000118,1.9,0.343,12.0,1.17041,0.00035,1.169779,1.169898
2025-06-27 08:35:00,2025-06-27 09:15:00,SELL,1.16902,1.16949,1.16949,1.16807,0.00032,LOSS,SL,-4.7,1.8,-6.5,-7.24,-4.74,-1.38,45.64,-0.000375,6.5,1.372,7.4,1.16902,0.00031,1.169379,1.169754
2025-06-27 09:20:00,2025-06-27 09:35:00,SELL,1.16959,1.17024,1.17024,1.16828,0.00044,LOSS,SL,-6.5,1.8,-8.3,-9.03,-6.53,-1.276,59.62,-0.000444,7.9,1.21,2.1,1.1696,0.00082,1.169237,1.169681
2025-06-27 11:30:00,2025-06-27 12:00:00,BUY,1.1714,1.17061,1.17061,1.17298,0.00053,LOSS,SL,-7.9,1.8,-9.7,-10.42,-7.92,-1.227,53.09,0.000607,11.1,1.401,5.1,1.1714,0.00033,1.170674,1.170068
2025-06-27 12:10:00,2025-06-27 14:30:00,BUY,1.1704,1.17196,1.16962,1.17196,0.00052,WIN,TP,15.6,1.8,13.8,13.05,15.55,1.769,40.76,0.000634,3.2,0.412,15.8,1.1704,0.0004,1.170781,1.170147
2025-06-27 14:50:00,2025-06-27 15:05:00,BUY,1.1713,1.1707,1.1707,1.1725,0.0004,LOSS,SL,-6.0,1.8,-7.8,-8.52,-6.02,-1.299,51.8,0.000637,10.1,1.677,4.4,1.1713,0.00052,1.171024,1.170387
2025-06-27 15:15:00,2025-06-27 15:30:00,BUY,1.17142,1.17293,1.17066,1.17293,0.0005,WIN,TP,15.1,1.8,13.3,12.61,15.11,1.762,53.5,0.000606,3.9,0.516,23.1,1.17141,0.00122,1.171024,1.170418
2025-06-27 16:25:00,2025-06-27 16:30:00,BUY,1.17302,1.17187,1.17187,1.17532,0.00077,LOSS,SL,-11.5,1.8,-13.3,-14.02,-11.52,-1.156,54.09,0.001207,15.0,1.302,0.3,1.17303,0.00093,1.17199,1.170784
2025-06-27 16:35:00,2025-06-27 17:45:00,BUY,1.17208,1.17088,1.17088,1.17448,0.0008,LOSS,SL,-12.0,1.8,-13.8,-14.52,-12.02,-1.15,46.24,0.001195,15.7,1.306,16.9,1.17208,0.00092,1.172007,1.170812
2025-06-27 18:00:00,2025-06-27 20:40:00,BUY,1.1718,1.17072,1.17072,1.17397,0.00072,LOSS,SL,-10.8,1.8,-12.6,-13.34,-10.84,-1.166,45.92,0.001044,15.9,1.467,13.9,1.1718,0.00074,1.172079,1.171035
2025-06-27 21:55:00,2025-06-27 23:00:00,SELL,1.17009,1.17087,1.17087,1.16853,0.00052,LOSS,SL,-7.8,2.0,-9.8,-10.5,-7.8,-1.256,46.99,-0.000169,8.1,1.038,2.6,1.17008,0.00073,1.170888,1.171057
2025-06-27 23:05:00,2025-06-27 23:15:00,SELL,1.17077,1.17139,1.17139,1.16953,0.00041,LOSS,SL,-6.2,1.9,-8.1,-8.79,-6.19,-1.307,56.29,-0.000277,7.1,1.147,0.3,1.17077,0.00035,1.170698,1.170975
2025-06-30 00:00:00,2025-06-30 02:00:00,SELL,1.1728,1.17346,1.17346,1.17147,0.00044,LOSS,SL,-6.6,5.1,-11.7,-12.44,-6.64,-1.769,59.2,-5.8e-05,6.7,1.01,9.5,1.17148,0.00068,1.170963,1.171022
2025-06-30 02:50:00,2025-06-30 03:05:00,BUY,1.17299,1.17247,1.17247,1.17404,0.00035,LOSS,SL,-5.2,1.8,-7.0,-7.73,-5.23,-1.344,53.06,0.000876,8.2,1.567,0.4,1.17298,0.00035,1.172419,1.171544
2025-06-30 03:15:00,2025-06-30 03:35:00,BUY,1.17247,1.17194,1.17194,1.17352,0.00035,LOSS,SL,-5.3,1.8,-7.1,-7.76,-5.26,-1.342,44.56,0.000846,5.5,1.045,2.6,1.17248,0.00039,1.172437,1.171591
2025-06-30 04:20:00,2025-06-30 04:55:00,BUY,1.1725,1.17195,1.17195,1.1736,0.00037,LOSS,SL,-5.5,1.8,-7.3,-8.01,-5.51,-1.327,54.12,0.000625,5.9,1.071,9.2,1.1725,0.00077,1.172273,1.171648
2025-06-30 05:00:00,2025-06-30 06:35:00,BUY,1.17197,1.17132,1.17132,1.17327,0.00043,LOSS,SL,-6.5,1.8,-8.3,-8.99,-6.49,-1.277,41.67,0.000667,7.9,1.216,11.2,1.17197,0.00054,1.172399,1.171732
2025-06-30 06:50:00,2025-06-30 07:45:00,BUY,1.1715,1.17256,1.17097,1.17256,0.00035,WIN,TP,10.6,2.0,8.6,7.87,10.57,1.622,41.6,0.00033,3.8,0.719,11.8,1.1715,0.00022,1.172109,1.171779
2025-06-30 08:50:00,2025-06-30 08:55:00,BUY,1.17288,1.17235,1.17235,1.17394,0.00035,LOSS,SL,-5.3,1.8,-7.1,-7.81,-5.31,-1.339,53.77,0.000535,6.0,1.13,0.1,1.17288,0.00047,1.17248,1.171945
2025-06-30 09:00:00,2025-06-30 09:15:00,BUY,1.17258,1.17203,1.17203,1.17367,0.00036,LOSS,SL,-5.5,1.8,-7.3,-7.97,-5.47,-1.329,47.2,0.000532,5.5,1.005,3.5,1.17257,0.00049,1.17249,1.171958
2025-06-30 09:20:00,2025-06-30 09:40:00,BUY,1.17249,1.17374,1.17187,1.17374,0.00042,WIN,TP,12.5,1.8,10.7,9.99,12.49,1.712,47.03,0.000518,1.5,0.24,15.1,1.17252,0.00071,1.172499,1.171981
2025-06-30 10:05:00,2025-06-30 10:55:00,BUY,1.17328,1.17246,1.17246,1.17491,0.00054,LOSS,SL,-8.2,1.8,-10.0,-10.67,-8.17,-1.22,53.83,0.0007,8.5,1.04,7.2,1.17337,0.00096,1.172812,1.172112
2025-06-30 11:00:00,2025-06-30 11:25:00,BUY,1.17225,1.17138,1.17138,1.17399,0.00058,LOSS,SL,-8.7,1.8,-10.5,-11.18,-8.68,-1.207,41.28,0.000712,9.4,1.083,2.7,1.17243,0.00051,1.172937,1.172225
2025-06-30 11:40:00,2025-06-30 15:15:00,BUY,1.1722,1.17137,1.17137,1.17385,0.00055,LOSS,SL,-8.3,1.8,-10.1,-10.75,-8.25,-1.218,42.28,0.000503,11.0,1.333,10.5,1.1722,0.00054,1.172723,1.17222
2025-06-30 15:25:00,2025-06-30 15:30:00,BUY,1.17172,1.1711,1.1711,1.17297,0.00042,LOSS,SL,-6.2,1.9,-8.1,-8.83,-6.23,-1.305,41.88,7.8e-05,8.7,1.396,0.2,1.17172,0.00059,1.172314,1.172236
2025-06-30 16:15:00,2025-06-30 17:10:00,SELL,1.17168,1.1723,1.1723,1.17045,0.00041,LOSS,SL,-6.2,1.8,-8.0,-8.67,-6.17,-1.292,49.39,-0.000178,10.0,1.62,6.6,1.17168,0.00036,1.171964,1.172142
2025-06-30 17:15:00,2025-06-30 17:20:00,SELL,1.17239,1.17318,1.17318,1.17081,0.00053,LOSS,SL,-7.9,1.8,-9.7,-10.4,-7.9,-1.228,59.91,-0.000204,12.1,1.531,0.0,1.17238,0.0009,1.171896,1.1721
2025-06-30 17:55:00,2025-06-30 18:15:00,BUY,1.17308,1.17508,1.17208,1.17508,0.00067,WIN,TP,20.0,1.8,18.2,17.46,19.96,1.82,54.58,0.000186,2.6,0.261,23.7,1.1731,0.00108,1.172416,1.172229
2025-06-30 19:35:00,2025-06-30 20:20:00,BUY,1.17505,1.17692,1.17411,1.17692,0.00062,WIN,TP,18.7,1.8,16.9,16.2,18.7,1.808,51.29,0.001306,2.1,0.225,19.5,1.17505,0.00073,1.174107,1.172801
2025-06-30 20:35:00,2025-06-30 21:15:00,BUY,1.17606,1.17769,1.17525,1.17769,0.00054,WIN,TP,16.3,1.8,14.5,13.78,16.28,1.779,53.62,0.001735,0.6,0.074,17.0,1.17606,0.00076,1.174922,1.173187
2025-07-01 00:05:00,2025-07-01 00:20:00,BUY,1.17794,1.17731,1.17731,1.1792,0.00042,LOSS,SL,-6.3,4.5,-10.8,-11.5,-6.3,-1.715,53.53,0.002598,6.8,1.08,3.3,1.17811,0.00115,1.177329,1.174731
2025-07-01 00:25:00,2025-07-01 01:30:00,BUY,1.17764,1.17891,1.17701,1.17891,0.00042,WIN,TP,12.7,5.0,7.7,6.95,12.65,1.21,42.82,0.002537,4.4,0.695,13.9,1.17757,0.00048,1.177385,1.174848
2025-07-01 02:25:00,2025-07-01 03:10:00,BUY,1.17849,1.17926,1.1781,1.17926,0.00026,WIN,TP,7.7,2.1,5.6,4.95,7.75,1.458,54.06,0.002427,2.1,0.542,8.6,1.17849,0.00012,1.178027,1.175601
2025-07-01 03:25:00,2025-07-01 03:55:00,BUY,1.17871,1.17963,1.17825,1.17963,0.00031,WIN,TP,9.2,1.8,7.4,6.72,9.22,1.61,52.57,0.002343,0.0,0.0,10.2,1.17871,0.00064,1.178294,1.175951
2025-07-01 04:30:00,2025-07-01 04:35:00,BUY,1.17929,1.17873,1.17873,1.18041,0.00037,LOSS,SL,-5.6,2.1,-7.7,-8.4,-5.6,-1.375,53.99,0.002377,8.2,1.464,0.0,1.17931,0.00029,1.178748,1.176371
2025-07-01 04:40:00,2025-07-01 04:50:00,BUY,1.17874,1.17817,1.17817,1.17989,0.00038,LOSS,SL,-5.7,1.8,-7.5,-8.24,-5.74,-1.314,43.64,0.002334,8.3,1.447,1.3,1.17874,0.00045,1.178754,1.17642
2025-07-01 05:35:00,2025-07-01 06:15:00,BUY,1.17822,1.1792,1.17773,1.1792,0.00033,WIN,TP,9.8,2.0,7.8,7.11,9.81,1.592,42.32,0.001927,1.7,0.347,10.0,1.17823,0.00018,1.178523,1.176596
2025-07-01 06:30:00,2025-07-01 07:40:00,BUY,1.17891,1.17848,1.17848,1.17977,0.00029,LOSS,SL,-4.3,1.9,-6.2,-6.9,-4.3,-1.442,54.11,0.001816,4.4,1.024,4.2,1.1789,0.00043,1.178646,1.17683
2025-07-01 07:45:00,2025-07-01 08:50:00,BUY,1.17846,1.17804,1.17804,1.1793,0.00028,LOSS,SL,-4.2,2.0,-6.2,-6.92,-4.22,-1.474,40.09,0.001654,4.9,1.161,4.5,1.17847,0.00032,1.17878,1.177126
2025-07-01 08:55:00,2025-07-01 09:10:00,BUY,1.17832,1.17786,1.17786,1.17924,0.00031,LOSS,SL,-4.6,1.8,-6.4,-7.11,-4.61,-1.391,43.1,0.001345,6.5,1.412,3.6,1.1783,0.00044,1.178648,1.177303
2025-07-01 09:30:00,2025-07-01 10:00:00,BUY,1.17814,1.17763,1.17763,1.17916,0.00034,LOSS,SL,-5.1,1.9,-7.0,-7.7,-5.1,-1.372,45.61,0.00114,14.5,2.841,4.9,1.17814,0.00051,1.178492,1.177351
2025-07-01 10:10:00,2025-07-01 11:30:00,BUY,1.17768,1.17906,1.17699,1.17906,0.00046,WIN,TP,13.8,1.8,12.0,11.26,13.76,1.738,41.58,0.00095,2.7,0.393,19.0,1.17769,0.0005,1.178351,1.177401
2025-07-01 13:25:00,2025-07-01 16:00:00,BUY,1.1811,1.18016,1.18016,1.18299,0.00063,LOSS,SL,-9.4,1.8,-11.2,-11.93,-9.43,-1.191,53.17,0.001809,9.5,1.007,7.9,1.18111,0.00039,1.180077,1.178268
2025-07-01 16:05:00,2025-07-01 16:20:00,BUY,1.18046,1.17981,1.17981,1.18175,0.00043,LOSS,SL,-6.5,1.8,-8.3,-8.97,-6.47,-1.278,41.75,0.001716,8.9,1.376,1.8,1.18046,0.00044,1.180755,1.179038
2025-07-01 16:40:00,2025-07-01 16:40:00,BUY,1.18061,1.17982,1.17982,1.18219,0.00053,LOSS,SL,-7.9,1.8,-9.7,-10.39,-7.89,-1.228,50.75,0.001469,7.9,1.001,1.8,1.18061,0.00107,1.180573,1.179104
2025-07-01 16:45:00,2025-07-01 17:00:00,BUY,1.17999,1.17906,1.17906,1.18185,0.00062,LOSS,SL,-9.3,1.8,-11.1,-11.82,-9.32,-1.193,43.22,0.001437,17.1,1.835,11.5,1.17998,0.00097,1.18055,1.179113
2025-07-01 17:15:00,2025-07-01 17:40:00,BUY,1.17912,1.17798,1.17798,1.1814,0.00076,LOSS,SL,-11.4,1.8,-13.2,-13.89,-11.39,-1.158,41.28,0.001186,15.7,1.378,8.8,1.17912,0.00084,1.180323,1.179137
2025-07-01 18:55:00,2025-07-01 19:00:00,BUY,1.17753,1.17652,1.17652,1.17955,0.00067,LOSS,SL,-10.1,1.8,-11.9,-12.62,-10.12,-1.178,41.97,1.5e-05,10.5,1.038,0.6,1.17756,0.00042,1.178928,1.178912
2025-07-01 20:10:00,2025-07-01 20:20:00,SELL,1.17691,1.17765,1.17765,1.17544,0.00049,LOSS,SL,-7.4,1.8,-9.2,-9.87,-7.37,-1.244,46.52,-0.000716,10.7,1.452,1.8,1.17691,0.00032,1.177876,1.178591
2025-07-01 20:30:00,2025-07-01 22:05:00,SELL,1.17766,1.1784,1.1784,1.17617,0.0005,LOSS,SL,-7.4,1.9,-9.3,-10.04,-7.44,-1.255,56.09,-0.000723,11.0,1.479,2.0,1.17766,0.00036,1.177828,1.17855
2025-07-01 22:30:00,2025-07-01 22:50:00,SELL,1.17835,1.17887,1.17887,1.1773,0.00035,LOSS,SL,-5.2,1.9,-7.1,-7.84,-5.24,-1.363,56.95,-0.000448,5.8,1.107,1.7,1.17835,0.00025,1.177997,1.178446
2025-07-02 02:00:00,2025-07-02 02:10:00,BUY,1.18022,1.1799,1.1799,1.18085,0.00021,LOSS,SL,-3.2,1.8,-5.0,-5.67,-3.17,-1.568,51.89,0.000764,3.2,1.01,1.7,1.1802,0.00022,1.179738,1.178974
2025-07-02 02:15:00,2025-07-02 02:15:00,BUY,1.18027,1.1799,1.1799,1.18101,0.00025,LOSS,SL,-3.7,1.8,-5.5,-6.2,-3.7,-1.487,54.28,0.000781,4.3,1.164,0.7,1.18027,0.00044,1.179791,1.17901
2025-07-02 02:20:00,2025-07-02 02:45:00,BUY,1.17988,1.18059,1.17953,1.18059,0.00024,WIN,TP,7.1,2.0,5.1,4.38,7.08,1.435,40.67,0.000775,0.1,0.028,7.5,1.17985,0.0005,1.179794,1.179019
2025-07-02 03:05:00,2025-07-02 03:30:00,BUY,1.18026,1.17989,1.17989,1.181,0.00025,LOSS,SL,-3.7,2.0,-5.7,-6.41,-3.71,-1.539,50.92,0.000818,3.9,1.051,1.0,1.18025,0.00046,1.179946,1.179128
2025-07-02 03:35:00,2025-07-02 03:55:00,BUY,1.17993,1.18068,1.17956,1.18068,0.00025,WIN,TP,7.5,2.0,5.5,4.75,7.45,1.463,43.48,0.000788,0.1,0.027,8.3,1.17993,0.00022,1.179971,1.179183
2025-07-02 04:35:00,2025-07-02 04:45:00,BUY,1.18046,1.18005,1.18005,1.18128,0.00027,LOSS,SL,-4.1,1.8,-5.9,-6.58,-4.08,-1.441,52.2,0.000844,5.8,1.421,5.0,1.18046,0.00041,1.180174,1.17933
2025-07-02 04:50:00,2025-07-02 04:50:00,BUY,1.17989,1.17938,1.17938,1.18092,0.00034,LOSS,SL,-5.1,1.8,-6.9,-7.63,-5.13,-1.351,40.45,0.000845,5.6,1.092,0.0,1.17988,0.00108,1.180209,1.179364
2025-07-02 05:20:00,2025-07-02 08:15:00,BUY,1.17955,1.17901,1.17901,1.18064,0.00036,LOSS,SL,-5.4,1.9,-7.3,-8.03,-5.43,-1.35,41.25,0.00066,6.3,1.16,7.0,1.17955,0.0003,1.180022,1.179362
2025-07-02 08:35:00,2025-07-02 08:45:00,BUY,1.17948,1.1791,1.1791,1.18023,0.00025,LOSS,SL,-3.8,1.8,-5.6,-6.26,-3.76,-1.479,46.61,0.000254,5.6,1.489,0.3,1.17948,0.00034,1.179734,1.17948
2025-07-02 09:10:00,2025-07-02 09:20:00,BUY,1.17912,1.17868,1.17868,1.18,0.00029,LOSS,SL,-4.4,1.8,-6.2,-6.91,-4.41,-1.408,44.96,9.9e-05,6.6,1.496,1.8,1.17911,0.00044,1.179544,1.179445
2025-07-02 11:30:00,2025-07-02 14:25:00,SELL,1.17771,1.17638,1.17838,1.17638,0.00044,WIN,TP,13.3,1.8,11.5,10.83,13.33,1.73,45.26,-0.000678,3.8,0.57,15.4,1.1777,0.00038,1.17839,1.179069
2025-07-02 15:30:00,2025-07-02 15:40:00,SELL,1.17773,1.17547,1.17886,1.17547,0.00075,WIN,TP,22.6,1.8,20.8,20.15,22.65,1.841,59.3,-0.00129,0.0,0.0,23.0,1.17773,0.00114,1.176941,1.178231
2025-07-02 15:45:00,2025-07-02 16:05:00,SELL,1.17612,1.17732,1.17732,1.17372,0.0008,LOSS,SL,-12.0,1.8,-13.8,-14.52,-12.02,-1.15,46.18,-0.001281,15.0,1.248,7.4,1.17612,0.00132,1.176903,1.178183
2025-07-02 16:10:00,2025-07-02 18:45:00,SELL,1.17748,1.17874,1.17874,1.17496,0.00084,LOSS,SL,-12.6,1.8,-14.4,-15.08,-12.58,-1.143,56.79,-0.001291,14.3,1.136,24.5,1.17748,0.00173,1.176803,1.178094
2025-07-02 19:45:00,2025-07-02 20:00:00,SELL,1.17861,1.17938,1.17938,1.17708,0.00051,LOSS,SL,-7.7,1.8,-9.5,-10.17,-7.67,-1.235,58.71,-0.000259,9.1,1.186,0.9,1.17862,0.00032,1.177592,1.177851
2025-07-02 22:10:00,2025-07-03 00:35:00,BUY,1.17966,1.17921,1.17921,1.18056,0.0003,LOSS,SL,-4.5,1.9,-6.4,-7.08,-4.48,-1.424,54.39,0.000693,5.0,1.116,6.2,1.17966,0.0002,1.178974,1.178281
2025-07-03 00:40:00,2025-07-03 00:50:00,BUY,1.17923,1.1788,1.1788,1.18008,0.00028,LOSS,SL,-4.3,4.2,-8.5,-9.16,-4.26,-1.985,40.39,0.000789,5.9,1.384,0.9,1.17923,0.00016,1.179425,1.178636
2025-07-03 01:00:00,2025-07-03 12:15:00,BUY,1.1795,1.17899,1.17899,1.18053,0.00034,LOSS,SL,-5.1,1.8,-6.9,-7.63,-5.13,-1.351,50.79,0.000728,5.6,1.091,6.6,1.1795,0.00082,1.179384,1.178656
2025-07-03 12:20:00,2025-07-03 12:20:00,BUY,1.17935,1.17892,1.17892,1.18022,0.00029,LOSS,SL,-4.3,1.9,-6.2,-6.93,-4.33,-1.439,41.22,0.000727,4.6,1.062,0.2,1.17938,0.00045,1.179656,1.178929
2025-07-03 12:55:00,2025-07-03 13:10:00,BUY,1.17908,1.17866,1.17866,1.17992,0.00028,LOSS,SL,-4.2,1.9,-6.1,-6.82,-4.22,-1.451,40.24,0.000557,4.4,1.043,4.1,1.17908,0.00027,1.179488,1.178931
2025-07-03 13:20:00,2025-07-03 14:55:00,BUY,1.17922,1.17876,1.17876,1.18015,0.00031,LOSS,SL,-4.6,2.1,-6.7,-7.43,-4.63,-1.454,47.37,0.000479,9.6,2.073,7.3,1.17922,0.00049,1.179418,1.17894
2025-07-03 15:20:00,2025-07-03 15:30:00,BUY,1.17864,1.17813,1.17813,1.17967,0.00034,LOSS,SL,-5.1,1.8,-6.9,-7.64,-5.14,-1.35,41.36,0.000222,69.6,13.531,2.9,1.17865,0.00056,1.179211,1.178989
2025-07-03 16:20:00,2025-07-03 16:45:00,SELL,1.17573,1.17733,1.17733,1.17252,0.00107,LOSS,SL,-16.0,1.8,-17.8,-18.54,-16.04,-1.112,46.63,-0.001056,16.9,1.054,5.5,1.17578,0.00133,1.177438,1.178494
2025-07-03 16:50:00,2025-07-03 17:00:00,SELL,1.17666,1.17817,1.17817,1.17364,0.00101,LOSS,SL,-15.1,1.8,-16.9,-17.59,-15.09,-1.119,51.74,-0.001148,22.5,1.492,1.0,1.17667,0.00076,1.177226,1.178374
2025-07-03 17:05:00,2025-07-03 19:45:00,SELL,1.1771,1.17406,1.17862,1.17406,0.00101,WIN,TP,30.4,1.8,28.6,27.94,30.44,1.882,53.73,-0.001108,3.3,0.217,31.5,1.17711,0.00192,1.177234,1.178342
2025-07-03 20:00:00,2025-07-04 02:00:00,SELL,1.17517,1.17596,1.17596,1.17359,0.00053,LOSS,SL,-7.9,1.8,-9.7,-10.38,-7.88,-1.229,49.39,-0.001714,8.3,1.054,7.9,1.17519,0.00056,1.17577,1.177483
2025-07-04 02:05:00,2025-07-04 02:10:00,SELL,1.17561,1.17595,1.17595,1.17493,0.00023,LOSS,SL,-3.4,1.8,-5.2,-5.88,-3.38,-1.533,52.6,-0.00091,3.5,1.035,0.7,1.17561,0.00039,1.175454,1.176365
2025-07-04 03:35:00,2025-07-04 10:25:00,SELL,1.17662,1.17703,1.17703,1.17581,0.00027,LOSS,SL,-4.1,1.0,-5.1,-5.77,-4.07,-1.246,57.64,-0.000353,9.1,2.236,3.2,1.17661,0.00038,1.176045,1.176398
2025-07-04 10:35:00,2025-07-04 10:45:00,SELL,1.17684,1.17738,1.17738,1.17576,0.00036,LOSS,SL,-5.4,1.8,-7.2,-7.91,-5.41,-1.332,55.27,-0.000194,8.6,1.588,1.0,1.17682,0.00074,1.176227,1.176421
2025-07-04 11:00:00,2025-07-04 11:05:00,SELL,1.17693,1.17756,1.17756,1.17567,0.00042,LOSS,SL,-6.3,1.8,-8.1,-8.8,-6.3,-1.286,52.86,-5.1e-05,6.8,1.079,1.2,1.17693,0.00062,1.17641,1.176461
2025-07-04 11:25:00,2025-07-04 15:10:00,BUY,1.17711,1.17647,1.17647,1.1784,0.00043,LOSS,SL,-6.4,1.8,-8.2,-8.94,-6.44,-1.279,52.05,8.6e-05,6.6,1.025,10.5,1.17709,0.0008,1.176593,1.176508
2025-07-04 15:50:00,2025-07-04 16:40:00,BUY,1.17667,1.1776,1.17621,1.1776,0.00031,WIN,TP,9.3,1.8,7.5,6.77,9.27,1.612,40.18,0.000321,1.4,0.302,9.7,1.17668,0.00025,1.177168,1.176848
2025-07-04 17:40:00,2025-07-04 20:00:00,BUY,1.17779,1.17725,1.17725,1.17887,0.00036,LOSS,SL,-5.4,1.9,-7.3,-8.0,-5.4,-1.352,53.05,0.000461,6.3,1.167,6.1,1.17779,0.00039,1.177446,1.176985
2025-07-04 20:05:00,2025-07-04 22:40:00,BUY,1.17766,1.17726,1.17726,1.17846,0.00027,LOSS,SL,-4.0,2.1,-6.1,-6.81,-4.01,-1.524,47.43,0.000497,4.4,1.098,2.7,1.17766,0.0005,1.177695,1.177197
2025-07-04 22:45:00,2025-07-04 23:05:00,BUY,1.17752,1.17803,1.17727,1.17803,0.00017,WIN,TP,5.1,2.7,2.4,1.68,5.08,0.936,44.51,0.000311,2.1,0.828,6.6,1.17752,0.00038,1.177607,1.177296
2025-07-04 23:30:00,2025-07-04 23:30:00,BUY,1.17774,1.17732,1.17732,1.17859,0.00028,LOSS,SL,-4.2,2.4,-6.6,-7.33,-4.23,-1.568,54.79,0.000304,4.4,1.041,0.4,1.17778,0.00053,1.177633,1.177329
2025-07-04 23:35:00,2025-07-04 23:50:00,BUY,1.17763,1.17719,1.17719,1.1785,0.00029,LOSS,SL,-4.4,6.0,-10.4,-11.05,-4.35,-2.379,49.19,0.000301,5.3,1.218,3.7,1.17763,0.00048,1.177633,1.177332
2025-07-07 00:25:00,2025-07-07 01:05:00,BUY,1.17791,1.17729,1.17729,1.17916,0.00042,LOSS,SL,-6.2,4.9,-11.1,-11.85,-6.25,-1.784,53.64,0.000299,6.3,1.008,1.3,1.17791,0.00058,1.177668,1.177369
2025-07-07 01:10:00,2025-07-07 03:00:00,BUY,1.17739,1.17853,1.17682,1.17853,0.00038,WIN,TP,11.4,1.9,9.5,8.79,11.39,1.666,41.55,0.000298,0.0,0.0,12.3,1.17739,0.00054,1.177704,1.177406
2025-07-07 03:30:00,2025-07-07 04:00:00,BUY,1.1782,1.17769,1.17769,1.17921,0.00034,LOSS,SL,-5.1,1.9,-7.0,-7.66,-5.06,-1.375,51.98,0.000406,5.8,1.146,3.1,1.1782,0.00034,1.177969,1.177563
2025-07-07 04:05:00,2025-07-07 04:40:00,BUY,1.17764,1.17712,1.17712,1.17868,0.00035,LOSS,SL,-5.2,2.2,-7.4,-8.08,-5.18,-1.424,40.12,0.000378,6.5,1.254,3.7,1.17764,0.00031,1.177969,1.177591
2025-07-07 05:10:00,2025-07-07 05:30:00,BUY,1.17736,1.17687,1.17687,1.17834,0.00033,LOSS,SL,-4.9,1.9,-6.8,-7.52,-4.92,-1.386,44.19,0.000159,9.3,1.89,1.2,1.17736,0.00035,1.177725,1.177566
2025-07-07 05:40:00,2025-07-07 06:00:00,BUY,1.17714,1.17661,1.17661,1.1782,0.00035,LOSS,SL,-5.3,1.9,-7.2,-7.89,-5.29,-1.359,44.63,5.5e-05,5.5,1.039,0.8,1.17714,0.0007,1.177596,1.17754
2025-07-07 06:10:00,2025-07-07 09:30:00,SELL,1.17705,1.17605,1.17755,1.17605,0.00033,WIN,TP,10.0,1.8,8.2,7.53,10.03,1.641,46.06,-5.8e-05,3.3,0.658,20.7,1.17704,0.00036,1.177444,1.177502
2025-07-07 13:00:00,2025-07-07 15:25:00,SELL,1.17334,1.17215,1.17393,1.17215,0.0004,WIN,TP,11.9,2.0,9.9,9.19,11.89,1.664,48.09,-0.001927,2.1,0.353,14.2,1.17334,0.00039,1.174179,1.176105
2025-07-07 16:05:00,2025-07-07 16:15:00,SELL,1.17251,1.17302,1.17302,1.17149,0.00034,LOSS,SL,-5.1,1.9,-7.0,-7.68,-5.08,-1.374,49.19,-0.002104,5.6,1.102,2.2,1.17251,0.00036,1.172925,1.175029
2025-07-07 16:20:00,2025-07-07 16:25:00,SELL,1.17284,1.17339,1.17339,1.17174,0.00037,LOSS,SL,-5.5,1.8,-7.3,-8.01,-5.51,-1.327,56.37,-0.002062,10.8,1.96,0.3,1.17283,0.0005,1.172898,1.17496
2025-07-07 16:55:00,2025-07-07 17:10:00,SELL,1.17323,1.17384,1.17384,1.172,0.00041,LOSS,SL,-6.1,1.8,-7.9,-8.64,-6.14,-1.293,54.82,-0.001803,7.4,1.206,0.9,1.17322,0.00069,1.173063,1.174866
2025-07-07 17:15:00,2025-07-07 17:35:00,SELL,1.17354,1.17415,1.17415,1.17232,0.00041,LOSS,SL,-6.1,1.9,-8.0,-8.71,-6.11,-1.311,57.48,-0.001669,6.9,1.128,3.0,1.17354,0.00054,1.173149,1.174818
2025-07-07 17:55:00,2025-07-07 19:20:00,SELL,1.17365,1.17243,1.17426,1.17243,0.00041,WIN,TP,12.2,1.8,10.4,9.7,12.2,1.705,52.95,-0.001397,3.4,0.557,27.5,1.17364,0.00084,1.173348,1.174744
2025-07-07 20:35:00,2025-07-07 22:00:00,SELL,1.17087,1.17199,1.17199,1.16864,0.00074,LOSS,SL,-11.2,1.8,-13.0,-13.65,-11.15,-1.161,47.02,-0.001985,11.2,1.004,9.1,1.17087,0.00185,1.171967,1.173953
2025-07-07 22:05:00,2025-07-08 01:35:00,SELL,1.17166,1.17247,1.17247,1.17004,0.00054,LOSS,SL,-8.1,2.0,-10.1,-10.78,-8.08,-1.247,56.92,-0.002013,11.3,1.398,11.9,1.17167,0.00035,1.171433,1.173446
2025-07-08 04:10:00,2025-07-08 04:10:00,BUY,1.17396,1.17341,1.17341,1.17506,0.00037,LOSS,SL,-5.5,1.8,-7.3,-7.98,-5.48,-1.328,54.09,0.000172,7.2,1.313,0.0,1.17396,0.00041,1.173182,1.17301
2025-07-08 04:15:00,2025-07-08 05:20:00,BUY,1.17346,1.17459,1.17289,1.17459,0.00038,WIN,TP,11.3,1.8,9.5,8.84,11.34,1.683,44.61,0.000179,4.2,0.741,11.5,1.17347,0.00072,1.173193,1.173014
2025-07-08 05:35:00,2025-07-08 05:55:00,BUY,1.17425,1.17368,1.17368,1.17538,0.00038,LOSS,SL,-5.7,2.1,-7.8,-8.47,-5.67,-1.371,54.23,0.000443,5.8,1.024,2.5,1.17425,0.00057,1.173607,1.173164
2025-07-08 06:00:00,2025-07-08 07:30:00,BUY,1.17379,1.17491,1.17323,1.17491,0.00037,WIN,TP,11.2,1.8,9.4,8.7,11.2,1.679,45.43,0.000497,1.3,0.232,11.4,1.17379,0.00065,1.173711,1.173214
2025-07-08 07:35:00,2025-07-08 07:55:00,BUY,1.17447,1.17405,1.17405,1.17531,0.00028,LOSS,SL,-4.2,1.8,-6.0,-6.68,-4.18,-1.431,51.09,0.000705,4.6,1.101,0.6,1.17447,0.00054,1.174138,1.173432
2025-07-08 08:00:00,2025-07-08 08:15:00,BUY,1.17409,1.17368,1.17368,1.17492,0.00028,LOSS,SL,-4.1,1.8,-5.9,-6.64,-4.14,-1.434,43.17,0.000682,5.3,1.279,3.3,1.1741,0.00025,1.174153,1.173471
2025-07-08 08:50:00,2025-07-08 09:00:00,BUY,1.17373,1.17331,1.17331,1.17458,0.00028,LOSS,SL,-4.2,2.1,-6.3,-7.05,-4.25,-1.494,41.84,0.000522,6.1,1.436,2.9,1.17374,0.00036,1.174021,1.173499
2025-07-08 09:10:00,2025-07-08 10:00:00,BUY,1.17358,1.17459,1.17308,1.17459,0.00034,WIN,TP,10.1,1.9,8.2,7.46,10.06,1.622,42.59,0.000447,3.1,0.617,14.0,1.17357,0.00063,1.173947,1.1735
2025-07-08 11:25:00,2025-07-08 11:45:00,BUY,1.17532,1.17474,1.17474,1.17648,0.00039,LOSS,SL,-5.8,1.8,-7.6,-8.28,-5.78,-1.312,54.82,0.000866,6.0,1.039,3.5,1.17532,0.0004,1.174698,1.173833
2025-07-08 11:50:00,2025-07-08 12:35:00,BUY,1.17501,1.17444,1.17444,1.17615,0.00038,LOSS,SL,-5.7,1.8,-7.5,-8.18,-5.68,-1.317,48.59,0.000873,7.0,1.232,2.5,1.175,0.0004,1.174767,1.173894
2025-07-08 14:20:00,2025-07-08 14:45:00,BUY,1.17337,1.17286,1.17286,1.1744,0.00034,LOSS,SL,-5.1,1.8,-6.9,-7.63,-5.13,-1.351,44.52,9e-05,6.2,1.208,4.3,1.17337,0.00033,1.173956,1.173866
2025-07-08 16:55:00,2025-07-08 17:05:00,SELL,1.1711,1.16948,1.17191,1.16948,0.00054,WIN,TP,16.2,1.8,14.4,13.71,16.21,1.778,46.53,-0.001132,0.1,0.012,20.4,1.1711,0.00048,1.172135,1.173267
2025-07-08 18:10:00,2025-07-08 18:15:00,SELL,1.16958,1.17047,1.17047,1.16781,0.00059,LOSS,SL,-8.9,1.8,-10.7,-11.35,-8.85,-1.203,45.28,-0.001867,11.3,1.277,0.7,1.16958,0.00066,1.170847,1.172714
2025-07-08 18:20:00,2025-07-08 20:00:00,SELL,1.17069,1.17155,1.17155,1.16896,0.00058,LOSS,SL,-8.6,1.9,-10.5,-11.24,-8.64,-1.22,57.07,-0.001853,14.2,1.644,11.0,1.17069,0.0006,1.170816,1.172669
2025-07-08 20:20:00,2025-07-08 20:55:00,SELL,1.17158,1.17247,1.17247,1.16979,0.0006,LOSS,SL,-8.9,1.8,-10.7,-11.43,-8.93,-1.202,59.02,-0.001429,9.5,1.064,3.1,1.17159,0.00039,1.170843,1.172272
2025-07-08 21:25:00,2025-07-08 21:50:00,SELL,1.17206,1.17272,1.17272,1.17075,0.00044,LOSS,SL,-6.6,2.0,-8.6,-9.26,-6.56,-1.305,58.17,-0.000908,7.5,1.144,2.9,1.17207,0.00026,1.171333,1.172241
2025-07-08 22:00:00,2025-07-09 05:35:00,SELL,1.17258,1.17133,1.17321,1.17133,0.00042,WIN,TP,12.5,1.8,10.7,10.05,12.55,1.713,58.96,-0.000668,3.3,0.526,15.5,1.17248,0.00039,1.171579,1.172247
2025-07-09 07:35:00,2025-07-09 07:40:00,SELL,1.17062,1.17101,1.17101,1.16985,0.00026,LOSS,SL,-3.9,2.1,-6.0,-6.65,-3.85,-1.545,45.55,-0.000741,4.1,1.065,0.2,1.17063,0.00032,1.171159,1.1719
2025-07-09 07:45:00,2025-07-09 07:50:00,SELL,1.17088,1.17127,1.17127,1.1701,0.00026,LOSS,SL,-3.9,2.1,-6.0,-6.7,-3.9,-1.538,52.8,-0.000745,4.3,1.102,0.8,1.17088,0.00027,1.171134,1.171879
2025-07-09 07:55:00,2025-07-09 08:10:00,SELL,1.1711,1.17149,1.17149,1.17032,0.00026,LOSS,SL,-3.9,2.0,-5.9,-6.59,-3.89,-1.513,58.08,-0.000733,4.0,1.027,0.6,1.17109,0.00033,1.171131,1.171863
2025-07-09 09:10:00,2025-07-09 09:35:00,SELL,1.17144,1.17189,1.17189,1.17054,0.0003,LOSS,SL,-4.5,1.8,-6.3,-7.01,-4.51,-1.4,54.37,-0.000506,4.7,1.043,2.7,1.17145,0.00038,1.171308,1.171813
2025-07-09 09:45:00,2025-07-09 09:45:00,SELL,1.1718,1.1723,1.1723,1.1708,0.00033,LOSS,SL,-5.0,1.8,-6.8,-7.48,-4.98,-1.361,59.03,-0.000407,5.4,1.083,0.0,1.17181,0.00038,1.171396,1.171804
2025-07-09 10:10:00,2025-07-09 10:15:00,SELL,1.17197,1.17251,1.17251,1.17089,0.00036,LOSS,SL,-5.4,1.8,-7.2,-7.89,-5.39,-1.334,55.48,-0.000266,5.5,1.021,0.0,1.17198,0.00056,1.171563,1.171829
2025-07-09 10:30:00,2025-07-09 10:35:00,SELL,1.17208,1.17095,1.17265,1.17095,0.00038,WIN,TP,11.3,1.8,9.5,8.81,11.31,1.682,54.61,-0.000182,2.0,0.354,11.6,1.17207,0.00041,1.171662,1.171845
2025-07-09 11:30:00,2025-07-09 11:45:00,SELL,1.1712,1.17188,1.17188,1.16983,0.00046,LOSS,SL,-6.8,1.9,-8.7,-9.43,-6.83,-1.278,48.33,-0.000365,7.6,1.113,0.0,1.1712,0.0006,1.171375,1.17174
2025-07-09 11:50:00,2025-07-09 13:35:00,SELL,1.17165,1.17032,1.17232,1.17032,0.00044,WIN,TP,13.3,1.8,11.5,10.85,13.35,1.73,54.78,-0.000317,2.8,0.42,13.4,1.17164,0.00035,1.171421,1.171738
2025-07-09 15:15:00,2025-07-09 15:15:00,SELL,1.17011,1.17085,1.17085,1.16862,0.0005,LOSS,SL,-7.4,1.8,-9.2,-9.95,-7.45,-1.242,46.74,-0.000728,14.5,1.947,0.1,1.17012,0.00066,1.170641,1.171369
2025-07-09 15:20:00,2025-07-09 15:55:00,SELL,1.17087,1.17164,1.17164,1.16934,0.00051,LOSS,SL,-7.7,1.8,-9.5,-10.16,-7.66,-1.235,57.01,-0.000714,7.7,1.006,8.3,1.17087,0.00146,1.17065,1.171364
2025-07-09 16:25:00,2025-07-09 17:15:00,SELL,1.17127,1.17204,1.17204,1.16973,0.00051,LOSS,SL,-7.7,1.8,-9.5,-10.19,-7.69,-1.234,56.24,-0.00049,10.9,1.417,12.7,1.17125,0.00047,1.170839,1.171329
2025-07-09 17:45:00,2025-07-09 19:25:00,SELL,1.1719,1.17026,1.17272,1.17026,0.00055,WIN,TP,16.4,1.8,14.6,13.88,16.38,1.78,59.21,-0.000236,0.0,0.0,18.8,1.1719,0.00064,1.171091,1.171326
2025-07-09 19:45:00,2025-07-09 21:00:00,SELL,1.17061,1.17112,1.17112,1.1696,0.00034,LOSS,SL,-5.1,1.8,-6.9,-7.56,-5.06,-1.356,47.08,-0.000362,6.1,1.207,2.7,1.17061,0.00029,1.170841,1.171204
2025-07-09 21:40:00,2025-07-09 22:10:00,SELL,1.17115,1.17162,1.17162,1.17021,0.00031,LOSS,SL,-4.7,1.8,-6.5,-7.22,-4.72,-1.381,53.01,-0.000197,4.9,1.038,2.8,1.17115,0.00036,1.170959,1.171156
2025-07-09 23:10:00,2025-07-09 23:20:00,BUY,1.1717,1.17132,1.17132,1.17246,0.00025,LOSS,SL,-3.8,1.9,-5.7,-6.4,-3.8,-1.499,52.73,0.000122,5.6,1.472,0.5,1.1717,0.00023,1.17137,1.171248
2025-07-09 23:30:00,2025-07-09 23:50:00,BUY,1.17134,1.17213,1.17094,1.17213,0.00026,WIN,TP,7.9,1.8,6.1,5.41,7.91,1.545,44.25,0.000128,2.2,0.557,8.3,1.17134,0.00024,1.171386,1.171257
2025-07-10 00:00:00,2025-07-10 00:00:00,BUY,1.17157,1.17103,1.17103,1.17264,0.00036,LOSS,SL,-5.4,8.1,-13.5,-14.17,-5.37,-2.508,51.84,0.000168,8.6,1.601,0.5,1.1717,0.00065,1.171449,1.171281
2025-07-10 00:05:00,2025-07-10 02:20:00,BUY,1.17145,1.17251,1.17092,1.17251,0.00035,WIN,TP,10.6,5.6,5.0,4.28,10.58,0.941,46.83,0.000166,3.8,0.718,12.1,1.17145,0.00091,1.171449,1.171283
2025-07-10 04:15:00,2025-07-10 06:40:00,BUY,1.17387,1.17339,1.17339,1.17482,0.00032,LOSS,SL,-4.8,1.8,-6.6,-7.26,-4.76,-1.378,53.97,0.001184,5.3,1.114,5.3,1.17388,0.0003,1.173157,1.171973
2025-07-10 06:50:00,2025-07-10 07:00:00,BUY,1.17364,1.17329,1.17329,1.17433,0.00023,LOSS,SL,-3.5,2.1,-5.6,-6.26,-3.46,-1.608,46.12,0.001146,3.7,1.07,0.0,1.17364,0.00023,1.173621,1.172475
2025-07-10 07:40:00,2025-07-10 08:30:00,BUY,1.17322,1.17386,1.1729,1.17386,0.00021,WIN,TP,6.4,1.8,4.6,3.86,6.36,1.434,40.29,0.000947,0.4,0.126,7.4,1.17323,0.00033,1.173496,1.172549
2025-07-10 09:10:00,2025-07-10 09:35:00,BUY,1.17356,1.17315,1.17315,1.17438,0.00027,LOSS,SL,-4.1,2.0,-6.1,-6.78,-4.08,-1.49,46.27,0.000869,5.2,1.274,7.2,1.17356,0.0006,1.173605,1.172736
2025-07-10 09:50:00,2025-07-10 10:40:00,BUY,1.1732,1.17272,1.17272,1.17417,0.00032,LOSS,SL,-4.8,1.8,-6.6,-7.34,-4.84,-1.372,40.32,0.00079,6.1,1.259,5.4,1.17319,0.00026,1.173591,1.172801
2025-07-10 10:50:00,2025-07-10 14:05:00,BUY,1.17299,1.17244,1.17244,1.1741,0.00037,LOSS,SL,-5.5,1.8,-7.3,-8.04,-5.54,-1.325,41.63,0.000608,5.6,1.011,3.9,1.17299,0.00052,1.173461,1.172854
2025-07-10 16:05:00,2025-07-10 16:25:00,SELL,1.17127,1.17005,1.17188,1.17005,0.00041,WIN,TP,12.2,1.9,10.3,9.56,12.16,1.687,49.4,-0.000699,1.4,0.23,13.1,1.17126,0.0007,1.171818,1.172517
2025-07-10 18:10:00,2025-07-10 22:40:00,SELL,1.16852,1.16955,1.16955,1.16646,0.00069,LOSS,SL,-10.3,1.8,-12.1,-12.8,-10.3,-1.175,46.12,-0.0019,10.6,1.029,11.6,1.16852,0.00044,1.169801,1.171702
2025-07-10 23:00:00,2025-07-10 23:55:00,SELL,1.1695,1.16991,1.16991,1.16867,0.00028,LOSS,SL,-4.1,2.1,-6.2,-6.95,-4.15,-1.507,58.9,-0.001336,5.6,1.351,1.0,1.16951,0.00034,1.169117,1.170452
2025-07-11 00:05:00,2025-07-11 00:35:00,SELL,1.16962,1.17004,1.17004,1.16878,0.00028,LOSS,SL,-4.2,4.3,-8.5,-9.2,-4.2,-2.023,53.31,-0.001006,4.6,1.094,0.9,1.16962,0.00064,1.169353,1.17036
2025-07-11 00:50:00,2025-07-11 01:10:00,SELL,1.16999,1.17043,1.17043,1.16912,0.00029,LOSS,SL,-4.4,1.8,-6.2,-6.85,-4.35,-1.414,59.46,-0.000804,4.6,1.057,0.8,1.16999,0.00018,1.169514,1.170318
2025-07-11 02:05:00,2025-07-11 03:05:00,SELL,1.17036,1.16973,1.17067,1.16973,0.00021,WIN,TP,6.3,1.9,4.4,3.68,6.28,1.395,56.64,-0.000414,1.9,0.605,14.7,1.17036,0.00016,1.169915,1.170328
2025-07-11 04:40:00,2025-07-11 10:15:00,SELL,1.1682,1.16897,1.16897,1.16667,0.00051,LOSS,SL,-7.7,1.9,-9.6,-10.25,-7.65,-1.248,49.36,-0.001112,13.4,1.751,13.2,1.16819,0.00047,1.168745,1.169856
2025-07-11 10:50:00,2025-07-11 13:00:00,SELL,1.16898,1.16959,1.16959,1.16776,0.00041,LOSS,SL,-6.1,1.8,-7.9,-8.58,-6.08,-1.296,59.04,-0.000619,6.4,1.052,10.6,1.16898,0.00022,1.168249,1.168868
2025-07-11 13:10:00,2025-07-11 14:05:00,SELL,1.16922,1.16978,1.16978,1.16811,0.00037,LOSS,SL,-5.6,1.8,-7.4,-8.05,-5.55,-1.324,58.88,-0.000256,6.7,1.206,5.1,1.16921,0.00033,1.168563,1.168819
2025-07-11 14:20:00,2025-07-11 15:10:00,SELL,1.16933,1.16822,1.16989,1.16822,0.00037,WIN,TP,11.1,1.8,9.3,8.62,11.12,1.676,54.15,-5e-06,1.6,0.288,11.3,1.16932,0.00039,1.168874,1.168879
2025-07-11 15:25:00,2025-07-11 15:30:00,SELL,1.16868,1.16925,1.16925,1.16753,0.00038,LOSS,SL,-5.7,2.0,-7.7,-8.44,-5.74,-1.349,45.38,-2.3e-05,7.9,1.377,0.5,1.16867,0.00051,1.168851,1.168874
2025-07-11 15:35:00,2025-07-11 16:35:00,SELL,1.16947,1.1701,1.1701,1.1682,0.00042,LOSS,SL,-6.3,1.8,-8.1,-8.84,-6.34,-1.284,58.87,-6e-06,8.3,1.309,10.2,1.16947,0.00071,1.168874,1.16888
2025-07-11 16:50:00,2025-07-11 17:00:00,BUY,1.16953,1.16869,1.16869,1.17121,0.00056,LOSS,SL,-8.4,1.8,-10.2,-10.91,-8.41,-1.214,54.91,0.000123,10.0,1.189,2.4,1.16953,0.00081,1.169049,1.168926
2025-07-11 17:05:00,2025-07-11 17:15:00,BUY,1.16884,1.16804,1.16804,1.17045,0.00054,LOSS,SL,-8.0,1.8,-9.8,-10.55,-8.05,-1.224,45.39,0.000111,14.8,1.84,2.0,1.16884,0.0004,1.169038,1.168927
2025-07-11 17:35:00,2025-07-11 18:30:00,SELL,1.16885,1.1697,1.1697,1.16716,0.00056,LOSS,SL,-8.5,1.8,-10.3,-10.96,-8.46,-1.213,50.62,-1.6e-05,14.2,1.679,5.4,1.16888,0.00085,1.168872,1.168888
2025-07-11 19:00:00,2025-07-11 19:30:00,BUY,1.16956,1.16886,1.16886,1.17096,0.00047,LOSS,SL,-7.0,1.8,-8.8,-9.48,-6.98,-1.258,53.93,0.000206,7.3,1.046,1.8,1.16956,0.00035,1.169181,1.168975
2025-07-11 19:35:00,2025-07-11 23:20:00,BUY,1.16909,1.16842,1.16842,1.17043,0.00045,LOSS,SL,-6.7,1.8,-8.5,-9.18,-6.68,-1.269,44.5,0.000206,9.1,1.362,6.2,1.16909,0.00039,1.169201,1.168995
2025-07-11 23:45:00,2025-07-11 23:50:00,SELL,1.16865,1.16904,1.16904,1.16787,0.00026,LOSS,SL,-3.9,2.1,-6.0,-6.71,-3.91,-1.537,49.34,-0.000115,7.0,1.79,1.5,1.16866,0.00031,1.168841,1.168956
2025-07-11 23:55:00,2025-07-14 00:00:00,SELL,1.16918,1.16819,1.16967,1.16819,0.00033,WIN,TP,9.9,1.8,8.1,7.36,9.86,1.635,59.2,-0.000111,0.2,0.041,32.8,1.16918,0.0008,1.168843,1.168954
2025-07-14 01:05:00,2025-07-14 03:15:00,SELL,1.16799,1.16897,1.16897,1.16604,0.00065,LOSS,SL,-9.8,1.8,-11.6,-12.25,-9.75,-1.185,54.01,-0.000675,10.5,1.077,17.2,1.16796,0.00126,1.168011,1.168686
2025-07-14 04:50:00,2025-07-14 05:20:00,SELL,1.16906,1.16808,1.16955,1.16808,0.00033,WIN,TP,9.8,1.9,7.9,7.15,9.75,1.61,56.57,-3.7e-05,1.4,0.287,10.4,1.16909,0.00036,1.168486,1.168524
2025-07-14 06:25:00,2025-07-14 06:50:00,SELL,1.16789,1.16837,1.16837,1.16694,0.00032,LOSS,SL,-4.8,2.1,-6.9,-7.57,-4.77,-1.44,45.84,-0.000248,5.6,1.173,3.3,1.16789,0.00033,1.168179,1.168427
2025-07-14 06:55:00,2025-07-14 08:35:00,SELL,1.16797,1.16705,1.16843,1.16705,0.00031,WIN,TP,9.2,2.0,7.2,6.55,9.25,1.567,49.65,-0.000294,2.3,0.498,12.9,1.16797,0.00067,1.168096,1.16839
2025-07-14 10:10:00,2025-07-14 10:15:00,SELL,1.16684,1.16741,1.16741,1.1657,0.00038,LOSS,SL,-5.7,1.8,-7.5,-8.18,-5.68,-1.317,53.5,-0.000889,5.8,1.02,1.0,1.16683,0.00055,1.167036,1.167925
2025-07-14 11:55:00,2025-07-14 12:30:00,SELL,1.1682,1.16874,1.16874,1.16711,0.00036,LOSS,SL,-5.4,1.8,-7.2,-7.93,-5.43,-1.332,55.36,-0.000244,7.4,1.363,3.0,1.16821,0.00061,1.167737,1.167982
2025-07-14 12:45:00,2025-07-14 13:00:00,SELL,1.16866,1.16918,1.16918,1.16762,0.00035,LOSS,SL,-5.2,2.1,-7.3,-8.0,-5.2,-1.404,59.04,-5.6e-05,7.7,1.482,2.9,1.16866,0.00033,1.167967,1.168022
2025-07-14 13:45:00,2025-07-14 15:30:00,BUY,1.16883,1.16836,1.16836,1.16977,0.00031,LOSS,SL,-4.7,1.9,-6.6,-7.31,-4.71,-1.404,52.15,0.000249,6.3,1.339,8.3,1.16883,0.00026,1.16839,1.168141
2025-07-14 16:00:00,2025-07-14 16:05:00,BUY,1.16849,1.16802,1.16802,1.16944,0.00032,LOSS,SL,-4.7,1.8,-6.5,-7.24,-4.74,-1.379,45.59,0.00034,7.0,1.475,1.1,1.16851,0.0004,1.168654,1.168313
2025-07-14 16:35:00,2025-07-14 17:30:00,BUY,1.16809,1.16921,1.16753,1.16921,0.00037,WIN,TP,11.2,1.8,9.4,8.74,11.24,1.68,44.24,0.000192,2.9,0.516,11.8,1.16811,0.0007,1.168481,1.168289
2025-07-14 17:55:00,2025-07-14 18:35:00,BUY,1.16813,1.16948,1.16746,1.16948,0.00045,WIN,TP,13.5,1.8,11.7,10.99,13.49,1.733,44.88,0.000173,3.0,0.445,13.6,1.16818,0.00099,1.168485,1.168312
2025-07-14 18:50:00,2025-07-14 18:50:00,BUY,1.16802,1.16719,1.16719,1.16968,0.00055,LOSS,SL,-8.3,1.8,-10.1,-10.81,-8.31,-1.217,43.35,0.000169,10.1,1.216,0.4,1.16802,0.00116,1.168502,1.168333
2025-07-14 21:05:00,2025-07-14 21:30:00,SELL,1.16634,1.16684,1.16684,1.16535,0.00033,LOSS,SL,-5.0,2.1,-7.1,-7.75,-4.95,-1.424,46.01,-0.000827,6.4,1.293,1.1,1.16634,0.00023,1.167027,1.167854
2025-07-14 21:35:00,2025-07-15 00:00:00,SELL,1.16688,1.16598,1.16733,1.16598,0.0003,WIN,TP,9.0,2.1,6.9,6.22,9.02,1.534,57.85,-0.000861,3.6,0.798,9.2,1.16689,0.00049,1.166914,1.167775
2025-07-15 00:35:00,2025-07-15 03:00:00,SELL,1.16646,1.16679,1.16679,1.1658,0.00022,LOSS,SL,-3.3,4.8,-8.1,-8.81,-3.31,-2.45,49.62,-0.000794,5.5,1.661,4.5,1.16646,0.00036,1.166628,1.167423
2025-07-15 03:55:00,2025-07-15 06:00:00,SELL,1.1671,1.16746,1.16746,1.16638,0.00024,LOSS,SL,-3.6,2.1,-5.7,-6.38,-3.58,-1.587,57.96,-0.000413,4.1,1.146,6.1,1.16715,0.00021,1.16677,1.167184
2025-07-15 06:10:00,2025-07-15 07:05:00,SELL,1.16735,1.16773,1.16773,1.16658,0.00026,LOSS,SL,-3.8,2.1,-5.9,-6.63,-3.83,-1.548,56.41,-0.00017,4.0,1.043,0.9,1.16736,0.00029,1.166981,1.167151
2025-07-15 07:20:00,2025-07-15 08:20:00,BUY,1.16752,1.16812,1.16722,1.16812,0.0002,WIN,TP,6.0,1.9,4.1,3.39,5.99,1.365,53.9,2.8e-05,1.8,0.601,7.0,1.16752,0.00023,1.167232,1.167204
2025-07-15 09:30:00,2025-07-15 09:50:00,BUY,1.1681,1.16773,1.16773,1.16883,0.00024,LOSS,SL,-3.7,1.9,-5.6,-6.25,-3.65,-1.52,49.57,0.000417,4.5,1.231,3.5,1.16808,0.0003,1.167819,1.167402
2025-07-15 10:00:00,2025-07-15 10:00:00,BUY,1.16778,1.16734,1.16734,1.16867,0.0003,LOSS,SL,-4.4,1.8,-6.2,-6.93,-4.43,-1.406,41.96,0.000429,5.3,1.195,0.9,1.16778,0.00036,1.16787,1.167441
2025-07-15 10:20:00,2025-07-15 10:30:00,BUY,1.16764,1.16871,1.1671,1.16871,0.00036,WIN,TP,10.7,1.8,8.9,8.23,10.73,1.665,43.99,0.000365,0.0,0.0,14.7,1.16764,0.0004,1.167805,1.16744
2025-07-15 11:35:00,2025-07-15 13:15:00,BUY,1.16856,1.168,1.168,1.16968,0.00037,LOSS,SL,-5.6,1.8,-7.4,-8.11,-5.61,-1.321,51.92,0.000608,6.0,1.069,5.0,1.16856,0.00048,1.168229,1.167621
2025-07-15 13:20:00,2025-07-15 14:10:00,BUY,1.16797,1.16746,1.16746,1.16899,0.00034,LOSS,SL,-5.1,1.8,-6.9,-7.58,-5.08,-1.354,40.3,0.000562,5.3,1.043,4.4,1.16797,0.00026,1.168339,1.167777
2025-07-15 15:45:00,2025-07-15 15:50:00,SELL,1.1669,1.16789,1.16789,1.16491,0.00066,LOSS,SL,-9.9,1.8,-11.7,-12.44,-9.94,-1.181,46.92,-8.7e-05,10.9,1.096,3.9,1.1669,0.00085,1.167576,1.167663
2025-07-15 15:55:00,2025-07-15 16:30:00,SELL,1.16793,1.16585,1.16897,1.16585,0.00069,WIN,TP,20.8,1.8,19.0,18.32,20.82,1.827,54.69,-9.1e-05,5.1,0.49,32.9,1.16791,0.00106,1.167568,1.167659
2025-07-15 21:10:00,2025-07-16 02:20:00,SELL,1.15999,1.16052,1.16052,1.15893,0.00035,LOSS,SL,-5.3,1.8,-7.1,-7.79,-5.29,-1.34,48.25,-0.003644,7.2,1.36,4.8,1.15999,0.00032,1.161116,1.16476
2025-07-16 03:15:00,2025-07-16 03:25:00,SELL,1.16027,1.16053,1.16053,1.15975,0.00017,LOSS,SL,-2.6,1.9,-4.5,-5.21,-2.61,-1.727,46.19,-0.002049,3.6,1.377,0.8,1.16032,0.00037,1.160342,1.16239
2025-07-16 03:30:00,2025-07-16 03:35:00,SELL,1.16059,1.16087,1.16087,1.16003,0.00019,LOSS,SL,-2.8,1.8,-4.6,-5.3,-2.8,-1.644,57.92,-0.001984,4.8,1.716,1.9,1.16058,0.00037,1.160347,1.162331
2025-07-16 03:55:00,2025-07-16 04:15:00,SELL,1.16082,1.16117,1.16117,1.16012,0.00023,LOSS,SL,-3.5,1.8,-5.3,-6.01,-3.51,-1.512,58.78,-0.001819,4.4,1.252,2.2,1.16082,0.0003,1.16044,1.162259
2025-07-16 05:05:00,2025-07-16 06:20:00,SELL,1.16109,1.16145,1.16145,1.16038,0.00024,LOSS,SL,-3.6,1.9,-5.5,-6.15,-3.55,-1.535,55.4,-0.001363,4.1,1.154,4.2,1.1611,0.00031,1.160751,1.162114
2025-07-16 06:35:00,2025-07-16 06:45:00,SELL,1.16126,1.16069,1.16155,1.16069,0.00019,WIN,TP,5.7,2.1,3.6,2.94,5.74,1.269,58.43,-0.001018,0.0,0.0,7.0,1.16126,0.0002,1.160923,1.161941
2025-07-16 06:55:00,2025-07-16 07:05:00,SELL,1.16091,1.16123,1.16123,1.16028,0.00021,LOSS,SL,-3.2,1.8,-5.0,-5.66,-3.16,-1.569,45.79,-0.000979,3.7,1.17,0.4,1.16091,0.00025,1.160921,1.1619
2025-07-16 07:10:00,2025-07-16 07:45:00,SELL,1.16127,1.16159,1.16159,1.16063,0.00021,LOSS,SL,-3.2,2.0,-5.2,-5.88,-3.18,-1.628,57.33,-0.00093,4.8,1.507,2.8,1.16127,0.00016,1.160949,1.161879
2025-07-16 08:15:00,2025-07-16 08:50:00,SELL,1.16163,1.16193,1.16193,1.16102,0.0002,LOSS,SL,-3.0,1.9,-4.9,-5.63,-3.03,-1.627,58.31,-0.000642,3.2,1.057,2.1,1.16163,0.00014,1.161195,1.161836
2025-07-16 09:50:00,2025-07-16 09:55:00,SELL,1.16198,1.16238,1.16238,1.16119,0.00026,LOSS,SL,-4.0,2.1,-6.1,-6.76,-3.96,-1.53,54.02,-0.000237,7.5,1.894,0.5,1.16199,0.00029,1.161623,1.16186
2025-07-16 10:15:00,2025-07-16 10:40:00,SELL,1.1624,1.16152,1.16284,1.16152,0.00029,WIN,TP,8.8,1.9,6.9,6.16,8.76,1.566,57.18,-0.00011,2.9,0.662,11.0,1.16236,0.00042,1.16178,1.16189
2025-07-16 11:00:00,2025-07-16 11:10:00,SELL,1.1618,1.16231,1.16231,1.16078,0.00034,LOSS,SL,-5.1,1.8,-6.9,-7.59,-5.09,-1.353,46.86,-7.7e-05,6.1,1.197,0.6,1.16181,0.00036,1.161817,1.161894
2025-07-16 11:15:00,2025-07-16 13:15:00,SELL,1.16221,1.16112,1.16275,1.16112,0.00036,WIN,TP,10.9,1.8,9.1,8.39,10.89,1.669,54.61,-6.1e-05,3.6,0.661,13.4,1.16222,0.00067,1.161835,1.161896
2025-07-16 13:35:00,2025-07-16 14:50:00,SELL,1.16163,1.16072,1.16209,1.16072,0.0003,WIN,TP,9.1,1.8,7.3,6.62,9.12,1.605,49.65,-0.000131,4.2,0.921,9.7,1.16163,0.00039,1.161733,1.161864
2025-07-16 15:35:00,2025-07-16 15:55:00,SELL,1.16092,1.15947,1.16164,1.15947,0.00048,WIN,TP,14.5,1.8,12.7,11.96,14.46,1.751,51.91,-0.000525,3.1,0.429,15.4,1.16092,0.00189,1.161132,1.161657
2025-07-16 17:55:00,2025-07-16 18:00:00,SELL,1.15917,1.16056,1.16056,1.15639,0.00093,LOSS,SL,-13.9,1.8,-15.7,-16.4,-13.9,-1.129,59.16,-0.001885,23.8,1.712,11.9,1.15917,0.00321,1.158896,1.160781
2025-07-16 19:00:00,2025-07-17 09:20:00,BUY,1.16284,1.15967,1.15967,1.16918,0.00211,LOSS,SL,-31.7,1.8,-33.5,-34.2,-31.7,-1.057,49.73,0.000339,43.9,1.385,29.7,1.16289,0.00569,1.16171,1.161371
2025-07-17 10:45:00,2025-07-17 11:25:00,SELL,1.15946,1.16027,1.16027,1.15783,0.00054,LOSS,SL,-8.1,1.8,-9.9,-10.64,-8.14,-1.221,49.4,-0.001483,9.0,1.106,7.1,1.15946,0.00071,1.160272,1.161755
2025-07-17 11:40:00,2025-07-17 13:10:00,SELL,1.15996,1.15854,1.16067,1.15854,0.00047,WIN,TP,14.2,1.8,12.4,11.69,14.19,1.746,55.64,-0.001477,4.6,0.648,14.6,1.15999,0.00048,1.160056,1.161533
2025-07-17 15:15:00,2025-07-17 15:30:00,SELL,1.15826,1.15703,1.15888,1.15703,0.00041,WIN,TP,12.3,1.8,10.5,9.81,12.31,1.707,49.57,-0.001827,3.0,0.488,26.3,1.15821,0.00069,1.158718,1.160545
2025-07-17 15:40:00,2025-07-17 15:45:00,SELL,1.15792,1.15886,1.15886,1.15604,0.00063,LOSS,SL,-9.4,1.8,-11.2,-11.9,-9.4,-1.192,47.0,-0.001847,10.2,1.085,2.6,1.15792,0.00123,1.158569,1.160416
2025-07-17 15:50:00,2025-07-17 18:50:00,SELL,1.15891,1.15988,1.15988,1.15697,0.00065,LOSS,SL,-9.7,1.8,-11.5,-12.18,-9.68,-1.186,59.47,-0.001815,12.9,1.333,11.7,1.15891,0.00095,1.158563,1.160378
2025-07-17 19:00:00,2025-07-17 21:20:00,SELL,1.15961,1.15816,1.16033,1.15816,0.00048,WIN,TP,14.5,1.8,12.7,11.98,14.48,1.751,57.09,-0.001007,5.4,0.746,16.8,1.15957,0.00088,1.158911,1.159919
2025-07-17 21:35:00,2025-07-17 22:10:00,SELL,1.15854,1.15904,1.15904,1.15754,0.00033,LOSS,SL,-5.0,1.8,-6.8,-7.48,-4.98,-1.361,47.53,-0.000861,6.5,1.305,3.8,1.15853,0.0003,1.158763,1.159624
2025-07-17 22:15:00,2025-07-17 22:30:00,SELL,1.15914,1.15963,1.15963,1.15816,0.00033,LOSS,SL,-4.9,1.8,-6.7,-7.42,-4.92,-1.366,59.48,-0.000811,5.0,1.017,0.1,1.15914,0.0002,1.158738,1.15955
2025-07-17 23:25:00,2025-07-18 01:00:00,SELL,1.15956,1.15994,1.15994,1.1588,0.00025,LOSS,SL,-3.8,1.8,-5.6,-6.29,-3.79,-1.475,57.75,-0.000434,4.9,1.292,6.0,1.15956,0.00021,1.159127,1.159561
2025-07-18 04:30:00,2025-07-18 04:45:00,BUY,1.16211,1.16298,1.16168,1.16298,0.00029,WIN,TP,8.7,2.1,6.6,5.86,8.66,1.515,54.09,0.001143,1.5,0.346,12.3,1.16211,0.00028,1.161442,1.160299
2025-07-18 05:10:00,2025-07-18 07:10:00,BUY,1.16248,1.16198,1.16198,1.16349,0.00034,LOSS,SL,-5.0,1.9,-6.9,-7.63,-5.03,-1.378,54.33,0.001297,5.8,1.153,6.4,1.16249,0.00036,1.161776,1.16048
2025-07-18 07:50:00,2025-07-18 08:15:00,BUY,1.16205,1.16174,1.16174,1.16268,0.00021,LOSS,SL,-3.1,2.2,-5.3,-6.04,-3.14,-1.701,40.68,0.001179,4.5,1.433,1.1,1.16202,0.00023,1.1622,1.161021
2025-07-18 08:45:00,2025-07-18 09:00:00,BUY,1.16167,1.16131,1.16131,1.16238,0.00024,LOSS,SL,-3.6,1.9,-5.5,-6.16,-3.56,-1.534,43.4,0.000914,4.4,1.236,2.5,1.16167,0.00054,1.162002,1.161088
2025-07-18 09:15:00,2025-07-18 10:00:00,BUY,1.16164,1.16244,1.16124,1.16244,0.00027,WIN,TP,8.0,1.8,6.2,5.53,8.03,1.552,46.59,0.000793,2.7,0.672,10.8,1.16164,0.00043,1.16191,1.161117
2025-07-18 10:50:00,2025-07-18 11:00:00,BUY,1.16226,1.16334,1.16172,1.16334,0.00036,WIN,TP,10.8,2.0,8.8,8.14,10.84,1.631,53.09,0.000765,1.5,0.277,13.8,1.16226,0.00036,1.16206,1.161294
2025-07-18 12:25:00,2025-07-18 15:05:00,BUY,1.16367,1.16481,1.1631,1.16481,0.00038,WIN,TP,11.4,1.8,9.6,8.88,11.38,1.684,54.71,0.001257,5.1,0.896,14.4,1.16365,0.0004,1.162976,1.161719
2025-07-18 15:30:00,2025-07-18 16:20:00,BUY,1.16479,1.16614,1.16411,1.16614,0.00045,WIN,TP,13.5,1.8,11.7,11.04,13.54,1.734,54.89,0.001563,4.5,0.665,19.3,1.16479,0.00066,1.164047,1.162484
2025-07-18 16:40:00,2025-07-18 17:00:00,BUY,1.16534,1.16695,1.16453,1.16695,0.00054,WIN,TP,16.1,1.9,14.2,13.54,16.14,1.765,51.98,0.001783,0.8,0.099,18.1,1.1653,0.00088,1.164649,1.162866
2025-07-18 17:15:00,2025-07-18 17:55:00,BUY,1.16557,1.16465,1.16465,1.16741,0.00061,LOSS,SL,-9.2,1.8,-11.0,-11.72,-9.22,-1.195,51.46,0.001881,11.6,1.258,0.8,1.16557,0.00073,1.164952,1.16307
2025-07-18 18:00:00,2025-07-18 19:15:00,BUY,1.16474,1.16393,1.16393,1.16636,0.00054,LOSS,SL,-8.1,1.8,-9.9,-10.58,-8.08,-1.223,43.4,0.001755,8.1,1.002,9.8,1.16472,0.00034,1.165002,1.163247
2025-07-18 21:00:00,2025-07-18 21:15:00,BUY,1.16265,1.16212,1.16212,1.16371,0.00035,LOSS,SL,-5.3,2.1,-7.4,-8.09,-5.29,-1.397,41.14,0.000314,5.6,1.058,1.0,1.16264,0.00019,1.163657,1.163343
2025-07-18 23:00:00,2025-07-18 23:05:00,SELL,1.16215,1.16253,1.16253,1.16139,0.00025,LOSS,SL,-3.8,2.2,-6.0,-6.72,-3.82,-1.576,49.78,-0.000417,4.4,1.152,0.2,1.16218,0.00034,1.162652,1.163069
2025-07-18 23:10:00,2025-07-21 00:05:00,SELL,1.16254,1.1629,1.1629,1.16182,0.00024,LOSS,SL,-3.6,2.1,-5.7,-6.39,-3.59,-1.585,59.9,-0.000418,6.5,1.811,6.6,1.16254,0.00019,1.16264,1.163058
2025-07-21 00:15:00,2025-07-21 00:40:00,SELL,1.16282,1.16345,1.16345,1.16156,0.00042,LOSS,SL,-6.3,5.0,-11.3,-11.99,-6.29,-1.795,58.27,-0.000385,7.8,1.241,4.7,1.16284,0.0009,1.162614,1.162998
2025-07-21 01:05:00,2025-07-21 03:10:00,SELL,1.16271,1.16345,1.16345,1.16123,0.00049,LOSS,SL,-7.4,1.8,-9.2,-9.89,-7.39,-1.244,49.21,-0.000249,8.4,1.136,5.3,1.16271,0.001,1.162751,1.163
2025-07-21 03:20:00,2025-07-21 03:50:00,SELL,1.16315,1.16215,1.16365,1.16215,0.00033,WIN,TP,10.0,1.8,8.2,7.53,10.03,1.641,55.03,-0.000132,0.6,0.12,10.1,1.16315,0.00046,1.162826,1.162958
2025-07-21 04:15:00,2025-07-21 07:55:00,SELL,1.1624,1.16292,1.16292,1.16137,0.00034,LOSS,SL,-5.2,2.1,-7.3,-7.95,-5.15,-1.408,46.53,-0.000244,5.6,1.087,9.9,1.16239,0.0003,1.162652,1.162896
2025-07-21 09:05:00,2025-07-21 09:10:00,SELL,1.16309,1.16344,1.16344,1.16239,0.00023,LOSS,SL,-3.5,2.0,-5.5,-6.22,-3.52,-1.569,58.0,-1.2e-05,3.6,1.024,0.6,1.16312,0.00036,1.16271,1.162721
2025-07-21 09:20:00,2025-07-21 09:30:00,BUY,1.16299,1.16381,1.16258,1.16381,0.00027,WIN,TP,8.2,1.8,6.4,5.68,8.18,1.56,51.0,2.9e-05,1.2,0.293,9.4,1.16299,0.0005,1.162765,1.162735
2025-07-21 10:35:00,2025-07-21 11:30:00,BUY,1.1637,1.16473,1.16318,1.16473,0.00034,WIN,TP,10.3,1.8,8.5,7.82,10.32,1.651,50.54,0.00042,1.1,0.213,10.8,1.16371,0.0005,1.163333,1.162913
2025-07-21 11:55:00,2025-07-21 13:15:00,BUY,1.16417,1.16354,1.16354,1.16542,0.00042,LOSS,SL,-6.3,1.9,-8.2,-8.87,-6.27,-1.303,51.83,0.000644,8.6,1.371,6.3,1.16418,0.00092,1.163742,1.163098
2025-07-21 13:25:00,2025-07-21 14:00:00,BUY,1.16375,1.16482,1.16321,1.16482,0.00036,WIN,TP,10.7,1.8,8.9,8.24,10.74,1.665,44.52,0.000663,0.9,0.168,12.9,1.16375,0.00032,1.163932,1.163269
2025-07-21 16:05:00,2025-07-21 17:00:00,BUY,1.16611,1.16724,1.16554,1.16724,0.00038,WIN,TP,11.3,1.8,9.5,8.81,11.31,1.682,51.03,0.00151,3.6,0.637,17.2,1.16611,0.00038,1.165501,1.163991
2025-07-21 19:20:00,2025-07-21 20:20:00,BUY,1.16963,1.16888,1.16888,1.17114,0.0005,LOSS,SL,-7.5,1.8,-9.3,-10.04,-7.54,-1.239,51.14,0.00298,7.7,1.021,8.1,1.16964,0.00072,1.168539,1.165559
2025-07-21 20:40:00,2025-07-22 00:00:00,BUY,1.16922,1.16858,1.16858,1.17049,0.00042,LOSS,SL,-6.4,1.8,-8.2,-8.86,-6.36,-1.283,45.62,0.002845,7.8,1.226,3.8,1.16922,0.00056,1.168995,1.166151
2025-07-22 00:05:00,2025-07-22 03:10:00,BUY,1.16889,1.16844,1.16844,1.1698,0.0003,LOSS,SL,-4.5,3.0,-7.5,-8.23,-4.53,-1.663,45.32,0.001918,5.3,1.171,6.5,1.16889,0.00047,1.169057,1.16714
2025-07-22 03:30:00,2025-07-22 04:35:00,BUY,1.16882,1.16845,1.16845,1.16956,0.00025,LOSS,SL,-3.7,1.9,-5.6,-6.31,-3.71,-1.512,44.79,0.00127,5.6,1.508,4.5,1.16882,0.00041,1.169084,1.167814
2025-07-22 04:50:00,2025-07-22 10:50:00,BUY,1.16864,1.1682,1.1682,1.16953,0.0003,LOSS,SL,-4.4,1.9,-6.3,-7.03,-4.43,-1.428,45.85,0.000958,5.1,1.15,8.7,1.16864,0.00038,1.168909,1.167951
2025-07-22 10:55:00,2025-07-22 11:05:00,BUY,1.16841,1.16944,1.1679,1.16944,0.00034,WIN,TP,10.3,2.1,8.2,7.46,10.26,1.591,42.85,0.000371,0.7,0.136,10.5,1.16841,0.00067,1.168768,1.168397
2025-07-22 11:15:00,2025-07-22 11:35:00,BUY,1.16892,1.17002,1.16837,1.17002,0.00037,WIN,TP,11.0,1.9,9.1,8.44,11.04,1.656,53.23,0.000371,1.1,0.199,13.7,1.16892,0.00034,1.168787,1.168416
2025-07-22 12:35:00,2025-07-22 13:00:00,BUY,1.16964,1.17067,1.16913,1.17067,0.00034,WIN,TP,10.3,2.0,8.3,7.58,10.28,1.611,54.45,0.000626,3.5,0.681,12.1,1.16964,0.00041,1.169231,1.168605
2025-07-22 13:35:00,2025-07-22 14:25:00,BUY,1.17014,1.16965,1.16965,1.17112,0.00033,LOSS,SL,-4.9,2.0,-6.9,-7.61,-4.91,-1.407,53.3,0.000856,7.5,1.528,2.6,1.17015,0.00044,1.169656,1.1688
2025-07-22 14:35:00,2025-07-22 15:15:00,BUY,1.16986,1.16939,1.16939,1.1708,0.00031,LOSS,SL,-4.7,1.9,-6.6,-7.31,-4.71,-1.403,45.57,0.000866,8.8,1.867,5.7,1.16985,0.00036,1.16981,1.168944
2025-07-22 16:25:00,2025-07-22 17:40:00,BUY,1.16903,1.17051,1.16829,1.17051,0.00049,WIN,TP,14.8,1.8,13.0,12.28,14.78,1.756,47.04,0.000391,4.8,0.65,15.9,1.16903,0.00071,1.169377,1.168986
2025-07-22 20:30:00,2025-07-23 02:35:00,BUY,1.17465,1.17391,1.17391,1.17614,0.0005,LOSS,SL,-7.4,1.8,-9.2,-9.94,-7.44,-1.242,53.45,0.00272,8.2,1.102,8.9,1.17465,0.00051,1.173311,1.170592
2025-07-23 03:25:00,2025-07-23 04:00:00,BUY,1.17386,1.17478,1.1734,1.17478,0.00031,WIN,TP,9.2,2.0,7.2,6.53,9.23,1.567,41.51,0.001525,2.2,0.477,9.7,1.17386,0.00033,1.174382,1.172857
2025-07-23 04:05:00,2025-07-23 04:40:00,BUY,1.17407,1.17347,1.17347,1.17527,0.0004,LOSS,SL,-6.0,1.9,-7.9,-8.59,-5.99,-1.317,47.76,0.001368,8.7,1.452,1.3,1.17406,0.00077,1.174326,1.172958
2025-07-23 04:55:00,2025-07-23 07:20:00,BUY,1.17381,1.17322,1.17322,1.17499,0.00039,LOSS,SL,-5.9,1.8,-7.7,-8.41,-5.91,-1.304,46.82,0.001097,6.4,1.082,7.5,1.17377,0.00057,1.17413,1.173033
2025-07-23 07:30:00,2025-07-23 08:35:00,BUY,1.17352,1.17307,1.17307,1.17443,0.0003,LOSS,SL,-4.5,1.8,-6.3,-7.03,-4.53,-1.397,44.41,0.000649,5.6,1.235,3.0,1.17353,0.00034,1.17388,1.173231
2025-07-23 08:50:00,2025-07-23 09:55:00,BUY,1.17303,1.17392,1.17258,1.17392,0.0003,WIN,TP,8.9,1.8,7.1,6.45,8.95,1.598,40.38,0.000371,3.2,0.715,12.0,1.17303,0.00036,1.173622,1.173251
2025-07-23 10:40:00,2025-07-23 11:35:00,BUY,1.17401,1.17331,1.17331,1.17541,0.00047,LOSS,SL,-7.0,1.8,-8.8,-9.48,-6.98,-1.258,51.97,0.000419,9.5,1.361,7.4,1.17402,0.00066,1.173774,1.173355
2025-07-23 11:40:00,2025-07-23 13:50:00,BUY,1.17327,1.17258,1.17258,1.17464,0.00046,LOSS,SL,-6.9,1.8,-8.7,-9.35,-6.85,-1.263,40.66,0.000395,10.1,1.474,6.2,1.17326,0.00041,1.17381,1.173415
2025-07-23 14:45:00,2025-07-23 16:00:00,SELL,1.17299,1.17191,1.17353,1.17191,0.00036,WIN,TP,10.8,1.8,9.0,8.29,10.79,1.666,51.37,-0.000148,2.4,0.445,11.9,1.17299,0.00043,1.17315,1.173298
2025-07-23 16:15:00,2025-07-23 16:35:00,SELL,1.17244,1.17114,1.17309,1.17114,0.00043,WIN,TP,13.0,1.8,11.2,10.48,12.98,1.723,48.02,-0.000366,5.4,0.832,14.0,1.17244,0.00035,1.172801,1.173167
2025-07-23 16:55:00,2025-07-23 17:00:00,SELL,1.17233,1.17306,1.17306,1.17087,0.00049,LOSS,SL,-7.3,2.0,-9.3,-10.0,-7.3,-1.274,50.74,-0.000506,9.2,1.261,0.5,1.17234,0.0009,1.172568,1.173074
2025-07-23 17:15:00,2025-07-23 17:50:00,SELL,1.17296,1.1737,1.1737,1.17149,0.00049,LOSS,SL,-7.4,1.9,-9.3,-9.97,-7.37,-1.258,56.54,-0.000439,7.7,1.044,6.8,1.17296,0.00049,1.172633,1.173071
2025-07-23 18:00:00,2025-07-23 18:15:00,SELL,1.17331,1.1741,1.1741,1.17173,0.00053,LOSS,SL,-7.9,1.8,-9.7,-10.39,-7.89,-1.228,57.4,-0.000313,8.5,1.077,3.3,1.17331,0.00048,1.172753,1.173066
2025-07-23 18:25:00,2025-07-23 18:55:00,SELL,1.17362,1.17437,1.17437,1.17212,0.0005,LOSS,SL,-7.5,1.8,-9.3,-10.0,-7.5,-1.24,58.54,-0.000182,21.3,2.84,15.0,1.17363,0.00035,1.172911,1.173093
2025-07-23 20:55:00,2025-07-23 22:05:00,BUY,1.17537,1.17739,1.17436,1.17739,0.00067,WIN,TP,20.2,1.8,18.4,17.68,20.18,1.822,52.56,0.000919,0.1,0.01,20.7,1.17536,0.00165,1.174492,1.173573
2025-07-23 23:40:00,2025-07-23 23:50:00,BUY,1.17703,1.17664,1.17664,1.17781,0.00026,LOSS,SL,-3.9,1.9,-5.8,-6.5,-3.9,-1.488,51.14,0.001861,4.5,1.155,2.9,1.17703,0.00031,1.176413,1.174552
2025-07-23 23:55:00,2025-07-23 23:55:00,BUY,1.17705,1.17655,1.17655,1.17805,0.00033,LOSS,SL,-5.0,2.1,-7.1,-7.82,-5.02,-1.418,50.36,0.001863,5.2,1.036,3.5,1.17702,0.00074,1.17649,1.174627
2025-07-24 00:00:00,2025-07-24 02:15:00,BUY,1.17648,1.17751,1.17596,1.17751,0.00034,WIN,TP,10.3,6.8,3.5,2.85,10.35,0.686,42.08,0.001849,2.7,0.522,11.3,1.17665,0.00087,1.176496,1.174647
2025-07-24 02:55:00,2025-07-24 03:00:00,BUY,1.17751,1.17718,1.17718,1.17816,0.00022,LOSS,SL,-3.3,1.8,-5.1,-5.76,-3.26,-1.552,54.22,0.001729,5.2,1.594,0.0,1.17751,0.0002,1.177165,1.175436
2025-07-24 03:20:00,2025-07-24 03:30:00,BUY,1.17704,1.17666,1.17666,1.17779,0.00025,LOSS,SL,-3.8,1.8,-5.6,-6.27,-3.77,-1.477,42.88,0.001618,6.3,1.669,0.9,1.17704,0.00042,1.17713,1.175511
2025-07-24 03:55:00,2025-07-24 04:30:00,BUY,1.17681,1.17769,1.17637,1.17769,0.00029,WIN,TP,8.8,1.8,7.0,6.28,8.78,1.59,45.6,0.001417,2.1,0.478,9.0,1.17681,0.00066,1.177004,1.175587
2025-07-24 05:00:00,2025-07-24 09:05:00,BUY,1.17744,1.17698,1.17698,1.17836,0.00031,LOSS,SL,-4.6,1.8,-6.4,-7.11,-4.61,-1.39,54.48,0.001364,7.6,1.647,5.1,1.17744,0.00016,1.177172,1.175808
2025-07-24 10:15:00,2025-07-24 10:35:00,BUY,1.17658,1.17607,1.17607,1.1776,0.00034,LOSS,SL,-5.1,1.8,-6.9,-7.58,-5.08,-1.355,45.82,0.00053,6.2,1.221,3.1,1.17658,0.00034,1.176996,1.176466
2025-07-24 10:45:00,2025-07-24 10:50:00,BUY,1.17635,1.17579,1.17579,1.17746,0.00037,LOSS,SL,-5.6,2.0,-7.6,-8.26,-5.56,-1.36,44.0,0.000411,6.1,1.098,0.0,1.17634,0.00033,1.176876,1.176464
2025-07-24 11:00:00,2025-07-24 12:05:00,BUY,1.17602,1.17545,1.17545,1.17717,0.00038,LOSS,SL,-5.7,2.1,-7.8,-8.54,-5.74,-1.366,41.06,0.000325,7.6,1.325,7.4,1.17602,0.00052,1.176775,1.17645
2025-07-24 14:15:00,2025-07-24 14:45:00,SELL,1.17499,1.1754,1.1754,1.17417,0.00027,LOSS,SL,-4.1,2.1,-6.2,-6.88,-4.08,-1.514,46.68,-0.000593,4.7,1.151,4.7,1.17499,0.00017,1.175499,1.176092
2025-07-24 14:50:00,2025-07-24 15:30:00,SELL,1.17541,1.17443,1.1759,1.17443,0.00033,WIN,TP,9.8,1.8,8.0,7.27,9.77,1.631,58.64,-0.000659,4.0,0.819,12.6,1.17541,0.0008,1.175352,1.176011
2025-07-24 16:10:00,2025-07-24 16:10:00,SELL,1.17523,1.17618,1.17618,1.17332,0.00064,LOSS,SL,-9.5,1.8,-11.3,-12.03,-9.53,-1.189,57.32,-0.000843,10.6,1.112,0.0,1.17524,0.002,1.174961,1.175804
2025-07-24 16:20:00,2025-07-24 16:25:00,SELL,1.17557,1.17659,1.17659,1.17353,0.00068,LOSS,SL,-10.2,1.8,-12.0,-12.69,-10.19,-1.177,59.71,-0.000789,16.6,1.629,4.8,1.17556,0.00082,1.175012,1.1758
2025-07-24 17:25:00,2025-07-25 00:00:00,SELL,1.17698,1.17444,1.17825,1.17444,0.00085,WIN,TP,25.4,1.8,23.6,22.88,25.38,1.858,54.43,-2.8e-05,10.3,0.812,37.1,1.17698,0.00124,1.17595,1.175978
2025-07-25 00:55:00,2025-07-25 02:00:00,SELL,1.17481,1.17536,1.17536,1.17371,0.00037,LOSS,SL,-5.5,2.1,-7.6,-8.31,-5.51,-1.381,46.77,-0.000558,5.6,1.017,4.2,1.17481,0.00028,1.175431,1.17599
2025-07-25 02:30:00,2025-07-25 02:50:00,SELL,1.1753,1.17567,1.17567,1.17457,0.00024,LOSS,SL,-3.7,1.8,-5.5,-6.16,-3.66,-1.491,58.05,-0.000589,3.8,1.037,3.9,1.1753,0.00025,1.175231,1.17582
2025-07-25 03:00:00,2025-07-25 03:45:00,SELL,1.17541,1.17581,1.17581,1.17461,0.00027,LOSS,SL,-4.0,1.8,-5.8,-6.49,-3.99,-1.451,56.91,-0.000532,4.1,1.027,5.8,1.17542,0.00018,1.175262,1.175794
2025-07-25 03:50:00,2025-07-25 04:10:00,SELL,1.17541,1.17457,1.17583,1.17457,0.00028,WIN,TP,8.4,1.8,6.6,5.94,8.44,1.573,53.03,-0.00045,3.9,0.924,8.9,1.17541,0.00052,1.175303,1.175754
2025-07-25 06:35:00,2025-07-25 06:45:00,SELL,1.17403,1.1744,1.1744,1.17329,0.00025,LOSS,SL,-3.7,2.0,-5.7,-6.4,-3.7,-1.541,47.04,-0.000905,3.9,1.055,0.1,1.17402,0.0003,1.174408,1.175313
2025-07-25 06:50:00,2025-07-25 07:35:00,SELL,1.17439,1.17369,1.17474,1.17369,0.00023,WIN,TP,7.0,2.0,5.0,4.31,7.01,1.429,58.48,-0.000888,1.8,0.514,7.3,1.17439,0.0001,1.174394,1.175282
2025-07-25 07:55:00,2025-07-25 08:35:00,SELL,1.17406,1.17442,1.17442,1.17334,0.00024,LOSS,SL,-3.6,2.1,-5.7,-6.39,-3.59,-1.585,48.84,-0.000862,3.9,1.086,3.8,1.17407,0.00022,1.17428,1.175142
2025-07-25 08:40:00,2025-07-25 08:55:00,SELL,1.17433,1.17472,1.17472,1.17355,0.00026,LOSS,SL,-3.9,1.8,-5.7,-6.41,-3.91,-1.461,56.53,-0.000838,5.3,1.357,1.1,1.17433,0.00047,1.17421,1.175048
2025-07-25 09:10:00,2025-07-25 09:30:00,SELL,1.17452,1.175,1.175,1.17356,0.00032,LOSS,SL,-4.8,1.9,-6.7,-7.42,-4.82,-1.394,56.93,-0.000735,11.5,2.387,4.1,1.17453,0.00063,1.174283,1.175018
2025-07-25 09:55:00,2025-07-25 10:15:00,SELL,1.17508,1.17566,1.17566,1.17392,0.00039,LOSS,SL,-5.8,1.8,-7.6,-8.32,-5.82,-1.309,55.06,-0.000472,7.4,1.271,4.5,1.17502,0.00042,1.17456,1.175032
2025-07-25 10:20:00,2025-07-25 11:10:00,SELL,1.17543,1.17415,1.17607,1.17415,0.00043,WIN,TP,12.8,1.8,11.0,10.29,12.79,1.719,59.73,-0.000367,4.6,0.719,13.0,1.17543,0.00059,1.174672,1.175039
2025-07-25 11:35:00,2025-07-25 12:05:00,SELL,1.17495,1.17356,1.17565,1.17356,0.00046,WIN,TP,13.9,2.0,11.9,11.21,13.91,1.712,50.92,-0.000233,1.3,0.187,16.9,1.17495,0.00051,1.174801,1.175033
2025-07-25 13:35:00,2025-07-25 13:50:00,SELL,1.17361,1.17257,1.17413,1.17257,0.00035,WIN,TP,10.4,2.0,8.4,7.66,10.36,1.614,45.45,-0.00065,0.3,0.058,11.8,1.17361,0.00038,1.174109,1.174759
2025-07-25 15:10:00,2025-07-25 15:45:00,SELL,1.1724,1.1712,1.173,1.1712,0.0004,WIN,TP,12.0,2.0,10.0,9.28,11.98,1.666,45.67,-0.001216,2.7,0.451,12.6,1.17237,0.00026,1.173119,1.174335
2025-07-25 16:10:00,2025-07-25 17:15:00,SELL,1.17218,1.17309,1.17309,1.17035,0.00061,LOSS,SL,-9.1,1.8,-10.9,-11.63,-9.13,-1.197,49.05,-0.001383,10.2,1.118,17.0,1.17218,0.00212,1.172689,1.174072
2025-07-25 17:35:00,2025-07-25 20:35:00,SELL,1.17294,1.1739,1.1739,1.17102,0.00064,LOSS,SL,-9.6,1.8,-11.4,-12.09,-9.59,-1.188,57.37,-0.001278,9.6,1.001,9.5,1.17295,0.00053,1.172507,1.173785
2025-07-25 21:35:00,2025-07-25 21:45:00,SELL,1.17374,1.17417,1.17417,1.17287,0.00029,LOSS,SL,-4.3,2.0,-6.3,-7.03,-4.33,-1.462,59.22,-0.000383,5.0,1.155,1.4,1.17375,0.00031,1.173149,1.173532
2025-07-25 23:05:00,2025-07-25 23:20:00,BUY,1.17408,1.17372,1.17372,1.1748,0.00024,LOSS,SL,-3.6,1.8,-5.4,-6.1,-3.6,-1.5,49.64,9.2e-05,4.1,1.14,0.1,1.17407,0.00024,1.173752,1.173661
2025-07-25 23:25:00,2025-07-28 00:00:00,BUY,1.17373,1.17441,1.17339,1.17441,0.00023,WIN,TP,6.8,1.8,5.0,4.26,6.76,1.468,41.09,0.000101,0.0,0.0,21.5,1.17373,0.0003,1.17377,1.173669
2025-07-28 01:10:00,2025-07-28 03:15:00,BUY,1.1754,1.17681,1.1747,1.17681,0.00047,WIN,TP,14.1,1.8,12.3,11.6,14.1,1.745,54.69,0.000674,3.3,0.468,15.8,1.1754,0.00119,1.174622,1.173948
2025-07-28 03:35:00,2025-07-28 04:35:00,BUY,1.17599,1.17533,1.17533,1.17731,0.00044,LOSS,SL,-6.6,1.8,-8.4,-9.08,-6.58,-1.274,51.97,0.001071,6.7,1.018,9.4,1.17599,0.00063,1.175482,1.174412
2025-07-28 04:40:00,2025-07-28 04:50:00,BUY,1.17542,1.17479,1.17479,1.17668,0.00042,LOSS,SL,-6.3,1.8,-8.1,-8.79,-6.29,-1.286,40.47,0.001106,7.1,1.129,0.0,1.17542,0.00035,1.175719,1.174613
2025-07-28 04:55:00,2025-07-28 05:05:00,BUY,1.17532,1.17471,1.17471,1.17653,0.0004,LOSS,SL,-6.1,1.8,-7.9,-8.56,-6.06,-1.297,40.92,0.001029,6.5,1.072,0.5,1.17532,0.00062,1.17566,1.174631
2025-07-28 05:30:00,2025-07-28 08:10:00,BUY,1.17502,1.17448,1.17448,1.1761,0.00036,LOSS,SL,-5.4,1.8,-7.2,-7.91,-5.41,-1.333,40.62,0.00083,7.0,1.293,7.4,1.17502,0.00031,1.175481,1.174651
2025-07-28 15:05:00,2025-07-28 16:20:00,SELL,1.166,1.16392,1.16704,1.16392,0.00069,WIN,TP,20.8,1.8,19.0,18.29,20.79,1.827,53.01,-0.004172,4.5,0.433,22.5,1.16601,0.00151,1.166888,1.17106
2025-07-28 17:30:00,2025-07-28 18:15:00,SELL,1.16425,1.16235,1.1652,1.16235,0.00063,WIN,TP,19.0,1.8,17.2,16.48,18.98,1.81,50.07,-0.00432,4.3,0.453,20.0,1.16425,0.00116,1.165084,1.169404
2025-07-28 22:00:00,2025-07-29 03:55:00,SELL,1.15941,1.15843,1.1599,1.15843,0.00033,WIN,TP,9.8,1.8,8.0,7.33,9.83,1.634,47.78,-0.005219,2.9,0.59,10.0,1.15943,0.0003,1.160427,1.165646
2025-07-29 04:20:00,2025-07-29 04:40:00,SELL,1.15917,1.15961,1.15961,1.1583,0.00029,LOSS,SL,-4.4,1.8,-6.2,-6.86,-4.36,-1.412,53.25,-0.003019,5.6,1.283,3.0,1.15917,0.00051,1.159136,1.162155
2025-07-29 04:55:00,2025-07-29 05:15:00,SELL,1.15926,1.15973,1.15973,1.15831,0.00032,LOSS,SL,-4.7,1.8,-6.5,-7.24,-4.74,-1.38,51.96,-0.002774,4.8,1.013,3.8,1.15926,0.00049,1.159192,1.161966
2025-07-29 05:20:00,2025-07-29 06:30:00,SELL,1.15959,1.15868,1.16005,1.15868,0.0003,WIN,TP,9.1,1.8,7.3,6.64,9.14,1.606,57.55,-0.002606,2.8,0.613,10.4,1.15959,0.00031,1.159236,1.161842
2025-07-29 08:00:00,2025-07-29 08:55:00,SELL,1.15882,1.1578,1.15933,1.1578,0.00034,WIN,TP,10.2,1.8,8.4,7.72,10.22,1.648,57.35,-0.002263,1.6,0.313,11.5,1.15882,0.00067,1.158711,1.160975
2025-07-29 09:15:00,2025-07-29 09:30:00,SELL,1.15841,1.15723,1.159,1.15723,0.00039,WIN,TP,11.8,1.8,10.0,9.34,11.84,1.696,52.34,-0.002094,1.3,0.22,29.7,1.15843,0.00074,1.158504,1.160599
2025-07-29 11:00:00,2025-07-29 11:10:00,SELL,1.15543,1.15656,1.15656,1.15318,0.00075,LOSS,SL,-11.3,1.8,-13.1,-13.75,-11.25,-1.16,50.32,-0.003151,12.5,1.111,2.4,1.15543,0.00072,1.156369,1.15952
2025-07-29 11:15:00,2025-07-29 12:20:00,SELL,1.1566,1.15768,1.15768,1.15445,0.00072,LOSS,SL,-10.8,1.8,-12.6,-13.26,-10.76,-1.167,58.83,-0.003076,12.3,1.144,5.7,1.15661,0.00072,1.156344,1.15942
2025-07-29 12:50:00,2025-07-29 13:25:00,SELL,1.15763,1.15848,1.15848,1.15592,0.00057,LOSS,SL,-8.5,1.8,-10.3,-11.04,-8.54,-1.211,58.36,-0.002208,10.8,1.264,3.0,1.15763,0.00085,1.156817,1.159024
2025-07-29 13:35:00,2025-07-29 14:05:00,SELL,1.15816,1.15657,1.15895,1.15657,0.00053,WIN,TP,15.9,1.8,14.1,13.35,15.85,1.773,59.33,-0.001774,2.2,0.278,16.5,1.15816,0.00061,1.157155,1.158929
2025-07-29 16:50:00,2025-07-29 16:55:00,SELL,1.15358,1.15451,1.15451,1.15171,0.00062,LOSS,SL,-9.3,1.8,-11.1,-11.83,-9.33,-1.193,50.44,-0.002968,10.7,1.147,1.0,1.15358,0.00086,1.154431,1.157399
2025-07-29 17:05:00,2025-07-29 19:45:00,SELL,1.15363,1.15469,1.15469,1.15151,0.00071,LOSS,SL,-10.6,1.8,-12.4,-13.08,-10.58,-1.17,50.03,-0.002923,12.6,1.191,15.3,1.15362,0.00129,1.154373,1.157296
2025-07-29 19:55:00,2025-07-29 20:15:00,SELL,1.15447,1.15523,1.15523,1.15296,0.0005,LOSS,SL,-7.6,1.8,-9.4,-10.06,-7.56,-1.238,58.02,-0.002323,15.3,2.023,5.3,1.15447,0.0005,1.153919,1.156242
2025-07-29 20:35:00,2025-07-30 03:15:00,SELL,1.15495,1.15573,1.15573,1.15338,0.00052,LOSS,SL,-7.8,1.8,-9.6,-10.33,-7.83,-1.23,57.55,-0.001956,10.6,1.353,12.4,1.15494,0.00024,1.154177,1.156134
2025-07-30 04:25:00,2025-07-30 07:00:00,BUY,1.15616,1.15571,1.15571,1.15705,0.0003,LOSS,SL,-4.5,1.9,-6.4,-7.07,-4.47,-1.425,54.84,4e-06,8.5,1.903,8.5,1.15616,0.00064,1.155552,1.155548
2025-07-30 07:35:00,2025-07-30 07:50:00,BUY,1.15561,1.15518,1.15518,1.15647,0.00029,LOSS,SL,-4.3,1.9,-6.2,-6.91,-4.31,-1.441,41.9,0.000214,6.1,1.414,0.0,1.15561,0.0002,1.155966,1.155753
2025-07-30 08:25:00,2025-07-30 08:50:00,BUY,1.15552,1.15512,1.15512,1.15631,0.00026,LOSS,SL,-4.0,1.9,-5.9,-6.55,-3.95,-1.48,48.51,2.3e-05,4.0,1.011,3.9,1.15552,0.0005,1.155727,1.155704
2025-07-30 09:25:00,2025-07-30 09:40:00,SELL,1.15497,1.15552,1.15552,1.15386,0.00037,LOSS,SL,-5.5,1.8,-7.3,-8.05,-5.55,-1.325,45.6,-0.000176,8.0,1.443,0.4,1.15497,0.00036,1.155454,1.15563
2025-07-30 09:45:00,2025-07-30 09:50:00,SELL,1.1554,1.15595,1.15595,1.1543,0.00037,LOSS,SL,-5.5,1.8,-7.3,-8.0,-5.5,-1.327,52.69,-0.00018,6.0,1.091,1.6,1.1554,0.00043,1.155439,1.155619
2025-07-30 09:55:00,2025-07-30 10:05:00,SELL,1.1559,1.15649,1.15649,1.15472,0.00039,LOSS,SL,-5.9,2.0,-7.9,-8.59,-5.89,-1.339,59.89,-0.000168,6.3,1.069,4.0,1.1559,0.00076,1.15545,1.155618
2025-07-30 10:15:00,2025-07-30 12:45:00,SELL,1.15603,1.15466,1.15671,1.15466,0.00046,WIN,TP,13.7,1.8,11.9,11.17,13.67,1.737,57.87,-0.0001,4.8,0.702,14.7,1.15604,0.00077,1.155533,1.155633
2025-07-30 13:00:00,2025-07-30 13:35:00,SELL,1.15514,1.15397,1.15572,1.15397,0.00039,WIN,TP,11.7,1.8,9.9,9.19,11.69,1.692,46.79,-0.000177,3.1,0.53,19.6,1.15514,0.0006,1.155397,1.155574
2025-07-30 17:45:00,2025-07-30 21:00:00,SELL,1.14763,1.14864,1.14864,1.1456,0.00068,LOSS,SL,-10.1,1.8,-11.9,-12.64,-10.14,-1.178,45.33,-0.003705,14.7,1.45,13.1,1.14762,0.00038,1.149449,1.153153
2025-07-30 21:20:00,2025-07-30 21:30:00,SELL,1.14823,1.14904,1.14904,1.1466,0.00054,LOSS,SL,-8.1,1.8,-9.9,-10.65,-8.15,-1.221,56.5,-0.003213,14.7,1.804,6.6,1.14822,0.00048,1.14799,1.151203
2025-07-31 01:05:00,2025-07-31 01:45:00,SELL,1.14141,1.14223,1.14223,1.13977,0.00055,LOSS,SL,-8.2,1.8,-10.0,-10.68,-8.18,-1.22,53.59,-0.005373,8.8,1.076,1.8,1.14147,0.00123,1.142466,1.147839
2025-07-31 02:15:00,2025-07-31 02:35:00,SELL,1.14195,1.14253,1.14253,1.14078,0.00039,LOSS,SL,-5.8,1.8,-7.6,-8.34,-5.84,-1.308,54.18,-0.004808,8.2,1.403,0.3,1.14195,0.00032,1.142264,1.147072
2025-07-31 04:10:00,2025-07-31 04:35:00,SELL,1.14286,1.1434,1.1434,1.14178,0.00036,LOSS,SL,-5.4,1.8,-7.2,-7.91,-5.41,-1.333,49.77,-0.003488,6.0,1.11,5.0,1.14286,0.00074,1.142752,1.14624
2025-07-31 04:50:00,2025-07-31 06:25:00,SELL,1.14299,1.1417,1.14363,1.1417,0.00043,WIN,TP,12.9,1.8,11.1,10.39,12.89,1.721,50.21,-0.003147,3.8,0.589,22.7,1.143,0.00067,1.142852,1.145999
2025-07-31 06:45:00,2025-07-31 07:35:00,SELL,1.14199,1.14278,1.14278,1.14041,0.00053,LOSS,SL,-7.9,1.8,-9.7,-10.41,-7.91,-1.228,45.14,-0.002748,8.1,1.024,2.2,1.14198,0.00095,1.142504,1.145252
2025-07-31 07:40:00,2025-07-31 07:55:00,SELL,1.14278,1.14337,1.14337,1.1416,0.00039,LOSS,SL,-5.9,1.8,-7.7,-8.41,-5.91,-1.304,58.8,-0.002513,8.0,1.353,1.2,1.14278,0.00039,1.142429,1.144942
2025-07-31 08:35:00,2025-07-31 09:05:00,SELL,1.14359,1.14418,1.14418,1.14242,0.00039,LOSS,SL,-5.9,1.8,-7.7,-8.35,-5.85,-1.307,59.94,-0.001976,6.1,1.042,5.6,1.1436,0.00056,1.142814,1.144789
2025-07-31 09:10:00,2025-07-31 09:15:00,SELL,1.14384,1.14448,1.14448,1.14256,0.00043,LOSS,SL,-6.4,1.9,-8.3,-9.01,-6.41,-1.297,59.16,-0.001694,8.4,1.311,3.7,1.14384,0.00044,1.143018,1.144712
2025-07-31 10:05:00,2025-07-31 10:45:00,SELL,1.14502,1.14345,1.1458,1.14345,0.00052,WIN,TP,15.7,1.8,13.9,13.16,15.66,1.77,58.7,-0.000993,7.2,0.919,17.5,1.14503,0.00076,1.143754,1.144747
2025-07-31 10:50:00,2025-07-31 11:05:00,SELL,1.14427,1.14511,1.14511,1.14258,0.00056,LOSS,SL,-8.4,1.8,-10.2,-10.93,-8.43,-1.214,49.14,-0.000761,11.7,1.388,0.2,1.14427,0.001,1.143964,1.144725
2025-07-31 11:10:00,2025-07-31 12:55:00,SELL,1.14508,1.14339,1.14592,1.14339,0.00056,WIN,TP,16.9,1.8,15.1,14.39,16.89,1.787,57.23,-0.000647,0.1,0.012,18.7,1.1451,0.00078,1.144079,1.144726
2025-07-31 13:10:00,2025-07-31 13:30:00,SELL,1.14373,1.14238,1.1444,1.14238,0.00045,WIN,TP,13.5,2.0,11.5,10.79,13.49,1.703,45.77,-0.00056,0.1,0.015,16.4,1.14373,0.0005,1.144027,1.144587
2025-07-31 13:55:00,2025-07-31 14:10:00,SELL,1.14358,1.14431,1.14431,1.14213,0.00048,LOSS,SL,-7.3,1.9,-9.2,-9.86,-7.26,-1.262,49.7,-0.000725,10.3,1.418,1.3,1.14351,0.00056,1.14373,1.144455
2025-07-31 14:15:00,2025-07-31 15:30:00,SELL,1.14437,1.14298,1.14506,1.14298,0.00046,WIN,TP,13.9,1.8,12.1,11.35,13.85,1.74,59.67,-0.000662,6.7,0.967,15.7,1.14438,0.0006,1.143776,1.144438
2025-07-31 15:40:00,2025-07-31 16:05:00,SELL,1.14396,1.14208,1.1449,1.14208,0.00063,WIN,TP,18.8,1.8,17.0,16.34,18.84,1.809,49.72,-0.000442,2.2,0.234,29.5,1.14395,0.00092,1.143953,1.144395
2025-07-31 17:15:00,2025-07-31 17:30:00,SELL,1.14216,1.14316,1.14316,1.14017,0.00066,LOSS,SL,-10.0,1.8,-11.8,-12.47,-9.97,-1.181,51.27,-0.001251,11.6,1.163,4.9,1.14218,0.00134,1.142661,1.143912
2025-07-31 18:25:00,2025-07-31 20:10:00,SELL,1.14386,1.14192,1.14483,1.14192,0.00065,WIN,TP,19.4,1.8,17.6,16.94,19.44,1.815,57.06,-0.00071,4.5,0.463,20.1,1.14386,0.00076,1.143188,1.143899
2025-07-31 21:10:00,2025-07-31 21:30:00,SELL,1.14232,1.14295,1.14295,1.14105,0.00042,LOSS,SL,-6.3,1.9,-8.2,-8.95,-6.35,-1.299,49.65,-0.000918,7.8,1.229,2.1,1.14232,0.00065,1.142588,1.143506
2025-07-31 21:45:00,2025-07-31 22:55:00,SELL,1.14287,1.14169,1.14346,1.14169,0.00039,WIN,TP,11.8,1.8,10.0,9.3,11.8,1.695,56.2,-0.000825,2.5,0.424,17.1,1.14287,0.00036,1.142629,1.143454
2025-08-01 00:10:00,2025-08-01 01:30:00,SELL,1.14155,1.1421,1.1421,1.14046,0.00036,LOSS,SL,-5.5,4.1,-9.6,-10.26,-5.46,-1.751,46.57,-0.00104,6.8,1.246,2.6,1.14155,0.00027,1.14202,1.14306
2025-08-01 01:50:00,2025-08-01 02:10:00,SELL,1.142,1.14242,1.14242,1.14115,0.00028,LOSS,SL,-4.2,2.1,-6.3,-7.05,-4.25,-1.494,57.04,-0.000944,4.9,1.154,5.4,1.142,0.00016,1.141873,1.142817
2025-08-01 02:15:00,2025-08-01 02:40:00,SELL,1.14177,1.14229,1.14229,1.14073,0.00035,LOSS,SL,-5.2,2.0,-7.2,-7.89,-5.19,-1.386,49.12,-0.000896,5.7,1.099,6.6,1.14177,0.00074,1.141875,1.142772
2025-08-01 02:45:00,2025-08-01 04:10:00,SELL,1.14228,1.14284,1.14284,1.14117,0.00037,LOSS,SL,-5.6,1.9,-7.5,-8.15,-5.55,-1.342,58.69,-0.000853,5.6,1.008,7.7,1.14229,0.00063,1.141862,1.142715
2025-08-01 04:15:00,2025-08-01 04:40:00,SELL,1.14257,1.14127,1.14322,1.14127,0.00043,WIN,TP,13.0,1.8,11.2,10.46,12.96,1.722,56.97,-0.000537,2.1,0.324,15.9,1.14257,0.00052,1.142116,1.142653
2025-08-01 05:30:00,2025-08-01 06:05:00,SELL,1.14137,1.14204,1.14204,1.14004,0.00044,LOSS,SL,-6.7,1.8,-8.5,-9.16,-6.66,-1.27,45.9,-0.000713,8.0,1.201,8.2,1.14137,0.00038,1.141761,1.142475
2025-08-01 06:10:00,2025-08-01 08:35:00,SELL,1.14175,1.1424,1.1424,1.14045,0.00043,LOSS,SL,-6.5,2.0,-8.5,-9.21,-6.51,-1.307,56.38,-0.00079,8.0,1.23,4.7,1.14175,0.00068,1.141576,1.142367
2025-08-01 09:50:00,2025-08-01 10:20:00,BUY,1.14286,1.14233,1.14233,1.14392,0.00035,LOSS,SL,-5.3,1.8,-7.1,-7.78,-5.28,-1.341,53.42,2.4e-05,7.0,1.325,5.0,1.14285,0.00042,1.142377,1.142353
2025-08-01 10:25:00,2025-08-01 10:50:00,BUY,1.14232,1.14171,1.14171,1.14355,0.00041,LOSS,SL,-6.1,1.8,-7.9,-8.64,-6.14,-1.293,42.16,7.3e-05,11.1,1.809,6.7,1.14232,0.00042,1.142447,1.142375
2025-08-01 11:30:00,2025-08-01 11:45:00,SELL,1.14193,1.14071,1.14254,1.14071,0.00041,WIN,TP,12.2,1.8,10.4,9.7,12.2,1.705,46.72,-0.000112,0.4,0.066,14.3,1.14195,0.00022,1.1422,1.142312
2025-08-01 13:05:00,2025-08-01 13:30:00,SELL,1.14066,1.14135,1.14135,1.13928,0.00046,LOSS,SL,-6.9,1.8,-8.7,-9.42,-6.92,-1.26,48.03,-0.000731,10.1,1.46,2.8,1.14067,0.00077,1.141272,1.142003
2025-08-01 13:35:00,2025-08-01 15:00:00,SELL,1.14155,1.14016,1.14224,1.14016,0.00046,WIN,TP,13.9,1.8,12.1,11.38,13.88,1.741,58.67,-0.000745,6.4,0.922,14.1,1.14156,0.00105,1.141194,1.141939
2025-08-01 18:05:00,2025-08-01 20:00:00,BUY,1.15515,1.15322,1.15322,1.15901,0.00129,LOSS,SL,-19.3,1.8,-21.1,-21.82,-19.32,-1.093,54.54,0.006111,21.8,1.128,13.1,1.15516,0.00062,1.151548,1.145437
2025-08-01 20:25:00,2025-08-01 20:35:00,BUY,1.15317,1.15199,1.15199,1.15553,0.00079,LOSS,SL,-11.8,1.8,-13.6,-14.29,-11.79,-1.153,40.87,0.005764,15.6,1.323,1.7,1.15317,0.001,1.153416,1.147651
2025-08-01 20:55:00,2025-08-01 21:35:00,BUY,1.15262,1.15471,1.15158,1.15471,0.0007,WIN,TP,20.9,1.9,19.0,18.25,20.85,1.818,41.04,0.005254,5.1,0.489,21.2,1.15262,0.00065,1.153176,1.147921
2025-08-01 21:55:00,2025-08-01 22:00:00,BUY,1.15343,1.15242,1.15242,1.15544,0.00067,LOSS,SL,-10.1,1.9,-12.0,-12.65,-10.05,-1.189,48.53,0.004773,11.0,1.094,0.4,1.15344,0.00074,1.153326,1.148553
2025-08-01 22:05:00,2025-08-01 22:30:00,BUY,1.15312,1.15519,1.15208,1.15519,0.00069,WIN,TP,20.7,1.8,18.9,18.21,20.71,1.826,46.66,0.00465,0.2,0.019,34.9,1.15312,0.0009,1.153288,1.148637
2025-08-04 01:15:00,2025-08-04 03:10:00,BUY,1.15842,1.15765,1.15765,1.15997,0.00052,LOSS,SL,-7.7,2.7,-10.4,-11.13,-7.73,-1.349,50.37,0.005703,11.7,1.513,5.9,1.15844,0.00057,1.157348,1.151645
2025-08-04 04:40:00,2025-08-04 05:15:00,BUY,1.15588,1.15757,1.15504,1.15757,0.00056,WIN,TP,16.9,1.2,15.7,14.97,16.87,1.858,42.22,0.003388,0.6,0.071,18.1,1.1559,0.00045,1.15689,1.153502
2025-08-04 05:50:00,2025-08-04 09:25:00,BUY,1.15728,1.15655,1.15655,1.15874,0.00049,LOSS,SL,-7.3,1.2,-8.5,-9.22,-7.32,-1.164,54.18,0.00307,9.8,1.338,13.2,1.15728,0.00046,1.157063,1.153993
2025-08-04 09:35:00,2025-08-04 10:15:00,BUY,1.15703,1.15621,1.15621,1.15866,0.00054,LOSS,SL,-8.2,1.1,-9.3,-9.96,-8.16,-1.135,45.69,0.002145,10.1,1.237,8.4,1.15707,0.00051,1.157479,1.155334
2025-08-04 10:55:00,2025-08-04 11:30:00,BUY,1.15646,1.15554,1.15554,1.1583,0.00061,LOSS,SL,-9.2,1.1,-10.3,-10.98,-9.18,-1.12,47.69,0.001456,10.8,1.177,1.8,1.15644,0.00099,1.156956,1.1555
2025-08-04 11:35:00,2025-08-04 12:35:00,BUY,1.15555,1.1574,1.15462,1.1574,0.00062,WIN,TP,18.5,1.1,17.4,16.73,18.53,1.881,40.26,0.001148,6.0,0.648,22.0,1.15553,0.00078,1.156683,1.155536
2025-08-04 12:50:00,2025-08-04 13:00:00,BUY,1.15696,1.1561,1.1561,1.15867,0.00057,LOSS,SL,-8.6,1.1,-9.7,-10.37,-8.57,-1.128,54.57,0.000977,8.7,1.016,0.0,1.15697,0.00044,1.15665,1.155673
2025-08-04 13:05:00,2025-08-04 14:00:00,BUY,1.1563,1.15795,1.15547,1.15795,0.00055,WIN,TP,16.5,1.1,15.4,14.73,16.53,1.867,47.06,0.000932,8.2,0.992,16.9,1.15632,0.00051,1.156629,1.155697
2025-08-04 14:35:00,2025-08-04 15:00:00,BUY,1.15726,1.15639,1.15639,1.159,0.00058,LOSS,SL,-8.7,1.0,-9.7,-10.4,-8.7,-1.115,52.75,0.000955,11.5,1.322,1.8,1.15727,0.00082,1.156858,1.155904
2025-08-04 15:05:00,2025-08-04 15:20:00,BUY,1.15621,1.15795,1.15534,1.15795,0.00058,WIN,TP,17.4,1.0,16.4,15.71,17.41,1.885,41.23,0.00088,1.8,0.207,20.3,1.15621,0.00083,1.156833,1.155953
2025-08-04 15:55:00,2025-08-04 17:50:00,BUY,1.15728,1.15625,1.15625,1.15934,0.00069,LOSS,SL,-10.3,1.0,-11.3,-12.0,-10.3,-1.097,48.88,0.001025,13.5,1.311,15.6,1.15728,0.00119,1.157149,1.156124
2025-08-04 18:10:00,2025-08-04 19:15:00,BUY,1.15717,1.15596,1.15596,1.15959,0.00081,LOSS,SL,-12.1,1.0,-13.1,-13.8,-12.1,-1.083,47.17,0.000952,13.7,1.133,5.1,1.15718,0.00107,1.157453,1.156501
2025-08-04 19:30:00,2025-08-05 02:10:00,BUY,1.15646,1.15843,1.15547,1.15843,0.00066,WIN,TP,19.7,1.2,18.5,17.84,19.74,1.878,45.18,0.00054,4.1,0.415,20.8,1.15646,0.00062,1.157068,1.156528
2025-08-05 03:20:00,2025-08-05 03:25:00,BUY,1.1583,1.15791,1.15791,1.15909,0.00026,LOSS,SL,-3.9,1.2,-5.1,-5.83,-3.93,-1.305,54.99,0.000726,4.5,1.144,0.2,1.1583,0.0004,1.157812,1.157087
2025-08-05 03:30:00,2025-08-05 03:40:00,BUY,1.15788,1.15748,1.15748,1.15867,0.00026,LOSS,SL,-4.0,1.2,-5.2,-5.87,-3.97,-1.302,44.02,0.000721,4.6,1.158,0.8,1.15787,0.00025,1.157826,1.157105
2025-08-05 04:45:00,2025-08-05 05:00:00,BUY,1.15691,1.15634,1.15634,1.15805,0.00038,LOSS,SL,-5.7,1.2,-6.9,-7.59,-5.69,-1.211,42.28,0.000328,12.3,2.162,4.7,1.15688,0.00032,1.157411,1.157083
2025-08-05 06:45:00,2025-08-05 08:30:00,SELL,1.15607,1.15501,1.1566,1.15501,0.00035,WIN,TP,10.6,1.2,9.4,8.73,10.63,1.774,48.36,-0.00033,0.8,0.15,11.5,1.15609,0.00041,1.156523,1.156854
2025-08-05 09:25:00,2025-08-05 10:25:00,SELL,1.15562,1.1562,1.1562,1.15447,0.00038,LOSS,SL,-5.8,1.2,-7.0,-7.67,-5.77,-1.208,56.38,-0.000807,6.3,1.093,10.7,1.15561,0.00054,1.155644,1.156451
2025-08-05 10:35:00,2025-08-05 10:50:00,SELL,1.15563,1.15434,1.15628,1.15434,0.00043,WIN,TP,12.9,1.1,11.8,11.12,12.92,1.83,54.18,-0.000761,2.0,0.31,23.2,1.15563,0.00049,1.155553,1.156314
2025-08-05 11:10:00,2025-08-05 11:55:00,SELL,1.15489,1.15318,1.15574,1.15318,0.00057,WIN,TP,17.1,1.1,16.0,15.29,17.09,1.871,46.9,-0.000847,0.0,0.0,17.7,1.15489,0.00069,1.155365,1.156212
2025-08-05 12:15:00,2025-08-05 12:50:00,SELL,1.15379,1.15462,1.15462,1.15212,0.00056,LOSS,SL,-8.3,1.1,-9.4,-10.14,-8.34,-1.132,45.14,-0.001215,8.7,1.043,0.7,1.1538,0.00062,1.154697,1.155912
2025-08-05 12:55:00,2025-08-05 14:35:00,SELL,1.15444,1.15299,1.15516,1.15299,0.00048,WIN,TP,14.5,1.1,13.4,12.66,14.46,1.848,52.56,-0.001211,3.9,0.54,16.8,1.15444,0.00034,1.154571,1.155783
2025-08-05 14:50:00,2025-08-05 15:05:00,SELL,1.15361,1.1544,1.1544,1.15203,0.00053,LOSS,SL,-7.9,1.0,-8.9,-9.6,-7.9,-1.127,45.58,-0.0012,12.6,1.595,3.0,1.1536,0.00045,1.154219,1.15542
2025-08-05 15:10:00,2025-08-05 16:35:00,SELL,1.15456,1.15542,1.15542,1.15284,0.00057,LOSS,SL,-8.6,1.0,-9.6,-10.29,-8.59,-1.116,56.29,-0.001175,9.0,1.048,15.5,1.15456,0.00092,1.154188,1.155364
2025-08-05 16:50:00,2025-08-05 17:00:00,SELL,1.15459,1.15557,1.15557,1.15262,0.00066,LOSS,SL,-9.8,1.0,-10.8,-11.53,-9.83,-1.102,54.12,-0.000919,12.5,1.272,13.5,1.1546,0.00056,1.154229,1.155148
2025-08-05 17:05:00,2025-08-05 17:40:00,SELL,1.15425,1.15545,1.15545,1.15184,0.0008,LOSS,SL,-12.0,1.0,-13.0,-13.75,-12.05,-1.083,50.71,-0.000924,16.8,1.394,8.8,1.15426,0.00209,1.154186,1.15511
2025-08-05 20:50:00,2025-08-05 21:45:00,BUY,1.15769,1.15705,1.15705,1.15897,0.00043,LOSS,SL,-6.4,1.2,-7.6,-8.28,-6.38,-1.188,47.9,0.001192,6.7,1.051,2.6,1.15768,0.00057,1.157125,1.155933
2025-08-05 21:55:00,2025-08-05 22:05:00,BUY,1.15731,1.15679,1.15679,1.15835,0.00035,LOSS,SL,-5.2,1.2,-6.4,-7.08,-5.18,-1.231,41.87,0.001165,7.0,1.35,1.3,1.15731,0.00023,1.157296,1.156131
2025-08-05 22:45:00,2025-08-06 02:50:00,BUY,1.15714,1.15807,1.15667,1.15807,0.00031,WIN,TP,9.3,1.2,8.1,7.41,9.31,1.742,46.02,0.000981,1.6,0.344,9.7,1.15715,0.00031,1.157194,1.156213
2025-08-06 03:15:00,2025-08-06 03:30:00,BUY,1.15779,1.15736,1.15736,1.15864,0.00028,LOSS,SL,-4.3,1.2,-5.5,-6.16,-4.26,-1.282,52.67,0.000796,4.5,1.057,2.0,1.15779,0.00054,1.157533,1.156737
2025-08-06 03:35:00,2025-08-06 04:00:00,BUY,1.15745,1.15702,1.15702,1.15831,0.00029,LOSS,SL,-4.3,1.2,-5.5,-6.22,-4.32,-1.278,44.69,0.000771,4.9,1.133,3.0,1.15745,0.0003,1.157542,1.156771
2025-08-06 04:40:00,2025-08-06 05:00:00,BUY,1.15689,1.15647,1.15647,1.15773,0.00028,LOSS,SL,-4.2,1.2,-5.4,-6.12,-4.22,-1.284,42.07,0.000524,4.9,1.16,2.4,1.15692,0.00034,1.15733,1.156805
2025-08-06 05:20:00,2025-08-06 06:20:00,BUY,1.15684,1.15771,1.15641,1.15771,0.00029,WIN,TP,8.7,1.2,7.5,6.79,8.69,1.724,44.57,0.000373,2.3,0.53,10.3,1.15683,0.00025,1.157176,1.156803
2025-08-06 08:10:00,2025-08-06 09:30:00,BUY,1.1578,1.15866,1.15737,1.15866,0.00029,WIN,TP,8.6,1.2,7.4,6.7,8.6,1.721,48.33,0.000616,3.7,0.861,9.4,1.15784,0.00048,1.157683,1.157068
2025-08-06 09:45:00,2025-08-06 09:55:00,BUY,1.1583,1.15775,1.15775,1.15939,0.00036,LOSS,SL,-5.5,1.1,-6.6,-7.26,-5.46,-1.202,54.56,0.000668,5.5,1.008,0.6,1.15828,0.0003,1.157907,1.15724
2025-08-06 10:00:00,2025-08-06 10:15:00,BUY,1.15781,1.15728,1.15728,1.15887,0.00035,LOSS,SL,-5.3,1.1,-6.4,-7.11,-5.31,-1.207,44.42,0.000654,7.0,1.319,1.7,1.15784,0.00032,1.157915,1.157261
2025-08-06 10:40:00,2025-08-06 11:25:00,BUY,1.15771,1.15718,1.15718,1.15877,0.00035,LOSS,SL,-5.3,1.1,-6.4,-7.1,-5.3,-1.207,46.17,0.00053,5.5,1.037,6.6,1.15768,0.00039,1.157813,1.157284
2025-08-06 11:40:00,2025-08-06 12:50:00,BUY,1.15742,1.15871,1.15678,1.15871,0.00043,WIN,TP,12.9,1.1,11.8,11.05,12.85,1.829,43.27,0.000444,1.8,0.28,13.2,1.15743,0.00045,1.157781,1.157337
2025-08-06 15:00:00,2025-08-06 15:45:00,BUY,1.16039,1.16182,1.15968,1.16182,0.00048,WIN,TP,14.3,1.0,13.3,12.57,14.27,1.86,53.83,0.001432,3.6,0.505,16.1,1.16039,0.00039,1.159509,1.158076
2025-08-06 17:10:00,2025-08-06 18:15:00,BUY,1.16224,1.16418,1.16127,1.16418,0.00065,WIN,TP,19.4,1.8,17.6,16.92,19.42,1.815,52.96,0.002227,0.0,0.0,21.4,1.16223,0.00076,1.161185,1.158959
2025-08-06 18:40:00,2025-08-06 18:40:00,BUY,1.16334,1.16231,1.16231,1.16541,0.00069,LOSS,SL,-10.3,1.8,-12.1,-12.85,-10.35,-1.174,53.28,0.00263,11.3,1.092,2.1,1.16334,0.00096,1.162306,1.159677
2025-08-06 18:45:00,2025-08-06 21:05:00,BUY,1.1635,1.16556,1.16247,1.16556,0.00069,WIN,TP,20.6,1.8,18.8,18.11,20.61,1.825,54.84,0.002638,4.8,0.466,22.4,1.1635,0.00134,1.162353,1.159715
2025-08-06 22:50:00,2025-08-06 23:35:00,BUY,1.16565,1.1652,1.1652,1.16656,0.0003,LOSS,SL,-4.5,1.8,-6.3,-7.04,-4.54,-1.397,48.67,0.003238,6.7,1.477,2.1,1.16565,0.0004,1.165082,1.161843
2025-08-06 23:40:00,2025-08-07 00:25:00,BUY,1.16567,1.16518,1.16518,1.16665,0.00033,LOSS,SL,-4.9,1.8,-6.7,-7.4,-4.9,-1.367,51.43,0.003035,4.9,1.0,2.9,1.16567,0.00086,1.165229,1.162194
2025-08-07 00:30:00,2025-08-07 01:00:00,BUY,1.16526,1.16618,1.1648,1.16618,0.00031,WIN,TP,9.2,4.6,4.6,3.9,9.2,1.0,43.37,0.002807,1.8,0.391,11.5,1.16526,0.0002,1.165315,1.162508
2025-08-07 02:05:00,2025-08-07 03:00:00,BUY,1.16612,1.16571,1.16571,1.16694,0.00027,LOSS,SL,-4.1,2.2,-6.3,-6.99,-4.09,-1.538,51.85,0.002579,5.1,1.247,2.2,1.166,0.0003,1.165685,1.163107
2025-08-07 03:05:00,2025-08-07 03:30:00,BUY,1.1657,1.16529,1.16529,1.16652,0.00027,LOSS,SL,-4.1,1.8,-5.9,-6.6,-4.1,-1.439,41.7,0.002398,5.5,1.341,1.4,1.16569,0.00073,1.165844,1.163445
2025-08-07 03:50:00,2025-08-07 04:50:00,BUY,1.16531,1.16615,1.16489,1.16615,0.00028,WIN,TP,8.4,1.9,6.5,5.75,8.35,1.545,40.98,0.002091,4.1,0.982,9.2,1.16531,0.00016,1.165704,1.163613
2025-08-07 05:00:00,2025-08-07 07:00:00,BUY,1.16572,1.16669,1.16523,1.16669,0.00032,WIN,TP,9.7,1.9,7.8,7.14,9.74,1.61,54.01,0.001731,4.5,0.924,10.4,1.16572,0.00033,1.165574,1.163843
2025-08-07 08:20:00,2025-08-07 09:30:00,BUY,1.1669,1.1677,1.1665,1.1677,0.00027,WIN,TP,8.0,2.0,6.0,5.25,7.95,1.497,54.66,0.001699,1.4,0.352,8.0,1.1669,0.0002,1.166384,1.164686
2025-08-07 09:45:00,2025-08-07 10:35:00,BUY,1.1673,1.16829,1.1668,1.16829,0.00033,WIN,TP,9.9,1.8,8.1,7.41,9.91,1.637,54.62,0.001724,0.3,0.061,12.7,1.1673,0.00029,1.166806,1.165082
2025-08-07 11:15:00,2025-08-07 12:35:00,BUY,1.16835,1.16746,1.16746,1.17013,0.00059,LOSS,SL,-8.9,1.8,-10.7,-11.38,-8.88,-1.203,54.27,0.001956,10.4,1.172,4.0,1.16835,0.00106,1.167546,1.16559
2025-08-07 12:40:00,2025-08-07 13:00:00,BUY,1.16761,1.16696,1.16696,1.16892,0.00044,LOSS,SL,-6.5,1.8,-8.3,-9.03,-6.53,-1.276,42.98,0.001798,8.7,1.333,2.8,1.16762,0.00036,1.167767,1.165969
2025-08-07 13:50:00,2025-08-07 14:00:00,BUY,1.16681,1.16624,1.16624,1.16794,0.00038,LOSS,SL,-5.7,1.8,-7.5,-8.16,-5.66,-1.318,42.36,0.001251,6.1,1.078,8.2,1.16681,0.00032,1.167327,1.166075
2025-08-07 15:20:00,2025-08-07 16:20:00,BUY,1.16497,1.16409,1.16409,1.16673,0.00059,LOSS,SL,-8.8,1.8,-10.6,-11.31,-8.81,-1.204,44.1,0.000169,12.3,1.397,12.1,1.16497,0.00107,1.166065,1.165896
2025-08-07 16:30:00,2025-08-07 17:05:00,SELL,1.16535,1.16296,1.16654,1.16296,0.0008,WIN,TP,23.9,1.8,22.1,21.36,23.86,1.849,51.52,-0.000151,4.5,0.377,29.8,1.16535,0.00117,1.165641,1.165792
2025-08-07 18:15:00,2025-08-07 18:35:00,SELL,1.16261,1.16383,1.16383,1.16018,0.00081,LOSS,SL,-12.2,1.8,-14.0,-14.66,-12.16,-1.148,45.58,-0.001229,12.7,1.045,0.0,1.16261,0.00097,1.164032,1.165261
2025-08-07 18:40:00,2025-08-07 22:35:00,SELL,1.16373,1.16477,1.16477,1.16165,0.00069,LOSS,SL,-10.4,1.8,-12.2,-12.88,-10.38,-1.173,54.84,-0.001265,10.4,1.002,18.4,1.16372,0.00047,1.1639,1.165165
2025-08-08 00:05:00,2025-08-08 01:00:00,SELL,1.16622,1.16697,1.16697,1.16471,0.0005,LOSS,SL,-7.5,5.4,-12.9,-13.64,-7.54,-1.716,58.29,-3.3e-05,8.6,1.141,4.4,1.16598,9e-05,1.164683,1.164716
2025-08-08 03:20:00,2025-08-08 03:25:00,BUY,1.16734,1.16694,1.16694,1.16814,0.00027,LOSS,SL,-4.0,1.9,-5.9,-6.59,-3.99,-1.476,54.54,0.001198,5.2,1.302,0.1,1.16734,0.00016,1.166666,1.165467
2025-08-08 03:30:00,2025-08-08 04:05:00,BUY,1.16695,1.16652,1.16652,1.16781,0.00029,LOSS,SL,-4.3,2.0,-6.3,-7.02,-4.32,-1.463,42.32,0.001198,7.3,1.689,3.8,1.16695,0.0004,1.166698,1.165499
2025-08-08 05:10:00,2025-08-08 06:05:00,BUY,1.16603,1.16549,1.16549,1.16711,0.00036,LOSS,SL,-5.4,1.8,-7.2,-7.88,-5.38,-1.334,41.33,0.000792,5.8,1.077,4.1,1.16603,0.00033,1.166437,1.165645
2025-08-08 06:15:00,2025-08-08 08:10:00,BUY,1.16589,1.16542,1.16542,1.16683,0.00031,LOSS,SL,-4.7,1.9,-6.6,-7.32,-4.72,-1.402,43.07,0.000581,6.2,1.313,4.0,1.16589,0.0002,1.166275,1.165694
2025-08-08 09:20:00,2025-08-08 10:00:00,SELL,1.16478,1.16525,1.16525,1.16384,0.00031,LOSS,SL,-4.7,2.0,-6.7,-7.42,-4.72,-1.423,46.06,-0.000203,6.5,1.376,3.6,1.16479,0.00033,1.165364,1.165568
2025-08-08 10:10:00,2025-08-08 10:30:00,SELL,1.16532,1.16586,1.16586,1.16423,0.00036,LOSS,SL,-5.4,1.8,-7.2,-7.94,-5.44,-1.331,59.36,-0.000288,7.1,1.305,5.0,1.16532,0.0005,1.165215,1.165504
2025-08-08 10:50:00,2025-08-08 11:10:00,SELL,1.1656,1.1662,1.1662,1.16441,0.0004,LOSS,SL,-6.0,1.8,-7.8,-8.47,-5.97,-1.301,56.71,-0.000178,6.3,1.055,1.2,1.16561,0.00051,1.165336,1.165514
2025-08-08 11:20:00,2025-08-08 11:30:00,SELL,1.16582,1.1647,1.16638,1.1647,0.00037,WIN,TP,11.2,1.8,9.4,8.71,11.21,1.679,56.84,-7.5e-05,1.1,0.196,11.3,1.16582,0.00034,1.165463,1.165538
2025-08-08 12:55:00,2025-08-08 13:40:00,SELL,1.16412,1.16289,1.16474,1.16289,0.00041,WIN,TP,12.3,1.8,10.5,9.83,12.33,1.708,47.66,-0.000631,5.8,0.941,13.0,1.16412,0.00031,1.164639,1.165269
2025-08-08 13:55:00,2025-08-08 14:10:00,SELL,1.16359,1.16419,1.16419,1.16239,0.0004,LOSS,SL,-6.0,1.8,-7.8,-8.49,-5.99,-1.301,45.14,-0.000829,6.2,1.036,2.3,1.16359,0.00051,1.164262,1.165091
2025-08-08 14:15:00,2025-08-08 14:40:00,SELL,1.16418,1.16477,1.16477,1.163,0.00039,LOSS,SL,-5.9,2.1,-8.0,-8.7,-5.9,-1.356,55.4,-0.000837,6.9,1.17,2.3,1.16418,0.00027,1.164206,1.165043
2025-08-08 14:50:00,2025-08-08 15:30:00,SELL,1.16463,1.16521,1.16521,1.16347,0.00039,LOSS,SL,-5.8,1.8,-7.6,-8.3,-5.8,-1.31,59.16,-0.000735,6.8,1.172,5.1,1.16463,0.00023,1.164268,1.165003
2025-08-08 15:35:00,2025-08-08 16:15:00,SELL,1.16475,1.16539,1.16539,1.16347,0.00043,LOSS,SL,-6.4,1.8,-8.2,-8.92,-6.42,-1.281,57.6,-0.000607,7.0,1.091,10.3,1.16475,0.00062,1.164358,1.164965
2025-08-08 16:20:00,2025-08-08 17:05:00,SELL,1.16513,1.16582,1.16582,1.16375,0.00046,LOSS,SL,-6.9,1.8,-8.7,-9.38,-6.88,-1.262,59.76,-0.000488,7.7,1.119,5.3,1.16513,0.00034,1.16445,1.164938
2025-08-08 17:30:00,2025-08-08 18:15:00,SELL,1.1654,1.16617,1.16617,1.16386,0.00051,LOSS,SL,-7.7,1.8,-9.5,-10.21,-7.71,-1.234,54.94,-0.000158,10.9,1.414,5.3,1.16542,0.00093,1.164825,1.164983
2025-08-08 18:45:00,2025-08-08 19:10:00,BUY,1.16602,1.16532,1.16532,1.16743,0.00047,LOSS,SL,-7.0,1.8,-8.8,-9.54,-7.04,-1.256,54.64,0.00023,8.3,1.179,3.1,1.16602,0.00067,1.165345,1.165115
2025-08-08 19:15:00,2025-08-08 22:20:00,BUY,1.16536,1.16467,1.16467,1.16675,0.00046,LOSS,SL,-6.9,1.8,-8.7,-9.45,-6.95,-1.259,43.83,0.000297,9.4,1.353,12.6,1.16536,0.00064,1.165457,1.16516
2025-08-11 00:05:00,2025-08-11 00:05:00,SELL,1.16436,1.1649,1.1649,1.16328,0.00036,LOSS,SL,-5.4,4.0,-9.4,-10.1,-5.4,-1.74,48.68,-0.000338,7.1,1.314,1.6,1.16436,0.0,1.164752,1.165091
2025-08-11 00:10:00,2025-08-11 04:45:00,SELL,1.16494,1.16553,1.16553,1.16377,0.00039,LOSS,SL,-5.9,3.3,-9.2,-9.85,-5.85,-1.564,58.8,-0.00033,6.0,1.025,8.9,1.16494,0.00087,1.16476,1.165089
2025-08-11 08:05:00,2025-08-11 09:45:00,BUY,1.16683,1.16649,1.16649,1.16752,0.00023,LOSS,SL,-3.4,1.8,-5.2,-5.93,-3.43,-1.524,45.05,0.000978,3.8,1.107,5.1,1.16682,0.00039,1.166548,1.16557
2025-08-11 11:25:00,2025-08-11 12:10:00,BUY,1.16535,1.16484,1.16484,1.16638,0.00034,LOSS,SL,-5.1,1.9,-7.0,-7.75,-5.15,-1.369,44.63,0.000208,5.8,1.127,6.4,1.16535,0.00043,1.165935,1.165728
2025-08-11 13:20:00,2025-08-11 14:25:00,SELL,1.16458,1.16357,1.16509,1.16357,0.00034,WIN,TP,10.1,1.8,8.3,7.61,10.11,1.644,46.18,-0.000357,1.4,0.277,14.1,1.16458,0.00029,1.165173,1.16553
2025-08-11 16:45:00,2025-08-11 17:00:00,SELL,1.16242,1.16103,1.16312,1.16103,0.00046,WIN,TP,13.9,1.8,12.1,11.41,13.91,1.741,50.96,-0.001608,2.9,0.417,19.6,1.16242,0.00078,1.162993,1.164601
2025-08-11 18:30:00,2025-08-11 19:20:00,SELL,1.16033,1.16108,1.16108,1.15883,0.0005,LOSS,SL,-7.5,1.8,-9.3,-10.01,-7.51,-1.24,49.12,-0.002467,8.1,1.078,5.3,1.16033,0.00082,1.161283,1.163749
2025-08-11 19:35:00,2025-08-11 20:55:00,SELL,1.16055,1.16112,1.16112,1.1594,0.00038,LOSS,SL,-5.7,2.0,-7.7,-8.45,-5.75,-1.348,49.5,-0.002339,6.3,1.096,7.4,1.16055,0.00051,1.161031,1.16337
2025-08-11 21:05:00,2025-08-11 21:30:00,SELL,1.16088,1.16136,1.16136,1.15991,0.00032,LOSS,SL,-4.8,2.0,-6.8,-7.55,-4.85,-1.412,55.94,-0.002088,4.9,1.011,2.2,1.16088,0.00032,1.160826,1.162914
2025-08-11 21:35:00,2025-08-11 22:30:00,SELL,1.16119,1.16027,1.16165,1.16027,0.00031,WIN,TP,9.2,2.0,7.2,6.45,9.15,1.563,58.52,-0.00193,1.3,0.284,9.4,1.16117,0.00024,1.160876,1.162806
2025-08-11 23:10:00,2025-08-11 23:15:00,SELL,1.16061,1.161,1.161,1.15983,0.00026,LOSS,SL,-3.9,2.0,-5.9,-6.58,-3.88,-1.515,47.9,-0.001669,3.9,1.005,0.0,1.16061,0.00022,1.160778,1.162447
2025-08-11 23:20:00,2025-08-11 23:25:00,SELL,1.16099,1.16138,1.16138,1.16021,0.00026,LOSS,SL,-3.9,1.9,-5.8,-6.52,-3.92,-1.484,57.31,-0.001627,7.1,1.809,0.7,1.16099,0.00015,1.160791,1.162418
2025-08-12 00:00:00,2025-08-12 00:00:00,SELL,1.16068,1.16116,1.16116,1.15972,0.00032,LOSS,SL,-4.8,6.8,-11.6,-12.31,-4.81,-2.414,58.45,-0.001332,5.3,1.102,0.1,1.16149,0.00042,1.161026,1.162358
2025-08-12 00:05:00,2025-08-12 01:00:00,SELL,1.16121,1.16166,1.16166,1.1603,0.0003,LOSS,SL,-4.5,6.1,-10.6,-11.35,-4.55,-2.341,51.52,-0.001313,6.1,1.341,2.1,1.16121,0.00054,1.161034,1.162347
2025-08-12 01:10:00,2025-08-12 03:00:00,SELL,1.16151,1.16188,1.16188,1.16076,0.00025,LOSS,SL,-3.7,1.9,-5.6,-6.33,-3.73,-1.509,58.28,-0.00108,4.3,1.153,5.3,1.16151,0.00018,1.161137,1.162216
2025-08-12 03:10:00,2025-08-12 03:35:00,SELL,1.1615,1.16181,1.16181,1.16088,0.00021,LOSS,SL,-3.1,1.9,-5.0,-5.7,-3.1,-1.612,54.67,-0.000732,3.5,1.127,3.6,1.16151,0.00044,1.161307,1.162039
2025-08-12 03:45:00,2025-08-12 04:35:00,SELL,1.16173,1.16209,1.16209,1.161,0.00024,LOSS,SL,-3.6,1.9,-5.5,-6.23,-3.63,-1.523,58.89,-0.000637,5.5,1.515,3.4,1.16172,0.00016,1.161369,1.162006
2025-08-12 04:50:00,2025-08-12 07:50:00,SELL,1.16205,1.16249,1.16249,1.16117,0.00029,LOSS,SL,-4.4,1.9,-6.3,-6.98,-4.38,-1.434,58.3,-0.000428,6.0,1.371,5.4,1.16205,0.00039,1.161553,1.161981
2025-08-12 08:20:00,2025-08-12 08:45:00,BUY,1.1619,1.16148,1.16148,1.16275,0.00028,LOSS,SL,-4.2,1.8,-6.0,-6.74,-4.24,-1.425,42.57,1.7e-05,6.1,1.44,3.1,1.1619,0.00081,1.16205,1.162033
2025-08-12 09:45:00,2025-08-12 10:30:00,SELL,1.16157,1.16207,1.16207,1.16057,0.00033,LOSS,SL,-5.0,1.8,-6.8,-7.48,-4.98,-1.362,48.92,-0.000203,7.7,1.547,8.1,1.16158,0.00059,1.161739,1.161941
2025-08-12 10:35:00,2025-08-12 12:25:00,SELL,1.16183,1.16059,1.16245,1.16059,0.00041,WIN,TP,12.4,1.8,10.6,9.87,12.37,1.709,57.32,-0.000264,4.6,0.744,12.6,1.16182,0.00072,1.161624,1.161888
2025-08-12 13:05:00,2025-08-12 14:45:00,SELL,1.16098,1.1599,1.16152,1.1599,0.00036,WIN,TP,10.8,1.9,8.9,8.18,10.78,1.647,48.4,-0.00044,2.7,0.501,11.5,1.16098,0.00046,1.161292,1.161731
2025-08-12 15:00:00,2025-08-12 15:00:00,SELL,1.16047,1.16099,1.16099,1.15943,0.00035,LOSS,SL,-5.2,1.8,-7.0,-7.71,-5.21,-1.346,45.07,-0.000618,5.7,1.095,0.3,1.16046,0.00034,1.160901,1.161518
2025-08-12 15:05:00,2025-08-12 15:30:00,SELL,1.16093,1.16146,1.16146,1.15986,0.00036,LOSS,SL,-5.3,1.8,-7.1,-7.84,-5.34,-1.337,55.0,-0.000611,40.2,7.532,8.6,1.16093,0.0006,1.160902,1.161513
2025-08-12 16:25:00,2025-08-12 16:40:00,BUY,1.16244,1.16511,1.16111,1.16511,0.00089,WIN,TP,26.7,1.8,24.9,24.19,26.69,1.865,51.53,0.000149,7.5,0.562,35.4,1.16247,0.00101,1.161851,1.161702
2025-08-12 19:00:00,2025-08-13 10:05:00,BUY,1.16717,1.16984,1.16583,1.16984,0.00089,WIN,TP,26.7,1.8,24.9,24.23,26.73,1.865,54.96,0.002276,7.7,0.576,29.1,1.16717,0.00114,1.165153,1.162877
2025-08-13 13:25:00,2025-08-13 13:35:00,BUY,1.17224,1.17169,1.17169,1.17333,0.00036,LOSS,SL,-5.5,1.8,-7.3,-7.96,-5.46,-1.33,53.82,0.00262,6.1,1.117,1.0,1.17224,0.00042,1.171265,1.168645
2025-08-13 13:40:00,2025-08-13 14:05:00,BUY,1.17174,1.17119,1.17119,1.17284,0.00037,LOSS,SL,-5.5,1.8,-7.3,-7.98,-5.48,-1.328,45.07,0.0026,6.2,1.13,2.9,1.17174,0.00052,1.171344,1.168743
2025-08-13 14:30:00,2025-08-13 15:35:00,BUY,1.17122,1.17071,1.17071,1.17225,0.00034,LOSS,SL,-5.1,1.8,-6.9,-7.63,-5.13,-1.351,40.94,0.002355,5.2,1.014,8.9,1.17118,0.00023,1.17135,1.168995
2025-08-13 16:30:00,2025-08-13 17:20:00,BUY,1.17015,1.17152,1.16947,1.17152,0.00046,WIN,TP,13.7,1.8,11.9,11.16,13.66,1.736,41.95,0.001498,4.0,0.586,16.5,1.17012,0.00047,1.170853,1.169356
2025-08-13 18:05:00,2025-08-13 20:10:00,BUY,1.17135,1.17053,1.17053,1.17299,0.00055,LOSS,SL,-8.2,1.8,-10.0,-10.69,-8.19,-1.22,53.09,0.001385,8.5,1.038,8.7,1.17135,0.00062,1.171045,1.16966
2025-08-13 20:20:00,2025-08-13 21:10:00,BUY,1.17063,1.17008,1.17008,1.17174,0.00037,LOSS,SL,-5.5,1.9,-7.4,-8.13,-5.53,-1.343,41.32,0.001069,6.3,1.138,4.0,1.17063,0.00034,1.171086,1.170017
2025-08-13 21:55:00,2025-08-14 02:00:00,BUY,1.16992,1.17077,1.16949,1.17077,0.00028,WIN,TP,8.5,1.8,6.7,6.01,8.51,1.577,40.53,0.000533,3.1,0.728,9.0,1.16992,0.00023,1.170582,1.17005
2025-08-14 03:25:00,2025-08-14 05:15:00,BUY,1.17098,1.17071,1.17071,1.17153,0.00018,LOSS,SL,-2.7,2.1,-4.8,-5.53,-2.73,-1.77,54.97,0.000439,4.6,1.686,4.8,1.17098,0.00025,1.170728,1.170289
2025-08-14 05:45:00,2025-08-14 06:15:00,BUY,1.17039,1.17,1.17,1.17118,0.00026,LOSS,SL,-3.9,1.8,-5.7,-6.45,-3.95,-1.456,40.17,0.000402,4.8,1.215,0.8,1.17039,0.00015,1.170863,1.170462
2025-08-14 06:30:00,2025-08-14 08:25:00,BUY,1.1702,1.16984,1.16984,1.17092,0.00024,LOSS,SL,-3.6,1.8,-5.4,-6.1,-3.6,-1.5,41.76,0.000217,3.6,1.0,4.0,1.17019,0.00021,1.170653,1.170437
2025-08-14 08:45:00,2025-08-14 09:10:00,SELL,1.17012,1.17042,1.17042,1.16952,0.0002,LOSS,SL,-3.0,1.9,-4.9,-5.61,-3.01,-1.632,46.67,-2.5e-05,4.6,1.53,5.0,1.17013,0.00028,1.170367,1.170391
2025-08-14 09:15:00,2025-08-14 09:40:00,SELL,1.17054,1.16965,1.17099,1.16965,0.0003,WIN,TP,8.9,1.8,7.1,6.41,8.91,1.596,57.52,-6.6e-05,0.5,0.112,12.3,1.17054,0.00044,1.170308,1.170373
2025-08-14 11:30:00,2025-08-14 11:50:00,SELL,1.16838,1.16702,1.16906,1.16702,0.00045,WIN,TP,13.6,1.8,11.8,11.11,13.61,1.735,46.67,-0.000862,0.2,0.029,14.0,1.16838,0.00038,1.169098,1.16996
2025-08-14 12:10:00,2025-08-14 12:30:00,SELL,1.16789,1.16862,1.16862,1.16642,0.00049,LOSS,SL,-7.3,1.8,-9.1,-9.83,-7.33,-1.246,46.86,-0.001096,7.4,1.01,0.6,1.16789,0.00058,1.168682,1.169778
2025-08-14 12:35:00,2025-08-14 13:20:00,SELL,1.16844,1.16906,1.16906,1.1672,0.00041,LOSS,SL,-6.2,1.8,-8.0,-8.71,-6.21,-1.29,53.18,-0.001074,6.6,1.062,4.4,1.16844,0.00021,1.168639,1.169713
2025-08-14 13:45:00,2025-08-14 14:00:00,SELL,1.16901,1.16959,1.16959,1.16785,0.00039,LOSS,SL,-5.8,1.9,-7.7,-8.4,-5.8,-1.328,56.35,-0.000885,5.9,1.018,1.3,1.16901,0.00061,1.168699,1.169585
2025-08-14 14:05:00,2025-08-14 15:25:00,SELL,1.16922,1.16807,1.1698,1.16807,0.00038,WIN,TP,11.5,1.8,9.7,9.03,11.53,1.688,57.38,-0.000787,3.1,0.538,11.9,1.16922,0.00057,1.168786,1.169573
2025-08-14 17:20:00,2025-08-14 18:45:00,SELL,1.16604,1.16374,1.16719,1.16374,0.00077,WIN,TP,23.0,1.8,21.2,20.53,23.03,1.844,48.25,-0.001739,5.5,0.478,23.4,1.16604,0.00083,1.167002,1.168741
2025-08-14 20:10:00,2025-08-14 22:30:00,SELL,1.16419,1.16488,1.16488,1.16281,0.00046,LOSS,SL,-6.9,2.0,-8.9,-9.58,-6.88,-1.291,48.68,-0.002532,7.0,1.018,11.0,1.16418,0.00049,1.165003,1.167535
2025-08-14 22:55:00,2025-08-15 01:00:00,SELL,1.16467,1.16507,1.16507,1.16386,0.00027,LOSS,SL,-4.0,1.8,-5.8,-6.53,-4.03,-1.446,57.78,-0.00213,4.6,1.14,2.4,1.16467,0.00029,1.164447,1.166577
2025-08-15 01:30:00,2025-08-15 03:55:00,SELL,1.16496,1.16525,1.16525,1.16437,0.0002,LOSS,SL,-2.9,2.1,-5.0,-5.73,-2.93,-1.718,56.23,-0.001374,3.1,1.06,4.0,1.16496,0.00011,1.164737,1.166111
2025-08-15 04:00:00,2025-08-15 04:40:00,SELL,1.16519,1.16554,1.16554,1.16448,0.00024,LOSS,SL,-3.5,1.8,-5.3,-6.03,-3.53,-1.509,56.63,-0.000926,5.4,1.528,4.1,1.16516,0.00023,1.16488,1.165806
2025-08-15 05:00:00,2025-08-15 05:05:00,SELL,1.16524,1.16565,1.16565,1.16442,0.00027,LOSS,SL,-4.1,2.2,-6.3,-6.99,-4.09,-1.538,52.02,-0.000705,4.2,1.026,1.2,1.16524,0.00041,1.165042,1.165747
2025-08-15 05:10:00,2025-08-15 06:15:00,SELL,1.16556,1.16596,1.16596,1.16476,0.00027,LOSS,SL,-4.0,1.8,-5.8,-6.52,-4.02,-1.447,59.27,-0.000664,4.3,1.069,6.6,1.16556,0.00027,1.165078,1.165743
2025-08-15 06:55:00,2025-08-15 08:25:00,SELL,1.16598,1.16633,1.16633,1.16529,0.00023,LOSS,SL,-3.5,2.0,-5.5,-6.15,-3.45,-1.58,58.81,-0.000258,3.8,1.101,1.4,1.16598,0.00039,1.165483,1.165741
2025-08-15 09:30:00,2025-08-15 10:00:00,BUY,1.16664,1.16748,1.16622,1.16748,0.00028,WIN,TP,8.4,1.8,6.6,5.85,8.35,1.569,54.45,0.000272,0.0,0.0,9.4,1.16663,0.00027,1.166184,1.165911
2025-08-15 11:40:00,2025-08-15 12:10:00,BUY,1.16776,1.16862,1.16733,1.16862,0.00029,WIN,TP,8.6,2.0,6.6,5.86,8.56,1.533,53.62,0.000889,1.5,0.35,9.1,1.16776,0.00019,1.167214,1.166325
2025-08-15 13:25:00,2025-08-15 15:30:00,BUY,1.16837,1.16792,1.16792,1.16928,0.0003,LOSS,SL,-4.5,2.0,-6.5,-7.25,-4.55,-1.44,49.57,0.001235,10.5,2.31,8.3,1.16837,0.00039,1.167976,1.166741
2025-08-15 15:55:00,2025-08-15 16:50:00,BUY,1.16866,1.17038,1.1678,1.17038,0.00057,WIN,TP,17.2,1.8,15.4,14.73,17.23,1.791,49.6,0.001249,5.3,0.615,20.9,1.16868,0.00077,1.168495,1.167246
2025-08-15 18:15:00,2025-08-18 04:20:00,BUY,1.17041,1.16957,1.16957,1.1721,0.00056,LOSS,SL,-8.4,1.9,-10.3,-11.04,-8.44,-1.225,49.74,0.001855,9.9,1.173,11.6,1.17041,0.0006,1.169859,1.168004
2025-08-18 04:50:00,2025-08-18 07:35:00,BUY,1.16992,1.17078,1.16949,1.17078,0.00029,WIN,TP,8.6,2.1,6.5,5.82,8.62,1.513,45.95,0.000534,2.3,0.533,9.1,1.16992,0.00043,1.170294,1.16976
2025-08-18 08:15:00,2025-08-18 08:30:00,BUY,1.17042,1.17007,1.17007,1.17112,0.00023,LOSS,SL,-3.5,1.8,-5.3,-5.99,-3.49,-1.516,48.63,0.000434,3.5,1.004,1.5,1.17042,0.00026,1.170384,1.16995
2025-08-18 08:35:00,2025-08-18 09:25:00,BUY,1.17017,1.16983,1.16983,1.17085,0.00023,LOSS,SL,-3.4,2.0,-5.4,-6.09,-3.39,-1.591,41.6,0.000411,6.3,1.861,5.6,1.17017,0.0003,1.170377,1.169965
2025-08-18 10:15:00,2025-08-18 10:45:00,BUY,1.17007,1.16955,1.16955,1.17111,0.00035,LOSS,SL,-5.2,1.8,-7.0,-7.7,-5.2,-1.346,52.14,0.000151,7.8,1.5,2.2,1.17007,0.00084,1.170116,1.169965
2025-08-18 10:50:00,2025-08-18 10:50:00,BUY,1.16929,1.16863,1.16863,1.1706,0.00044,LOSS,SL,-6.6,1.8,-8.4,-9.06,-6.56,-1.274,40.34,8.2e-05,9.6,1.463,0.5,1.16929,0.00075,1.170036,1.169954
2025-08-18 11:50:00,2025-08-18 14:55:00,SELL,1.16855,1.16722,1.16922,1.16722,0.00044,WIN,TP,13.3,1.8,11.5,10.84,13.34,1.73,46.22,-0.000454,2.3,0.345,14.3,1.16855,0.00057,1.169282,1.169736
2025-08-18 16:00:00,2025-08-18 17:05:00,SELL,1.1676,1.16824,1.16824,1.16633,0.00042,LOSS,SL,-6.4,1.9,-8.3,-8.96,-6.36,-1.299,49.01,-0.001044,7.9,1.241,7.0,1.16759,0.00057,1.167953,1.168996
2025-08-18 17:15:00,2025-08-18 17:45:00,SELL,1.16774,1.16641,1.1684,1.16641,0.00044,WIN,TP,13.3,1.8,11.5,10.76,13.26,1.728,52.86,-0.001033,3.4,0.513,17.5,1.16774,0.00061,1.167753,1.168785
2025-08-18 18:25:00,2025-08-19 04:20:00,SELL,1.16683,1.16545,1.16752,1.16545,0.00046,WIN,TP,13.8,1.8,12.0,11.33,13.83,1.74,46.11,-0.001182,6.4,0.926,17.7,1.16683,0.00041,1.167354,1.168536
2025-08-19 05:15:00,2025-08-19 07:50:00,SELL,1.16547,1.16603,1.16603,1.16435,0.00037,LOSS,SL,-5.6,1.8,-7.4,-8.1,-5.6,-1.322,49.61,-0.000994,6.5,1.161,4.8,1.16547,0.0005,1.165819,1.166813
2025-08-19 08:00:00,2025-08-19 08:05:00,SELL,1.16602,1.16642,1.16642,1.16523,0.00026,LOSS,SL,-4.0,1.8,-5.8,-6.47,-3.97,-1.453,58.36,-0.000782,4.4,1.108,0.0,1.16601,0.00018,1.16568,1.166462
2025-08-19 08:35:00,2025-08-19 08:50:00,SELL,1.16629,1.16557,1.16665,1.16557,0.00024,WIN,TP,7.2,2.0,5.2,4.48,7.18,1.443,59.58,-0.000618,1.1,0.306,7.9,1.16629,0.00025,1.165834,1.166451
2025-08-19 09:25:00,2025-08-19 09:30:00,SELL,1.16581,1.16628,1.16628,1.16488,0.00031,LOSS,SL,-4.7,1.8,-6.5,-7.16,-4.66,-1.386,49.4,-0.000584,5.6,1.201,1.0,1.1658,0.0004,1.165801,1.166385
2025-08-19 09:40:00,2025-08-19 09:45:00,SELL,1.16611,1.16661,1.16661,1.16512,0.00033,LOSS,SL,-5.0,1.8,-6.8,-7.46,-4.96,-1.363,55.83,-0.000541,10.6,2.137,0.0,1.16612,0.0003,1.165835,1.166376
2025-08-19 11:15:00,2025-08-19 13:20:00,BUY,1.1675,1.16869,1.16691,1.16869,0.0004,WIN,TP,11.9,1.8,10.1,9.36,11.86,1.696,54.42,0.000216,3.9,0.658,14.4,1.1675,0.00023,1.166806,1.16659
2025-08-19 14:25:00,2025-08-19 14:30:00,BUY,1.16852,1.168,1.168,1.16957,0.00035,LOSS,SL,-5.2,1.9,-7.1,-7.84,-5.24,-1.363,54.65,0.000877,5.6,1.069,0.5,1.16856,0.00036,1.167942,1.167065
2025-08-19 14:35:00,2025-08-19 15:30:00,BUY,1.16798,1.16747,1.16747,1.169,0.00034,LOSS,SL,-5.1,1.8,-6.9,-7.62,-5.12,-1.352,42.96,0.000869,7.3,1.426,7.6,1.16798,0.00025,1.167954,1.167085
2025-08-19 15:40:00,2025-08-19 16:10:00,BUY,1.16778,1.16717,1.16717,1.16901,0.00041,LOSS,SL,-6.1,1.8,-7.9,-8.64,-6.14,-1.293,42.03,0.000825,8.9,1.449,2.4,1.16776,0.00055,1.168046,1.167222
2025-08-19 16:30:00,2025-08-19 17:15:00,BUY,1.16736,1.16672,1.16672,1.16864,0.00043,LOSS,SL,-6.4,1.9,-8.3,-9.0,-6.4,-1.297,42.09,0.000597,7.5,1.173,3.6,1.16736,0.00033,1.167839,1.167242
2025-08-19 17:25:00,2025-08-19 17:45:00,BUY,1.1671,1.16644,1.16644,1.16843,0.00044,LOSS,SL,-6.6,2.0,-8.6,-9.35,-6.65,-1.301,44.71,0.000379,7.4,1.113,0.8,1.1671,0.00066,1.167621,1.167243
2025-08-19 17:50:00,2025-08-19 18:35:00,BUY,1.16682,1.16617,1.16617,1.16813,0.00044,LOSS,SL,-6.5,1.8,-8.3,-9.03,-6.53,-1.276,43.64,0.000236,7.5,1.149,6.6,1.16682,0.00046,1.167451,1.167215
2025-08-19 22:30:00,2025-08-20 03:00:00,SELL,1.1647,1.16391,1.16509,1.16391,0.00026,WIN,TP,7.9,2.0,5.9,5.16,7.86,1.491,45.12,-0.001086,3.8,0.967,9.9,1.16471,0.00032,1.165386,1.166472
2025-08-20 04:00:00,2025-08-20 04:25:00,SELL,1.16382,1.16299,1.16423,1.16299,0.00028,WIN,TP,8.3,1.9,6.4,5.67,8.27,1.541,48.08,-0.001244,3.5,0.846,11.2,1.16382,0.00033,1.164175,1.165419
2025-08-20 06:05:00,2025-08-20 07:10:00,SELL,1.16309,1.16361,1.16361,1.16204,0.00035,LOSS,SL,-5.2,2.0,-7.2,-7.93,-5.23,-1.383,53.64,-0.00155,6.7,1.282,2.5,1.16311,0.00063,1.163302,1.164853
2025-08-20 07:15:00,2025-08-20 09:00:00,SELL,1.16356,1.16402,1.16402,1.16264,0.00031,LOSS,SL,-4.6,1.8,-6.4,-7.08,-4.58,-1.393,57.88,-0.001325,6.2,1.354,4.1,1.16356,0.00031,1.163332,1.164657
2025-08-20 09:35:00,2025-08-20 10:05:00,SELL,1.16325,1.16387,1.16387,1.16201,0.00041,LOSS,SL,-6.2,2.0,-8.2,-8.88,-6.18,-1.324,50.02,-0.00102,8.7,1.408,2.2,1.16325,0.00067,1.163322,1.164343
2025-08-20 10:10:00,2025-08-20 10:20:00,SELL,1.16383,1.16443,1.16443,1.16263,0.0004,LOSS,SL,-6.0,1.9,-7.9,-8.6,-6.0,-1.317,57.99,-0.000909,7.5,1.25,1.8,1.16383,0.00041,1.163381,1.16429
2025-08-20 10:45:00,2025-08-20 11:00:00,SELL,1.16397,1.16455,1.16455,1.16281,0.00039,LOSS,SL,-5.8,1.8,-7.6,-8.32,-5.82,-1.309,54.61,-0.000692,6.4,1.099,3.2,1.16398,0.00043,1.163596,1.164288
2025-08-20 11:10:00,2025-08-20 11:40:00,SELL,1.16432,1.16318,1.16489,1.16318,0.00038,WIN,TP,11.4,1.9,9.5,8.8,11.4,1.667,57.28,-0.000579,1.9,0.333,12.0,1.1643,0.00024,1.163704,1.164283
2025-08-20 11:55:00,2025-08-20 12:35:00,SELL,1.16369,1.16429,1.16429,1.1625,0.0004,LOSS,SL,-6.0,1.9,-7.9,-8.55,-5.95,-1.319,47.01,-0.000513,7.4,1.243,2.4,1.16369,0.00057,1.163727,1.164241
2025-08-20 12:45:00,2025-08-20 13:10:00,SELL,1.16424,1.16477,1.16477,1.16317,0.00036,LOSS,SL,-5.3,1.8,-7.1,-7.85,-5.35,-1.337,58.75,-0.000402,9.7,1.814,0.8,1.16425,0.00025,1.163814,1.164215
2025-08-20 13:45:00,2025-08-20 15:15:00,SELL,1.16469,1.16524,1.16524,1.16359,0.00037,LOSS,SL,-5.5,1.8,-7.3,-8.01,-5.51,-1.327,53.96,-6.1e-05,6.7,1.215,7.1,1.1647,0.00065,1.164229,1.16429
2025-08-20 16:50:00,2025-08-20 17:00:00,BUY,1.16624,1.16548,1.16548,1.16777,0.00051,LOSS,SL,-7.6,1.8,-9.4,-10.15,-7.65,-1.235,54.27,0.000782,7.9,1.033,0.5,1.16625,0.00081,1.165466,1.164684
2025-08-20 17:05:00,2025-08-20 17:15:00,BUY,1.1662,1.16538,1.16538,1.16785,0.00055,LOSS,SL,-8.2,1.8,-10.0,-10.74,-8.24,-1.218,53.59,0.000804,8.7,1.056,2.8,1.16622,0.00077,1.165527,1.164723
2025-08-20 17:20:00,2025-08-20 18:50:00,BUY,1.16553,1.16471,1.16471,1.16718,0.00055,LOSS,SL,-8.2,1.8,-10.0,-10.73,-8.23,-1.219,44.0,0.000789,9.3,1.131,13.2,1.16553,0.00038,1.165539,1.16475
2025-08-20 19:05:00,2025-08-20 20:50:00,BUY,1.1653,1.16672,1.16459,1.16672,0.00047,WIN,TP,14.2,1.8,12.4,11.67,14.17,1.746,45.21,0.000662,1.1,0.155,16.8,1.16529,0.00058,1.165582,1.16492
2025-08-20 21:05:00,2025-08-20 22:00:00,BUY,1.16607,1.16543,1.16543,1.16736,0.00043,LOSS,SL,-6.4,1.8,-8.2,-8.93,-6.43,-1.28,48.73,0.000785,8.7,1.353,4.7,1.16607,0.00115,1.165964,1.165179
2025-08-20 22:10:00,2025-08-20 23:05:00,BUY,1.16544,1.16492,1.16492,1.16649,0.00035,LOSS,SL,-5.2,1.8,-7.0,-7.73,-5.23,-1.344,41.45,0.000626,7.6,1.452,3.6,1.16544,0.00018,1.165878,1.165252
2025-08-20 23:40:00,2025-08-21 03:00:00,BUY,1.16496,1.16458,1.16458,1.16571,0.00025,LOSS,SL,-3.8,2.2,-6.0,-6.66,-3.76,-1.586,40.52,0.000263,3.8,1.012,4.9,1.16496,0.00024,1.165508,1.165245
2025-08-21 03:20:00,2025-08-21 03:40:00,SELL,1.16491,1.16426,1.16523,1.16426,0.00022,WIN,TP,6.5,1.8,4.7,3.96,6.46,1.443,46.9,-5.7e-05,0.1,0.031,7.1,1.16494,0.00019,1.165124,1.165181
2025-08-21 04:00:00,2025-08-21 04:40:00,SELL,1.16462,1.16499,1.16499,1.16387,0.00025,LOSS,SL,-3.7,2.0,-5.7,-6.45,-3.75,-1.534,46.2,-0.000189,3.8,1.014,5.4,1.16462,0.0005,1.164935,1.165124
2025-08-21 04:45:00,2025-08-21 09:20:00,SELL,1.16477,1.16391,1.1652,1.16391,0.00029,WIN,TP,8.6,1.8,6.8,6.06,8.56,1.58,53.04,-0.000252,1.7,0.397,13.2,1.16477,0.00026,1.164823,1.165075
2025-08-21 10:20:00,2025-08-21 10:30:00,SELL,1.16428,1.16487,1.16487,1.16311,0.00039,LOSS,SL,-5.9,2.0,-7.9,-8.57,-5.87,-1.341,57.97,-0.000602,10.2,1.739,4.5,1.16429,0.00065,1.164067,1.164669
2025-08-21 11:20:00,2025-08-21 11:30:00,SELL,1.16513,1.16574,1.16574,1.16391,0.00041,LOSS,SL,-6.1,2.0,-8.1,-8.79,-6.09,-1.328,58.0,-0.000201,6.8,1.116,0.7,1.16513,0.00035,1.164537,1.164738
2025-08-21 11:45:00,2025-08-21 12:10:00,SELL,1.16532,1.1659,1.1659,1.16416,0.00039,LOSS,SL,-5.8,1.8,-7.6,-8.28,-5.78,-1.312,56.97,-6.8e-05,6.9,1.195,1.1,1.16532,0.00041,1.164706,1.164773
2025-08-21 13:00:00,2025-08-21 13:15:00,BUY,1.16536,1.16487,1.16487,1.16633,0.00032,LOSS,SL,-4.9,2.1,-7.0,-7.66,-4.86,-1.432,49.59,0.000251,5.3,1.09,2.4,1.16543,0.00042,1.165151,1.1649
2025-08-21 13:35:00,2025-08-21 14:30:00,BUY,1.16513,1.16467,1.16467,1.16605,0.00031,LOSS,SL,-4.6,1.8,-6.4,-7.1,-4.6,-1.392,44.95,0.000228,7.3,1.589,5.5,1.16513,0.00033,1.165144,1.164915
2025-08-21 15:35:00,2025-08-21 16:40:00,SELL,1.1653,1.164,1.16595,1.164,0.00043,WIN,TP,13.0,1.8,11.2,10.5,13.0,1.723,58.98,-6.3e-05,2.8,0.431,18.5,1.16526,0.00131,1.164794,1.164858
2025-08-21 18:30:00,2025-08-22 06:35:00,SELL,1.1619,1.15976,1.16297,1.15976,0.00071,WIN,TP,21.4,1.8,19.6,18.94,21.44,1.832,47.37,-0.001301,3.7,0.345,28.4,1.1619,0.00146,1.162922,1.164223
2025-08-22 08:45:00,2025-08-22 09:15:00,SELL,1.15881,1.15919,1.15919,1.15805,0.00025,LOSS,SL,-3.8,1.8,-5.6,-6.3,-3.8,-1.474,46.3,-0.001565,5.3,1.395,5.2,1.1588,0.00037,1.159461,1.161027
2025-08-22 09:20:00,2025-08-22 10:05:00,SELL,1.15928,1.15972,1.15972,1.15839,0.0003,LOSS,SL,-4.4,1.8,-6.2,-6.93,-4.43,-1.406,58.67,-0.001568,4.8,1.083,6.3,1.1593,0.00023,1.15931,1.160878
2025-08-22 10:25:00,2025-08-22 12:05:00,SELL,1.15945,1.15999,1.15999,1.15836,0.00036,LOSS,SL,-5.4,1.8,-7.2,-7.93,-5.43,-1.332,55.44,-0.001382,7.4,1.364,3.7,1.15945,0.00049,1.159298,1.16068
2025-08-22 12:15:00,2025-08-22 14:35:00,SELL,1.15983,1.16031,1.16031,1.15887,0.00032,LOSS,SL,-4.8,2.0,-6.8,-7.5,-4.8,-1.417,57.89,-0.001009,6.3,1.313,5.3,1.15983,0.00027,1.15944,1.160449
2025-08-22 15:45:00,2025-08-22 16:00:00,SELL,1.16075,1.16121,1.16121,1.15982,0.00031,LOSS,SL,-4.6,1.8,-6.4,-7.14,-4.64,-1.388,58.57,-0.000208,7.1,1.532,1.3,1.16075,0.00029,1.160131,1.160339
2025-08-22 16:30:00,2025-08-22 16:35:00,BUY,1.16093,1.1604,1.1604,1.16199,0.00035,LOSS,SL,-5.3,1.8,-7.1,-7.81,-5.31,-1.339,53.08,3.3e-05,6.8,1.282,1.1,1.16093,0.00034,1.160442,1.160409
2025-08-22 16:40:00,2025-08-22 16:55:00,BUY,1.16036,1.1598,1.1598,1.16147,0.00037,LOSS,SL,-5.6,1.8,-7.4,-8.07,-5.57,-1.323,42.08,4.1e-05,6.6,1.186,3.5,1.16035,0.00061,1.160453,1.160412
2025-08-22 21:25:00,2025-08-22 21:45:00,BUY,1.17292,1.17223,1.17223,1.1743,0.00046,LOSS,SL,-6.9,1.8,-8.7,-9.42,-6.92,-1.26,51.73,0.005963,7.1,1.026,2.8,1.17292,0.0005,1.171199,1.165236
2025-08-22 21:50:00,2025-08-22 22:00:00,BUY,1.17241,1.17179,1.17179,1.17365,0.00041,LOSS,SL,-6.2,1.8,-8.0,-8.69,-6.19,-1.291,43.28,0.005871,7.1,1.147,0.8,1.17241,0.00034,1.171471,1.1656
2025-08-22 22:25:00,2025-08-25 01:15:00,BUY,1.172,1.17146,1.17146,1.17307,0.00036,LOSS,SL,-5.4,1.8,-7.2,-7.86,-5.36,-1.336,41.38,0.005552,6.1,1.138,8.6,1.172,0.00018,1.17158,1.166028
2025-08-25 04:20:00,2025-08-25 04:25:00,BUY,1.17018,1.16974,1.16974,1.17106,0.00029,LOSS,SL,-4.4,1.8,-6.2,-6.89,-4.39,-1.41,47.95,0.002064,6.6,1.502,0.2,1.17018,0.0006,1.170692,1.168628
2025-08-25 04:35:00,2025-08-25 06:55:00,BUY,1.16975,1.17071,1.16927,1.17071,0.00032,WIN,TP,9.6,1.8,7.8,7.06,9.56,1.623,40.3,0.001929,4.4,0.921,9.6,1.16975,0.00033,1.170592,1.168663
2025-08-25 07:25:00,2025-08-25 08:15:00,BUY,1.1703,1.17,1.17,1.1709,0.0002,LOSS,SL,-3.0,2.0,-5.0,-5.68,-2.98,-1.671,50.55,0.001228,3.0,1.006,4.2,1.17031,0.00013,1.170305,1.169076
2025-08-25 08:25:00,2025-08-25 08:55:00,BUY,1.17014,1.16985,1.16985,1.17072,0.00019,LOSS,SL,-2.9,1.8,-4.7,-5.4,-2.9,-1.62,42.93,0.001103,3.6,1.24,1.3,1.17014,0.00027,1.170327,1.169224
2025-08-25 09:00:00,2025-08-25 09:05:00,BUY,1.17003,1.17075,1.16967,1.17075,0.00024,WIN,TP,7.2,1.8,5.4,4.66,7.16,1.497,41.07,0.000988,0.0,0.0,9.9,1.17,0.00029,1.170271,1.169283
2025-08-25 10:30:00,2025-08-25 10:35:00,BUY,1.17126,1.17075,1.17075,1.17228,0.00034,LOSS,SL,-5.1,1.8,-6.9,-7.58,-5.08,-1.354,52.75,0.001247,6.1,1.2,0.5,1.17127,0.00048,1.170891,1.169644
2025-08-25 10:40:00,2025-08-25 10:50:00,BUY,1.17069,1.17017,1.17017,1.17173,0.00035,LOSS,SL,-5.2,1.9,-7.1,-7.82,-5.22,-1.364,41.16,0.001224,6.9,1.321,3.4,1.1707,0.0005,1.170893,1.169669
2025-08-25 11:15:00,2025-08-25 12:15:00,BUY,1.17025,1.16968,1.16968,1.17139,0.00038,LOSS,SL,-5.7,1.8,-7.5,-8.18,-5.68,-1.317,41.43,0.001013,5.8,1.022,7.7,1.17025,0.00038,1.170717,1.169704
2025-08-25 14:05:00,2025-08-25 14:55:00,BUY,1.16896,1.16991,1.16849,1.16991,0.00032,WIN,TP,9.5,1.9,7.6,6.87,9.47,1.599,41.48,5.7e-05,0.8,0.169,12.8,1.16896,0.00037,1.169721,1.169664
2025-08-25 15:10:00,2025-08-25 16:15:00,SELL,1.16962,1.17013,1.17013,1.16859,0.00034,LOSS,SL,-5.1,1.8,-6.9,-7.63,-5.13,-1.351,52.97,-5e-06,7.1,1.383,2.9,1.16961,0.0004,1.169638,1.169643
2025-08-25 16:25:00,2025-08-25 16:45:00,BUY,1.16968,1.17074,1.16915,1.17074,0.00035,WIN,TP,10.6,1.9,8.7,7.95,10.55,1.64,50.37,3.1e-05,2.5,0.474,10.9,1.16968,0.00058,1.169685,1.169654
2025-08-25 17:05:00,2025-08-25 17:50:00,BUY,1.17014,1.16952,1.16952,1.17139,0.00042,LOSS,SL,-6.2,1.8,-8.0,-8.75,-6.25,-1.288,53.67,0.000141,8.9,1.425,3.7,1.17014,0.00073,1.16984,1.169699
2025-08-25 23:20:00,2025-08-25 23:45:00,SELL,1.16194,1.1625,1.1625,1.16083,0.00037,LOSS,SL,-5.6,2.1,-7.7,-8.36,-5.56,-1.378,48.93,-0.003684,5.7,1.025,1.2,1.16194,0.00039,1.163306,1.16699
2025-08-25 23:50:00,2025-08-26 03:00:00,SELL,1.16222,1.16277,1.16277,1.16112,0.00037,LOSS,SL,-5.5,1.8,-7.3,-8.0,-5.5,-1.327,52.77,-0.003645,13.9,2.529,12.5,1.16222,0.00048,1.163065,1.16671
2025-08-26 04:10:00,2025-08-26 09:15:00,SELL,1.16418,1.16222,1.16516,1.16222,0.00065,WIN,TP,19.6,1.8,17.8,17.09,19.59,1.816,55.77,-0.001913,4.9,0.5,20.0,1.16417,0.00083,1.163157,1.16507
2025-08-26 09:30:00,2025-08-26 10:05:00,SELL,1.16281,1.16132,1.16356,1.16132,0.0005,WIN,TP,14.9,1.8,13.1,12.44,14.94,1.759,46.83,-0.001055,3.1,0.415,15.1,1.16282,0.00127,1.163168,1.164223
2025-08-26 10:35:00,2025-08-26 11:20:00,SELL,1.16261,1.16063,1.1636,1.16063,0.00066,WIN,TP,19.8,1.8,18.0,17.27,19.77,1.818,52.43,-0.00129,2.0,0.202,20.7,1.16261,0.00091,1.162657,1.163947
2025-08-26 11:30:00,2025-08-26 12:05:00,SELL,1.16169,1.16261,1.16261,1.15984,0.00062,LOSS,SL,-9.2,1.8,-11.0,-11.74,-9.24,-1.195,46.0,-0.001347,10.8,1.168,3.5,1.16169,0.00096,1.16239,1.163737
2025-08-26 12:10:00,2025-08-26 12:15:00,SELL,1.16252,1.16336,1.16336,1.16083,0.00056,LOSS,SL,-8.4,1.8,-10.2,-10.93,-8.43,-1.213,57.26,-0.001342,12.0,1.423,0.4,1.16254,0.00072,1.162252,1.163594
2025-08-26 12:35:00,2025-08-26 12:45:00,SELL,1.16299,1.16382,1.16382,1.16133,0.00055,LOSS,SL,-8.3,1.8,-10.1,-10.79,-8.29,-1.217,57.1,-0.001139,9.7,1.17,0.3,1.16299,0.00055,1.162439,1.163579
2025-08-26 13:35:00,2025-08-26 14:00:00,SELL,1.16396,1.16465,1.16465,1.16259,0.00046,LOSS,SL,-6.9,1.9,-8.8,-9.46,-6.86,-1.277,58.65,-0.000575,7.9,1.151,2.9,1.16395,0.00038,1.163053,1.163629
2025-08-26 14:30:00,2025-08-26 14:30:00,SELL,1.16414,1.16476,1.16476,1.1629,0.00041,LOSS,SL,-6.2,1.8,-8.0,-8.71,-6.21,-1.29,53.67,-0.000182,8.2,1.319,0.3,1.16414,0.00045,1.163522,1.163704
2025-08-26 15:40:00,2025-08-26 16:00:00,BUY,1.16489,1.16412,1.16412,1.16642,0.00051,LOSS,SL,-7.7,1.8,-9.5,-10.17,-7.67,-1.235,49.91,0.000409,10.9,1.421,1.6,1.16489,0.00084,1.164339,1.163929
2025-08-26 16:10:00,2025-08-26 17:20:00,BUY,1.1643,1.16597,1.16347,1.16597,0.00056,WIN,TP,16.7,1.8,14.9,14.19,16.69,1.784,43.38,0.000412,3.2,0.383,20.1,1.1643,0.00085,1.164376,1.163964
2025-08-26 18:00:00,2025-08-26 20:30:00,BUY,1.16542,1.16456,1.16456,1.16715,0.00058,LOSS,SL,-8.6,1.9,-10.5,-11.24,-8.64,-1.22,51.88,0.00071,10.0,1.157,8.9,1.16541,0.00079,1.164924,1.164214
2025-08-26 20:40:00,2025-08-26 20:50:00,BUY,1.16473,1.1642,1.1642,1.16578,0.00035,LOSS,SL,-5.3,1.8,-7.1,-7.76,-5.26,-1.342,41.06,0.00061,6.5,1.236,0.2,1.16473,0.00022,1.165112,1.164501
2025-08-26 21:45:00,2025-08-26 23:00:00,BUY,1.16392,1.16343,1.16343,1.16489,0.00032,LOSS,SL,-4.9,1.9,-6.8,-7.45,-4.85,-1.392,41.16,0.000156,5.2,1.072,8.9,1.16392,0.00031,1.164572,1.164416
2025-08-26 23:10:00,2025-08-27 04:35:00,BUY,1.1638,1.16332,1.16332,1.16476,0.00032,LOSS,SL,-4.8,1.9,-6.7,-7.4,-4.8,-1.396,40.91,3.1e-05,5.8,1.208,9.1,1.1638,0.0005,1.164431,1.1644
2025-08-27 05:50:00,2025-08-27 06:50:00,SELL,1.16302,1.16228,1.16339,1.16228,0.00025,WIN,TP,7.4,2.0,5.4,4.7,7.4,1.459,45.59,-0.000564,2.2,0.595,8.9,1.16302,0.00026,1.163471,1.164036
2025-08-27 08:45:00,2025-08-27 09:05:00,SELL,1.16178,1.16209,1.16209,1.16116,0.00021,LOSS,SL,-3.1,2.0,-5.1,-5.8,-3.1,-1.645,45.71,-0.001155,4.5,1.452,1.1,1.16178,0.00028,1.162296,1.163451
2025-08-27 09:10:00,2025-08-27 09:25:00,SELL,1.16173,1.16209,1.16209,1.16101,0.00024,LOSS,SL,-3.6,1.8,-5.4,-6.09,-3.59,-1.502,45.08,-0.001161,4.5,1.254,1.1,1.16173,0.00055,1.16221,1.163371
2025-08-27 09:30:00,2025-08-27 09:40:00,SELL,1.16192,1.1623,1.1623,1.16117,0.00025,LOSS,SL,-3.8,1.8,-5.6,-6.26,-3.76,-1.479,51.56,-0.001153,4.1,1.091,0.8,1.16192,0.00026,1.162159,1.163312
2025-08-27 09:50:00,2025-08-27 10:10:00,SELL,1.16208,1.16128,1.16248,1.16128,0.00027,WIN,TP,8.0,2.1,5.9,5.16,7.96,1.472,54.22,-0.001113,0.6,0.151,10.6,1.16208,0.00026,1.162153,1.163265
2025-08-27 12:25:00,2025-08-27 13:50:00,SELL,1.15926,1.15802,1.15988,1.15802,0.00041,WIN,TP,12.4,2.1,10.3,9.59,12.39,1.661,45.88,-0.002083,1.8,0.291,13.1,1.15926,0.00022,1.160226,1.16231
2025-08-27 14:15:00,2025-08-27 15:05:00,SELL,1.15857,1.15916,1.15916,1.15738,0.0004,LOSS,SL,-5.9,1.9,-7.8,-8.55,-5.95,-1.319,48.78,-0.002354,7.7,1.294,6.4,1.15857,0.00075,1.159221,1.161575
2025-08-27 15:30:00,2025-08-27 16:50:00,SELL,1.15924,1.15986,1.15986,1.158,0.00041,LOSS,SL,-6.2,1.8,-8.0,-8.69,-6.19,-1.291,58.23,-0.002149,8.5,1.372,8.6,1.15924,0.00048,1.159033,1.161182
2025-08-27 17:00:00,2025-08-27 18:05:00,SELL,1.15974,1.16055,1.16055,1.15811,0.00054,LOSS,SL,-8.1,1.8,-9.9,-10.65,-8.15,-1.221,57.62,-0.001738,11.4,1.4,15.8,1.15974,0.00061,1.159112,1.160851
2025-08-27 21:10:00,2025-08-28 01:30:00,BUY,1.16292,1.16419,1.16228,1.16419,0.00042,WIN,TP,12.7,2.0,10.7,10.02,12.72,1.686,51.26,0.000761,1.8,0.283,13.3,1.16292,0.00059,1.161968,1.161206
2025-08-28 03:15:00,2025-08-28 04:10:00,BUY,1.16423,1.16481,1.16394,1.16481,0.00019,WIN,TP,5.8,1.8,4.0,3.27,5.77,1.376,48.73,0.00141,0.2,0.069,7.0,1.16423,0.00023,1.163952,1.162541
2025-08-28 04:25:00,2025-08-28 04:35:00,BUY,1.16453,1.16421,1.16421,1.16516,0.00021,LOSS,SL,-3.2,2.0,-5.2,-5.87,-3.17,-1.63,52.2,0.001407,4.3,1.355,2.7,1.16453,0.00054,1.164209,1.162802
2025-08-28 04:40:00,2025-08-28 05:05:00,BUY,1.16427,1.16495,1.16393,1.16495,0.00023,WIN,TP,6.8,2.0,4.8,4.06,6.76,1.408,43.75,0.001384,0.9,0.266,7.6,1.16427,0.00041,1.164233,1.16285
2025-08-28 05:40:00,2025-08-28 06:40:00,BUY,1.1648,1.16442,1.16442,1.16557,0.00026,LOSS,SL,-3.8,2.0,-5.8,-6.54,-3.84,-1.521,53.46,0.001391,5.2,1.356,5.9,1.16481,0.00038,1.164462,1.163071
2025-08-28 07:20:00,2025-08-28 07:50:00,BUY,1.16426,1.16393,1.16393,1.16492,0.00022,LOSS,SL,-3.3,1.8,-5.1,-5.8,-3.3,-1.546,40.14,0.001177,3.8,1.152,0.9,1.16426,0.00024,1.164538,1.163361
2025-08-28 08:55:00,2025-08-28 09:00:00,BUY,1.1639,1.1636,1.1636,1.1645,0.0002,LOSS,SL,-3.0,1.8,-4.8,-5.49,-2.99,-1.603,44.75,0.000738,3.4,1.139,1.2,1.16391,0.00026,1.164194,1.163456
2025-08-28 09:05:00,2025-08-28 09:30:00,BUY,1.16389,1.16354,1.16354,1.16459,0.00023,LOSS,SL,-3.5,1.8,-5.3,-5.98,-3.48,-1.517,45.98,0.0007,5.5,1.579,5.7,1.16389,0.00046,1.164163,1.163463
2025-08-28 09:40:00,2025-08-28 10:00:00,BUY,1.16388,1.16482,1.16341,1.16482,0.00031,WIN,TP,9.4,1.8,7.6,6.88,9.38,1.616,47.41,0.000624,3.6,0.768,10.2,1.1639,0.00054,1.164124,1.1635
2025-08-28 10:15:00,2025-08-28 10:20:00,BUY,1.16423,1.16366,1.16366,1.16537,0.00038,LOSS,SL,-5.7,1.8,-7.5,-8.21,-5.71,-1.315,53.44,0.000604,6.0,1.05,1.8,1.16425,0.00043,1.164153,1.16355
2025-08-28 10:25:00,2025-08-28 11:10:00,BUY,1.16365,1.1631,1.1631,1.16475,0.00037,LOSS,SL,-5.5,1.8,-7.3,-8.02,-5.52,-1.326,41.73,0.000567,6.3,1.141,8.5,1.16366,0.00018,1.164121,1.163553
2025-08-28 11:15:00,2025-08-28 12:05:00,BUY,1.16338,1.16463,1.16276,1.16463,0.00042,WIN,TP,12.5,1.8,10.7,9.98,12.48,1.712,40.37,0.000437,5.2,0.833,14.7,1.16338,0.00058,1.164014,1.163576
2025-08-28 14:45:00,2025-08-28 15:05:00,BUY,1.1662,1.16738,1.16561,1.16738,0.00039,WIN,TP,11.8,1.8,10.0,9.31,11.81,1.695,51.81,0.001296,3.1,0.525,13.9,1.16619,0.00044,1.165539,1.164243
2025-08-28 15:35:00,2025-08-28 15:40:00,BUY,1.16646,1.16798,1.1657,1.16798,0.00051,WIN,TP,15.2,1.8,13.4,12.72,15.22,1.763,49.24,0.001502,0.2,0.026,22.0,1.1665,0.00101,1.166001,1.164499
2025-08-28 16:00:00,2025-08-28 16:30:00,BUY,1.16691,1.16589,1.16589,1.16895,0.00068,LOSS,SL,-10.2,1.8,-12.0,-12.7,-10.2,-1.176,50.34,0.001646,11.0,1.078,2.1,1.16691,0.0012,1.166298,1.164652
2025-08-28 16:35:00,2025-08-28 17:10:00,BUY,1.16624,1.16814,1.16529,1.16814,0.00063,WIN,TP,19.0,1.8,17.2,16.54,19.04,1.811,44.39,0.001559,2.4,0.252,23.0,1.16626,0.00063,1.166333,1.164774
2025-08-28 17:45:00,2025-08-28 18:05:00,BUY,1.16743,1.16651,1.16651,1.16927,0.00061,LOSS,SL,-9.2,1.8,-11.0,-11.71,-9.21,-1.196,51.29,0.001752,11.4,1.238,1.0,1.16743,0.00118,1.166891,1.165139
2025-08-28 18:15:00,2025-08-28 19:30:00,BUY,1.16669,1.16838,1.16585,1.16838,0.00056,WIN,TP,16.9,1.9,15.0,14.26,16.86,1.775,43.4,0.00164,6.2,0.735,17.3,1.16669,0.00049,1.166878,1.165238
2025-08-28 21:00:00,2025-08-28 23:00:00,BUY,1.16874,1.16816,1.16816,1.1699,0.00039,LOSS,SL,-5.8,1.8,-7.6,-8.31,-5.81,-1.31,53.39,0.001964,6.0,1.034,2.2,1.16874,0.00027,1.168049,1.166086
2025-08-28 23:55:00,2025-08-29 00:05:00,BUY,1.16813,1.16782,1.16782,1.16875,0.00021,LOSS,SL,-3.1,2.2,-5.3,-5.99,-3.09,-1.712,47.14,0.001465,4.6,1.488,1.6,1.16815,0.00035,1.16822,1.166755
2025-08-29 00:10:00,2025-08-29 00:10:00,BUY,1.16809,1.16773,1.16773,1.16882,0.00024,LOSS,SL,-3.6,3.7,-7.3,-8.05,-3.65,-2.014,45.85,0.001409,4.9,1.343,0.0,1.16809,0.00042,1.168203,1.166794
2025-08-29 00:40:00,2025-08-29 01:40:00,BUY,1.16772,1.16736,1.16736,1.16845,0.00024,LOSS,SL,-3.6,3.7,-7.3,-8.03,-3.63,-2.021,40.03,0.001246,4.1,1.131,3.0,1.16772,0.0002,1.168092,1.166846
2025-08-29 02:05:00,2025-08-29 03:50:00,BUY,1.16762,1.1673,1.1673,1.16826,0.00021,LOSS,SL,-3.2,1.9,-5.1,-5.79,-3.19,-1.596,47.26,0.000893,4.0,1.254,5.4,1.16765,0.00045,1.167864,1.166971
2025-08-29 03:55:00,2025-08-29 04:05:00,BUY,1.1674,1.16701,1.16701,1.16817,0.00026,LOSS,SL,-3.9,1.8,-5.7,-6.36,-3.86,-1.466,40.76,0.000654,6.4,1.657,1.9,1.16734,0.0005,1.167779,1.167125
2025-08-29 04:15:00,2025-08-29 04:15:00,BUY,1.1674,1.16693,1.16693,1.16833,0.00031,LOSS,SL,-4.7,1.8,-6.5,-7.17,-4.67,-1.386,45.68,0.000576,4.7,1.007,0.2,1.1674,0.00049,1.167708,1.167132
2025-08-29 06:50:00,2025-08-29 08:55:00,SELL,1.16636,1.16669,1.16669,1.16569,0.00022,LOSS,SL,-3.3,2.2,-5.5,-6.24,-3.34,-1.658,53.04,-0.000286,6.1,1.825,5.7,1.16635,0.0003,1.16658,1.166866
2025-08-29 09:10:00,2025-08-29 09:25:00,SELL,1.16649,1.16685,1.16685,1.16577,0.00024,LOSS,SL,-3.6,1.8,-5.4,-6.11,-3.61,-1.499,54.31,-0.000315,3.8,1.053,2.9,1.1665,0.00039,1.166409,1.166723
2025-08-29 09:35:00,2025-08-29 10:00:00,SELL,1.16654,1.16695,1.16695,1.16572,0.00027,LOSS,SL,-4.1,1.9,-6.0,-6.69,-4.09,-1.465,52.62,-0.000278,4.8,1.174,4.7,1.16653,0.00056,1.166438,1.166715
2025-08-29 10:05:00,2025-08-29 10:10:00,SELL,1.16655,1.16706,1.16706,1.16553,0.00034,LOSS,SL,-5.1,1.9,-7.0,-7.72,-5.12,-1.371,52.52,-0.00026,6.1,1.19,0.1,1.16655,0.00061,1.16644,1.1667
2025-08-29 10:15:00,2025-08-29 10:50:00,SELL,1.16696,1.1675,1.1675,1.16588,0.00036,LOSS,SL,-5.4,1.8,-7.2,-7.88,-5.38,-1.335,59.98,-0.000225,5.5,1.023,7.3,1.16697,0.00023,1.16648,1.166705
2025-08-29 11:10:00,2025-08-29 11:30:00,SELL,1.16724,1.16786,1.16786,1.16601,0.00041,LOSS,SL,-6.2,1.8,-8.0,-8.67,-6.17,-1.292,57.97,-8.6e-05,17.3,2.806,3.4,1.16724,0.00064,1.166638,1.166724
2025-08-29 11:55:00,2025-08-29 12:30:00,BUY,1.16761,1.1669,1.1669,1.16904,0.00048,LOSS,SL,-7.1,1.8,-8.9,-9.64,-7.14,-1.252,53.46,0.000202,7.2,1.008,5.9,1.1676,0.00098,1.167026,1.166824
2025-08-29 12:35:00,2025-08-29 14:20:00,BUY,1.16699,1.16628,1.16628,1.16841,0.00047,LOSS,SL,-7.1,1.8,-8.9,-9.61,-7.11,-1.253,42.82,0.000301,7.9,1.111,6.5,1.16699,0.00077,1.167186,1.166885
2025-08-29 14:50:00,2025-08-29 15:05:00,BUY,1.16643,1.16593,1.16593,1.16744,0.00034,LOSS,SL,-5.0,1.8,-6.8,-7.53,-5.03,-1.358,42.76,4e-06,7.0,1.392,0.8,1.16643,0.00037,1.166865,1.16686
2025-08-29 15:55:00,2025-08-29 16:45:00,SELL,1.16602,1.16674,1.16674,1.16459,0.00048,LOSS,SL,-7.2,1.9,-9.1,-9.76,-7.16,-1.265,46.39,-0.000286,7.5,1.048,7.3,1.16602,0.00053,1.166452,1.166738
2025-08-29 16:50:00,2025-08-29 16:55:00,SELL,1.1663,1.16709,1.16709,1.16472,0.00053,LOSS,SL,-7.9,1.8,-9.7,-10.38,-7.88,-1.229,52.13,-0.000335,9.6,1.219,1.4,1.16629,0.00049,1.166338,1.166673
2025-08-29 17:00:00,2025-08-29 17:05:00,SELL,1.16687,1.16768,1.16768,1.16525,0.00054,LOSS,SL,-8.1,1.8,-9.9,-10.59,-8.09,-1.223,59.41,-0.000304,10.4,1.286,0.0,1.16682,0.00055,1.166371,1.166675
2025-08-29 19:35:00,2025-08-29 23:45:00,BUY,1.16965,1.16887,1.16887,1.17121,0.00052,LOSS,SL,-7.8,1.8,-9.6,-10.3,-7.8,-1.231,53.23,0.001283,12.6,1.615,7.0,1.16965,0.0006,1.168725,1.167441
2025-09-01 00:05:00,2025-09-01 00:40:00,BUY,1.16939,1.16886,1.16886,1.17046,0.00036,LOSS,SL,-5.3,3.3,-8.6,-9.35,-5.35,-1.617,51.28,0.001031,6.2,1.159,0.7,1.1694,3e-05,1.169351,1.16832
2025-09-01 00:45:00,2025-09-01 05:05:00,BUY,1.16894,1.16992,1.16845,1.16992,0.00033,WIN,TP,9.8,5.2,4.6,3.91,9.81,0.94,42.92,0.000925,4.8,0.978,12.7,1.16894,0.00063,1.169314,1.168389
2025-09-01 06:55:00,2025-09-01 08:30:00,BUY,1.17043,1.17128,1.17001,1.17128,0.00028,WIN,TP,8.5,1.8,6.7,5.97,8.47,1.575,49.54,0.001014,0.1,0.024,8.7,1.17043,0.00025,1.170086,1.169072
2025-09-01 10:10:00,2025-09-01 10:35:00,BUY,1.17207,1.17152,1.17152,1.17316,0.00036,LOSS,SL,-5.5,1.8,-7.3,-7.95,-5.45,-1.33,52.74,0.001558,6.1,1.119,1.6,1.17208,0.00052,1.171429,1.169871
2025-09-01 10:40:00,2025-09-01 11:45:00,BUY,1.17165,1.17274,1.17111,1.17274,0.00036,WIN,TP,10.9,1.8,9.1,8.37,10.87,1.669,44.85,0.001537,1.5,0.276,15.0,1.17165,0.00031,1.171526,1.169989
2025-09-01 12:10:00,2025-09-01 12:55:00,BUY,1.17264,1.17204,1.17204,1.17384,0.0004,LOSS,SL,-6.0,1.8,-7.8,-8.48,-5.98,-1.301,54.22,0.001619,8.2,1.372,0.4,1.17263,0.00058,1.172002,1.170383
2025-09-01 13:00:00,2025-09-01 14:55:00,BUY,1.1719,1.1714,1.1714,1.1729,0.00033,LOSS,SL,-5.0,2.0,-7.0,-7.72,-5.02,-1.398,40.16,0.001533,6.4,1.275,9.7,1.1719,0.00032,1.1721,1.170566
2025-09-01 16:15:00,2025-09-01 16:45:00,BUY,1.17133,1.17083,1.17083,1.17232,0.00033,LOSS,SL,-5.0,1.9,-6.9,-7.57,-4.97,-1.382,48.02,0.00072,5.7,1.147,2.3,1.17133,0.00054,1.171658,1.170938
2025-09-01 16:50:00,2025-09-01 18:15:00,BUY,1.17082,1.17033,1.17033,1.17181,0.00033,LOSS,SL,-4.9,1.9,-6.8,-7.53,-4.93,-1.385,41.19,0.000569,6.6,1.338,5.5,1.17083,0.00017,1.171517,1.170949
2025-09-01 18:30:00,2025-09-01 18:55:00,BUY,1.17041,1.16993,1.16993,1.17137,0.00032,LOSS,SL,-4.8,1.9,-6.7,-7.41,-4.81,-1.395,40.84,0.000183,5.0,1.039,1.0,1.17044,0.00033,1.171106,1.170923
2025-09-01 19:25:00,2025-09-01 21:45:00,SELL,1.17019,1.17061,1.17061,1.16936,0.00028,LOSS,SL,-4.2,1.9,-6.1,-6.76,-4.16,-1.457,45.59,-0.000117,4.2,1.01,1.1,1.17019,0.00031,1.17071,1.170827
2025-09-01 21:50:00,2025-09-01 22:00:00,SELL,1.17056,1.17076,1.17076,1.17016,0.00013,LOSS,SL,-2.0,2.1,-4.1,-4.82,-2.02,-2.039,57.98,-0.000224,2.2,1.089,0.9,1.17053,9e-05,1.170484,1.170708
2025-09-02 00:00:00,2025-09-02 01:05:00,BUY,1.17061,1.17117,1.17033,1.17117,0.00019,LOSS,TP,5.6,6.8,-1.2,-1.89,5.61,-0.426,52.06,9.4e-05,1.5,0.535,6.6,1.17106,0.00034,1.170888,1.170793
2025-09-02 01:40:00,2025-09-02 02:45:00,BUY,1.17104,1.1716,1.17076,1.1716,0.00019,WIN,TP,5.6,1.9,3.7,3.03,5.63,1.325,54.03,8.2e-05,1.4,0.498,7.0,1.17104,0.00012,1.170884,1.170802
2025-09-02 03:05:00,2025-09-02 03:05:00,BUY,1.17114,1.17081,1.17081,1.17181,0.00022,LOSS,SL,-3.3,1.8,-5.1,-5.83,-3.33,-1.541,47.83,0.00021,5.5,1.652,0.4,1.17114,0.0004,1.171086,1.170876
2025-09-02 03:25:00,2025-09-02 03:45:00,BUY,1.17078,1.17044,1.17044,1.17147,0.00023,LOSS,SL,-3.4,1.9,-5.3,-6.04,-3.44,-1.553,41.45,0.00016,5.1,1.483,1.3,1.17078,0.00026,1.171029,1.170869
2025-09-02 04:50:00,2025-09-02 05:15:00,SELL,1.17041,1.16943,1.1709,1.16943,0.00033,WIN,TP,9.8,1.8,8.0,7.28,9.78,1.632,46.64,-9.7e-05,0.1,0.02,12.3,1.17041,0.00052,1.170695,1.170791
2025-09-02 05:45:00,2025-09-02 08:20:00,SELL,1.16987,1.16889,1.17036,1.16889,0.00033,WIN,TP,9.8,1.8,8.0,7.29,9.79,1.632,45.04,-0.000344,0.0,0.0,10.7,1.16986,0.00038,1.170333,1.170677
2025-09-02 08:35:00,2025-09-02 09:00:00,SELL,1.16925,1.16964,1.16964,1.16846,0.00026,LOSS,SL,-3.9,2.0,-5.9,-6.64,-3.94,-1.508,47.89,-0.000731,5.5,1.397,0.8,1.16923,0.00074,1.169559,1.17029
2025-09-02 09:10:00,2025-09-02 09:30:00,SELL,1.16972,1.1701,1.1701,1.16895,0.00026,LOSS,SL,-3.8,1.8,-5.6,-6.33,-3.83,-1.47,59.05,-0.000697,7.2,1.88,1.3,1.16972,0.00026,1.169537,1.170233
2025-09-02 10:10:00,2025-09-02 10:10:00,SELL,1.17003,1.16882,1.17064,1.16882,0.0004,WIN,TP,12.1,1.8,10.3,9.63,12.13,1.703,52.91,-0.000448,0.0,0.0,15.8,1.16998,0.00064,1.169776,1.170224
2025-09-02 14:05:00,2025-09-02 14:55:00,SELL,1.16368,1.1646,1.1646,1.16184,0.00061,LOSS,SL,-9.2,1.8,-11.0,-11.68,-9.18,-1.196,49.43,-0.003252,12.2,1.329,9.3,1.16367,0.00086,1.164725,1.167977
2025-09-02 15:10:00,2025-09-02 15:25:00,SELL,1.16454,1.16282,1.1654,1.16282,0.00057,WIN,TP,17.2,1.8,15.4,14.74,17.24,1.791,58.5,-0.003093,0.0,0.0,20.2,1.16451,0.00074,1.164373,1.167465
2025-09-02 16:05:00,2025-09-02 16:10:00,SELL,1.16268,1.16375,1.16375,1.16053,0.00072,LOSS,SL,-10.7,1.8,-12.5,-13.24,-10.74,-1.168,47.25,-0.003298,12.5,1.164,0.1,1.16267,0.00124,1.163635,1.166933
2025-09-02 16:15:00,2025-09-02 16:40:00,SELL,1.16385,1.16487,1.16487,1.16181,0.00068,LOSS,SL,-10.2,1.8,-12.0,-12.72,-10.22,-1.176,57.29,-0.003232,11.5,1.125,3.1,1.16386,0.00056,1.163636,1.166868
2025-09-02 16:50:00,2025-09-02 16:55:00,SELL,1.1641,1.16506,1.16506,1.16218,0.00064,LOSS,SL,-9.6,1.8,-11.4,-12.12,-9.62,-1.187,56.93,-0.002928,9.8,1.019,0.2,1.16411,0.00078,1.163753,1.166681
2025-09-02 18:00:00,2025-09-02 20:40:00,SELL,1.16619,1.16413,1.16722,1.16413,0.00069,WIN,TP,20.6,1.8,18.8,18.14,20.64,1.826,55.63,-0.001647,6.0,0.581,21.0,1.16619,0.00058,1.16504,1.166687
2025-09-02 22:20:00,2025-09-02 22:45:00,SELL,1.1636,1.16405,1.16405,1.1627,0.0003,LOSS,SL,-4.5,1.8,-6.3,-7.01,-4.51,-1.399,45.56,-0.001598,4.7,1.041,0.1,1.1636,0.0004,1.164138,1.165736
2025-09-02 22:50:00,2025-09-02 23:10:00,SELL,1.16382,1.16421,1.16421,1.16304,0.00026,LOSS,SL,-3.9,1.9,-5.8,-6.51,-3.91,-1.486,51.48,-0.001552,4.2,1.075,0.4,1.16385,0.00025,1.164073,1.165625
2025-09-02 23:15:00,2025-09-03 00:00:00,SELL,1.16408,1.16335,1.16444,1.16335,0.00024,WIN,TP,7.3,2.1,5.2,4.48,7.28,1.423,56.22,-0.001483,2.1,0.577,8.2,1.16407,0.00021,1.164064,1.165547
2025-09-03 00:15:00,2025-09-03 01:00:00,SELL,1.16374,1.16421,1.16421,1.1628,0.00031,LOSS,SL,-4.7,2.6,-7.3,-8.01,-4.71,-1.552,46.2,-0.00136,6.2,1.316,1.7,1.16374,0.00039,1.164002,1.165362
2025-09-03 01:10:00,2025-09-03 02:35:00,SELL,1.1641,1.16324,1.16453,1.16324,0.00029,WIN,TP,8.6,1.8,6.8,6.05,8.55,1.579,54.57,-0.001211,1.2,0.281,8.7,1.1641,0.00022,1.16401,1.165221
2025-09-03 03:55:00,2025-09-03 04:15:00,SELL,1.16355,1.16282,1.16391,1.16282,0.00024,WIN,TP,7.3,2.0,5.3,4.58,7.28,1.451,56.91,-0.001198,0.0,0.0,9.3,1.16357,0.00055,1.163518,1.164716
2025-09-03 04:35:00,2025-09-03 06:40:00,SELL,1.16324,1.16243,1.16365,1.16243,0.00027,WIN,TP,8.1,1.8,6.3,5.64,8.14,1.558,51.01,-0.001208,2.4,0.59,8.2,1.16322,0.00034,1.163376,1.164585
2025-09-03 07:15:00,2025-09-03 07:50:00,SELL,1.16269,1.16302,1.16302,1.16203,0.00022,LOSS,SL,-3.3,1.9,-5.2,-5.91,-3.31,-1.574,49.81,-0.001193,3.5,1.058,1.3,1.16269,0.00021,1.162899,1.164092
2025-09-03 07:55:00,2025-09-03 08:20:00,SELL,1.16303,1.16333,1.16333,1.16243,0.0002,LOSS,SL,-3.0,2.0,-5.0,-5.69,-2.99,-1.669,59.83,-0.001114,3.6,1.205,2.1,1.16302,0.00022,1.16288,1.163994
2025-09-03 08:35:00,2025-09-03 09:15:00,SELL,1.16307,1.16337,1.16337,1.16247,0.0002,LOSS,SL,-3.0,1.9,-4.9,-5.6,-3.0,-1.633,54.8,-0.000979,4.2,1.399,5.0,1.16308,0.00023,1.162949,1.163927
2025-09-03 09:20:00,2025-09-03 09:30:00,SELL,1.16315,1.16355,1.16355,1.16235,0.00027,LOSS,SL,-4.0,1.8,-5.8,-6.5,-4.0,-1.449,56.4,-0.000882,10.4,2.597,0.6,1.16316,0.00052,1.162965,1.163847
2025-09-03 09:55:00,2025-09-03 10:15:00,SELL,1.16343,1.16249,1.1639,1.16249,0.00031,WIN,TP,9.4,1.9,7.5,6.79,9.39,1.595,53.9,-0.000688,1.1,0.234,18.2,1.16345,0.00049,1.16315,1.163839
2025-09-03 10:35:00,2025-09-03 10:45:00,SELL,1.16248,1.16321,1.16321,1.16103,0.00048,LOSS,SL,-7.3,1.8,-9.1,-9.77,-7.27,-1.248,45.58,-0.000795,8.1,1.115,3.0,1.16248,0.00079,1.162933,1.163727
2025-09-03 10:50:00,2025-09-03 11:00:00,SELL,1.16316,1.16395,1.16395,1.16158,0.00053,LOSS,SL,-7.9,1.8,-9.7,-10.42,-7.92,-1.227,53.6,-0.00079,10.8,1.364,2.8,1.16316,0.00108,1.162907,1.163697
2025-09-03 11:45:00,2025-09-03 11:50:00,SELL,1.16452,1.16531,1.16531,1.16294,0.00053,LOSS,SL,-7.9,1.9,-9.8,-10.5,-7.9,-1.24,58.88,-0.000284,8.7,1.101,0.0,1.16452,0.00039,1.1635,1.163784
2025-09-03 13:10:00,2025-09-03 13:30:00,BUY,1.16525,1.16459,1.16459,1.16657,0.00044,LOSS,SL,-6.6,1.8,-8.4,-9.12,-6.62,-1.272,52.0,0.000487,9.4,1.42,1.5,1.16526,0.00046,1.164561,1.164074
2025-09-03 13:35:00,2025-09-03 13:40:00,BUY,1.16466,1.16404,1.16404,1.1659,0.00041,LOSS,SL,-6.2,1.9,-8.1,-8.8,-6.2,-1.307,42.19,0.000515,7.3,1.178,0.1,1.16467,0.00042,1.164632,1.164117
2025-09-03 13:55:00,2025-09-03 15:10:00,BUY,1.16435,1.16559,1.16373,1.16559,0.00041,WIN,TP,12.4,1.9,10.5,9.8,12.4,1.693,41.26,0.000451,4.2,0.678,14.2,1.16435,0.00045,1.164573,1.164121
2025-09-03 15:40:00,2025-09-03 15:40:00,BUY,1.16523,1.16452,1.16452,1.16665,0.00047,LOSS,SL,-7.1,1.8,-8.9,-9.59,-7.09,-1.254,53.48,0.000532,7.8,1.1,0.0,1.16523,0.00062,1.164799,1.164267
2025-09-03 15:45:00,2025-09-03 17:00:00,BUY,1.16452,1.16595,1.16381,1.16595,0.00048,WIN,TP,14.3,1.8,12.5,11.76,14.26,1.747,43.45,0.000519,7.0,0.982,28.1,1.16452,0.00078,1.164788,1.16427
2025-09-03 17:55:00,2025-09-03 18:30:00,BUY,1.16617,1.16816,1.16518,1.16816,0.00066,WIN,TP,19.9,1.8,18.1,17.4,19.9,1.819,51.74,0.000933,1.2,0.121,19.9,1.16617,0.00047,1.165534,1.164602
2025-09-03 19:05:00,2025-09-03 20:55:00,BUY,1.16709,1.16627,1.16627,1.16873,0.00055,LOSS,SL,-8.2,1.8,-10.0,-10.69,-8.19,-1.22,51.59,0.001404,12.7,1.551,6.1,1.16711,0.00045,1.166385,1.164981
2025-09-03 21:10:00,2025-09-03 21:35:00,BUY,1.16651,1.16595,1.16595,1.16763,0.00037,LOSS,SL,-5.6,1.8,-7.4,-8.09,-5.59,-1.322,43.51,0.001292,6.3,1.127,2.2,1.16651,0.00031,1.166707,1.165415
2025-09-03 21:45:00,2025-09-03 22:15:00,BUY,1.16613,1.16562,1.16562,1.16716,0.00034,LOSS,SL,-5.1,1.9,-7.0,-7.73,-5.13,-1.371,40.18,0.001133,6.0,1.17,2.5,1.16615,0.00034,1.16661,1.165477
2025-09-03 22:35:00,2025-09-04 03:40:00,BUY,1.16586,1.16543,1.16543,1.16672,0.00029,LOSS,SL,-4.3,2.0,-6.3,-6.99,-4.29,-1.466,40.77,0.000854,4.5,1.049,5.4,1.16587,0.00023,1.166371,1.165517
2025-09-04 03:45:00,2025-09-04 04:10:00,BUY,1.16557,1.16522,1.16522,1.16626,0.00023,LOSS,SL,-3.5,1.8,-5.3,-5.96,-3.46,-1.52,41.26,0.000246,3.8,1.098,4.3,1.16559,0.00039,1.165955,1.16571
2025-09-04 04:20:00,2025-09-04 04:30:00,BUY,1.16562,1.16643,1.16521,1.16643,0.00027,WIN,TP,8.1,2.1,6.0,5.31,8.11,1.482,44.72,0.000172,0.4,0.099,9.3,1.16562,0.00028,1.165877,1.165705
2025-09-04 04:45:00,2025-09-04 05:10:00,BUY,1.16604,1.16555,1.16555,1.16702,0.00033,LOSS,SL,-4.9,1.8,-6.7,-7.42,-4.92,-1.366,53.69,0.000193,6.7,1.363,1.4,1.16605,0.00019,1.165916,1.165724
2025-09-04 05:15:00,2025-09-04 08:00:00,BUY,1.16538,1.16495,1.16495,1.16625,0.00029,LOSS,SL,-4.3,1.8,-6.1,-6.84,-4.34,-1.415,40.27,0.000137,5.9,1.361,3.3,1.16539,0.00024,1.165855,1.165719
2025-09-04 08:25:00,2025-09-04 08:55:00,SELL,1.16513,1.16544,1.16544,1.16451,0.00021,LOSS,SL,-3.1,1.8,-4.9,-5.61,-3.11,-1.578,46.96,-0.000231,3.4,1.092,1.2,1.16511,0.00035,1.165332,1.165562
2025-09-04 09:00:00,2025-09-04 09:05:00,SELL,1.16548,1.16579,1.16579,1.16486,0.00021,LOSS,SL,-3.1,1.8,-4.9,-5.61,-3.11,-1.579,59.41,-0.00022,4.4,1.416,0.2,1.16546,0.00023,1.165324,1.165544
2025-09-04 09:35:00,2025-09-04 09:50:00,SELL,1.1655,1.16588,1.16588,1.16475,0.00025,LOSS,SL,-3.8,1.8,-5.6,-6.26,-3.76,-1.478,52.35,-0.000134,3.8,1.01,3.7,1.1655,0.00043,1.165423,1.165557
2025-09-04 09:55:00,2025-09-04 10:20:00,SELL,1.16551,1.16462,1.16596,1.16462,0.0003,WIN,TP,8.9,1.1,7.8,7.1,8.9,1.753,53.12,-0.000127,3.7,0.831,11.2,1.16553,0.00038,1.165425,1.165552
2025-09-04 10:30:00,2025-09-04 12:00:00,SELL,1.16534,1.16596,1.16596,1.16411,0.00041,LOSS,SL,-6.2,1.1,-7.3,-7.96,-6.16,-1.179,49.8,-0.000156,6.5,1.055,5.4,1.16533,0.00095,1.165374,1.16553
2025-09-04 12:05:00,2025-09-04 12:20:00,SELL,1.16561,1.16425,1.16629,1.16425,0.00045,WIN,TP,13.6,1.1,12.5,11.78,13.58,1.838,54.06,-0.000134,0.0,0.0,14.7,1.16561,0.0006,1.165363,1.165497
2025-09-04 13:10:00,2025-09-04 13:10:00,SELL,1.16483,1.16554,1.16554,1.1634,0.00048,LOSS,SL,-7.1,1.1,-8.2,-8.94,-7.14,-1.154,50.68,-0.000361,9.7,1.358,0.0,1.16487,0.00051,1.165018,1.16538
2025-09-04 13:20:00,2025-09-04 14:55:00,SELL,1.16553,1.16412,1.16624,1.16412,0.00047,WIN,TP,14.1,1.1,13.0,12.31,14.11,1.844,57.9,-0.000319,4.5,0.638,16.1,1.16553,0.00057,1.165065,1.165385
2025-09-04 15:05:00,2025-09-04 15:15:00,SELL,1.16474,1.16534,1.16534,1.16355,0.0004,LOSS,SL,-6.0,1.0,-7.0,-7.66,-5.96,-1.168,49.89,-0.000383,11.0,1.845,1.6,1.16474,0.0005,1.164902,1.165285
2025-09-04 15:20:00,2025-09-04 15:35:00,SELL,1.16503,1.16361,1.16574,1.16361,0.00047,WIN,TP,14.2,1.0,13.2,12.51,14.21,1.859,55.35,-0.00038,5.0,0.704,18.6,1.165,0.00118,1.164891,1.165271
2025-09-04 16:00:00,2025-09-05 02:35:00,SELL,1.1646,1.16556,1.16556,1.16269,0.00064,LOSS,SL,-9.6,1.0,-10.6,-11.26,-9.56,-1.105,53.23,-0.000539,9.8,1.025,14.9,1.16461,0.00148,1.16463,1.165169
2025-09-05 06:00:00,2025-09-05 08:55:00,BUY,1.16679,1.16751,1.16643,1.16751,0.00024,WIN,TP,7.2,1.2,6.0,5.27,7.17,1.665,52.87,0.000941,3.2,0.893,10.1,1.16679,0.00021,1.166257,1.165317
2025-09-05 09:15:00,2025-09-05 09:20:00,BUY,1.16702,1.16658,1.16658,1.1679,0.00029,LOSS,SL,-4.4,1.2,-5.6,-6.29,-4.39,-1.274,48.51,0.001019,5.5,1.254,2.0,1.16702,0.00064,1.166886,1.165868
2025-09-05 09:30:00,2025-09-05 11:15:00,BUY,1.16713,1.16816,1.16661,1.16816,0.00034,WIN,TP,10.3,1.1,9.2,8.52,10.32,1.787,51.94,0.00099,5.1,0.989,13.2,1.16713,0.00062,1.166889,1.165899
2025-09-05 11:35:00,2025-09-05 12:10:00,BUY,1.16771,1.16876,1.16719,1.16876,0.00035,WIN,TP,10.5,1.1,9.4,8.69,10.49,1.79,54.39,0.00105,2.0,0.381,13.0,1.16772,0.00048,1.167294,1.166244
2025-09-05 14:05:00,2025-09-05 14:15:00,BUY,1.16894,1.16848,1.16848,1.16985,0.0003,LOSS,SL,-4.6,1.0,-5.6,-6.25,-4.55,-1.22,51.99,0.001525,4.8,1.054,2.3,1.16895,0.00027,1.16844,1.166915
2025-09-05 14:20:00,2025-09-05 14:45:00,BUY,1.16861,1.16813,1.16813,1.16958,0.00032,LOSS,SL,-4.8,1.0,-5.8,-6.53,-4.83,-1.207,43.56,0.001514,7.8,1.616,0.5,1.16859,0.0005,1.168486,1.166972
2025-09-05 15:00:00,2025-09-05 15:05:00,BUY,1.16871,1.16995,1.16809,1.16995,0.00041,WIN,TP,12.4,1.0,11.4,10.67,12.37,1.838,51.26,0.001369,1.2,0.194,15.7,1.16869,0.00081,1.168447,1.167078
2025-09-05 17:30:00,2025-09-05 21:15:00,BUY,1.17341,1.172,1.172,1.17623,0.00094,LOSS,SL,-14.1,1.0,-15.1,-15.78,-14.08,-1.071,53.46,0.003217,14.7,1.044,25.6,1.17341,0.00068,1.171822,1.168604
2025-09-05 22:10:00,2025-09-05 22:35:00,BUY,1.1723,1.17168,1.17168,1.17354,0.00041,LOSS,SL,-6.2,1.2,-7.4,-8.08,-6.18,-1.194,46.04,0.002163,7.2,1.166,0.0,1.17231,0.00043,1.172826,1.170663
2025-09-05 23:00:00,2025-09-08 00:00:00,BUY,1.1717,1.17119,1.17119,1.17272,0.00034,LOSS,SL,-5.1,2.7,-7.8,-8.48,-5.08,-1.532,42.8,0.001705,9.9,1.949,4.1,1.17174,0.00027,1.172473,1.170768
2025-09-08 00:10:00,2025-09-08 01:10:00,BUY,1.17142,1.17091,1.17091,1.17245,0.00034,LOSS,SL,-5.1,6.4,-11.5,-12.24,-5.14,-2.246,41.33,0.001246,6.3,1.226,6.7,1.1714,0.00043,1.172134,1.170889
2025-09-08 02:05:00,2025-09-08 04:00:00,BUY,1.17079,1.17172,1.17033,1.17172,0.00031,WIN,TP,9.3,1.2,8.1,7.36,9.26,1.741,40.75,0.00055,3.3,0.713,9.3,1.1708,0.0004,1.171492,1.170942
2025-09-08 04:20:00,2025-09-08 07:10:00,BUY,1.1712,1.17071,1.17071,1.17218,0.00033,LOSS,SL,-4.9,1.2,-6.1,-6.8,-4.9,-1.245,52.77,0.000233,6.2,1.266,4.6,1.1712,0.00034,1.17119,1.170958
2025-09-08 07:20:00,2025-09-08 08:05:00,BUY,1.17098,1.17178,1.17058,1.17178,0.00027,WIN,TP,8.0,1.2,6.8,6.12,8.02,1.701,46.37,0.000135,0.0,0.0,8.1,1.17097,0.0004,1.171158,1.171022
2025-09-08 08:45:00,2025-09-08 09:10:00,BUY,1.17151,1.17227,1.17113,1.17227,0.00025,WIN,TP,7.6,1.2,6.4,5.71,7.61,1.685,52.17,0.000251,0.9,0.237,8.0,1.17152,0.00044,1.17135,1.171099
2025-09-08 09:20:00,2025-09-08 09:50:00,BUY,1.17158,1.17266,1.17104,1.17266,0.00036,WIN,TP,10.8,1.2,9.6,8.89,10.79,1.778,50.5,0.000305,4.1,0.76,12.1,1.1716,0.00078,1.171447,1.171143
2025-09-08 11:30:00,2025-09-08 12:10:00,BUY,1.17291,1.17219,1.17219,1.17436,0.00048,LOSS,SL,-7.2,1.1,-8.3,-9.05,-7.25,-1.152,50.61,0.000896,8.4,1.159,3.3,1.17291,0.0006,1.172422,1.171526
2025-09-08 12:15:00,2025-09-08 15:50:00,BUY,1.17231,1.17366,1.17164,1.17366,0.00045,WIN,TP,13.5,1.1,12.4,11.69,13.49,1.837,42.22,0.0009,3.2,0.474,15.0,1.1723,0.00041,1.172538,1.171638
2025-09-08 17:15:00,2025-09-08 19:35:00,BUY,1.17454,1.17382,1.17382,1.17599,0.00048,LOSS,SL,-7.2,1.0,-8.2,-8.94,-7.24,-1.138,53.56,0.001346,8.1,1.119,7.1,1.17453,0.00074,1.173808,1.172463
2025-09-08 19:55:00,2025-09-08 20:05:00,BUY,1.17409,1.17351,1.17351,1.17524,0.00038,LOSS,SL,-5.8,1.2,-7.0,-7.65,-5.75,-1.209,41.76,0.001287,6.2,1.078,1.7,1.17408,0.00028,1.174324,1.173037
2025-09-08 20:20:00,2025-09-08 21:15:00,BUY,1.17389,1.175,1.17333,1.175,0.00037,WIN,TP,11.1,1.2,9.9,9.21,11.11,1.784,42.08,0.001154,0.0,0.0,12.2,1.1739,0.00033,1.174228,1.173074
2025-09-08 23:20:00,2025-09-09 02:10:00,BUY,1.17588,1.17674,1.17545,1.17674,0.00029,WIN,TP,8.6,2.7,5.9,5.19,8.59,1.371,52.95,0.001543,3.2,0.745,10.1,1.17588,0.00022,1.175352,1.173808
2025-09-09 03:05:00,2025-09-09 03:25:00,BUY,1.17672,1.1774,1.17638,1.1774,0.00023,WIN,TP,6.8,1.2,5.6,4.85,6.75,1.644,54.61,0.00157,1.9,0.563,7.3,1.17672,0.00024,1.176304,1.174734
2025-09-09 04:10:00,2025-09-09 04:30:00,BUY,1.17704,1.17665,1.17665,1.17783,0.00026,LOSS,SL,-3.9,1.2,-5.1,-5.83,-3.93,-1.305,54.0,0.001607,4.8,1.22,1.8,1.17705,0.00027,1.176628,1.175022
2025-09-09 04:35:00,2025-09-09 04:50:00,BUY,1.17682,1.17764,1.17641,1.17764,0.00027,WIN,TP,8.2,1.2,7.0,6.34,8.24,1.709,47.46,0.001559,0.0,0.0,9.5,1.17681,0.00032,1.176671,1.175112
2025-09-09 05:25:00,2025-09-09 05:50:00,BUY,1.17729,1.17686,1.17686,1.17815,0.00029,LOSS,SL,-4.3,1.2,-5.5,-6.2,-4.3,-1.279,52.95,0.001583,4.8,1.115,1.8,1.17728,0.00039,1.176912,1.175329
2025-09-09 05:55:00,2025-09-09 06:20:00,BUY,1.17685,1.17642,1.17642,1.17772,0.00029,LOSS,SL,-4.3,1.2,-5.5,-6.23,-4.33,-1.277,41.51,0.001536,4.4,1.016,1.7,1.17684,0.00044,1.176974,1.175438
2025-09-09 06:30:00,2025-09-09 07:45:00,BUY,1.17663,1.17742,1.17623,1.17742,0.00026,WIN,TP,7.9,1.2,6.7,6.01,7.91,1.696,40.7,0.001381,3.0,0.759,8.2,1.17663,0.00025,1.176905,1.175523
2025-09-09 08:20:00,2025-09-09 08:50:00,BUY,1.17723,1.17797,1.17686,1.17797,0.00025,WIN,TP,7.4,1.2,6.2,5.52,7.42,1.677,53.83,0.001173,0.8,0.216,7.7,1.17722,0.00039,1.176982,1.175809
2025-09-09 09:05:00,2025-09-09 09:20:00,BUY,1.17752,1.17706,1.17706,1.17843,0.0003,LOSS,SL,-4.6,1.2,-5.8,-6.45,-4.55,-1.264,54.93,0.0012,5.2,1.143,1.1,1.17753,0.00052,1.17716,1.17596
2025-09-09 09:25:00,2025-09-09 09:25:00,BUY,1.17738,1.17686,1.17686,1.17841,0.00034,LOSS,SL,-5.2,1.2,-6.4,-7.06,-5.16,-1.232,51.27,0.001171,7.6,1.472,0.0,1.17738,0.00039,1.177184,1.176013
2025-09-09 09:40:00,2025-09-09 09:40:00,BUY,1.17689,1.17634,1.17634,1.17798,0.00036,LOSS,SL,-5.5,1.1,-6.6,-7.26,-5.46,-1.202,43.88,0.0011,6.4,1.173,1.0,1.1769,0.00032,1.177134,1.176035
2025-09-09 10:00:00,2025-09-09 10:40:00,BUY,1.1765,1.17588,1.17588,1.17773,0.00041,LOSS,SL,-6.2,1.1,-7.3,-7.97,-6.17,-1.178,42.39,0.00096,11.6,1.88,3.6,1.1765,0.00052,1.177003,1.176043
2025-09-09 11:30:00,2025-09-09 14:35:00,BUY,1.17561,1.17477,1.17477,1.17729,0.00056,LOSS,SL,-8.4,1.1,-9.5,-10.21,-8.41,-1.131,47.08,0.000278,8.8,1.047,16.2,1.17561,0.001,1.176254,1.175976
2025-09-09 16:20:00,2025-09-09 16:35:00,SELL,1.17406,1.17473,1.17473,1.17271,0.00045,LOSS,SL,-6.7,1.0,-7.7,-8.43,-6.73,-1.149,46.91,-0.000824,8.0,1.189,3.5,1.17407,0.00044,1.174776,1.175601
2025-09-09 16:40:00,2025-09-09 17:00:00,SELL,1.17475,1.17547,1.17547,1.1733,0.00048,LOSS,SL,-7.2,1.0,-8.2,-8.93,-7.23,-1.138,58.76,-0.000849,14.7,2.033,19.2,1.17472,0.00098,1.174698,1.175547
2025-09-09 17:45:00,2025-09-09 20:45:00,SELL,1.17342,1.17103,1.17462,1.17103,0.0008,WIN,TP,23.9,1.0,22.9,22.23,23.93,1.916,45.4,-0.001067,2.2,0.184,25.0,1.17342,0.00116,1.174248,1.175315
2025-09-09 22:35:00,2025-09-10 01:05:00,SELL,1.1708,1.17133,1.17133,1.16974,0.00035,LOSS,SL,-5.3,1.2,-6.5,-7.19,-5.29,-1.227,45.91,-0.002145,5.3,1.002,5.3,1.17082,0.00042,1.171524,1.173668
2025-09-10 01:15:00,2025-09-10 02:20:00,SELL,1.17098,1.17009,1.17142,1.17009,0.0003,WIN,TP,8.9,1.6,7.3,6.56,8.86,1.639,52.76,-0.001852,3.6,0.813,11.1,1.17099,0.00026,1.171028,1.17288
2025-09-10 04:40:00,2025-09-10 04:55:00,SELL,1.16975,1.17026,1.17026,1.16873,0.00034,LOSS,SL,-5.1,1.2,-6.3,-7.01,-5.11,-1.235,48.53,-0.001811,5.2,1.018,1.3,1.16974,0.00067,1.170135,1.171946
2025-09-10 05:00:00,2025-09-10 05:05:00,SELL,1.16999,1.17054,1.17054,1.16889,0.00037,LOSS,SL,-5.5,1.2,-6.7,-7.38,-5.48,-1.219,52.6,-0.001762,6.9,1.258,0.6,1.16997,0.00062,1.170106,1.171867
2025-09-10 05:40:00,2025-09-10 06:45:00,SELL,1.17051,1.171,1.171,1.16954,0.00032,LOSS,SL,-4.9,1.2,-6.1,-6.77,-4.87,-1.246,58.14,-0.001532,5.2,1.067,0.9,1.1705,0.00021,1.170236,1.171768
2025-09-10 07:00:00,2025-09-10 07:25:00,SELL,1.17084,1.17117,1.17117,1.17018,0.00022,LOSS,SL,-3.3,1.2,-4.5,-5.19,-3.29,-1.364,59.5,-0.001127,3.8,1.154,1.2,1.17082,0.00019,1.170494,1.171621
2025-09-10 08:45:00,2025-09-10 09:05:00,SELL,1.17114,1.17149,1.17149,1.17043,0.00024,LOSS,SL,-3.5,1.2,-4.7,-5.43,-3.53,-1.34,50.14,-0.000607,4.0,1.133,6.7,1.17117,0.00038,1.170944,1.171551
2025-09-10 09:10:00,2025-09-10 09:55:00,SELL,1.17151,1.17058,1.17198,1.17058,0.00031,WIN,TP,9.3,1.2,8.1,7.43,9.33,1.743,59.45,-0.000574,3.0,0.643,23.6,1.17152,0.0006,1.170948,1.171522
2025-09-10 10:30:00,2025-09-10 12:45:00,SELL,1.1704,1.17129,1.17129,1.16862,0.00059,LOSS,SL,-8.9,1.1,-10.0,-10.71,-8.91,-1.124,47.26,-0.000641,12.3,1.381,13.1,1.17041,0.00062,1.170746,1.171387
2025-09-10 13:10:00,2025-09-10 14:40:00,SELL,1.1709,1.16957,1.17157,1.16957,0.00044,WIN,TP,13.3,1.1,12.2,11.53,13.33,1.835,54.06,-0.000537,0.5,0.075,13.9,1.1709,0.00053,1.170579,1.171115
2025-09-10 14:50:00,2025-09-10 15:00:00,SELL,1.17015,1.17073,1.17073,1.16899,0.00039,LOSS,SL,-5.8,1.0,-6.8,-7.48,-5.78,-1.173,49.01,-0.000626,6.4,1.108,0.0,1.17015,0.00051,1.170307,1.170933
2025-09-10 15:05:00,2025-09-10 15:10:00,SELL,1.17068,1.16949,1.17127,1.16949,0.0004,WIN,TP,11.9,1.0,10.9,10.15,11.85,1.831,57.49,-0.000587,4.5,0.759,12.8,1.17064,0.00039,1.170335,1.170922
2025-09-10 15:40:00,2025-09-10 16:30:00,SELL,1.17084,1.17195,1.17195,1.16861,0.00074,LOSS,SL,-11.1,1.0,-12.1,-12.84,-11.14,-1.09,55.22,-0.000556,14.9,1.337,15.2,1.17089,0.00143,1.170321,1.170877
2025-09-10 17:25:00,2025-09-10 19:50:00,BUY,1.17156,1.17056,1.17056,1.17356,0.00067,LOSS,SL,-10.0,1.0,-11.0,-11.72,-10.02,-1.1,51.59,5.8e-05,13.3,1.327,15.1,1.17156,0.00104,1.171045,1.170987
2025-09-10 20:05:00,2025-09-10 20:25:00,BUY,1.17086,1.17023,1.17023,1.17212,0.00042,LOSS,SL,-6.3,1.2,-7.5,-8.21,-6.31,-1.19,42.23,0.000182,7.0,1.11,2.9,1.17088,0.00052,1.171353,1.171171
2025-09-10 21:10:00,2025-09-10 21:20:00,SELL,1.17067,1.17114,1.17114,1.16973,0.00031,LOSS,SL,-4.7,1.2,-5.9,-6.62,-4.72,-1.254,45.95,-7.3e-05,5.7,1.209,0.1,1.17066,0.00019,1.171022,1.171095
2025-09-10 21:25:00,2025-09-10 22:05:00,SELL,1.17115,1.17021,1.17162,1.17021,0.00031,WIN,TP,9.4,1.2,8.2,7.48,9.38,1.744,57.65,-7.6e-05,0.7,0.149,10.4,1.17116,0.00026,1.171014,1.17109
2025-09-10 23:00:00,2025-09-11 02:15:00,SELL,1.16998,1.17038,1.17038,1.16918,0.00027,LOSS,SL,-4.0,1.5,-5.5,-6.22,-4.02,-1.373,46.25,-0.00042,5.5,1.368,7.2,1.17005,0.00019,1.170503,1.170922
2025-09-11 02:40:00,2025-09-11 03:15:00,SELL,1.17035,1.1698,1.17063,1.1698,0.00018,WIN,TP,5.5,1.2,4.3,3.61,5.51,1.565,59.69,-0.000457,1.0,0.363,6.4,1.17034,8e-05,1.170105,1.170562
2025-09-11 04:25:00,2025-09-11 04:30:00,SELL,1.1698,1.17018,1.17018,1.16903,0.00026,LOSS,SL,-3.8,1.2,-5.0,-5.74,-3.84,-1.312,47.3,-0.000482,5.0,1.301,0.7,1.16979,0.00032,1.169949,1.170431
2025-09-11 04:35:00,2025-09-11 08:50:00,SELL,1.17006,1.16931,1.17044,1.16931,0.00025,WIN,TP,7.5,1.2,6.3,5.65,7.55,1.682,55.86,-0.000464,0.7,0.185,8.6,1.17007,0.00029,1.16996,1.170424
2025-09-11 09:10:00,2025-09-11 09:15:00,SELL,1.16951,1.16846,1.17003,1.16846,0.00035,WIN,TP,10.5,1.2,9.3,8.58,10.48,1.771,49.99,-0.000477,1.8,0.343,11.6,1.16951,0.00077,1.169613,1.17009
2025-09-11 09:25:00,2025-09-11 12:40:00,SELL,1.16926,1.16816,1.16981,1.16816,0.00037,WIN,TP,11.0,1.2,9.8,9.13,11.03,1.782,47.68,-0.000521,4.0,0.725,12.1,1.16926,0.00056,1.169534,1.170055
2025-09-11 13:15:00,2025-09-11 15:15:00,SELL,1.16875,1.16762,1.16932,1.16762,0.00038,WIN,TP,11.3,1.1,10.2,9.52,11.32,1.806,47.98,-0.000654,3.9,0.689,23.3,1.16875,0.00024,1.169012,1.169666
2025-09-11 15:30:00,2025-09-11 15:30:00,SELL,1.16832,1.16982,1.16982,1.16533,0.001,LOSS,SL,-15.0,1.0,-16.0,-16.66,-14.96,-1.067,49.44,-0.000769,35.2,2.352,22.8,1.16838,0.00117,1.168604,1.169373
2025-09-11 15:50:00,2025-09-11 15:55:00,SELL,1.16982,1.17148,1.17148,1.16649,0.00111,LOSS,SL,-16.6,1.0,-17.6,-18.35,-16.65,-1.06,56.24,-0.000509,20.9,1.256,5.9,1.16982,0.00147,1.168918,1.169427
2025-09-11 17:55:00,2025-09-12 12:05:00,BUY,1.17263,1.17133,1.17133,1.17523,0.00087,LOSS,SL,-13.0,1.0,-14.0,-14.71,-13.01,-1.077,50.08,0.001391,13.7,1.053,21.6,1.17263,0.00112,1.171636,1.170245
2025-09-12 12:25:00,2025-09-12 12:40:00,BUY,1.17214,1.17153,1.17153,1.17336,0.00041,LOSS,SL,-6.1,1.1,-7.2,-7.88,-6.08,-1.181,42.56,9.7e-05,6.1,1.004,3.9,1.17216,0.00045,1.172825,1.172728
2025-09-12 13:00:00,2025-09-12 13:15:00,SELL,1.17221,1.17281,1.17281,1.17102,0.0004,LOSS,SL,-6.0,1.1,-7.1,-7.76,-5.96,-1.185,47.05,-5.3e-05,6.7,1.124,0.2,1.1722,0.0003,1.172627,1.17268
2025-09-12 13:20:00,2025-09-12 13:40:00,SELL,1.17278,1.17338,1.17338,1.17158,0.0004,LOSS,SL,-6.0,1.1,-7.1,-7.81,-6.01,-1.183,55.49,-5.3e-05,7.0,1.165,0.7,1.17278,0.00053,1.172624,1.172677
2025-09-12 14:20:00,2025-09-12 14:40:00,BUY,1.1729,1.17237,1.17237,1.17397,0.00036,LOSS,SL,-5.3,1.0,-6.3,-7.03,-5.33,-1.187,50.31,0.000104,6.0,1.125,0.4,1.17289,0.00046,1.172838,1.172734
2025-09-12 14:45:00,2025-09-12 15:00:00,BUY,1.17247,1.17193,1.17193,1.17355,0.00036,LOSS,SL,-5.4,1.0,-6.4,-7.08,-5.38,-1.186,41.74,6.8e-05,7.0,1.3,2.3,1.17247,0.00026,1.172795,1.172728
2025-09-12 16:55:00,2025-09-12 17:00:00,SELL,1.17124,1.17199,1.17199,1.16974,0.0005,LOSS,SL,-7.5,1.0,-8.5,-9.2,-7.5,-1.133,46.99,-0.000623,12.2,1.628,0.2,1.17123,0.00039,1.171771,1.172395
2025-09-12 17:10:00,2025-09-12 17:20:00,SELL,1.17191,1.17275,1.17275,1.17023,0.00056,LOSS,SL,-8.4,1.0,-9.4,-10.12,-8.42,-1.119,56.93,-0.0006,9.4,1.116,6.3,1.17194,0.00053,1.171777,1.172378
2025-09-12 17:35:00,2025-09-12 20:05:00,SELL,1.17239,1.17322,1.17322,1.17074,0.00055,LOSS,SL,-8.3,1.0,-9.3,-9.95,-8.25,-1.121,59.96,-0.000518,9.1,1.102,14.2,1.17239,0.00034,1.171849,1.172367
2025-09-12 22:35:00,2025-09-12 23:05:00,BUY,1.17358,1.1732,1.1732,1.17435,0.00026,LOSS,SL,-3.8,1.2,-5.0,-5.75,-3.85,-1.312,51.82,0.000528,5.8,1.508,1.8,1.17358,0.00024,1.173165,1.172637
2025-09-12 23:20:00,2025-09-15 01:55:00,BUY,1.17307,1.17268,1.17268,1.17385,0.00026,LOSS,SL,-3.9,2.7,-6.6,-7.31,-3.91,-1.69,40.13,0.000524,4.0,1.022,4.3,1.17307,0.0003,1.173226,1.172701
2025-09-15 02:05:00,2025-09-15 02:10:00,BUY,1.17295,1.17257,1.17257,1.17372,0.00026,LOSS,SL,-3.8,1.2,-5.0,-5.73,-3.83,-1.313,45.81,0.00029,4.6,1.2,0.3,1.17295,0.00031,1.173089,1.172799
2025-09-15 02:20:00,2025-09-15 03:00:00,BUY,1.17275,1.17238,1.17238,1.17348,0.00024,LOSS,SL,-3.7,1.2,-4.9,-5.56,-3.66,-1.328,40.62,0.000253,3.7,1.012,0.5,1.17276,0.00012,1.17305,1.172797
2025-09-15 03:15:00,2025-09-15 03:20:00,BUY,1.17263,1.17227,1.17227,1.17335,0.00024,LOSS,SL,-3.6,1.2,-4.8,-5.51,-3.61,-1.332,44.29,0.000108,4.3,1.191,0.8,1.17263,0.00034,1.172883,1.172776
2025-09-15 03:40:00,2025-09-15 06:25:00,BUY,1.17246,1.17316,1.17211,1.17316,0.00023,WIN,TP,7.0,1.2,5.8,5.15,7.05,1.659,42.46,3.7e-05,3.1,0.88,7.7,1.17246,0.00021,1.172793,1.172757
2025-09-15 07:35:00,2025-09-15 08:30:00,BUY,1.17323,1.17293,1.17293,1.17383,0.0002,LOSS,SL,-3.0,1.2,-4.2,-4.91,-3.01,-1.398,54.42,0.000157,3.5,1.161,2.3,1.17322,0.00024,1.172961,1.172804
2025-09-15 08:35:00,2025-09-15 09:00:00,BUY,1.17299,1.17271,1.17271,1.17356,0.00019,LOSS,SL,-2.8,1.2,-4.0,-4.73,-2.83,-1.423,45.59,0.000188,3.3,1.164,0.5,1.17299,0.00013,1.17303,1.172843
2025-09-15 09:10:00,2025-09-15 09:15:00,BUY,1.17286,1.17256,1.17256,1.17346,0.0002,LOSS,SL,-3.0,1.2,-4.2,-4.89,-2.99,-1.401,42.96,0.000144,6.9,2.305,0.0,1.17285,0.0003,1.172988,1.172844
2025-09-15 09:55:00,2025-09-15 10:00:00,SELL,1.17248,1.17287,1.17287,1.17171,0.00026,LOSS,SL,-3.9,1.1,-5.0,-5.67,-3.87,-1.284,45.98,-4.4e-05,4.7,1.215,1.5,1.17247,0.00029,1.172743,1.172787
2025-09-15 10:05:00,2025-09-15 10:05:00,SELL,1.17285,1.17331,1.17331,1.17192,0.00031,LOSS,SL,-4.6,1.1,-5.7,-6.43,-4.63,-1.237,56.55,-4.7e-05,5.1,1.101,2.0,1.17285,0.00054,1.172738,1.172784
2025-09-15 10:50:00,2025-09-15 12:20:00,BUY,1.17324,1.17439,1.17267,1.17439,0.00038,WIN,TP,11.5,1.1,10.4,9.68,11.48,1.808,51.14,0.000165,2.6,0.453,11.5,1.17321,0.00064,1.173028,1.172862
2025-09-15 13:55:00,2025-09-15 15:00:00,BUY,1.17523,1.17649,1.1746,1.17649,0.00042,WIN,TP,12.6,1.1,11.5,10.77,12.57,1.825,54.68,0.000992,0.3,0.048,15.0,1.17519,0.00042,1.174366,1.173374
2025-09-15 16:10:00,2025-09-15 16:25:00,BUY,1.17642,1.1758,1.1758,1.17766,0.00041,LOSS,SL,-6.2,1.0,-7.2,-7.9,-6.2,-1.161,53.81,0.001625,6.6,1.064,1.5,1.17643,0.00054,1.175681,1.174056
2025-09-15 16:30:00,2025-09-15 17:00:00,BUY,1.17609,1.17545,1.17545,1.17736,0.00042,LOSS,SL,-6.4,1.0,-7.4,-8.06,-6.36,-1.157,47.99,0.001609,6.8,1.069,7.4,1.17611,0.00039,1.175746,1.174137
2025-09-15 17:30:00,2025-09-15 18:30:00,BUY,1.17547,1.17672,1.17484,1.17672,0.00042,WIN,TP,12.5,1.0,11.5,10.82,12.52,1.84,40.86,0.00142,2.1,0.335,13.5,1.17547,0.00036,1.175742,1.174322
2025-09-15 18:45:00,2025-09-15 19:00:00,BUY,1.17619,1.17743,1.17557,1.17743,0.00041,WIN,TP,12.4,1.0,11.4,10.72,12.42,1.839,54.07,0.001326,1.9,0.306,12.8,1.1762,0.00041,1.175885,1.174559
2025-09-15 19:15:00,2025-09-15 19:30:00,BUY,1.17653,1.17589,1.17589,1.1778,0.00042,LOSS,SL,-6.4,1.2,-7.6,-8.26,-6.36,-1.189,53.68,0.001412,7.7,1.21,1.8,1.17655,0.00058,1.176111,1.174698
2025-09-15 19:35:00,2025-09-16 05:15:00,BUY,1.17618,1.17742,1.17556,1.17742,0.00041,WIN,TP,12.4,1.2,11.2,10.54,12.44,1.807,47.94,0.001363,5.9,0.948,14.0,1.17619,0.00044,1.176118,1.174756
2025-09-16 07:05:00,2025-09-16 09:15:00,BUY,1.17769,1.17869,1.17719,1.17869,0.00033,WIN,TP,10.0,1.2,8.8,8.13,10.03,1.761,53.18,0.000944,3.5,0.698,11.3,1.17771,0.00056,1.177206,1.176262
2025-09-16 11:05:00,2025-09-16 12:10:00,BUY,1.17915,1.18047,1.17849,1.18047,0.00044,WIN,TP,13.2,1.1,12.1,11.36,13.16,1.833,53.61,0.001412,1.5,0.228,16.6,1.17915,0.00046,1.178512,1.1771
2025-09-16 13:15:00,2025-09-16 14:50:00,BUY,1.18055,1.18189,1.17988,1.18189,0.00045,WIN,TP,13.4,1.1,12.3,11.6,13.4,1.836,52.98,0.001944,4.2,0.627,15.1,1.18056,0.00046,1.179785,1.177841
2025-09-16 15:10:00,2025-09-16 15:30:00,BUY,1.18068,1.1799,1.1799,1.18224,0.00052,LOSS,SL,-7.8,1.0,-8.8,-9.5,-7.8,-1.128,48.24,0.001978,17.4,2.229,0.8,1.18067,0.00071,1.180435,1.178457
2025-09-16 15:40:00,2025-09-16 16:20:00,BUY,1.18016,1.18195,1.17927,1.18195,0.0006,WIN,TP,17.9,1.0,16.9,16.17,17.87,1.888,45.01,0.001817,5.3,0.593,18.4,1.18018,0.00127,1.180373,1.178555
2025-09-16 18:35:00,2025-09-16 19:15:00,BUY,1.18372,1.18561,1.18277,1.18561,0.00063,WIN,TP,18.9,1.0,17.9,17.23,18.93,1.894,53.2,0.002758,1.7,0.18,22.8,1.18372,0.00051,1.182631,1.179873
2025-09-16 21:00:00,2025-09-16 22:40:00,BUY,1.18659,1.18589,1.18589,1.18799,0.00047,LOSS,SL,-7.0,1.2,-8.2,-8.92,-7.02,-1.171,54.36,0.003782,7.8,1.111,5.3,1.18657,0.00038,1.185262,1.18148
2025-09-16 22:45:00,2025-09-17 00:00:00,BUY,1.18602,1.18551,1.18551,1.18705,0.00034,LOSS,SL,-5.1,1.2,-6.3,-7.04,-5.14,-1.234,41.63,0.003514,9.9,1.927,8.0,1.18601,0.00025,1.185945,1.182431
2025-09-17 00:10:00,2025-09-17 02:10:00,BUY,1.18574,1.1869,1.18516,1.1869,0.00039,WIN,TP,11.6,7.4,4.2,3.52,11.62,0.726,40.06,0.003048,3.6,0.62,12.9,1.18574,0.00063,1.186066,1.183018
2025-09-17 03:05:00,2025-09-17 03:30:00,BUY,1.18692,1.18657,1.18657,1.18761,0.00023,LOSS,SL,-3.5,1.2,-4.7,-5.35,-3.45,-1.347,54.35,0.00249,5.8,1.679,3.9,1.18691,0.0004,1.186575,1.184085
2025-09-17 05:20:00,2025-09-17 05:30:00,BUY,1.18566,1.18526,1.18526,1.18645,0.00026,LOSS,SL,-4.0,1.2,-5.2,-5.86,-3.96,-1.303,41.9,0.001565,5.1,1.286,1.2,1.18565,0.00026,1.186088,1.184523
2025-09-17 05:45:00,2025-09-17 10:00:00,BUY,1.1854,1.18501,1.18501,1.18619,0.00026,LOSS,SL,-3.9,1.2,-5.1,-5.85,-3.95,-1.304,40.63,0.001392,9.1,2.304,6.0,1.18542,0.00026,1.185956,1.184564
2025-09-17 11:30:00,2025-09-17 13:10:00,BUY,1.18448,1.18399,1.18399,1.18545,0.00032,LOSS,SL,-4.9,1.1,-6.0,-6.67,-4.87,-1.226,47.6,7.1e-05,12.1,2.485,6.6,1.18449,0.00045,1.184904,1.184833
2025-09-17 13:45:00,2025-09-17 16:05:00,SELL,1.18425,1.18477,1.18477,1.18321,0.00035,LOSS,SL,-5.2,1.1,-6.3,-6.98,-5.18,-1.212,50.11,-0.000224,6.2,1.197,8.5,1.18427,0.00031,1.184494,1.184718
2025-09-17 16:20:00,2025-09-17 16:35:00,SELL,1.18454,1.18514,1.18514,1.18334,0.0004,LOSS,SL,-6.0,1.0,-7.0,-7.7,-6.0,-1.167,59.61,-0.000353,6.3,1.05,0.9,1.18454,0.0003,1.184173,1.184525
2025-09-17 16:50:00,2025-09-17 17:10:00,SELL,1.18478,1.18538,1.18538,1.18359,0.0004,LOSS,SL,-6.0,1.0,-7.0,-7.67,-5.97,-1.167,58.25,-0.000222,6.8,1.138,2.3,1.18477,0.00054,1.184324,1.184546
2025-09-17 17:45:00,2025-09-17 18:05:00,BUY,1.18502,1.1844,1.1844,1.18626,0.00041,LOSS,SL,-6.2,1.0,-7.2,-7.9,-6.2,-1.161,53.24,3.5e-05,6.3,1.016,2.0,1.18503,0.00028,1.184653,1.184618
2025-09-17 18:10:00,2025-09-17 18:45:00,BUY,1.18517,1.18454,1.18454,1.18644,0.00042,LOSS,SL,-6.3,1.0,-7.3,-8.03,-6.33,-1.158,54.47,7.7e-05,7.2,1.138,1.1,1.18516,0.0008,1.184713,1.184636
2025-09-17 18:50:00,2025-09-17 21:00:00,BUY,1.18461,1.18581,1.18401,1.18581,0.0004,WIN,TP,12.0,1.0,11.0,10.32,12.02,1.834,43.73,9.7e-05,4.1,0.682,49.0,1.1846,0.00029,1.184751,1.184654
2025-09-17 21:35:00,2025-09-17 21:40:00,BUY,1.18763,1.18592,1.18592,1.19104,0.00114,LOSS,SL,-17.1,1.2,-18.3,-18.95,-17.05,-1.07,54.96,0.000966,32.3,1.894,2.5,1.18764,0.00196,1.186019,1.185054
2025-09-17 21:45:00,2025-09-17 21:50:00,BUY,1.18502,1.18301,1.18301,1.18904,0.00134,LOSS,SL,-20.1,1.2,-21.3,-22.02,-20.12,-1.06,42.18,0.000928,31.4,1.56,4.1,1.18505,0.0031,1.185994,1.185067
2025-09-17 22:05:00,2025-09-17 22:35:00,BUY,1.18496,1.18271,1.18271,1.18945,0.0015,LOSS,SL,-22.5,1.2,-23.7,-24.36,-22.46,-1.053,45.92,0.000658,23.9,1.064,7.1,1.18491,0.00182,1.185676,1.185018
2025-09-17 22:45:00,2025-09-17 23:15:00,BUY,1.18319,1.18113,1.18113,1.18732,0.00138,LOSS,SL,-20.6,1.2,-21.8,-22.54,-20.64,-1.058,42.19,0.000269,21.5,1.041,0.7,1.18319,0.00089,1.18521,1.184941
2025-09-18 01:25:00,2025-09-18 02:30:00,SELL,1.18186,1.18244,1.18244,1.1807,0.00039,LOSS,SL,-5.8,2.7,-8.5,-9.18,-5.78,-1.467,51.77,-0.001506,6.2,1.073,3.8,1.18186,0.00051,1.182483,1.183989
2025-09-18 02:55:00,2025-09-18 03:10:00,SELL,1.18259,1.18165,1.18306,1.18165,0.00031,WIN,TP,9.4,1.2,8.2,7.53,9.43,1.746,59.25,-0.001327,1.2,0.254,10.6,1.18259,0.00019,1.182369,1.183696
2025-09-18 03:15:00,2025-09-18 03:50:00,SELL,1.18188,1.1824,1.1824,1.18084,0.00035,LOSS,SL,-5.2,1.2,-6.4,-7.11,-5.21,-1.231,45.41,-0.001317,8.8,1.69,2.8,1.18188,0.0004,1.182313,1.183629
2025-09-18 04:00:00,2025-09-18 04:15:00,SELL,1.18248,1.18125,1.18309,1.18125,0.00041,WIN,TP,12.3,1.2,11.1,10.39,12.29,1.805,55.99,-0.001241,3.4,0.553,16.2,1.18249,0.00038,1.182259,1.1835
2025-09-18 04:35:00,2025-09-18 07:30:00,SELL,1.18174,1.18037,1.18243,1.18037,0.00046,WIN,TP,13.7,1.2,12.5,11.83,13.73,1.825,47.04,-0.001276,5.3,0.772,15.1,1.18172,0.00065,1.182095,1.183371
2025-09-18 09:35:00,2025-09-18 09:45:00,SELL,1.17921,1.17991,1.17991,1.17782,0.00046,LOSS,SL,-7.0,1.1,-8.1,-8.77,-6.97,-1.158,46.15,-0.001947,7.6,1.091,2.7,1.17921,0.00055,1.180098,1.182045
2025-09-18 09:50:00,2025-09-18 10:00:00,SELL,1.1796,1.1803,1.1803,1.17819,0.00047,LOSS,SL,-7.0,1.1,-8.1,-8.83,-7.03,-1.156,51.48,-0.001939,8.6,1.223,4.6,1.17958,0.00053,1.18003,1.18197
2025-09-18 11:20:00,2025-09-18 11:50:00,SELL,1.18238,1.18321,1.18321,1.18072,0.00055,LOSS,SL,-8.3,1.1,-9.4,-10.11,-8.31,-1.132,59.43,-0.000811,10.7,1.288,3.1,1.18239,0.00056,1.181186,1.181998
2025-09-18 13:15:00,2025-09-18 14:40:00,BUY,1.18334,1.18259,1.18259,1.18484,0.0005,LOSS,SL,-7.5,1.1,-8.6,-9.31,-7.51,-1.146,51.14,0.000305,11.0,1.465,7.0,1.18334,0.00046,1.182601,1.182297
2025-09-18 15:00:00,2025-09-18 15:05:00,BUY,1.18256,1.18179,1.18179,1.1841,0.00051,LOSS,SL,-7.7,1.0,-8.7,-9.38,-7.68,-1.13,40.89,0.000393,7.8,1.015,0.7,1.18251,0.00086,1.182845,1.182451
2025-09-18 18:00:00,2025-09-18 18:20:00,SELL,1.17752,1.17868,1.17868,1.17521,0.00077,LOSS,SL,-11.6,1.0,-12.6,-13.26,-11.56,-1.086,45.01,-0.002077,11.8,1.021,3.7,1.17752,0.0006,1.179174,1.181251
2025-09-18 18:25:00,2025-09-19 09:30:00,SELL,1.17862,1.17647,1.17969,1.17647,0.00072,WIN,TP,21.5,1.0,20.5,19.79,21.49,1.907,54.8,-0.002112,7.8,0.726,22.6,1.17861,0.00036,1.178987,1.181099
2025-09-19 09:40:00,2025-09-19 10:05:00,SELL,1.17733,1.1758,1.1781,1.1758,0.00051,WIN,TP,15.3,1.1,14.2,13.51,15.31,1.856,48.28,-0.000885,2.6,0.34,15.9,1.17733,0.0011,1.177678,1.178563
2025-09-19 10:20:00,2025-09-19 11:05:00,SELL,1.17752,1.1757,1.17843,1.1757,0.00061,WIN,TP,18.2,1.1,17.1,16.4,18.2,1.879,54.61,-0.000984,3.2,0.352,19.0,1.17756,0.00114,1.177446,1.17843
2025-09-19 11:35:00,2025-09-19 14:45:00,SELL,1.17641,1.17453,1.17735,1.17453,0.00063,WIN,TP,18.8,1.1,17.7,17.01,18.81,1.883,46.68,-0.001148,5.0,0.532,20.6,1.17641,0.00095,1.177027,1.178175
2025-09-19 16:05:00,2025-09-19 16:15:00,SELL,1.1748,1.17569,1.17569,1.17302,0.00059,LOSS,SL,-8.9,1.0,-9.9,-10.59,-8.89,-1.113,54.34,-0.001903,10.1,1.137,4.5,1.17481,0.00131,1.175044,1.176948
2025-09-19 16:20:00,2025-09-19 16:50:00,SELL,1.17518,1.17612,1.17612,1.1733,0.00063,LOSS,SL,-9.4,1.0,-10.4,-11.11,-9.41,-1.106,56.83,-0.001854,12.1,1.286,6.3,1.17517,0.00076,1.175035,1.176889
2025-09-19 17:15:00,2025-09-19 17:20:00,SELL,1.17581,1.17668,1.17668,1.17408,0.00058,LOSS,SL,-8.7,1.0,-9.7,-10.36,-8.66,-1.115,57.74,-0.001502,9.0,1.039,1.6,1.17581,0.00058,1.175254,1.176756
2025-09-19 17:50:00,2025-09-19 18:35:00,SELL,1.17585,1.17408,1.17673,1.17408,0.00059,WIN,TP,17.7,1.0,16.7,15.98,17.68,1.887,53.44,-0.001232,6.5,0.735,21.4,1.17585,0.00077,1.175486,1.176718
2025-09-19 18:50:00,2025-09-22 03:05:00,SELL,1.17475,1.17314,1.17555,1.17314,0.00054,WIN,TP,16.1,1.0,15.1,14.37,16.07,1.876,45.06,-0.001266,7.9,0.983,17.2,1.17476,0.00038,1.175248,1.176514
2025-09-22 03:30:00,2025-09-22 03:50:00,SELL,1.17371,1.17281,1.17416,1.17281,0.0003,WIN,TP,9.0,1.2,7.8,7.08,8.98,1.733,49.18,-0.001076,0.2,0.045,9.9,1.17377,0.00042,1.174028,1.175104
2025-09-22 04:00:00,2025-09-22 04:00:00,SELL,1.17348,1.17403,1.17403,1.17238,0.00037,LOSS,SL,-5.5,1.2,-6.7,-7.41,-5.51,-1.218,48.04,-0.001139,6.2,1.126,1.1,1.17348,0.00091,1.173855,1.174994
2025-09-22 04:05:00,2025-09-22 04:15:00,SELL,1.17346,1.17403,1.17403,1.17232,0.00038,LOSS,SL,-5.7,1.2,-6.9,-7.6,-5.7,-1.21,47.38,-0.00114,6.2,1.087,0.9,1.17344,0.00073,1.173839,1.174979
2025-09-22 04:20:00,2025-09-22 05:05:00,SELL,1.17405,1.17295,1.1746,1.17295,0.00037,WIN,TP,11.0,1.2,9.8,9.09,10.99,1.782,56.9,-0.001099,0.0,0.0,12.4,1.17405,0.00034,1.173848,1.174947
2025-09-22 05:45:00,2025-09-22 08:55:00,SELL,1.1732,1.17369,1.17369,1.17223,0.00032,LOSS,SL,-4.9,1.2,-6.1,-6.77,-4.87,-1.247,47.66,-0.00115,6.7,1.376,5.8,1.17321,0.00038,1.173531,1.174682
2025-09-22 10:10:00,2025-09-22 10:25:00,SELL,1.1743,1.17484,1.17484,1.17322,0.00036,LOSS,SL,-5.4,1.1,-6.5,-7.21,-5.41,-1.203,56.45,-0.000487,11.3,2.088,3.9,1.17429,0.00053,1.173715,1.174202
2025-09-22 10:35:00,2025-09-22 11:05:00,SELL,1.17483,1.17548,1.17548,1.17353,0.00043,LOSS,SL,-6.5,1.1,-7.6,-8.31,-6.51,-1.169,59.32,-0.000334,10.5,1.612,1.5,1.17486,0.00068,1.173891,1.174225
2025-09-22 14:05:00,2025-09-22 15:00:00,BUY,1.17728,1.17853,1.17665,1.17853,0.00042,WIN,TP,12.5,1.0,11.5,10.83,12.53,1.84,52.87,0.001353,3.7,0.59,13.7,1.17729,0.00031,1.176453,1.175101
2025-09-22 15:20:00,2025-09-22 17:00:00,BUY,1.17777,1.17708,1.17708,1.17915,0.00046,LOSS,SL,-6.9,1.0,-7.9,-8.59,-6.89,-1.145,53.06,0.001568,7.3,1.06,10.5,1.17775,0.00072,1.177029,1.175461
2025-09-22 17:45:00,2025-09-22 19:10:00,BUY,1.17692,1.1784,1.17618,1.1784,0.00049,WIN,TP,14.8,1.0,13.8,13.14,14.84,1.865,41.98,0.001402,5.2,0.701,15.5,1.17693,0.00051,1.177301,1.175898
2025-09-23 00:10:00,2025-09-23 03:50:00,BUY,1.17951,1.18073,1.1789,1.18073,0.00041,WIN,TP,12.2,6.8,5.4,4.7,12.2,0.885,46.36,0.001802,4.3,0.705,12.6,1.17951,0.00079,1.179414,1.177612
2025-09-23 05:15:00,2025-09-23 05:30:00,BUY,1.18064,1.18016,1.18016,1.18161,0.00032,LOSS,SL,-4.8,1.2,-6.0,-6.73,-4.83,-1.249,45.59,0.001648,5.2,1.078,2.6,1.18065,0.00068,1.180531,1.178884
2025-09-23 05:40:00,2025-09-23 06:05:00,BUY,1.18048,1.18001,1.18001,1.18142,0.00031,LOSS,SL,-4.7,1.2,-5.9,-6.58,-4.68,-1.257,44.53,0.001565,7.6,1.625,0.7,1.18049,0.00034,1.180528,1.178963
2025-09-23 06:25:00,2025-09-23 07:20:00,BUY,1.18034,1.17989,1.17989,1.18124,0.0003,LOSS,SL,-4.5,1.2,-5.7,-6.42,-4.52,-1.265,47.0,0.001362,6.1,1.349,4.7,1.18035,0.00033,1.180434,1.179072
2025-09-23 07:35:00,2025-09-23 07:55:00,BUY,1.18018,1.17976,1.17976,1.18101,0.00028,LOSS,SL,-4.2,1.2,-5.4,-6.06,-4.16,-1.289,46.87,0.00113,4.7,1.13,1.2,1.18021,0.00035,1.180359,1.179229
2025-09-23 08:15:00,2025-09-23 09:10:00,BUY,1.1798,1.1794,1.1794,1.18059,0.00026,LOSS,SL,-4.0,1.2,-5.2,-5.86,-3.96,-1.303,42.95,0.000946,6.2,1.566,7.2,1.17986,0.00029,1.180224,1.179279
2025-09-23 09:45:00,2025-09-23 10:00:00,BUY,1.17978,1.17922,1.17922,1.1809,0.00037,LOSS,SL,-5.6,1.1,-6.7,-7.38,-5.58,-1.197,50.5,0.000601,10.8,1.936,6.9,1.1798,0.00064,1.179958,1.179357
2025-09-23 10:15:00,2025-09-23 10:15:00,BUY,1.17895,1.1782,1.1782,1.18045,0.0005,LOSS,SL,-7.5,1.1,-8.6,-9.28,-7.48,-1.147,40.82,0.000475,10.4,1.39,0.0,1.17903,0.00047,1.179835,1.17936
2025-09-23 10:30:00,2025-09-23 12:10:00,BUY,1.1789,1.18061,1.17804,1.18061,0.00057,WIN,TP,17.1,1.1,16.0,15.33,17.13,1.872,41.78,0.000359,5.2,0.607,17.5,1.17884,0.00051,1.179697,1.179338
2025-09-23 12:45:00,2025-09-23 13:25:00,BUY,1.18028,1.1796,1.1796,1.18164,0.00045,LOSS,SL,-6.8,1.1,-7.9,-8.61,-6.81,-1.162,54.61,0.000443,10.0,1.468,4.1,1.18032,0.00059,1.179905,1.179462
2025-09-23 13:35:00,2025-09-23 15:20:00,BUY,1.17949,1.1788,1.1788,1.18087,0.00046,LOSS,SL,-6.9,1.1,-8.0,-8.68,-6.88,-1.16,41.96,0.000423,10.6,1.541,5.4,1.17949,0.00054,1.17994,1.179517
2025-09-23 15:30:00,2025-09-23 16:00:00,BUY,1.17896,1.18037,1.17825,1.18037,0.00047,WIN,TP,14.1,1.0,13.1,12.4,14.1,1.858,42.85,9.4e-05,2.8,0.397,14.8,1.17897,0.00046,1.179583,1.179489
2025-09-23 16:15:00,2025-09-23 16:45:00,BUY,1.17978,1.1791,1.1791,1.18113,0.00045,LOSS,SL,-6.8,1.0,-7.8,-8.47,-6.77,-1.148,52.78,0.000106,10.7,1.58,4.4,1.17974,0.00035,1.179608,1.179502
2025-09-23 17:05:00,2025-09-23 20:25:00,BUY,1.17941,1.18123,1.1785,1.18123,0.00061,WIN,TP,18.2,1.0,17.2,16.48,18.18,1.89,49.43,5.3e-05,6.2,0.682,18.8,1.17944,0.00112,1.17955,1.179496
2025-09-23 21:25:00,2025-09-24 03:30:00,BUY,1.18108,1.18042,1.18042,1.18241,0.00044,LOSS,SL,-6.6,1.2,-7.8,-8.53,-6.63,-1.181,54.43,0.000654,7.1,1.072,7.6,1.18107,0.00059,1.18049,1.179836
2025-09-24 04:35:00,2025-09-24 05:30:00,BUY,1.18024,1.17976,1.17976,1.18121,0.00032,LOSS,SL,-4.8,1.2,-6.0,-6.74,-4.84,-1.248,40.81,0.000294,6.0,1.241,2.3,1.18023,0.00036,1.180867,1.180573
2025-09-24 05:40:00,2025-09-24 08:45:00,BUY,1.17988,1.17942,1.17942,1.1808,0.00031,LOSS,SL,-4.6,1.2,-5.8,-6.5,-4.6,-1.261,41.42,1.8e-05,6.6,1.435,6.6,1.1799,0.00038,1.180526,1.180508
2025-09-24 09:00:00,2025-09-24 09:30:00,SELL,1.17982,1.17883,1.18031,1.17883,0.00033,WIN,TP,9.9,1.2,8.7,7.97,9.87,1.757,47.36,-0.000265,4.9,0.992,10.0,1.1798,0.00028,1.180051,1.180316
2025-09-24 10:40:00,2025-09-24 11:10:00,SELL,1.17921,1.17784,1.1799,1.17784,0.00046,WIN,TP,13.7,1.1,12.6,11.94,13.74,1.84,49.51,-0.000578,2.9,0.422,18.3,1.17923,0.00069,1.179526,1.180104
2025-09-24 15:10:00,2025-09-24 15:40:00,SELL,1.17553,1.17436,1.17611,1.17436,0.00039,WIN,TP,11.7,1.0,10.7,9.95,11.65,1.828,49.19,-0.002248,3.0,0.515,12.1,1.17553,0.00038,1.176265,1.178513
2025-09-24 17:30:00,2025-09-25 03:55:00,SELL,1.1739,1.17475,1.17475,1.1722,0.00057,LOSS,SL,-8.5,1.0,-9.5,-10.18,-8.48,-1.118,48.24,-0.002742,9.3,1.097,9.1,1.17391,0.00087,1.174675,1.177417
2025-09-25 04:10:00,2025-09-25 05:40:00,SELL,1.17469,1.17507,1.17507,1.17394,0.00025,LOSS,SL,-3.8,1.2,-5.0,-5.67,-3.77,-1.318,59.45,-0.000715,4.1,1.087,6.6,1.17468,0.00024,1.174239,1.174954
2025-09-25 05:55:00,2025-09-25 06:55:00,SELL,1.17491,1.17527,1.17527,1.17419,0.00024,LOSS,SL,-3.6,1.2,-4.8,-5.49,-3.59,-1.334,58.14,-0.000417,4.6,1.281,1.8,1.1749,0.00026,1.17447,1.174888
2025-09-25 07:10:00,2025-09-25 07:30:00,SELL,1.17496,1.17528,1.17528,1.17431,0.00022,LOSS,SL,-3.2,1.2,-4.4,-5.13,-3.23,-1.371,51.6,-0.000185,3.5,1.082,0.9,1.17494,0.00029,1.174721,1.174906
2025-09-25 07:45:00,2025-09-25 08:10:00,SELL,1.17516,1.17458,1.17545,1.17458,0.00019,WIN,TP,5.8,1.2,4.6,3.88,5.78,1.585,58.68,-9.9e-05,0.9,0.312,6.5,1.17517,0.00019,1.174822,1.174921
2025-09-25 09:20:00,2025-09-25 10:45:00,SELL,1.17495,1.17392,1.17546,1.17392,0.00034,WIN,TP,10.3,1.2,9.1,8.36,10.26,1.766,58.66,-0.000211,3.1,0.604,16.5,1.17496,0.00104,1.17464,1.174852
2025-09-25 11:20:00,2025-09-25 12:05:00,SELL,1.1741,1.17477,1.17477,1.17276,0.00045,LOSS,SL,-6.7,1.1,-7.8,-8.48,-6.68,-1.165,48.66,-0.000356,9.2,1.378,7.9,1.17414,0.00041,1.174376,1.174732
2025-09-25 12:20:00,2025-09-25 13:10:00,SELL,1.17451,1.17513,1.17513,1.17326,0.00042,LOSS,SL,-6.2,1.1,-7.3,-8.03,-6.23,-1.177,56.63,-0.000376,6.3,1.012,6.3,1.17454,0.00032,1.174283,1.174659
2025-09-25 13:25:00,2025-09-25 13:45:00,SELL,1.17485,1.17539,1.17539,1.17377,0.00036,LOSS,SL,-5.4,1.1,-6.5,-7.19,-5.39,-1.204,56.77,-0.000221,5.6,1.04,0.5,1.17486,0.00036,1.174433,1.174655
2025-09-25 13:55:00,2025-09-25 14:10:00,SELL,1.17505,1.17401,1.17557,1.17401,0.00035,WIN,TP,10.4,1.1,9.3,8.57,10.37,1.788,59.19,-0.000109,0.2,0.039,11.7,1.17509,0.00029,1.17457,1.174679
2025-09-25 14:20:00,2025-09-25 15:30:00,SELL,1.17432,1.17318,1.17489,1.17318,0.00038,WIN,TP,11.4,1.0,10.4,9.73,11.43,1.825,45.08,-0.000137,2.5,0.437,37.1,1.17433,0.00047,1.174524,1.174661
2025-09-25 19:10:00,2025-09-25 20:20:00,SELL,1.16798,1.1663,1.16882,1.1663,0.00056,WIN,TP,16.8,1.2,15.6,14.93,16.83,1.857,47.52,-0.00319,3.8,0.452,21.8,1.16796,0.00076,1.169222,1.172412
2025-09-25 22:10:00,2025-09-25 22:25:00,SELL,1.16562,1.16624,1.16624,1.16439,0.00041,LOSS,SL,-6.2,1.2,-7.4,-8.06,-6.16,-1.195,46.05,-0.00385,6.9,1.12,1.2,1.16562,0.00028,1.166646,1.170496
2025-09-25 22:30:00,2025-09-25 23:30:00,SELL,1.16598,1.16656,1.16656,1.16481,0.00039,LOSS,SL,-5.8,1.2,-7.0,-7.73,-5.83,-1.206,51.99,-0.003768,7.9,1.354,3.3,1.16598,0.00033,1.166553,1.170321
2025-09-25 23:55:00,2025-09-26 00:05:00,SELL,1.16644,1.16557,1.16688,1.16557,0.00029,WIN,TP,8.7,1.9,6.8,6.14,8.74,1.565,54.9,-0.003261,2.4,0.549,13.4,1.16641,0.00048,1.166423,1.169683
2025-09-26 00:20:00,2025-09-26 01:05:00,SELL,1.1662,1.16674,1.16674,1.16512,0.00036,LOSS,SL,-5.4,3.1,-8.5,-9.18,-5.38,-1.577,51.71,-0.003155,5.7,1.06,8.2,1.16623,7e-05,1.166349,1.169505
2025-09-26 01:10:00,2025-09-26 05:20:00,SELL,1.16669,1.16738,1.16738,1.1653,0.00046,LOSS,SL,-6.9,2.7,-9.6,-10.33,-6.93,-1.39,57.32,-0.002868,7.6,1.097,9.4,1.1667,0.0002,1.16633,1.169198
2025-09-26 06:15:00,2025-09-26 07:10:00,SELL,1.16754,1.16789,1.16789,1.16685,0.00023,LOSS,SL,-3.5,1.2,-4.7,-5.37,-3.47,-1.346,57.77,-0.001094,4.1,1.183,1.2,1.16753,0.00025,1.167058,1.168152
2025-09-26 07:25:00,2025-09-26 09:05:00,SELL,1.16787,1.16825,1.16825,1.1671,0.00026,LOSS,SL,-3.8,1.2,-5.0,-5.74,-3.84,-1.312,57.63,-0.00074,5.4,1.405,3.0,1.16787,0.00039,1.16736,1.1681
2025-09-26 09:10:00,2025-09-26 09:45:00,SELL,1.16815,1.16726,1.16859,1.16726,0.0003,WIN,TP,8.9,1.2,7.7,6.95,8.85,1.729,58.31,-0.000394,0.4,0.09,9.9,1.16815,0.00078,1.167669,1.168063
2025-09-26 09:55:00,2025-09-26 10:00:00,SELL,1.16759,1.16813,1.16813,1.16652,0.00036,LOSS,SL,-5.4,1.1,-6.5,-7.15,-5.35,-1.206,45.73,-0.00035,7.5,1.401,1.1,1.16757,0.00033,1.167685,1.168035
2025-09-26 10:05:00,2025-09-26 10:50:00,SELL,1.16817,1.16699,1.16876,1.16699,0.00039,WIN,TP,11.8,1.1,10.7,10.04,11.84,1.814,56.51,-0.000321,0.5,0.084,13.4,1.16815,0.00073,1.167714,1.168036
2025-09-26 11:00:00,2025-09-26 11:05:00,SELL,1.16734,1.16799,1.16799,1.16605,0.00043,LOSS,SL,-6.5,1.1,-7.6,-8.27,-6.47,-1.17,45.05,-0.000349,8.0,1.237,2.8,1.16732,0.00032,1.16763,1.167979
2025-09-26 11:10:00,2025-09-26 11:30:00,SELL,1.16774,1.16837,1.16837,1.16648,0.00042,LOSS,SL,-6.3,1.1,-7.4,-8.1,-6.3,-1.175,51.71,-0.000332,8.2,1.303,1.0,1.16775,0.0004,1.167643,1.167975
2025-09-26 11:45:00,2025-09-26 13:30:00,SELL,1.16834,1.16715,1.16894,1.16715,0.0004,WIN,TP,11.9,1.1,10.8,10.12,11.92,1.816,59.17,-0.00021,0.7,0.117,12.6,1.16836,0.00046,1.167779,1.16799
2025-09-26 14:35:00,2025-09-26 14:50:00,SELL,1.16698,1.16754,1.16754,1.16586,0.00037,LOSS,SL,-5.6,1.0,-6.6,-7.3,-5.6,-1.179,46.99,-0.000443,6.2,1.107,0.9,1.16698,0.00049,1.167375,1.167818
2025-09-26 14:55:00,2025-09-26 15:30:00,SELL,1.16752,1.16813,1.16813,1.1663,0.00041,LOSS,SL,-6.1,1.0,-7.1,-7.78,-6.08,-1.164,57.19,-0.000452,11.2,1.841,8.7,1.1675,0.00066,1.167339,1.16779
2025-09-26 15:35:00,2025-09-26 15:45:00,SELL,1.16744,1.16821,1.16821,1.1659,0.00051,LOSS,SL,-7.7,1.0,-8.7,-9.38,-7.68,-1.13,52.03,-0.000393,8.9,1.159,2.5,1.16742,0.00148,1.167371,1.167763
2025-09-26 15:55:00,2025-09-26 16:00:00,SELL,1.16761,1.16848,1.16848,1.16588,0.00058,LOSS,SL,-8.7,1.0,-9.7,-10.37,-8.67,-1.115,52.99,-0.000336,18.0,2.077,0.5,1.16763,0.00093,1.167426,1.167762
2025-09-26 16:20:00,2025-09-26 17:05:00,SELL,1.16851,1.16949,1.16949,1.16656,0.00065,LOSS,SL,-9.8,1.0,-10.8,-11.46,-9.76,-1.102,57.89,-0.000143,11.6,1.188,7.1,1.16851,0.00072,1.167669,1.167811
2025-09-26 18:00:00,2025-09-29 03:00:00,BUY,1.16908,1.17104,1.1681,1.17104,0.00065,WIN,TP,19.6,1.0,18.6,17.88,19.58,1.898,52.93,0.000402,4.5,0.46,24.1,1.16909,0.00057,1.168416,1.168014
2025-09-29 04:10:00,2025-09-29 04:35:00,BUY,1.1715,1.17234,1.17108,1.17234,0.00028,WIN,TP,8.4,1.2,7.2,6.47,8.37,1.713,53.34,0.001271,0.9,0.215,9.9,1.17149,0.0005,1.170979,1.169707
2025-09-29 06:40:00,2025-09-29 09:10:00,BUY,1.17256,1.17214,1.17214,1.17341,0.00028,LOSS,SL,-4.2,1.2,-5.4,-6.14,-4.24,-1.283,53.43,0.001631,4.3,1.015,7.8,1.17257,0.00033,1.172043,1.170411
2025-09-29 09:15:00,2025-09-29 10:00:00,BUY,1.17227,1.17175,1.17175,1.1733,0.00034,LOSS,SL,-5.2,1.2,-6.4,-7.07,-5.17,-1.232,42.58,0.001473,5.2,1.005,3.0,1.17228,0.00036,1.172491,1.171018
2025-09-29 10:05:00,2025-09-29 10:15:00,BUY,1.17223,1.17328,1.17171,1.17328,0.00035,WIN,TP,10.5,1.1,9.4,8.67,10.47,1.79,45.87,0.001275,1.7,0.325,10.7,1.17225,0.00055,1.172411,1.171136
2025-09-29 10:35:00,2025-09-29 11:15:00,BUY,1.17258,1.17199,1.17199,1.17376,0.00039,LOSS,SL,-5.9,1.1,-7.0,-7.7,-5.9,-1.187,50.2,0.00127,7.8,1.323,6.5,1.17259,0.0006,1.172506,1.171236
2025-09-29 11:35:00,2025-09-29 14:25:00,BUY,1.17168,1.17098,1.17098,1.17308,0.00047,LOSS,SL,-7.0,1.1,-8.1,-8.79,-6.99,-1.157,41.15,0.001035,7.0,1.002,9.6,1.17169,0.00041,1.172384,1.171349
2025-09-29 14:35:00,2025-09-29 14:55:00,BUY,1.17127,1.17237,1.17072,1.17237,0.00037,WIN,TP,11.0,1.0,10.0,9.26,10.96,1.818,40.82,0.000421,0.8,0.146,18.4,1.17127,0.00041,1.171926,1.171505
2025-09-29 15:25:00,2025-09-29 15:35:00,BUY,1.17217,1.1736,1.17145,1.1736,0.00048,WIN,TP,14.3,1.0,13.3,12.63,14.33,1.86,52.58,0.00044,3.4,0.475,17.1,1.17218,0.00052,1.172004,1.171565
2025-09-29 17:00:00,2025-09-29 17:35:00,BUY,1.17407,1.17313,1.17313,1.17595,0.00063,LOSS,SL,-9.4,1.0,-10.4,-11.1,-9.4,-1.106,53.55,0.001181,10.5,1.117,4.1,1.17407,0.00067,1.173196,1.172015
2025-09-29 17:40:00,2025-09-29 18:10:00,BUY,1.17325,1.17243,1.17243,1.17489,0.00055,LOSS,SL,-8.2,1.0,-9.2,-9.89,-8.19,-1.122,44.03,0.001166,8.7,1.063,2.8,1.17323,0.00036,1.173303,1.172138
2025-09-29 18:20:00,2025-09-29 21:00:00,BUY,1.1728,1.17201,1.17201,1.17437,0.00052,LOSS,SL,-7.9,1.0,-8.9,-9.56,-7.86,-1.127,40.92,0.001007,8.2,1.044,6.4,1.1728,0.00052,1.17321,1.172203
2025-09-29 21:10:00,2025-09-29 21:45:00,BUY,1.17227,1.17315,1.17183,1.17315,0.00029,WIN,TP,8.8,1.2,7.6,6.85,8.75,1.726,42.62,0.00042,0.0,0.0,10.1,1.17233,0.00022,1.172759,1.172339
2025-09-29 22:05:00,2025-09-29 23:05:00,BUY,1.17278,1.17234,1.17234,1.17365,0.00029,LOSS,SL,-4.4,1.2,-5.6,-6.27,-4.37,-1.275,50.67,0.000405,4.7,1.076,4.1,1.17278,0.00042,1.172797,1.172392
2025-09-29 23:15:00,2025-09-30 00:00:00,BUY,1.17251,1.17214,1.17214,1.17326,0.00025,LOSS,SL,-3.7,1.5,-5.2,-5.93,-3.73,-1.402,40.85,0.000347,11.0,2.946,2.1,1.17247,0.00019,1.172793,1.172446
2025-09-30 00:10:00,2025-09-30 02:25:00,BUY,1.17236,1.17316,1.17196,1.17316,0.00027,WIN,TP,8.0,6.9,1.1,0.37,7.97,0.269,42.75,0.000219,0.5,0.125,8.0,1.17236,0.00011,1.172663,1.172444
2025-09-30 03:10:00,2025-09-30 03:30:00,BUY,1.17271,1.17238,1.17238,1.17338,0.00022,LOSS,SL,-3.3,1.2,-4.5,-5.24,-3.34,-1.359,44.55,0.000235,4.6,1.377,4.4,1.17273,0.0005,1.172772,1.172538
2025-09-30 04:10:00,2025-09-30 04:40:00,BUY,1.17251,1.17197,1.17197,1.17359,0.00036,LOSS,SL,-5.4,1.2,-6.6,-7.31,-5.41,-1.222,49.55,9.1e-05,6.1,1.127,0.5,1.17251,0.00059,1.172611,1.17252
2025-09-30 04:45:00,2025-09-30 04:55:00,BUY,1.17203,1.17151,1.17151,1.17306,0.00034,LOSS,SL,-5.2,1.2,-6.4,-7.05,-5.15,-1.233,40.44,2.4e-05,7.1,1.377,1.9,1.17202,0.00024,1.172527,1.172503
2025-09-30 05:20:00,2025-09-30 07:55:00,SELL,1.1723,1.17283,1.17283,1.17125,0.00035,LOSS,SL,-5.3,1.2,-6.5,-7.16,-5.26,-1.228,50.64,-9.1e-05,5.9,1.122,4.8,1.17224,0.00037,1.17237,1.172461
2025-09-30 10:45:00,2025-09-30 11:30:00,BUY,1.17404,1.17514,1.17349,1.17514,0.00037,WIN,TP,11.0,1.1,9.9,9.22,11.02,1.8,53.9,0.000665,1.7,0.309,14.2,1.17402,0.00061,1.173451,1.172787
2025-09-30 12:15:00,2025-09-30 13:10:00,BUY,1.17495,1.17434,1.17434,1.17618,0.00041,LOSS,SL,-6.1,1.1,-7.2,-7.95,-6.15,-1.179,52.98,0.001137,7.5,1.22,2.9,1.17495,0.00046,1.174295,1.173158
2025-09-30 13:15:00,2025-09-30 14:15:00,BUY,1.17434,1.17376,1.17376,1.1755,0.00039,LOSS,SL,-5.8,1.1,-6.9,-7.6,-5.8,-1.19,41.56,0.001132,6.6,1.138,5.4,1.17435,0.00048,1.174473,1.17334
2025-09-30 14:25:00,2025-09-30 15:35:00,BUY,1.1741,1.17355,1.17355,1.17519,0.00036,LOSS,SL,-5.5,1.0,-6.5,-7.17,-5.47,-1.183,42.92,0.000918,8.1,1.48,6.2,1.17406,0.00046,1.17438,1.173462
2025-09-30 16:00:00,2025-09-30 16:05:00,BUY,1.17369,1.17303,1.17303,1.17501,0.00044,LOSS,SL,-6.6,1.0,-7.6,-8.31,-6.61,-1.151,43.7,0.000589,16.5,2.496,2.6,1.17374,0.00046,1.174136,1.173546
2025-09-30 16:35:00,2025-09-30 17:05:00,BUY,1.17268,1.17426,1.17189,1.17426,0.00053,WIN,TP,15.8,1.0,14.8,14.09,15.79,1.873,40.58,0.000259,2.7,0.342,16.9,1.17267,0.00073,1.173735,1.173476
2025-09-30 17:25:00,2025-09-30 18:25:00,BUY,1.1738,1.17281,1.17281,1.17578,0.00066,LOSS,SL,-9.9,1.0,-10.9,-11.59,-9.89,-1.101,52.1,0.000229,12.4,1.254,14.5,1.17379,0.0009,1.173723,1.173494
2025-09-30 18:35:00,2025-09-30 19:30:00,BUY,1.17281,1.17463,1.1719,1.17463,0.00061,WIN,TP,18.2,1.0,17.2,16.52,18.22,1.89,40.08,0.000264,1.4,0.154,20.2,1.17286,0.00042,1.173831,1.173567
2025-09-30 20:50:00,2025-09-30 21:00:00,BUY,1.17503,1.17435,1.17435,1.17638,0.00045,LOSS,SL,-6.8,1.2,-8.0,-8.67,-6.77,-1.177,52.59,0.000689,6.9,1.02,1.3,1.17503,0.00053,1.174518,1.173829
2025-09-30 21:05:00,2025-09-30 21:30:00,BUY,1.17435,1.17369,1.17369,1.17567,0.00044,LOSS,SL,-6.6,1.2,-7.8,-8.51,-6.61,-1.181,41.5,0.000683,8.0,1.21,4.1,1.17434,0.00063,1.174537,1.173854
2025-09-30 21:40:00,2025-09-30 23:10:00,BUY,1.17403,1.17339,1.17339,1.17531,0.00043,LOSS,SL,-6.4,1.2,-7.6,-8.3,-6.4,-1.187,41.34,0.000578,7.0,1.093,3.4,1.17402,0.00048,1.174457,1.173879
2025-09-30 23:35:00,2025-10-01 00:00:00,BUY,1.17351,1.1731,1.1731,1.17432,0.00027,LOSS,SL,-4.1,1.5,-5.6,-6.25,-4.05,-1.37,41.24,0.000169,6.4,1.579,1.5,1.17354,0.00014,1.17403,1.17386
2025-10-01 00:10:00,2025-10-01 02:05:00,BUY,1.17335,1.17422,1.17292,1.17422,0.00029,WIN,TP,8.7,5.7,3.0,2.3,8.7,0.689,43.26,3.1e-05,3.1,0.713,8.8,1.17337,0.00046,1.173855,1.173824
2025-10-01 02:30:00,2025-10-01 03:00:00,SELL,1.17397,1.17325,1.17433,1.17325,0.00024,WIN,TP,7.2,1.2,6.0,5.26,7.16,1.665,59.92,-5.7e-05,0.0,0.0,9.8,1.17396,0.00017,1.173714,1.173771
2025-10-01 03:20:00,2025-10-01 04:40:00,SELL,1.1736,1.174,1.174,1.1728,0.00027,LOSS,SL,-4.0,1.2,-5.2,-5.89,-3.99,-1.301,50.76,-0.000112,4.3,1.078,6.0,1.17359,0.00053,1.173632,1.173744
2025-10-01 04:50:00,2025-10-01 07:10:00,SELL,1.17385,1.17427,1.17427,1.17301,0.00028,LOSS,SL,-4.2,1.2,-5.4,-6.12,-4.22,-1.284,55.41,-0.000106,4.3,1.019,6.2,1.17382,0.00026,1.173607,1.173714
2025-10-01 08:55:00,2025-10-01 09:35:00,BUY,1.17535,1.17641,1.17482,1.17641,0.00035,WIN,TP,10.6,1.2,9.4,8.74,10.64,1.775,54.2,0.000668,3.2,0.601,11.1,1.17535,0.00025,1.174686,1.174018
2025-10-01 10:25:00,2025-10-01 10:25:00,BUY,1.17651,1.17561,1.17561,1.17831,0.0006,LOSS,SL,-9.0,1.1,-10.1,-10.8,-9.0,-1.122,53.03,0.001222,11.2,1.244,1.5,1.1765,0.00091,1.175639,1.174417
2025-10-01 10:30:00,2025-10-01 10:40:00,BUY,1.17537,1.17448,1.17448,1.17716,0.0006,LOSS,SL,-8.9,1.1,-10.0,-10.75,-8.95,-1.123,41.63,0.001203,11.6,1.296,4.3,1.1754,0.00127,1.17563,1.174427
2025-10-01 10:50:00,2025-10-01 12:45:00,BUY,1.17501,1.17397,1.17397,1.17709,0.00069,LOSS,SL,-10.4,1.1,-11.5,-12.22,-10.42,-1.106,42.54,0.001093,13.5,1.296,15.7,1.175,0.0008,1.175545,1.174452
2025-10-01 14:15:00,2025-10-01 14:35:00,SELL,1.17309,1.17383,1.17383,1.17161,0.00049,LOSS,SL,-7.4,1.0,-8.4,-9.11,-7.41,-1.135,45.91,-0.000326,8.2,1.106,0.5,1.17308,0.00049,1.173976,1.174302
2025-10-01 14:40:00,2025-10-01 15:05:00,SELL,1.17388,1.17251,1.17457,1.17251,0.00046,WIN,TP,13.7,1.0,12.7,12.03,13.73,1.854,57.06,-0.000376,1.5,0.219,15.3,1.17385,0.00046,1.173886,1.174262
2025-10-01 15:25:00,2025-10-01 15:30:00,SELL,1.17497,1.17622,1.17622,1.17248,0.00083,LOSS,SL,-12.5,1.0,-13.5,-14.16,-12.46,-1.08,59.26,-0.000356,14.5,1.164,2.8,1.17497,0.00149,1.173865,1.174221
2025-10-01 15:40:00,2025-10-01 17:00:00,SELL,1.17499,1.17633,1.17633,1.17231,0.00089,LOSS,SL,-13.4,1.0,-14.4,-15.12,-13.42,-1.075,57.76,-0.000231,13.9,1.036,6.5,1.17499,0.00095,1.17402,1.174251
2025-10-01 17:10:00,2025-10-01 17:20:00,BUY,1.17513,1.17382,1.17382,1.17775,0.00087,LOSS,SL,-13.1,1.0,-14.1,-14.82,-13.12,-1.076,50.32,0.000316,16.9,1.288,1.2,1.17511,0.00111,1.174766,1.174451
2025-10-01 17:25:00,2025-10-01 17:45:00,BUY,1.17439,1.17312,1.17312,1.17694,0.00085,LOSS,SL,-12.7,1.0,-13.7,-14.44,-12.74,-1.078,44.43,0.000263,12.8,1.005,12.7,1.17437,0.00095,1.174708,1.174445
2025-10-01 17:50:00,2025-10-01 18:15:00,BUY,1.1745,1.1731,1.1731,1.1773,0.00093,LOSS,SL,-14.0,1.0,-15.0,-15.7,-14.0,-1.071,45.41,0.000289,20.8,1.486,7.4,1.1745,0.00255,1.17476,1.174472
2025-10-01 20:05:00,2025-10-01 21:15:00,SELL,1.17278,1.17367,1.17367,1.17101,0.00059,LOSS,SL,-8.9,1.2,-10.1,-10.77,-8.87,-1.135,50.34,-0.000753,9.3,1.048,6.7,1.17279,0.00055,1.173288,1.174041
2025-10-01 22:00:00,2025-10-02 05:10:00,SELL,1.17353,1.17415,1.17415,1.1723,0.00041,LOSS,SL,-6.2,1.2,-7.4,-8.06,-6.16,-1.195,54.29,-0.00058,6.7,1.088,11.4,1.1735,0.00038,1.17329,1.17387
2025-10-02 05:25:00,2025-10-02 09:00:00,SELL,1.17371,1.17414,1.17414,1.17285,0.00029,LOSS,SL,-4.3,1.2,-5.5,-6.22,-4.32,-1.278,55.88,-0.000148,5.5,1.273,7.9,1.17371,0.00026,1.173345,1.173493
2025-10-02 09:20:00,2025-10-02 09:35:00,SELL,1.17388,1.17434,1.17434,1.17296,0.00031,LOSS,SL,-4.6,1.2,-5.8,-6.52,-4.62,-1.26,57.05,-8e-06,6.0,1.299,2.9,1.17388,0.00043,1.173494,1.173502
2025-10-02 09:45:00,2025-10-02 10:00:00,BUY,1.17369,1.1748,1.17314,1.1748,0.00037,WIN,TP,11.1,1.1,10.0,9.27,11.07,1.801,51.69,4.2e-05,2.8,0.506,11.6,1.17373,0.00058,1.173562,1.17352
2025-10-02 11:35:00,2025-10-02 15:40:00,BUY,1.17502,1.17443,1.17443,1.1762,0.00039,LOSS,SL,-5.9,1.1,-7.0,-7.68,-5.88,-1.187,54.31,0.000612,12.3,2.091,8.3,1.17504,0.00059,1.174418,1.173806
2025-10-02 16:10:00,2025-10-02 16:15:00,BUY,1.17431,1.17363,1.17363,1.17567,0.00045,LOSS,SL,-6.8,1.0,-7.8,-8.49,-6.79,-1.147,43.0,0.000508,9.4,1.384,0.0,1.17432,0.00044,1.174832,1.174324
2025-10-02 16:30:00,2025-10-02 16:35:00,BUY,1.17405,1.17336,1.17336,1.17542,0.00046,LOSS,SL,-6.9,1.0,-7.9,-8.56,-6.86,-1.146,42.4,0.000389,8.6,1.254,3.6,1.17408,0.00037,1.174698,1.174308
2025-10-02 19:10:00,2025-10-02 19:50:00,SELL,1.17019,1.17115,1.17115,1.16828,0.00064,LOSS,SL,-9.6,1.2,-10.8,-11.47,-9.57,-1.125,45.59,-0.001694,9.8,1.024,0.4,1.1702,0.00062,1.171641,1.173334
2025-10-02 19:55:00,2025-10-02 20:05:00,SELL,1.17105,1.17181,1.17181,1.16954,0.0005,LOSS,SL,-7.6,1.2,-8.8,-9.46,-7.56,-1.159,55.52,-0.001735,7.9,1.045,0.0,1.17105,0.00033,1.171378,1.173112
2025-10-02 20:15:00,2025-10-02 21:55:00,SELL,1.17146,1.17217,1.17217,1.17004,0.00047,LOSS,SL,-7.1,1.2,-8.3,-9.01,-7.11,-1.169,58.96,-0.001653,7.6,1.069,2.4,1.17145,0.00034,1.171396,1.173049
2025-10-02 22:35:00,2025-10-03 00:00:00,SELL,1.17217,1.17132,1.17259,1.17132,0.00028,WIN,TP,8.5,1.2,7.3,6.59,8.49,1.717,57.25,-0.00097,2.0,0.471,10.2,1.17218,0.0002,1.171812,1.172782
2025-10-03 00:20:00,2025-10-03 01:00:00,SELL,1.17155,1.17197,1.17197,1.17071,0.00028,LOSS,SL,-4.2,3.1,-7.3,-8.0,-4.2,-1.737,46.03,-0.000842,5.5,1.308,1.5,1.17154,0.0002,1.17174,1.172582
2025-10-03 01:05:00,2025-10-03 02:30:00,SELL,1.17193,1.17232,1.17232,1.17115,0.00026,LOSS,SL,-3.9,1.5,-5.4,-6.1,-3.9,-1.385,56.93,-0.000778,4.1,1.052,2.6,1.17197,0.00052,1.171728,1.172505
2025-10-03 03:05:00,2025-10-03 04:00:00,SELL,1.1722,1.1725,1.1725,1.17161,0.0002,LOSS,SL,-3.0,1.2,-4.2,-4.87,-2.97,-1.404,51.33,-0.000439,4.6,1.547,3.4,1.17214,0.00041,1.171975,1.172415
2025-10-03 04:10:00,2025-10-03 04:25:00,SELL,1.17249,1.17166,1.1729,1.17166,0.00028,WIN,TP,8.3,1.2,7.1,6.39,8.29,1.711,57.76,-0.000289,0.3,0.072,8.9,1.17249,0.00086,1.172112,1.172401
2025-10-03 04:40:00,2025-10-03 04:45:00,SELL,1.17203,1.17246,1.17246,1.17116,0.00029,LOSS,SL,-4.3,1.2,-5.5,-6.23,-4.33,-1.277,46.6,-0.000297,6.0,1.385,0.1,1.17202,0.00033,1.172078,1.172375
2025-10-03 05:00:00,2025-10-03 07:55:00,SELL,1.17264,1.17176,1.17308,1.17176,0.00029,WIN,TP,8.8,1.2,7.6,6.9,8.8,1.727,59.26,-0.00023,1.9,0.432,8.8,1.17263,0.00027,1.172153,1.172383
2025-10-03 08:40:00,2025-10-03 09:05:00,SELL,1.17191,1.17234,1.17234,1.17106,0.00028,LOSS,SL,-4.3,1.2,-5.5,-6.15,-4.25,-1.282,45.22,-0.000176,6.3,1.482,4.1,1.17192,0.00031,1.172149,1.172326
2025-10-03 09:10:00,2025-10-03 09:30:00,SELL,1.17231,1.17279,1.17279,1.17135,0.00032,LOSS,SL,-4.8,1.2,-6.0,-6.7,-4.8,-1.25,57.06,-0.000201,5.8,1.208,2.6,1.17232,0.00073,1.172101,1.172302
2025-10-03 09:35:00,2025-10-03 10:35:00,SELL,1.17257,1.17309,1.17309,1.17153,0.00035,LOSS,SL,-5.2,1.1,-6.3,-7.02,-5.22,-1.211,59.42,-0.000157,5.8,1.111,8.2,1.17255,0.00074,1.172148,1.172305
2025-10-03 10:50:00,2025-10-03 11:00:00,SELL,1.17283,1.17338,1.17338,1.17172,0.00037,LOSS,SL,-5.5,1.1,-6.6,-7.34,-5.54,-1.199,59.85,-1.6e-05,8.3,1.499,0.3,1.17283,0.00038,1.172312,1.172328
2025-10-03 12:05:00,2025-10-03 15:35:00,BUY,1.17346,1.17288,1.17288,1.17463,0.00039,LOSS,SL,-5.8,1.1,-6.9,-7.63,-5.83,-1.189,53.28,0.000416,7.4,1.27,8.5,1.17346,0.00067,1.172929,1.172513
2025-10-03 15:40:00,2025-10-03 17:00:00,BUY,1.17321,1.1745,1.17257,1.1745,0.00043,WIN,TP,12.9,1.0,11.9,11.19,12.89,1.845,40.95,0.000572,1.4,0.217,18.7,1.17319,0.00084,1.173459,1.172887
2025-10-03 17:30:00,2025-10-03 20:50:00,BUY,1.17424,1.17329,1.17329,1.17615,0.00064,LOSS,SL,-9.5,1.0,-10.5,-11.23,-9.53,-1.105,53.16,0.000717,10.8,1.133,6.6,1.17425,0.00074,1.173832,1.173115
2025-10-03 21:25:00,2025-10-06 00:00:00,BUY,1.17339,1.17284,1.17284,1.17448,0.00036,LOSS,SL,-5.5,1.2,-6.7,-7.35,-5.45,-1.22,42.58,0.000414,20.2,3.704,10.0,1.1734,0.00039,1.173847,1.173433
2025-10-06 00:50:00,2025-10-06 01:05:00,BUY,1.17274,1.17201,1.17201,1.1742,0.00049,LOSS,SL,-7.3,4.0,-11.3,-12.01,-7.31,-1.547,41.96,5e-06,11.4,1.559,1.1,1.17273,0.0006,1.173479,1.173474
2025-10-06 03:05:00,2025-10-06 04:50:00,SELL,1.17165,1.17232,1.17232,1.17032,0.00044,LOSS,SL,-6.7,1.2,-7.9,-8.56,-6.66,-1.18,51.07,-0.000889,8.5,1.276,6.7,1.17165,0.00073,1.172117,1.173005
2025-10-06 06:50:00,2025-10-06 08:10:00,SELL,1.17262,1.17184,1.17301,1.17184,0.00026,WIN,TP,7.8,1.2,6.6,5.88,7.78,1.691,52.41,-0.00034,1.4,0.36,8.8,1.17263,0.00037,1.172388,1.172728
2025-10-06 10:20:00,2025-10-06 10:40:00,SELL,1.17077,1.1693,1.17151,1.1693,0.00049,WIN,TP,14.7,1.1,13.6,12.91,14.71,1.85,48.7,-0.000951,4.6,0.625,40.2,1.17076,0.00071,1.171305,1.172257
2025-10-06 13:00:00,2025-10-06 14:30:00,SELL,1.16665,1.16758,1.16758,1.16478,0.00062,LOSS,SL,-9.3,1.1,-10.4,-11.13,-9.33,-1.118,45.36,-0.002767,10.8,1.157,14.1,1.16664,0.00048,1.168043,1.170809
2025-10-06 14:50:00,2025-10-06 15:00:00,SELL,1.16724,1.16791,1.16791,1.1659,0.00045,LOSS,SL,-6.7,1.0,-7.7,-8.38,-6.68,-1.15,56.23,-0.002726,8.2,1.227,0.3,1.16722,0.00035,1.167244,1.16997
2025-10-06 15:05:00,2025-10-06 15:10:00,SELL,1.16746,1.16817,1.16817,1.16603,0.00048,LOSS,SL,-7.1,1.0,-8.1,-8.84,-7.14,-1.14,58.81,-0.002624,10.3,1.442,1.4,1.16746,0.00078,1.167273,1.169897
2025-10-06 15:25:00,2025-10-06 15:35:00,SELL,1.16759,1.16835,1.16835,1.16608,0.0005,LOSS,SL,-7.6,1.0,-8.6,-9.27,-7.57,-1.132,57.07,-0.002461,9.2,1.215,0.7,1.16761,0.00056,1.167356,1.169816
2025-10-06 16:35:00,2025-10-06 16:40:00,SELL,1.16848,1.16924,1.16924,1.16696,0.00051,LOSS,SL,-7.6,1.0,-8.6,-9.3,-7.6,-1.132,54.34,-0.001713,12.7,1.67,0.3,1.16848,0.00073,1.167963,1.169676
2025-10-06 18:30:00,2025-10-06 22:35:00,SELL,1.17093,1.17166,1.17166,1.16946,0.00049,LOSS,SL,-7.3,1.0,-8.3,-9.05,-7.35,-1.136,59.92,-0.000255,7.6,1.035,6.6,1.17094,0.00027,1.169604,1.16986
2025-10-06 22:55:00,2025-10-06 23:00:00,BUY,1.17137,1.17097,1.17097,1.17217,0.00027,LOSS,SL,-4.0,1.2,-5.2,-5.89,-3.99,-1.301,52.63,0.000647,6.4,1.605,0.0,1.17136,0.00026,1.171016,1.170368
2025-10-06 23:05:00,2025-10-07 00:00:00,BUY,1.17114,1.17074,1.17074,1.17195,0.00027,LOSS,SL,-4.0,1.6,-5.6,-6.35,-4.05,-1.395,46.57,0.000638,14.3,3.531,1.9,1.17113,0.00042,1.171021,1.170382
2025-10-07 00:10:00,2025-10-07 03:00:00,BUY,1.17113,1.17061,1.17061,1.17218,0.00035,LOSS,SL,-5.2,1.8,-7.0,-7.73,-5.23,-1.344,49.91,0.000574,6.2,1.184,3.9,1.17113,0.00068,1.171041,1.170467
2025-10-07 03:20:00,2025-10-07 03:35:00,BUY,1.17098,1.17059,1.17059,1.17176,0.00026,LOSS,SL,-3.9,1.2,-5.1,-5.8,-3.9,-1.308,50.63,0.000345,5.1,1.308,1.3,1.17096,0.00039,1.170972,1.170628
2025-10-07 04:00:00,2025-10-07 04:05:00,BUY,1.17084,1.17041,1.17041,1.17169,0.00028,LOSS,SL,-4.3,1.2,-5.5,-6.17,-4.27,-1.281,51.06,0.000253,6.2,1.453,0.6,1.17084,0.00037,1.170883,1.17063
2025-10-07 04:10:00,2025-10-07 04:35:00,BUY,1.17048,1.17006,1.17006,1.17133,0.00028,LOSS,SL,-4.2,1.2,-5.4,-6.15,-4.25,-1.283,42.06,0.000224,7.1,1.672,3.3,1.17048,0.00032,1.17085,1.170626
2025-10-07 05:15:00,2025-10-07 06:45:00,SELL,1.17029,1.17071,1.17071,1.16946,0.00028,LOSS,SL,-4.2,1.2,-5.4,-6.06,-4.16,-1.289,48.81,-2.2e-05,4.4,1.058,3.5,1.17028,0.00057,1.170541,1.170564
2025-10-07 06:50:00,2025-10-07 07:40:00,SELL,1.17058,1.16985,1.17094,1.16985,0.00024,WIN,TP,7.3,1.2,6.1,5.35,7.25,1.669,55.03,-7e-05,1.6,0.441,7.3,1.17057,0.00018,1.170461,1.170531
2025-10-07 11:05:00,2025-10-07 11:45:00,SELL,1.16798,1.16679,1.16857,1.16679,0.0004,WIN,TP,11.9,1.1,10.8,10.09,11.89,1.815,45.17,-0.001107,3.5,0.589,13.1,1.16799,0.00042,1.168759,1.169866
2025-10-07 13:10:00,2025-10-07 14:25:00,SELL,1.16709,1.16593,1.16767,1.16593,0.00039,WIN,TP,11.6,1.1,10.5,9.83,11.63,1.811,52.56,-0.001689,5.1,0.877,13.6,1.16709,0.00068,1.167515,1.169204
2025-10-07 15:00:00,2025-10-07 16:05:00,SELL,1.16623,1.16682,1.16682,1.16506,0.00039,LOSS,SL,-5.9,1.0,-6.9,-7.55,-5.85,-1.171,45.09,-0.001749,8.2,1.402,8.8,1.16623,0.00057,1.166951,1.1687
2025-10-07 16:10:00,2025-10-07 17:35:00,SELL,1.16686,1.16547,1.16756,1.16547,0.00046,WIN,TP,13.9,1.0,12.9,12.24,13.94,1.857,57.52,-0.001695,1.3,0.186,14.1,1.16686,0.00032,1.166694,1.168389
2025-10-07 17:55:00,2025-10-07 18:05:00,SELL,1.16599,1.16667,1.16667,1.16462,0.00046,LOSS,SL,-6.8,1.0,-7.8,-8.55,-6.85,-1.146,47.66,-0.001622,9.1,1.329,0.3,1.16597,0.00037,1.166338,1.167959
2025-10-07 18:10:00,2025-10-07 18:15:00,SELL,1.16673,1.16743,1.16743,1.16532,0.00047,LOSS,SL,-7.0,1.0,-8.0,-8.74,-7.04,-1.142,59.48,-0.001557,7.6,1.079,0.4,1.16674,0.00044,1.166359,1.167917
2025-10-07 18:35:00,2025-10-07 18:40:00,SELL,1.16699,1.16766,1.16766,1.16565,0.00045,LOSS,SL,-6.7,1.0,-7.7,-8.42,-6.72,-1.149,58.61,-0.001371,8.2,1.22,0.4,1.16699,0.00063,1.166511,1.167882
2025-10-07 19:00:00,2025-10-07 19:10:00,SELL,1.16733,1.168,1.168,1.166,0.00044,LOSS,SL,-6.7,1.2,-7.9,-8.56,-6.66,-1.18,58.53,-0.00117,8.0,1.201,0.8,1.16733,0.00034,1.166695,1.167864
2025-10-07 19:30:00,2025-10-07 21:30:00,SELL,1.1676,1.16628,1.16826,1.16628,0.00044,WIN,TP,13.2,1.2,12.0,11.31,13.21,1.818,59.56,-0.000947,3.3,0.5,14.9,1.16761,0.00043,1.166907,1.167854
2025-10-07 23:40:00,2025-10-08 01:05:00,SELL,1.16552,1.16593,1.16593,1.16471,0.00027,LOSS,SL,-4.1,1.4,-5.5,-6.16,-4.06,-1.345,47.49,-0.00125,5.5,1.354,5.6,1.16547,0.00021,1.165916,1.167166
2025-10-08 01:20:00,2025-10-08 03:00:00,SELL,1.16582,1.16507,1.16619,1.16507,0.00025,WIN,TP,7.5,2.7,4.8,4.06,7.46,1.277,55.02,-0.001103,2.3,0.616,8.5,1.1658,0.00018,1.165792,1.166895
2025-10-08 06:50:00,2025-10-08 08:05:00,SELL,1.16239,1.1615,1.16283,1.1615,0.0003,WIN,TP,8.9,1.2,7.7,6.96,8.86,1.729,46.57,-0.002158,1.4,0.316,11.5,1.16241,0.00024,1.163181,1.165339
2025-10-08 08:35:00,2025-10-08 09:15:00,SELL,1.1618,1.16089,1.16226,1.16089,0.0003,WIN,TP,9.1,1.2,7.9,7.21,9.11,1.737,46.96,-0.002272,2.5,0.549,10.6,1.16182,0.00049,1.162408,1.16468
2025-10-08 09:45:00,2025-10-08 10:00:00,SELL,1.16123,1.16182,1.16182,1.16006,0.00039,LOSS,SL,-5.9,1.1,-7.0,-7.67,-5.87,-1.187,45.35,-0.002318,6.0,1.022,1.5,1.16125,0.00056,1.16192,1.164238
2025-10-08 10:05:00,2025-10-08 10:35:00,SELL,1.16159,1.1622,1.1622,1.16038,0.0004,LOSS,SL,-6.1,1.1,-7.2,-7.86,-6.06,-1.182,51.92,-0.00226,10.8,1.783,4.3,1.16161,0.00055,1.161875,1.164135
2025-10-08 11:25:00,2025-10-08 12:40:00,SELL,1.16247,1.16102,1.1632,1.16102,0.00048,WIN,TP,14.5,1.1,13.4,12.72,14.52,1.848,52.65,-0.001686,3.8,0.523,15.9,1.16247,0.00072,1.162208,1.163894
2025-10-08 13:05:00,2025-10-08 13:20:00,SELL,1.16142,1.16221,1.16221,1.15983,0.00053,LOSS,SL,-7.9,1.1,-9.0,-9.73,-7.93,-1.139,45.8,-0.001606,9.1,1.148,2.2,1.16143,0.00062,1.161892,1.163498
2025-10-08 13:25:00,2025-10-08 13:45:00,SELL,1.16231,1.16311,1.16311,1.16072,0.00053,LOSS,SL,-8.0,1.1,-9.1,-9.76,-7.96,-1.138,57.94,-0.001542,8.6,1.081,1.7,1.16231,0.00063,1.161893,1.163435
2025-10-08 14:20:00,2025-10-08 15:30:00,SELL,1.163,1.1637,1.1637,1.1616,0.00047,LOSS,SL,-7.0,1.0,-8.0,-8.7,-7.0,-1.143,59.67,-0.001105,8.2,1.171,5.5,1.16298,0.00029,1.162281,1.163386
2025-10-08 15:40:00,2025-10-08 16:05:00,SELL,1.16311,1.1638,1.1638,1.16173,0.00046,LOSS,SL,-6.9,1.0,-7.9,-8.6,-6.9,-1.145,53.78,-0.000677,7.2,1.044,0.6,1.16313,0.00066,1.162659,1.163336
2025-10-08 16:25:00,2025-10-08 18:00:00,SELL,1.16333,1.16185,1.16407,1.16185,0.00049,WIN,TP,14.8,1.0,13.8,13.1,14.8,1.865,51.35,-0.000428,5.5,0.743,16.6,1.16331,0.00106,1.162925,1.163353
2025-10-08 20:25:00,2025-10-08 21:15:00,SELL,1.16066,1.16117,1.16117,1.15965,0.00034,LOSS,SL,-5.1,1.2,-6.3,-6.97,-5.07,-1.236,45.22,-0.001285,10.4,2.05,7.2,1.16067,0.0002,1.161374,1.16266
2025-10-08 21:20:00,2025-10-08 21:25:00,SELL,1.16079,1.16147,1.16147,1.15943,0.00045,LOSS,SL,-6.8,1.2,-8.0,-8.7,-6.8,-1.177,52.86,-0.001365,7.9,1.163,3.1,1.1608,0.00164,1.161073,1.162438
2025-10-08 23:30:00,2025-10-08 23:50:00,SELL,1.16266,1.16312,1.16312,1.16173,0.00031,LOSS,SL,-4.6,2.7,-7.3,-8.04,-4.64,-1.582,59.62,-0.000463,4.7,1.013,1.2,1.16266,0.0005,1.16195,1.162413
2025-10-09 00:00:00,2025-10-09 00:50:00,SELL,1.16231,1.16277,1.16277,1.16138,0.00031,LOSS,SL,-4.6,9.9,-14.5,-15.24,-4.64,-3.135,59.2,-0.000305,4.8,1.035,5.4,1.16278,0.00029,1.16213,1.162435
2025-10-09 01:00:00,2025-10-09 01:10:00,SELL,1.16276,1.16334,1.16334,1.1616,0.00039,LOSS,SL,-5.8,2.7,-8.5,-9.19,-5.79,-1.467,59.51,-0.000192,6.1,1.054,0.6,1.16274,0.00014,1.162238,1.16243
2025-10-09 02:25:00,2025-10-09 03:20:00,BUY,1.16286,1.16358,1.1625,1.16358,0.00024,WIN,TP,7.2,1.2,6.0,5.26,7.16,1.665,45.93,0.000165,0.5,0.14,8.9,1.16289,0.0004,1.162718,1.162553
2025-10-09 04:50:00,2025-10-09 05:45:00,BUY,1.16381,1.16466,1.16338,1.16466,0.00028,WIN,TP,8.5,1.2,7.3,6.62,8.52,1.718,50.71,0.000611,0.0,0.0,9.8,1.1638,0.00024,1.163448,1.162836
2025-10-09 06:10:00,2025-10-09 08:55:00,BUY,1.16433,1.16392,1.16392,1.16514,0.00027,LOSS,SL,-4.1,1.2,-5.3,-5.96,-4.06,-1.295,54.93,0.000805,5.3,1.304,5.1,1.16436,0.00028,1.163855,1.16305
2025-10-09 12:00:00,2025-10-09 12:00:00,SELL,1.16122,1.16203,1.16203,1.1596,0.00054,LOSS,SL,-8.1,1.1,-9.2,-9.88,-8.08,-1.136,45.79,-0.000805,12.2,1.51,1.0,1.16121,0.00094,1.162069,1.162874
2025-10-09 12:10:00,2025-10-09 12:35:00,SELL,1.16156,1.1624,1.1624,1.15988,0.00056,LOSS,SL,-8.4,1.1,-9.5,-10.19,-8.39,-1.131,50.45,-0.000799,10.1,1.204,4.8,1.16155,0.0009,1.162056,1.162855
2025-10-09 12:40:00,2025-10-09 15:20:00,SELL,1.1623,1.16075,1.16308,1.16075,0.00052,WIN,TP,15.5,1.1,14.4,13.74,15.54,1.858,59.22,-0.000766,4.4,0.566,18.1,1.16231,0.0005,1.162036,1.162802
2025-10-09 15:35:00,2025-10-09 16:05:00,SELL,1.1614,1.16211,1.16211,1.15999,0.00047,LOSS,SL,-7.1,1.0,-8.1,-8.77,-7.07,-1.141,49.68,-0.000809,9.3,1.315,5.6,1.16141,0.00085,1.161657,1.162465
2025-10-09 16:15:00,2025-10-09 16:40:00,SELL,1.16148,1.15963,1.16241,1.15963,0.00062,WIN,TP,18.5,1.0,17.5,16.84,18.54,1.892,52.34,-0.000826,2.3,0.248,23.5,1.1615,0.00127,1.161546,1.162373
2025-10-09 20:10:00,2025-10-09 21:50:00,SELL,1.15613,1.15445,1.15697,1.15445,0.00056,WIN,TP,16.8,1.2,15.6,14.86,16.76,1.857,46.84,-0.003055,5.1,0.608,19.5,1.15614,0.0007,1.157405,1.16046
2025-10-09 22:25:00,2025-10-09 22:35:00,SELL,1.1554,1.15598,1.15598,1.15424,0.00039,LOSS,SL,-5.8,1.2,-7.0,-7.69,-5.79,-1.207,46.61,-0.003151,6.2,1.071,1.1,1.15539,0.00035,1.156164,1.159315
2025-10-09 22:40:00,2025-10-09 23:30:00,SELL,1.15602,1.15659,1.15659,1.15487,0.00038,LOSS,SL,-5.7,1.2,-6.9,-7.65,-5.75,-1.209,58.26,-0.003095,6.0,1.044,3.3,1.15601,0.00038,1.156114,1.159209
2025-10-09 23:40:00,2025-10-10 00:00:00,SELL,1.15621,1.15521,1.15671,1.15521,0.00033,WIN,TP,10.0,1.4,8.6,7.87,9.97,1.719,55.71,-0.002717,2.7,0.542,18.6,1.1562,0.00042,1.156151,1.158868
2025-10-10 00:10:00,2025-10-10 01:00:00,SELL,1.15586,1.15653,1.15653,1.15451,0.00045,LOSS,SL,-6.7,3.5,-10.2,-10.94,-6.74,-1.519,46.76,-0.002564,7.8,1.158,1.8,1.15586,0.00093,1.156144,1.158708
2025-10-10 01:05:00,2025-10-10 03:50:00,SELL,1.15626,1.15679,1.15679,1.15521,0.00035,LOSS,SL,-5.3,1.6,-6.9,-7.57,-5.27,-1.304,52.53,-0.002268,7.3,1.385,5.9,1.15625,0.00042,1.156184,1.158451
2025-10-10 04:00:00,2025-10-10 04:05:00,SELL,1.15672,1.15714,1.15714,1.15588,0.00028,LOSS,SL,-4.2,1.2,-5.4,-6.12,-4.22,-1.285,58.57,-0.001497,4.3,1.019,1.9,1.15672,0.00036,1.156334,1.157831
2025-10-10 04:10:00,2025-10-10 05:15:00,SELL,1.15665,1.15709,1.15709,1.15578,0.00029,LOSS,SL,-4.4,1.2,-5.6,-6.27,-4.37,-1.275,54.46,-0.001444,4.5,1.03,4.0,1.15662,0.00053,1.156364,1.157809
2025-10-10 05:20:00,2025-10-10 08:05:00,SELL,1.15703,1.15749,1.15749,1.15611,0.00031,LOSS,SL,-4.6,1.2,-5.8,-6.5,-4.6,-1.261,58.32,-0.001132,5.0,1.087,3.3,1.15702,0.00018,1.156541,1.157674
2025-10-10 08:15:00,2025-10-10 08:20:00,SELL,1.15732,1.15769,1.15769,1.15658,0.00025,LOSS,SL,-3.7,1.2,-4.9,-5.58,-3.68,-1.326,55.74,-0.000519,4.1,1.114,0.0,1.15733,0.00024,1.156988,1.157507
2025-10-10 08:30:00,2025-10-10 09:05:00,SELL,1.15745,1.15668,1.15784,1.15668,0.00026,WIN,TP,7.7,1.2,6.5,5.85,7.75,1.69,55.85,-0.000454,3.3,0.852,8.1,1.15745,0.00033,1.157055,1.15751
2025-10-10 09:15:00,2025-10-10 09:50:00,SELL,1.15704,1.15611,1.15751,1.15611,0.00031,WIN,TP,9.3,1.2,8.1,7.42,9.32,1.743,46.11,-0.000383,4.0,0.858,9.5,1.15704,0.00045,1.157102,1.157485
2025-10-10 09:55:00,2025-10-10 09:55:00,SELL,1.15683,1.15748,1.15748,1.15553,0.00043,LOSS,SL,-6.5,1.1,-7.6,-8.3,-6.5,-1.169,46.81,-0.000423,6.5,1.0,0.0,1.15684,0.00096,1.157007,1.15743
2025-10-10 10:00:00,2025-10-10 10:50:00,SELL,1.15706,1.15776,1.15776,1.15567,0.00046,LOSS,SL,-7.0,1.1,-8.1,-8.76,-6.96,-1.158,51.12,-0.000417,7.0,1.006,6.8,1.15706,0.00065,1.157009,1.157426
2025-10-10 10:55:00,2025-10-10 11:10:00,SELL,1.15764,1.15835,1.15835,1.15621,0.00048,LOSS,SL,-7.1,1.1,-8.2,-8.94,-7.14,-1.154,58.15,-0.000301,10.1,1.415,1.1,1.15765,0.00039,1.15711,1.157411
2025-10-10 11:55:00,2025-10-10 12:15:00,BUY,1.15798,1.15733,1.15733,1.15928,0.00043,LOSS,SL,-6.5,1.1,-7.6,-8.32,-6.52,-1.169,51.88,7.4e-05,8.7,1.333,1.4,1.15799,0.00043,1.157594,1.157519
2025-10-10 12:25:00,2025-10-10 14:30:00,BUY,1.1573,1.15671,1.15671,1.15848,0.00039,LOSS,SL,-5.9,1.1,-7.0,-7.7,-5.9,-1.186,41.31,6e-05,11.0,1.863,10.6,1.15731,0.00033,1.15758,1.157521
2025-10-10 15:05:00,2025-10-10 15:15:00,SELL,1.15677,1.15745,1.15745,1.1554,0.00046,LOSS,SL,-6.8,1.0,-7.8,-8.55,-6.85,-1.146,45.19,-0.000191,8.5,1.242,1.8,1.15676,0.00095,1.157247,1.157438
2025-10-10 15:20:00,2025-10-10 17:55:00,SELL,1.15744,1.15811,1.15811,1.1561,0.00045,LOSS,SL,-6.7,1.0,-7.7,-8.38,-6.68,-1.15,55.71,-0.000193,8.2,1.227,12.2,1.15746,0.00046,1.157236,1.157429
2025-10-10 19:20:00,2025-10-13 01:05:00,BUY,1.16088,1.15962,1.15962,1.16339,0.00084,LOSS,SL,-12.6,1.2,-13.8,-14.45,-12.55,-1.096,54.85,0.001294,14.2,1.131,19.5,1.16088,0.00131,1.159266,1.157972
2025-10-13 01:35:00,2025-10-13 03:50:00,BUY,1.15973,1.16133,1.15893,1.16133,0.00053,WIN,TP,16.0,2.7,13.3,12.64,16.04,1.663,40.06,0.001137,0.0,0.0,16.8,1.15973,0.00037,1.160562,1.159425
2025-10-13 05:45:00,2025-10-13 08:50:00,BUY,1.16188,1.16134,1.16134,1.16296,0.00036,LOSS,SL,-5.4,1.2,-6.6,-7.3,-5.4,-1.222,54.14,0.001212,6.2,1.149,6.4,1.16187,0.00016,1.161322,1.16011
2025-10-13 09:05:00,2025-10-13 09:15:00,BUY,1.16163,1.16254,1.16117,1.16254,0.0003,WIN,TP,9.1,1.2,7.9,7.25,9.15,1.738,44.63,0.001078,2.4,0.525,12.5,1.16164,0.00037,1.161792,1.160714
2025-10-13 09:40:00,2025-10-13 09:50:00,BUY,1.1621,1.16148,1.16148,1.16334,0.00041,LOSS,SL,-6.2,1.1,-7.3,-8.01,-6.21,-1.177,50.84,0.001107,8.0,1.288,8.0,1.16211,0.00057,1.161933,1.160825
2025-10-13 09:55:00,2025-10-13 10:00:00,BUY,1.16145,1.1607,1.1607,1.16294,0.0005,LOSS,SL,-7.5,1.1,-8.6,-9.26,-7.46,-1.148,42.42,0.001077,8.2,1.1,1.7,1.16147,0.00078,1.161936,1.160859
2025-10-13 10:25:00,2025-10-13 10:45:00,BUY,1.16095,1.16015,1.16015,1.16256,0.00054,LOSS,SL,-8.0,1.1,-9.1,-9.83,-8.03,-1.137,42.18,0.00084,8.2,1.021,3.9,1.16097,0.00055,1.161697,1.160857
2025-10-13 11:05:00,2025-10-13 11:15:00,BUY,1.16037,1.15955,1.15955,1.162,0.00054,LOSS,SL,-8.2,1.1,-9.3,-9.95,-8.15,-1.135,40.46,0.000537,10.4,1.275,0.3,1.16037,0.00059,1.161368,1.160831
2025-10-13 12:15:00,2025-10-13 14:35:00,SELL,1.15946,1.15794,1.16022,1.15794,0.00051,WIN,TP,15.2,1.1,14.1,13.41,15.21,1.855,46.31,-0.000232,3.6,0.474,18.4,1.15947,0.00053,1.160367,1.160599
2025-10-13 16:10:00,2025-10-14 03:00:00,SELL,1.15726,1.15564,1.15807,1.15564,0.00054,WIN,TP,16.2,1.0,15.2,14.46,16.16,1.876,48.01,-0.001565,7.0,0.866,17.1,1.15724,0.00088,1.158068,1.159633
2025-10-14 04:00:00,2025-10-14 04:05:00,SELL,1.15609,1.15653,1.15653,1.1552,0.0003,LOSS,SL,-4.4,1.2,-5.6,-6.33,-4.43,-1.271,45.4,-0.00102,5.6,1.263,0.3,1.15608,0.00039,1.156491,1.15751
2025-10-14 04:10:00,2025-10-14 04:20:00,SELL,1.15661,1.15707,1.15707,1.1557,0.0003,LOSS,SL,-4.6,1.2,-5.8,-6.45,-4.55,-1.264,58.53,-0.001,4.9,1.076,1.6,1.15661,0.0004,1.15649,1.15749
2025-10-14 05:25:00,2025-10-14 05:50:00,SELL,1.15707,1.15743,1.15743,1.15635,0.00024,LOSS,SL,-3.6,1.2,-4.8,-5.52,-3.62,-1.331,58.59,-0.000671,4.7,1.297,0.5,1.15706,0.00014,1.156763,1.157434
2025-10-14 06:10:00,2025-10-14 06:25:00,SELL,1.15727,1.15763,1.15763,1.15656,0.00024,LOSS,SL,-3.6,1.2,-4.8,-5.45,-3.55,-1.338,57.69,-0.0005,3.9,1.097,1.4,1.15726,0.00025,1.15692,1.15742
2025-10-14 08:25:00,2025-10-14 08:40:00,BUY,1.15825,1.15914,1.15781,1.15914,0.0003,WIN,TP,8.9,1.2,7.7,6.99,8.89,1.73,49.44,0.000254,0.2,0.045,11.4,1.15824,0.0003,1.157876,1.157622
2025-10-14 08:50:00,2025-10-14 09:10:00,BUY,1.1586,1.15811,1.15811,1.15959,0.00033,LOSS,SL,-4.9,1.2,-6.1,-6.83,-4.93,-1.243,53.93,0.000353,7.7,1.562,3.5,1.15859,0.0003,1.158028,1.157676
2025-10-14 09:15:00,2025-10-14 09:20:00,BUY,1.15819,1.1576,1.1576,1.15938,0.0004,LOSS,SL,-5.9,1.2,-7.1,-7.84,-5.94,-1.202,45.02,0.000384,6.6,1.111,2.3,1.15819,0.00066,1.158095,1.157711
2025-10-14 10:10:00,2025-10-14 10:15:00,BUY,1.15728,1.1565,1.1565,1.15885,0.00052,LOSS,SL,-7.8,1.1,-8.9,-9.64,-7.84,-1.14,42.19,8.7e-05,10.3,1.313,0.4,1.15728,0.0007,1.157734,1.157647
2025-10-14 10:25:00,2025-10-14 10:25:00,BUY,1.15697,1.15612,1.15612,1.15866,0.00056,LOSS,SL,-8.5,1.1,-9.6,-10.26,-8.46,-1.13,41.08,7e-06,10.4,1.229,0.1,1.15699,0.00054,1.15763,1.157623
2025-10-14 11:35:00,2025-10-14 16:25:00,SELL,1.15592,1.1568,1.1568,1.15417,0.00058,LOSS,SL,-8.8,1.1,-9.9,-10.57,-8.77,-1.125,46.5,-0.000644,21.1,2.405,13.1,1.1559,0.00059,1.156693,1.157337
2025-10-14 17:05:00,2025-10-14 17:20:00,SELL,1.1571,1.15799,1.15799,1.15533,0.00059,LOSS,SL,-8.9,1.0,-9.9,-10.57,-8.87,-1.113,57.66,-0.000392,10.8,1.218,2.2,1.15711,0.0007,1.156276,1.156668
2025-10-14 20:15:00,2025-10-15 04:20:00,BUY,1.16038,1.16209,1.15952,1.16209,0.00057,WIN,TP,17.1,1.2,15.9,15.23,17.13,1.86,52.66,0.001609,4.7,0.549,19.2,1.16035,0.00032,1.159264,1.157655
2025-10-15 06:20:00,2025-10-15 09:10:00,BUY,1.16194,1.16275,1.16154,1.16275,0.00027,WIN,TP,8.1,1.2,6.9,6.15,8.05,1.702,49.6,0.001534,2.5,0.621,9.3,1.16194,0.00032,1.1616,1.160065
2025-10-15 09:30:00,2025-10-15 09:45:00,BUY,1.16239,1.16352,1.16182,1.16352,0.00038,WIN,TP,11.3,1.1,10.2,9.54,11.34,1.806,51.61,0.001366,2.4,0.423,11.5,1.16236,0.00059,1.162107,1.160741
2025-10-15 10:30:00,2025-10-15 11:50:00,BUY,1.16308,1.16453,1.16235,1.16453,0.00048,WIN,TP,14.5,1.1,13.4,12.71,14.51,1.848,53.6,0.001538,1.6,0.221,14.7,1.16311,0.00049,1.162566,1.161029
2025-10-15 11:55:00,2025-10-15 12:05:00,BUY,1.16358,1.16286,1.16286,1.16501,0.00048,LOSS,SL,-7.2,1.1,-8.3,-8.95,-7.15,-1.154,51.07,0.001705,7.9,1.105,0.4,1.16359,0.00118,1.163163,1.161458
2025-10-15 12:10:00,2025-10-15 13:25:00,BUY,1.16299,1.16229,1.16229,1.16438,0.00046,LOSS,SL,-7.0,1.1,-8.1,-8.76,-6.96,-1.158,41.84,0.001655,8.1,1.164,9.4,1.16299,0.00054,1.163164,1.161509
2025-10-15 14:00:00,2025-10-15 15:00:00,BUY,1.16248,1.16193,1.16193,1.16359,0.00037,LOSS,SL,-5.5,1.0,-6.5,-7.25,-5.55,-1.18,41.51,0.001164,6.5,1.172,7.7,1.16244,0.0006,1.162939,1.161775
2025-10-15 15:05:00,2025-10-15 15:50:00,BUY,1.16239,1.16179,1.16179,1.16359,0.0004,LOSS,SL,-6.0,1.0,-7.0,-7.7,-6.0,-1.167,45.02,0.00091,8.9,1.483,4.0,1.16239,0.00071,1.162782,1.161872
2025-10-15 16:10:00,2025-10-15 16:50:00,BUY,1.16171,1.16318,1.16098,1.16318,0.00049,WIN,TP,14.7,1.0,13.7,13.0,14.7,1.864,42.91,0.000564,5.1,0.694,15.0,1.16172,0.00064,1.162451,1.161887
2025-10-15 17:05:00,2025-10-15 18:40:00,BUY,1.16244,1.16395,1.16169,1.16395,0.0005,WIN,TP,15.1,1.0,14.1,13.36,15.06,1.867,51.95,0.000486,6.1,0.81,21.2,1.16243,0.00078,1.162417,1.161932
2025-10-15 19:05:00,2025-10-16 01:40:00,BUY,1.16319,1.16489,1.16234,1.16489,0.00057,WIN,TP,17.0,1.2,15.8,15.14,17.04,1.859,52.82,0.000635,4.8,0.563,17.3,1.16319,0.00076,1.162768,1.162134
2025-10-16 02:00:00,2025-10-16 03:20:00,BUY,1.1646,1.16532,1.16424,1.16532,0.00024,WIN,TP,7.2,1.2,6.0,5.31,7.21,1.667,49.86,0.001085,3.2,0.888,8.9,1.16453,0.00033,1.164289,1.163204
2025-10-16 05:30:00,2025-10-16 07:00:00,BUY,1.16663,1.16612,1.16612,1.16765,0.00034,LOSS,SL,-5.1,1.2,-6.3,-7.0,-5.1,-1.235,53.67,0.001745,6.1,1.196,1.6,1.16662,0.00036,1.165886,1.164141
2025-10-16 07:05:00,2025-10-16 07:25:00,BUY,1.16619,1.16584,1.16584,1.1669,0.00024,LOSS,SL,-3.5,1.2,-4.7,-5.45,-3.55,-1.338,43.86,0.001615,4.7,1.324,0.1,1.16619,0.00022,1.166146,1.164531
2025-10-16 08:30:00,2025-10-16 09:10:00,BUY,1.16568,1.16635,1.16535,1.16635,0.00022,WIN,TP,6.7,1.2,5.5,4.76,6.66,1.64,42.34,0.001209,3.3,0.991,9.6,1.16568,0.00024,1.165928,1.164718
2025-10-16 09:30:00,2025-10-16 09:45:00,BUY,1.16617,1.1656,1.1656,1.1673,0.00038,LOSS,SL,-5.7,1.1,-6.8,-7.45,-5.65,-1.195,54.09,0.001111,7.8,1.38,0.3,1.16616,0.00031,1.165978,1.164867
2025-10-16 09:50:00,2025-10-16 10:05:00,BUY,1.16567,1.16505,1.16505,1.16691,0.00041,LOSS,SL,-6.2,1.1,-7.3,-7.99,-6.19,-1.178,43.92,0.001045,6.7,1.082,1.1,1.16565,0.00054,1.165948,1.164903
2025-10-16 10:45:00,2025-10-16 10:55:00,BUY,1.16545,1.16476,1.16476,1.16683,0.00046,LOSS,SL,-6.9,1.1,-8.0,-8.68,-6.88,-1.16,50.07,0.000713,11.6,1.686,2.1,1.16545,0.00078,1.165634,1.164921
2025-10-16 11:00:00,2025-10-16 17:15:00,BUY,1.16527,1.1668,1.16451,1.1668,0.00051,WIN,TP,15.3,1.1,14.2,13.49,15.29,1.856,47.14,0.000645,6.6,0.863,17.3,1.16522,0.00103,1.165571,1.164926
2025-10-16 18:35:00,2025-10-16 18:50:00,BUY,1.16684,1.16614,1.16614,1.16824,0.00047,LOSS,SL,-7.0,1.0,-8.0,-8.68,-6.98,-1.143,51.74,0.000821,7.5,1.075,3.8,1.16687,0.0006,1.166381,1.16556
2025-10-16 18:55:00,2025-10-16 19:50:00,BUY,1.16651,1.1679,1.16581,1.1679,0.00046,WIN,TP,13.9,1.0,12.9,12.23,13.93,1.856,44.5,0.000823,2.8,0.402,14.0,1.16647,0.00062,1.166428,1.165605
2025-10-16 21:20:00,2025-10-17 03:15:00,BUY,1.16855,1.17008,1.16779,1.17008,0.00051,WIN,TP,15.3,1.2,14.1,13.35,15.25,1.843,53.94,0.001491,5.4,0.708,15.4,1.16855,0.00072,1.167744,1.166254
2025-10-17 04:20:00,2025-10-17 05:05:00,BUY,1.17011,1.16958,1.16958,1.17117,0.00035,LOSS,SL,-5.3,1.2,-6.5,-7.19,-5.29,-1.227,51.73,0.001681,6.2,1.171,6.8,1.17017,0.00061,1.169721,1.168041
2025-10-17 05:10:00,2025-10-17 05:35:00,BUY,1.16986,1.17103,1.16927,1.17103,0.00039,WIN,TP,11.7,1.2,10.5,9.84,11.74,1.796,44.57,0.001619,0.5,0.085,12.3,1.16986,0.00038,1.169861,1.168242
2025-10-17 05:55:00,2025-10-17 08:15:00,BUY,1.17048,1.17153,1.16996,1.17153,0.00035,WIN,TP,10.5,1.2,9.3,8.56,10.46,1.771,52.31,0.001643,0.9,0.172,12.0,1.17047,0.00036,1.170087,1.168445
2025-10-17 09:35:00,2025-10-17 10:00:00,BUY,1.17147,1.17078,1.17078,1.17285,0.00046,LOSS,SL,-6.9,1.1,-8.0,-8.7,-6.9,-1.159,46.84,0.001817,9.3,1.348,3.0,1.17148,0.00085,1.171298,1.169482
2025-10-17 10:15:00,2025-10-17 10:20:00,BUY,1.17082,1.16998,1.16998,1.1725,0.00056,LOSS,SL,-8.4,1.1,-9.5,-10.22,-8.42,-1.131,40.76,0.001624,12.7,1.509,7.4,1.17083,0.00094,1.171227,1.169603
2025-10-17 10:35:00,2025-10-17 11:50:00,BUY,1.17041,1.16948,1.16948,1.17227,0.00062,LOSS,SL,-9.3,1.1,-10.4,-11.08,-9.28,-1.119,40.84,0.00146,9.3,1.002,12.2,1.17045,0.00055,1.17109,1.16963
2025-10-17 12:05:00,2025-10-17 13:55:00,BUY,1.16977,1.16889,1.16889,1.17154,0.00059,LOSS,SL,-8.8,1.1,-9.9,-10.65,-8.85,-1.124,40.75,0.000918,10.3,1.164,10.3,1.16977,0.00029,1.170661,1.169743
2025-10-17 14:05:00,2025-10-17 14:10:00,BUY,1.16928,1.16852,1.16852,1.1708,0.00051,LOSS,SL,-7.6,1.0,-8.6,-9.31,-7.61,-1.131,42.43,0.000317,12.7,1.669,4.4,1.16928,0.00057,1.170063,1.169747
2025-10-17 16:20:00,2025-10-17 17:05:00,SELL,1.1679,1.1665,1.1686,1.1665,0.00047,WIN,TP,14.0,1.0,13.0,12.31,14.01,1.857,46.45,-0.000689,2.3,0.328,20.3,1.16791,0.00039,1.168654,1.169343
2025-10-17 18:40:00,2025-10-17 19:15:00,SELL,1.16694,1.16768,1.16768,1.16547,0.00049,LOSS,SL,-7.4,1.0,-8.4,-9.06,-7.36,-1.136,52.21,-0.001381,8.4,1.141,2.6,1.16694,0.00075,1.167334,1.168716
2025-10-17 19:25:00,2025-10-17 23:10:00,SELL,1.16761,1.1663,1.16826,1.1663,0.00044,WIN,TP,13.1,1.2,11.9,11.17,13.07,1.816,59.63,-0.001269,3.6,0.551,16.5,1.1676,0.00039,1.167323,1.168592
2025-10-20 00:05:00,2025-10-20 05:30:00,SELL,1.16636,1.16701,1.16701,1.16507,0.00043,LOSS,SL,-6.5,1.8,-8.3,-8.97,-6.47,-1.278,50.28,-0.001181,7.2,1.112,12.9,1.16636,0.00016,1.166641,1.167822
2025-10-20 05:45:00,2025-10-20 07:35:00,SELL,1.1667,1.1671,1.1671,1.16591,0.00026,LOSS,SL,-4.0,1.2,-5.2,-5.87,-3.97,-1.303,56.32,-0.00066,5.1,1.286,3.3,1.16671,0.00018,1.166321,1.166981
2025-10-20 07:40:00,2025-10-20 07:45:00,SELL,1.16694,1.16727,1.16727,1.16627,0.00022,LOSS,SL,-3.3,1.2,-4.5,-5.24,-3.34,-1.359,59.46,-0.000369,4.3,1.287,2.5,1.16692,0.00029,1.166554,1.166923
2025-10-20 08:05:00,2025-10-20 08:25:00,SELL,1.167,1.16734,1.16734,1.16633,0.00022,LOSS,SL,-3.4,1.2,-4.6,-5.26,-3.36,-1.357,56.6,-0.000272,4.3,1.279,0.2,1.16701,0.00018,1.166662,1.166934
2025-10-20 08:55:00,2025-10-20 09:05:00,SELL,1.16728,1.1666,1.16762,1.1666,0.00023,WIN,TP,6.8,1.2,5.6,4.88,6.78,1.646,59.21,-9.6e-05,1.5,0.442,8.0,1.16727,0.00028,1.166872,1.166968
2025-10-20 09:45:00,2025-10-20 10:00:00,SELL,1.1666,1.16553,1.16714,1.16553,0.00036,WIN,TP,10.7,1.1,9.6,8.94,10.74,1.795,47.41,-0.000191,1.3,0.242,11.1,1.16661,0.0006,1.166729,1.166919
2025-10-20 10:15:00,2025-10-20 10:30:00,SELL,1.16617,1.16674,1.16674,1.16504,0.00038,LOSS,SL,-5.7,1.1,-6.8,-7.47,-5.67,-1.194,45.24,-0.000295,6.6,1.164,1.9,1.16621,0.00039,1.166571,1.166865
2025-10-20 10:35:00,2025-10-20 13:10:00,SELL,1.16667,1.16544,1.16728,1.16544,0.00041,WIN,TP,12.3,1.1,11.2,10.48,12.28,1.821,54.36,-0.000299,1.2,0.195,12.6,1.16667,0.00059,1.166548,1.166847
2025-10-20 14:55:00,2025-10-20 15:00:00,SELL,1.16527,1.16583,1.16583,1.16415,0.00037,LOSS,SL,-5.6,1.0,-6.6,-7.31,-5.61,-1.178,46.27,-0.000703,5.9,1.051,0.9,1.16527,0.0004,1.165732,1.166435
2025-10-20 15:05:00,2025-10-20 17:35:00,SELL,1.1657,1.16625,1.16625,1.16459,0.00037,LOSS,SL,-5.5,1.0,-6.5,-7.23,-5.53,-1.181,54.91,-0.000693,7.5,1.356,10.8,1.1657,0.00033,1.165726,1.16642
2025-10-20 17:50:00,2025-10-20 18:25:00,SELL,1.16584,1.16642,1.16642,1.16467,0.00039,LOSS,SL,-5.8,1.0,-6.8,-7.54,-5.84,-1.171,57.14,-0.000618,6.3,1.079,5.6,1.16583,0.00042,1.165517,1.166135
2025-10-20 18:35:00,2025-10-20 19:50:00,SELL,1.16613,1.16503,1.16668,1.16503,0.00037,WIN,TP,11.0,1.0,10.0,9.32,11.02,1.818,59.59,-0.000498,0.3,0.054,12.1,1.16613,0.00027,1.165607,1.166105
2025-10-20 20:10:00,2025-10-20 20:40:00,SELL,1.16526,1.16428,1.16575,1.16428,0.00033,WIN,TP,9.8,1.2,8.6,7.86,9.76,1.754,46.06,-0.000505,0.0,0.0,11.5,1.16525,0.00022,1.165479,1.165984
2025-10-20 21:40:00,2025-10-21 00:00:00,SELL,1.1646,1.16374,1.16503,1.16374,0.00029,WIN,TP,8.6,1.2,7.4,6.74,8.64,1.722,47.94,-0.000789,3.4,0.787,9.1,1.1646,0.00027,1.164946,1.165735
2025-10-21 00:15:00,2025-10-21 03:00:00,SELL,1.16436,1.16472,1.16472,1.16365,0.00024,LOSS,SL,-3.6,3.1,-6.7,-7.35,-3.55,-1.872,47.24,-0.000879,6.0,1.688,3.2,1.16422,0.00014,1.164483,1.165362
2025-10-21 04:05:00,2025-10-21 04:35:00,SELL,1.16507,1.16437,1.16542,1.16437,0.00023,WIN,TP,7.0,1.2,5.8,5.13,7.03,1.659,56.08,-0.000382,1.5,0.426,7.4,1.16506,0.00036,1.164704,1.165086
2025-10-21 04:50:00,2025-10-21 05:35:00,SELL,1.16462,1.1638,1.16503,1.1638,0.00027,WIN,TP,8.2,1.2,7.0,6.33,8.23,1.708,45.2,-0.000344,1.2,0.292,10.5,1.16462,0.00037,1.164714,1.165058
2025-10-21 08:00:00,2025-10-21 08:35:00,SELL,1.16356,1.16288,1.1639,1.16288,0.00023,WIN,TP,6.8,1.2,5.6,4.87,6.77,1.645,50.47,-0.000812,2.3,0.68,8.8,1.16356,0.00048,1.163787,1.164599
2025-10-21 09:40:00,2025-10-21 09:45:00,SELL,1.16265,1.16317,1.16317,1.16162,0.00034,LOSS,SL,-5.2,1.1,-6.3,-6.96,-5.16,-1.213,45.58,-0.001064,5.2,1.007,1.3,1.1627,0.00043,1.163207,1.16427
2025-10-21 09:50:00,2025-10-21 11:40:00,SELL,1.16304,1.16201,1.16356,1.16201,0.00034,WIN,TP,10.3,1.1,9.2,8.51,10.31,1.787,53.82,-0.001058,5.1,0.99,10.6,1.16304,0.00037,1.163186,1.164244
2025-10-21 12:25:00,2025-10-21 13:15:00,SELL,1.16223,1.16097,1.16286,1.16097,0.00042,WIN,TP,12.6,1.1,11.5,10.81,12.61,1.825,48.86,-0.001179,5.2,0.825,15.0,1.16223,0.00038,1.162584,1.163763
2025-10-21 13:55:00,2025-10-21 14:00:00,SELL,1.16134,1.16201,1.16201,1.16,0.00045,LOSS,SL,-6.7,1.1,-7.8,-8.51,-6.71,-1.164,45.12,-0.001344,8.1,1.207,0.3,1.16135,0.00053,1.162074,1.163418
2025-10-21 14:05:00,2025-10-21 15:05:00,SELL,1.16208,1.16078,1.16273,1.16078,0.00043,WIN,TP,13.0,1.0,12.0,11.26,12.96,1.846,54.22,-0.001324,5.2,0.803,14.1,1.16208,0.00048,1.162064,1.163389
2025-10-21 16:00:00,2025-10-21 19:00:00,SELL,1.16113,1.16185,1.16185,1.1597,0.00048,LOSS,SL,-7.2,1.0,-8.2,-8.86,-7.16,-1.14,49.37,-0.001431,13.5,1.885,13.8,1.16114,0.00067,1.161523,1.162954
2025-10-21 19:15:00,2025-10-21 20:50:00,SELL,1.16178,1.16018,1.16258,1.16018,0.00053,WIN,TP,16.0,1.2,14.8,14.15,16.05,1.85,56.59,-0.0011,0.0,0.0,16.4,1.16179,0.00075,1.161261,1.162362
2025-10-21 21:15:00,2025-10-22 00:00:00,SELL,1.16064,1.15964,1.16114,1.15964,0.00033,WIN,TP,10.0,1.2,8.8,8.08,9.98,1.759,46.55,-0.001093,2.3,0.461,10.9,1.16065,0.00017,1.160936,1.162029
2025-10-22 00:20:00,2025-10-22 03:00:00,SELL,1.16009,1.16041,1.16041,1.15946,0.00021,LOSS,SL,-3.2,2.9,-6.1,-6.77,-3.17,-1.915,49.39,-0.001137,3.3,1.041,2.2,1.16012,0.00023,1.160339,1.161477
2025-10-22 03:10:00,2025-10-22 03:10:00,SELL,1.16014,1.16044,1.16044,1.15954,0.0002,LOSS,SL,-3.0,1.2,-4.2,-4.92,-3.02,-1.397,53.66,-0.000938,4.6,1.522,0.3,1.16015,0.00035,1.160133,1.161071
2025-10-22 04:00:00,2025-10-22 04:05:00,SELL,1.16048,1.1608,1.1608,1.15984,0.00021,LOSS,SL,-3.2,1.2,-4.4,-5.09,-3.19,-1.376,55.86,-0.000738,4.6,1.441,0.9,1.16048,0.00021,1.160289,1.161027
2025-10-22 04:20:00,2025-10-22 05:10:00,SELL,1.16055,1.16088,1.16088,1.1599,0.00022,LOSS,SL,-3.3,1.2,-4.5,-5.16,-3.26,-1.368,56.07,-0.000673,4.1,1.257,3.9,1.16055,0.00018,1.160338,1.161011
2025-10-22 06:00:00,2025-10-22 08:00:00,SELL,1.16081,1.16112,1.16112,1.16019,0.00021,LOSS,SL,-3.1,1.2,-4.3,-5.01,-3.11,-1.386,57.54,-0.000413,3.2,1.028,3.5,1.16081,0.00011,1.160535,1.160948
2025-10-22 08:45:00,2025-10-22 09:00:00,SELL,1.16128,1.16072,1.16156,1.16072,0.00019,WIN,TP,5.6,1.2,4.4,3.72,5.62,1.573,59.36,-6.8e-05,2.0,0.712,7.0,1.16128,0.00035,1.160871,1.160938
2025-10-22 09:25:00,2025-10-22 09:35:00,SELL,1.16088,1.16131,1.16131,1.16002,0.00029,LOSS,SL,-4.3,1.2,-5.5,-6.19,-4.29,-1.279,46.32,-6.3e-05,6.2,1.444,1.3,1.16082,0.00046,1.160872,1.160935
2025-10-22 09:40:00,2025-10-22 10:05:00,SELL,1.16122,1.1603,1.16168,1.1603,0.00031,WIN,TP,9.2,1.1,8.1,7.44,9.24,1.762,56.05,-4.3e-05,2.3,0.498,11.5,1.16121,0.00048,1.160896,1.160939
2025-10-22 11:55:00,2025-10-22 13:25:00,SELL,1.15986,1.15864,1.16047,1.15864,0.00041,WIN,TP,12.2,1.1,11.1,10.44,12.24,1.82,47.72,-0.000473,3.6,0.588,13.3,1.15985,0.00059,1.160257,1.160729
2025-10-22 15:05:00,2025-10-22 16:30:00,SELL,1.15881,1.15938,1.15938,1.15768,0.00038,LOSS,SL,-5.7,1.0,-6.7,-7.36,-5.66,-1.177,50.78,-0.00103,6.6,1.166,11.3,1.15882,0.00073,1.159144,1.160173
2025-10-22 17:10:00,2025-10-22 17:25:00,SELL,1.15944,1.16008,1.16008,1.15816,0.00043,LOSS,SL,-6.4,1.0,-7.4,-8.09,-6.39,-1.156,59.23,-0.000871,9.3,1.455,2.0,1.15944,0.00035,1.159005,1.159876
2025-10-22 20:10:00,2025-10-22 21:40:00,BUY,1.16145,1.16084,1.16084,1.16266,0.0004,LOSS,SL,-6.1,1.2,-7.3,-7.97,-6.07,-1.198,54.1,0.000501,6.2,1.022,4.3,1.16144,0.00034,1.160759,1.160258
2025-10-22 22:15:00,2025-10-22 22:45:00,BUY,1.16097,1.16056,1.16056,1.1618,0.00028,LOSS,SL,-4.1,1.2,-5.3,-6.03,-4.13,-1.29,40.98,0.000583,4.4,1.064,1.7,1.16097,0.00026,1.161075,1.160492
2025-10-22 23:05:00,2025-10-23 03:00:00,BUY,1.16079,1.16042,1.16042,1.16153,0.00025,LOSS,SL,-3.7,2.7,-6.4,-7.1,-3.7,-1.729,43.41,0.000446,3.9,1.054,5.9,1.16078,0.00032,1.160962,1.160516
2025-10-23 03:55:00,2025-10-23 03:55:00,BUY,1.16063,1.16029,1.16029,1.16131,0.00023,LOSS,SL,-3.4,1.2,-4.6,-5.3,-3.4,-1.353,53.82,5.5e-05,3.4,1.001,0.1,1.16064,0.0004,1.160697,1.160642
2025-10-23 04:00:00,2025-10-23 04:15:00,BUY,1.16044,1.16009,1.16009,1.16114,0.00023,LOSS,SL,-3.5,1.2,-4.7,-5.41,-3.51,-1.342,47.52,4.7e-05,4.1,1.169,1.3,1.16045,0.00035,1.160687,1.16064
2025-10-23 04:25:00,2025-10-23 05:40:00,SELL,1.16027,1.15952,1.16065,1.15952,0.00025,WIN,TP,7.5,1.2,6.3,5.64,7.54,1.682,45.01,-1.3e-05,0.0,0.0,7.8,1.16026,0.00022,1.160609,1.160622
2025-10-23 06:20:00,2025-10-23 06:50:00,SELL,1.15982,1.15926,1.1601,1.15926,0.00019,WIN,TP,5.6,1.2,4.4,3.66,5.56,1.568,48.32,-0.000355,0.5,0.18,6.0,1.15982,0.00018,1.160091,1.160446
2025-10-23 07:25:00,2025-10-23 07:45:00,SELL,1.15946,1.15975,1.15975,1.15888,0.00019,LOSS,SL,-2.9,1.2,-4.1,-4.78,-2.88,-1.416,45.79,-0.000501,3.5,1.214,0.6,1.15947,0.00015,1.159823,1.160324
2025-10-23 07:50:00,2025-10-23 08:25:00,SELL,1.1597,1.15997,1.15997,1.15916,0.00018,LOSS,SL,-2.7,1.2,-3.9,-4.58,-2.68,-1.448,55.1,-0.000505,3.2,1.196,0.1,1.15971,0.00021,1.159784,1.160289
2025-10-23 08:30:00,2025-10-23 08:50:00,SELL,1.15993,1.16021,1.16021,1.15938,0.00018,LOSS,SL,-2.8,1.2,-4.0,-4.67,-2.77,-1.434,59.74,-0.000455,4.6,1.663,2.3,1.15993,0.0003,1.1598,1.160255
2025-10-23 09:10:00,2025-10-23 09:40:00,SELL,1.16011,1.15935,1.16049,1.15935,0.00025,WIN,TP,7.6,1.2,6.4,5.66,7.56,1.682,58.37,-0.00037,2.4,0.635,10.6,1.16009,0.00049,1.159869,1.160238
2025-10-23 09:55:00,2025-10-23 10:55:00,SELL,1.15966,1.16014,1.16014,1.1587,0.00032,LOSS,SL,-4.8,1.1,-5.9,-6.61,-4.81,-1.229,45.87,-0.000364,5.1,1.061,5.9,1.15968,0.00037,1.159835,1.160198
2025-10-23 11:00:00,2025-10-23 11:15:00,SELL,1.16003,1.16056,1.16056,1.15897,0.00035,LOSS,SL,-5.3,1.1,-6.4,-7.11,-5.31,-1.207,59.0,-0.000375,6.1,1.149,2.1,1.16003,0.00034,1.159753,1.160128
2025-10-23 11:35:00,2025-10-23 13:25:00,SELL,1.16016,1.15912,1.16068,1.15912,0.00035,WIN,TP,10.4,1.1,9.3,8.55,10.35,1.788,57.15,-0.000268,0.5,0.097,10.5,1.16016,0.00036,1.159866,1.160134
2025-10-23 14:35:00,2025-10-23 15:35:00,SELL,1.15917,1.15966,1.15966,1.15818,0.00033,LOSS,SL,-4.9,1.0,-5.9,-6.63,-4.93,-1.203,50.26,-0.000525,7.6,1.542,5.6,1.15916,0.0006,1.159361,1.159886
2025-10-23 16:05:00,2025-10-23 16:30:00,SELL,1.15998,1.16058,1.16058,1.15878,0.0004,LOSS,SL,-6.0,1.0,-7.0,-7.68,-5.98,-1.167,58.66,-0.000382,8.8,1.471,1.8,1.15993,0.0004,1.159427,1.159809
2025-10-23 18:10:00,2025-10-23 20:05:00,BUY,1.16115,1.1605,1.1605,1.16246,0.00044,LOSS,SL,-6.5,1.0,-7.5,-8.23,-6.53,-1.153,54.93,0.000393,7.4,1.133,4.7,1.16114,0.00053,1.160459,1.160066
2025-10-23 22:05:00,2025-10-24 04:20:00,BUY,1.16176,1.16118,1.16118,1.16293,0.00039,LOSS,SL,-5.8,1.2,-7.0,-7.74,-5.84,-1.206,41.04,0.000532,7.1,1.217,4.1,1.16066,0.00034,1.1608,1.160268
2025-10-24 05:10:00,2025-10-24 05:25:00,BUY,1.16117,1.16086,1.16086,1.16179,0.00021,LOSS,SL,-3.1,1.2,-4.3,-5.02,-3.12,-1.384,40.42,0.000474,3.4,1.088,0.7,1.16118,0.00023,1.161514,1.16104
2025-10-24 06:25:00,2025-10-24 07:05:00,BUY,1.16087,1.16063,1.16063,1.16136,0.00016,LOSS,SL,-2.4,1.2,-3.6,-4.34,-2.44,-1.493,44.09,0.000202,3.3,1.355,3.2,1.16093,0.00029,1.161218,1.161016
2025-10-24 07:15:00,2025-10-24 08:25:00,BUY,1.16074,1.16049,1.16049,1.16124,0.00017,LOSS,SL,-2.5,1.2,-3.7,-4.38,-2.48,-1.485,41.46,0.000109,5.0,2.02,0.7,1.16078,0.00012,1.161116,1.161006
2025-10-24 08:55:00,2025-10-24 09:30:00,SELL,1.16061,1.16089,1.16089,1.16006,0.00018,LOSS,SL,-2.8,1.2,-4.0,-4.66,-2.76,-1.435,47.79,-0.000103,3.4,1.232,5.3,1.16062,0.0002,1.160832,1.160935
2025-10-24 09:35:00,2025-10-24 09:55:00,SELL,1.16091,1.16127,1.16127,1.16018,0.00024,LOSS,SL,-3.6,1.1,-4.7,-5.43,-3.63,-1.303,59.37,-0.00016,5.0,1.377,1.0,1.1609,0.00038,1.160741,1.160901
2025-10-24 10:10:00,2025-10-24 10:30:00,SELL,1.16104,1.16148,1.16148,1.16016,0.00029,LOSS,SL,-4.4,1.1,-5.5,-6.2,-4.4,-1.25,56.37,-8.5e-05,17.7,4.02,8.7,1.16103,0.00042,1.16083,1.160914
2025-10-24 11:10:00,2025-10-24 11:20:00,BUY,1.16153,1.16081,1.16081,1.16298,0.00048,LOSS,SL,-7.2,1.1,-8.3,-9.03,-7.23,-1.152,53.14,0.00014,8.5,1.175,2.1,1.16152,0.00049,1.161131,1.160991
2025-10-24 11:25:00,2025-10-24 15:30:00,BUY,1.1607,1.16215,1.15998,1.16215,0.00048,WIN,TP,14.5,1.1,13.4,12.7,14.5,1.848,42.21,0.000133,1.9,0.262,41.9,1.16072,0.00061,1.161127,1.160994
2025-10-24 16:25:00,2025-10-24 17:50:00,BUY,1.16293,1.16189,1.16189,1.16501,0.00069,LOSS,SL,-10.4,1.0,-11.4,-12.11,-10.41,-1.096,53.59,0.000711,11.3,1.085,7.8,1.16292,0.0006,1.162031,1.161321
2025-10-24 17:55:00,2025-10-27 03:05:00,BUY,1.16207,1.16396,1.16112,1.16396,0.00063,WIN,TP,18.9,1.0,17.9,17.22,18.92,1.894,42.18,0.000841,0.9,0.095,19.8,1.16203,0.00075,1.162405,1.161564
2025-10-27 03:50:00,2025-10-27 04:20:00,BUY,1.16367,1.16318,1.16318,1.16465,0.00033,LOSS,SL,-4.9,1.2,-6.1,-6.78,-4.88,-1.246,49.47,0.000798,5.2,1.066,3.3,1.16366,0.00046,1.163412,1.162615
2025-10-27 04:25:00,2025-10-27 05:55:00,BUY,1.1632,1.16277,1.16277,1.16405,0.00028,LOSS,SL,-4.3,1.2,-5.5,-6.16,-4.26,-1.282,41.07,0.000759,5.3,1.246,0.9,1.16321,0.00015,1.163435,1.162676
2025-10-27 07:00:00,2025-10-27 07:15:00,BUY,1.16245,1.16214,1.16214,1.16307,0.00021,LOSS,SL,-3.1,1.2,-4.3,-5.01,-3.11,-1.386,42.94,0.00017,4.0,1.285,2.1,1.16243,0.00029,1.162856,1.162686
2025-10-27 07:35:00,2025-10-27 08:35:00,BUY,1.16256,1.16321,1.16223,1.16321,0.00022,WIN,TP,6.5,1.2,5.3,4.62,6.52,1.632,51.67,6.2e-05,2.3,0.706,7.0,1.16255,0.00044,1.162723,1.162661
2025-10-27 08:55:00,2025-10-27 09:05:00,BUY,1.16266,1.16226,1.16226,1.16345,0.00026,LOSS,SL,-4.0,1.2,-5.2,-5.86,-3.96,-1.303,48.85,7.7e-05,4.1,1.034,1.5,1.16267,0.0003,1.162753,1.162677
2025-10-27 09:35:00,2025-10-27 10:40:00,SELL,1.16266,1.16312,1.16312,1.16174,0.00031,LOSS,SL,-4.6,1.1,-5.7,-6.39,-4.59,-1.24,52.57,-4e-06,5.8,1.265,9.1,1.16265,0.00056,1.162649,1.162654
2025-10-27 10:55:00,2025-10-27 11:15:00,SELL,1.16278,1.1633,1.1633,1.16174,0.00035,LOSS,SL,-5.2,1.1,-6.3,-7.02,-5.22,-1.211,54.56,-2.2e-05,6.4,1.227,1.7,1.16279,0.00035,1.162614,1.162636
2025-10-27 13:30:00,2025-10-27 14:00:00,BUY,1.16386,1.16481,1.16338,1.16481,0.00032,WIN,TP,9.5,1.1,8.4,7.73,9.53,1.769,49.53,0.000602,2.8,0.588,13.2,1.16387,0.00031,1.163561,1.162959
2025-10-27 14:30:00,2025-10-27 15:40:00,BUY,1.16413,1.16357,1.16357,1.16525,0.00037,LOSS,SL,-5.6,1.0,-6.6,-7.31,-5.61,-1.178,48.39,0.000761,10.0,1.781,1.9,1.16413,0.00051,1.163879,1.163118
2025-10-27 15:50:00,2025-10-27 20:45:00,BUY,1.16369,1.16472,1.16318,1.16472,0.00034,WIN,TP,10.3,1.0,9.3,8.58,10.28,1.805,42.52,0.000649,4.7,0.914,10.5,1.1637,0.00045,1.163884,1.163235
2025-10-27 22:05:00,2025-10-28 01:25:00,BUY,1.16439,1.16525,1.16396,1.16525,0.00029,WIN,TP,8.6,1.5,7.1,6.43,8.63,1.653,50.56,0.000541,1.9,0.44,8.9,1.16439,0.00045,1.164179,1.163638
2025-10-28 02:05:00,2025-10-28 02:15:00,BUY,1.16485,1.16539,1.16458,1.16539,0.00018,WIN,TP,5.4,1.2,4.2,3.51,5.41,1.556,45.88,0.000701,2.3,0.85,5.9,1.16486,0.00037,1.164764,1.164064
2025-10-28 03:30:00,2025-10-28 06:10:00,BUY,1.16558,1.16638,1.16518,1.16638,0.00027,WIN,TP,8.0,1.2,6.8,6.11,8.01,1.7,53.42,0.000892,2.3,0.574,8.5,1.16559,0.00019,1.1652,1.164308
2025-10-28 07:45:00,2025-10-28 08:30:00,BUY,1.16639,1.16604,1.16604,1.1671,0.00024,LOSS,SL,-3.5,1.2,-4.7,-5.44,-3.54,-1.339,52.21,0.001079,4.7,1.328,2.9,1.16639,0.00019,1.1661,1.165021
2025-10-28 08:40:00,2025-10-28 08:50:00,BUY,1.16603,1.16563,1.16563,1.16683,0.00027,LOSS,SL,-4.0,1.2,-5.2,-5.9,-4.0,-1.3,40.36,0.001011,4.1,1.025,0.5,1.16603,0.00034,1.166164,1.165153
2025-10-28 09:40:00,2025-10-28 09:50:00,BUY,1.1657,1.16527,1.16527,1.16656,0.00029,LOSS,SL,-4.3,1.1,-5.4,-6.09,-4.29,-1.257,42.2,0.000752,4.9,1.143,4.2,1.16568,0.00025,1.165961,1.165208
2025-10-28 10:00:00,2025-10-28 10:55:00,BUY,1.1655,1.16498,1.16498,1.16654,0.00035,LOSS,SL,-5.2,1.1,-6.3,-7.01,-5.21,-1.211,43.58,0.000696,6.4,1.229,7.9,1.16554,0.00054,1.165925,1.165229
2025-10-28 11:05:00,2025-10-28 11:05:00,BUY,1.16532,1.16464,1.16464,1.16668,0.00045,LOSS,SL,-6.8,1.1,-7.9,-8.59,-6.79,-1.162,41.88,0.000535,8.4,1.237,0.3,1.1653,0.00029,1.165815,1.16528
2025-10-28 11:20:00,2025-10-28 14:35:00,BUY,1.16526,1.16459,1.16459,1.16659,0.00044,LOSS,SL,-6.7,1.1,-7.8,-8.47,-6.67,-1.165,44.25,0.000452,8.4,1.259,12.5,1.16525,0.00037,1.165724,1.165272
2025-10-28 16:00:00,2025-10-28 16:05:00,SELL,1.16392,1.16456,1.16456,1.16264,0.00043,LOSS,SL,-6.4,1.0,-7.4,-8.09,-6.39,-1.157,46.6,-0.000507,6.8,1.065,2.1,1.16393,0.00042,1.164614,1.165121
2025-10-28 16:10:00,2025-10-28 16:20:00,SELL,1.16457,1.16521,1.16521,1.16329,0.00043,LOSS,SL,-6.4,1.0,-7.4,-8.09,-6.39,-1.156,58.29,-0.000512,12.3,1.924,0.5,1.16457,0.00046,1.164594,1.165106
2025-10-28 17:15:00,2025-10-28 18:55:00,SELL,1.16584,1.16654,1.16654,1.16444,0.00047,LOSS,SL,-7.0,1.0,-8.0,-8.7,-7.0,-1.143,59.68,-0.0001,9.7,1.386,5.8,1.16585,0.00052,1.165087,1.165187
2025-10-28 19:10:00,2025-10-28 21:55:00,BUY,1.16613,1.16546,1.16546,1.16747,0.00045,LOSS,SL,-6.7,1.2,-7.9,-8.61,-6.71,-1.179,53.97,0.000266,9.9,1.476,5.7,1.16611,0.00033,1.165603,1.165337
2025-10-28 22:10:00,2025-10-28 22:35:00,BUY,1.16556,1.16513,1.16513,1.16642,0.00029,LOSS,SL,-4.3,1.6,-5.9,-6.6,-4.3,-1.372,40.05,0.000372,5.7,1.326,1.4,1.16557,0.00044,1.165942,1.16557
2025-10-28 22:45:00,2025-10-29 01:50:00,BUY,1.16529,1.16488,1.16488,1.1661,0.00027,LOSS,SL,-4.1,1.4,-5.5,-6.16,-4.06,-1.345,40.05,0.000241,4.7,1.157,1.4,1.1653,0.00045,1.165796,1.165555
2025-10-29 01:55:00,2025-10-29 01:55:00,SELL,1.16529,1.1656,1.1656,1.16467,0.00021,LOSS,SL,-3.1,1.2,-4.3,-4.98,-3.08,-1.39,57.11,-0.000157,4.5,1.463,0.4,1.16529,0.0005,1.165258,1.165415
2025-10-29 02:20:00,2025-10-29 03:35:00,SELL,1.16559,1.1648,1.16599,1.1648,0.00026,WIN,TP,7.9,1.2,6.7,6.01,7.91,1.696,58.24,-8.5e-05,3.8,0.961,8.9,1.16559,0.00035,1.165347,1.165431
2025-10-29 05:00:00,2025-10-29 05:40:00,SELL,1.16467,1.16396,1.16503,1.16396,0.00024,WIN,TP,7.1,1.2,5.9,5.21,7.11,1.662,45.92,-0.000331,0.2,0.056,9.0,1.16466,0.00023,1.164964,1.165295
2025-10-29 08:15:00,2025-10-29 09:10:00,SELL,1.16306,1.16352,1.16352,1.16215,0.0003,LOSS,SL,-4.6,1.2,-5.8,-6.46,-4.56,-1.263,45.22,-0.001049,5.1,1.119,2.8,1.16306,0.0003,1.163652,1.164701
2025-10-29 09:20:00,2025-10-29 09:25:00,SELL,1.16334,1.1638,1.1638,1.16242,0.00031,LOSS,SL,-4.6,1.2,-5.8,-6.48,-4.58,-1.262,54.61,-0.001068,4.6,1.005,0.0,1.16334,0.00039,1.16344,1.164508
2025-10-29 09:30:00,2025-10-29 10:10:00,SELL,1.16355,1.16254,1.16405,1.16254,0.00034,WIN,TP,10.1,1.1,9.0,8.27,10.07,1.782,58.83,-0.00104,0.8,0.159,10.3,1.16353,0.00034,1.163449,1.164489
2025-10-29 10:25:00,2025-10-29 11:10:00,SELL,1.16301,1.1619,1.16356,1.1619,0.00037,WIN,TP,11.1,1.1,10.0,9.29,11.09,1.802,47.06,-0.001029,4.2,0.757,11.5,1.163,0.00039,1.163314,1.164343
2025-10-29 11:30:00,2025-10-29 11:30:00,SELL,1.16284,1.16345,1.16345,1.16163,0.0004,LOSS,SL,-6.1,1.1,-7.2,-7.87,-6.07,-1.181,50.69,-0.001096,7.0,1.153,0.6,1.16285,0.0006,1.163043,1.164139
2025-10-29 12:05:00,2025-10-29 12:20:00,SELL,1.16379,1.16446,1.16446,1.16246,0.00044,LOSS,SL,-6.7,1.1,-7.8,-8.45,-6.65,-1.165,58.82,-0.000868,7.7,1.158,1.2,1.16377,0.00047,1.163254,1.164122
2025-10-29 13:15:00,2025-10-29 13:30:00,SELL,1.16428,1.16329,1.16478,1.16329,0.00033,WIN,TP,9.9,1.1,8.8,8.12,9.92,1.778,54.71,-0.000378,0.0,0.0,10.0,1.16427,0.00037,1.163793,1.164171
2025-10-29 13:40:00,2025-10-29 14:00:00,SELL,1.16374,1.16428,1.16428,1.16267,0.00036,LOSS,SL,-5.4,1.1,-6.5,-7.16,-5.36,-1.205,45.37,-0.000378,6.3,1.175,0.4,1.16373,0.0005,1.163769,1.164147
2025-10-29 14:05:00,2025-10-29 14:40:00,SELL,1.16424,1.16315,1.16479,1.16315,0.00036,WIN,TP,10.9,1.0,9.9,9.24,10.94,1.817,55.78,-0.000321,2.8,0.512,12.3,1.16426,0.00043,1.163821,1.164142
2025-10-29 15:05:00,2025-10-29 15:15:00,SELL,1.16349,1.16408,1.16408,1.16231,0.00039,LOSS,SL,-5.9,1.0,-6.9,-7.59,-5.89,-1.17,45.65,-0.000367,11.2,1.9,0.8,1.16349,0.00029,1.16371,1.164076
2025-10-29 15:25:00,2025-10-29 16:55:00,SELL,1.16406,1.16468,1.16468,1.16282,0.00041,LOSS,SL,-6.2,1.0,-7.2,-7.92,-6.22,-1.161,55.75,-0.000324,11.1,1.784,8.9,1.16407,0.00046,1.163747,1.164072
2025-10-29 17:15:00,2025-10-29 17:35:00,SELL,1.16456,1.16519,1.16519,1.16329,0.00042,LOSS,SL,-6.3,1.0,-7.3,-8.03,-6.33,-1.158,57.32,-5e-05,10.1,1.595,0.7,1.16457,0.0005,1.164043,1.164093
2025-10-29 18:55:00,2025-10-29 19:25:00,BUY,1.16573,1.16517,1.16517,1.16685,0.00037,LOSS,SL,-5.6,1.0,-6.6,-7.32,-5.62,-1.178,54.65,0.000632,7.5,1.335,1.8,1.16574,0.00027,1.165033,1.164401
2025-10-29 20:35:00,2025-10-29 20:35:00,BUY,1.16445,1.16306,1.16306,1.16724,0.00093,LOSS,SL,-13.9,1.2,-15.1,-15.85,-13.95,-1.086,45.65,0.000347,57.7,4.136,0.4,1.16446,0.00114,1.164807,1.16446
2025-10-29 22:25:00,2025-10-30 02:15:00,SELL,1.15977,1.16088,1.16088,1.15756,0.00074,LOSS,SL,-11.1,2.7,-13.8,-14.45,-11.05,-1.244,45.36,-0.001902,11.9,1.077,2.0,1.15977,0.00034,1.161503,1.163405
2025-10-30 03:20:00,2025-10-30 03:45:00,SELL,1.16102,1.16146,1.16146,1.16014,0.00029,LOSS,SL,-4.4,1.2,-5.6,-6.32,-4.42,-1.272,54.04,-0.001345,5.1,1.155,1.7,1.16102,0.00035,1.160764,1.162109
2025-10-30 03:55:00,2025-10-30 04:10:00,SELL,1.16133,1.16173,1.16173,1.16053,0.00027,LOSS,SL,-4.0,1.2,-5.2,-5.92,-4.02,-1.299,57.45,-0.001164,6.2,1.543,1.4,1.16132,0.00012,1.160888,1.162052
2025-10-30 04:20:00,2025-10-30 05:00:00,SELL,1.16153,1.16197,1.16197,1.16065,0.00029,LOSS,SL,-4.4,1.2,-5.6,-6.32,-4.42,-1.272,57.54,-0.001018,4.6,1.041,1.0,1.16156,0.00046,1.161011,1.162028
2025-10-30 05:05:00,2025-10-30 05:20:00,SELL,1.16173,1.16094,1.16212,1.16094,0.00026,WIN,TP,7.9,1.2,6.7,5.98,7.88,1.695,59.71,-0.000797,2.7,0.686,8.8,1.16174,0.00028,1.161196,1.161993
2025-10-30 05:25:00,2025-10-30 06:05:00,SELL,1.16119,1.16168,1.16168,1.16022,0.00032,LOSS,SL,-4.9,1.2,-6.1,-6.76,-4.86,-1.247,45.09,-0.000732,5.4,1.112,5.4,1.1612,0.00059,1.161242,1.161974
2025-10-30 06:10:00,2025-10-30 06:15:00,SELL,1.16165,1.16214,1.16214,1.16067,0.00033,LOSS,SL,-4.9,1.2,-6.1,-6.78,-4.88,-1.246,57.15,-0.000658,12.0,2.457,0.9,1.16165,0.00031,1.161255,1.161914
2025-10-30 07:20:00,2025-10-30 09:00:00,SELL,1.16281,1.16166,1.16338,1.16166,0.00038,WIN,TP,11.5,1.2,10.3,9.59,11.49,1.791,58.92,-6.9e-05,3.4,0.592,12.9,1.1628,0.00036,1.161976,1.162045
2025-10-30 09:10:00,2025-10-30 09:15:00,BUY,1.16219,1.1615,1.1615,1.16356,0.00046,LOSS,SL,-6.9,1.2,-8.1,-8.77,-6.87,-1.175,47.4,0.000108,7.3,1.062,0.7,1.1622,0.00082,1.162238,1.16213
2025-10-30 09:20:00,2025-10-30 09:40:00,BUY,1.16197,1.16128,1.16128,1.16336,0.00046,LOSS,SL,-6.9,1.2,-8.1,-8.84,-6.94,-1.173,45.39,8.1e-05,8.3,1.196,1.0,1.16196,0.00053,1.162205,1.162124
2025-10-30 10:00:00,2025-10-30 11:25:00,SELL,1.16183,1.16254,1.16254,1.16042,0.00047,LOSS,SL,-7.1,1.1,-8.2,-8.87,-7.07,-1.156,48.31,-5.3e-05,7.6,1.076,11.2,1.16184,0.00064,1.162028,1.16208
2025-10-30 11:40:00,2025-10-30 12:50:00,SELL,1.16228,1.16094,1.16295,1.16094,0.00045,WIN,TP,13.4,1.1,12.3,11.6,13.4,1.836,57.08,-0.00013,0.6,0.09,14.3,1.16228,0.00071,1.16188,1.16201
2025-10-30 15:45:00,2025-10-30 16:05:00,SELL,1.15756,1.15858,1.15858,1.15552,0.00068,LOSS,SL,-10.2,1.0,-11.2,-11.88,-10.18,-1.098,48.2,-0.002071,10.7,1.051,8.8,1.15757,0.00097,1.158827,1.160898
2025-10-30 16:10:00,2025-10-30 17:50:00,SELL,1.15838,1.15624,1.15945,1.15624,0.00071,WIN,TP,21.4,1.0,20.4,19.69,21.39,1.906,56.59,-0.002111,2.4,0.224,22.7,1.15837,0.00108,1.158632,1.160744
2025-10-30 18:35:00,2025-10-31 01:50:00,SELL,1.15656,1.15729,1.15729,1.15509,0.00049,LOSS,SL,-7.3,1.0,-8.3,-9.05,-7.35,-1.136,45.99,-0.002385,7.8,1.062,5.5,1.15657,0.00041,1.157418,1.159803
2025-10-31 02:20:00,2025-10-31 02:25:00,SELL,1.15706,1.15742,1.15742,1.15635,0.00024,LOSS,SL,-3.6,1.2,-4.8,-5.45,-3.55,-1.338,55.1,-0.001112,3.9,1.097,0.0,1.15704,0.00025,1.156822,1.157934
2025-10-31 02:55:00,2025-10-31 03:20:00,SELL,1.15738,1.15775,1.15775,1.15664,0.00025,LOSS,SL,-3.7,1.2,-4.9,-5.58,-3.68,-1.326,59.78,-0.000938,3.7,1.005,1.6,1.15736,0.0004,1.156958,1.157896
2025-10-31 03:35:00,2025-10-31 03:55:00,SELL,1.15753,1.15679,1.1579,1.15679,0.00025,WIN,TP,7.4,1.2,6.2,5.47,7.37,1.674,57.4,-0.000747,1.2,0.326,9.2,1.15751,0.00026,1.157123,1.15787
2025-10-31 04:15:00,2025-10-31 08:50:00,SELL,1.15719,1.1563,1.15763,1.1563,0.0003,WIN,TP,8.9,1.2,7.7,6.96,8.86,1.729,49.78,-0.000703,2.8,0.632,9.1,1.15718,0.00041,1.157105,1.157809
2025-10-31 10:00:00,2025-10-31 10:55:00,SELL,1.15649,1.15703,1.15703,1.15542,0.00036,LOSS,SL,-5.4,1.1,-6.5,-7.17,-5.37,-1.205,52.33,-0.000681,6.7,1.249,5.2,1.1565,0.0005,1.156597,1.157279
2025-10-31 11:20:00,2025-10-31 11:55:00,SELL,1.15712,1.15765,1.15765,1.15606,0.00035,LOSS,SL,-5.3,1.1,-6.4,-7.12,-5.32,-1.207,59.12,-0.000508,5.8,1.09,6.4,1.15712,0.00036,1.156691,1.1572
2025-10-31 12:05:00,2025-10-31 13:40:00,SELL,1.15714,1.15596,1.15773,1.15596,0.00039,WIN,TP,11.8,1.1,10.7,10.02,11.82,1.814,54.55,-0.000399,3.1,0.525,13.7,1.15712,0.00055,1.156782,1.157181
2025-10-31 13:55:00,2025-10-31 14:10:00,SELL,1.15665,1.15559,1.15718,1.15559,0.00035,WIN,TP,10.6,1.1,9.5,8.76,10.56,1.792,45.29,-0.000276,1.8,0.341,10.6,1.15665,0.00033,1.156857,1.157134
2025-10-31 17:25:00,2025-10-31 17:55:00,SELL,1.15335,1.15416,1.15416,1.15172,0.00054,LOSS,SL,-8.1,1.0,-9.1,-9.84,-8.14,-1.123,45.39,-0.00172,9.8,1.204,10.0,1.15335,0.00045,1.154427,1.156147
2025-10-31 18:00:00,2025-10-31 19:15:00,SELL,1.15405,1.15235,1.1549,1.15235,0.00057,WIN,TP,17.0,1.0,16.0,15.27,16.97,1.882,57.23,-0.001835,3.2,0.377,17.4,1.15407,0.00063,1.154105,1.15594
2025-10-31 20:50:00,2025-10-31 21:25:00,SELL,1.15247,1.15296,1.15296,1.15149,0.00033,LOSS,SL,-4.9,1.2,-6.1,-6.78,-4.88,-1.246,45.22,-0.001994,6.2,1.27,1.7,1.15247,0.00029,1.153034,1.155028
2025-10-31 21:40:00,2025-10-31 22:50:00,SELL,1.153,1.1534,1.1534,1.15219,0.00027,LOSS,SL,-4.0,1.2,-5.2,-5.95,-4.05,-1.296,59.16,-0.001863,7.2,1.779,5.8,1.15299,0.00016,1.152949,1.154812
2025-11-03 00:05:00,2025-11-03 00:05:00,SELL,1.15297,1.15354,1.15354,1.15183,0.00038,LOSS,SL,-5.7,1.8,-7.5,-8.19,-5.69,-1.316,49.57,-0.001542,7.2,1.265,0.3,1.15294,0.00016,1.152985,1.154527
2025-11-03 00:10:00,2025-11-03 01:10:00,SELL,1.15323,1.15381,1.15381,1.15208,0.00038,LOSS,SL,-5.8,1.8,-7.6,-8.27,-5.77,-1.312,54.86,-0.00152,6.5,1.127,4.0,1.15323,0.00075,1.152995,1.154515
2025-11-03 01:25:00,2025-11-03 03:05:00,SELL,1.15316,1.15215,1.15367,1.15215,0.00034,WIN,TP,10.1,1.2,8.9,8.23,10.13,1.763,48.8,-0.001212,3.2,0.632,10.5,1.15316,0.00046,1.153129,1.154341
2025-11-03 03:20:00,2025-11-03 04:05:00,SELL,1.15272,1.15319,1.15319,1.15178,0.00031,LOSS,SL,-4.7,1.2,-5.9,-6.62,-4.72,-1.254,48.12,-0.00113,5.0,1.06,1.8,1.15271,0.0004,1.152887,1.154017
2025-11-03 04:10:00,2025-11-03 06:05:00,SELL,1.15311,1.15354,1.15354,1.15225,0.00029,LOSS,SL,-4.3,1.2,-5.5,-6.21,-4.31,-1.278,58.5,-0.001048,5.7,1.322,1.0,1.15311,0.00046,1.15285,1.153898
2025-11-03 06:30:00,2025-11-03 08:30:00,SELL,1.15349,1.15381,1.15381,1.15285,0.00021,LOSS,SL,-3.2,1.2,-4.4,-5.09,-3.19,-1.376,57.69,-0.000577,5.6,1.757,3.2,1.1535,0.00025,1.153176,1.153752
2025-11-03 08:55:00,2025-11-03 09:40:00,SELL,1.15379,1.1541,1.1541,1.15317,0.00021,LOSS,SL,-3.1,1.2,-4.3,-5.01,-3.11,-1.386,56.17,-0.000212,3.4,1.094,4.4,1.1538,0.00024,1.153503,1.153715
2025-11-03 09:45:00,2025-11-03 10:05:00,SELL,1.15407,1.15324,1.15449,1.15324,0.00028,WIN,TP,8.3,1.1,7.2,6.52,8.32,1.736,59.1,-0.00012,0.3,0.072,10.1,1.15407,0.00019,1.153604,1.153724
2025-11-03 12:25:00,2025-11-03 14:35:00,SELL,1.15157,1.15222,1.15222,1.15026,0.00044,LOSS,SL,-6.5,1.1,-7.6,-8.34,-6.54,-1.168,46.7,-0.000954,6.7,1.025,3.4,1.15161,0.00059,1.152277,1.153231
2025-11-03 14:45:00,2025-11-03 15:10:00,SELL,1.15208,1.15119,1.15252,1.15119,0.0003,WIN,TP,8.9,1.0,7.9,7.16,8.86,1.774,59.7,-0.000956,1.0,0.226,9.1,1.15209,0.00015,1.151899,1.152855
2025-11-03 15:40:00,2025-11-03 17:00:00,SELL,1.15131,1.15182,1.15182,1.1503,0.00034,LOSS,SL,-5.1,1.0,-6.1,-6.77,-5.07,-1.197,45.41,-0.000996,7.5,1.478,8.2,1.15131,0.00039,1.151706,1.152702
2025-11-03 17:25:00,2025-11-03 17:55:00,SELL,1.15146,1.15216,1.15216,1.15006,0.00047,LOSS,SL,-7.0,1.0,-8.0,-8.7,-7.0,-1.143,51.92,-0.00098,10.8,1.543,8.7,1.15146,0.00066,1.151431,1.15241
2025-11-03 19:40:00,2025-11-03 20:35:00,SELL,1.15324,1.15211,1.1538,1.15211,0.00038,WIN,TP,11.3,1.2,10.1,9.38,11.28,1.787,59.39,-0.000115,1.1,0.195,12.2,1.15324,0.00023,1.152365,1.152479
2025-11-03 22:05:00,2025-11-04 02:00:00,SELL,1.1522,1.15142,1.15259,1.15142,0.00026,WIN,TP,7.8,1.2,6.6,5.85,7.75,1.691,50.74,-0.000182,1.6,0.413,10.4,1.15221,0.00038,1.152245,1.152427
2025-11-04 03:50:00,2025-11-04 05:00:00,SELL,1.15081,1.15127,1.15127,1.14989,0.00031,LOSS,SL,-4.6,1.2,-5.8,-6.51,-4.61,-1.26,48.69,-0.000741,5.8,1.258,3.4,1.1508,0.00044,1.151181,1.151922
2025-11-04 05:05:00,2025-11-04 05:15:00,SELL,1.15117,1.1516,1.1516,1.1503,0.00029,LOSS,SL,-4.3,1.2,-5.5,-6.23,-4.33,-1.277,58.78,-0.000747,4.8,1.109,0.3,1.15116,0.00033,1.151021,1.151768
2025-11-04 05:50:00,2025-11-04 06:40:00,SELL,1.1513,1.1517,1.1517,1.1505,0.00027,LOSS,SL,-4.0,1.2,-5.2,-5.89,-3.99,-1.301,55.14,-0.000582,4.8,1.204,2.0,1.15131,0.00023,1.151162,1.151744
2025-11-04 06:50:00,2025-11-04 08:10:00,SELL,1.15115,1.15153,1.15153,1.15038,0.00026,LOSS,SL,-3.8,1.2,-5.0,-5.74,-3.84,-1.313,47.02,-0.000477,4.4,1.147,4.4,1.15115,0.00046,1.151218,1.151694
2025-11-04 10:10:00,2025-11-04 10:45:00,BUY,1.15241,1.15187,1.15187,1.15349,0.00036,LOSS,SL,-5.4,1.1,-6.5,-7.18,-5.38,-1.204,50.12,0.000255,7.8,1.449,4.7,1.15242,0.00057,1.152067,1.151813
2025-11-04 12:45:00,2025-11-04 13:35:00,SELL,1.15096,1.14985,1.15151,1.14985,0.00037,WIN,TP,11.1,1.1,10.0,9.25,11.05,1.801,45.98,-0.000272,0.0,0.0,11.2,1.15095,0.00017,1.1514,1.151673
2025-11-04 15:05:00,2025-11-04 16:20:00,SELL,1.14916,1.14794,1.14977,1.14794,0.00041,WIN,TP,12.2,1.0,11.2,10.51,12.21,1.836,47.61,-0.001197,5.5,0.901,12.6,1.14916,0.00044,1.149911,1.151108
2025-11-04 17:25:00,2025-11-04 17:35:00,SELL,1.14816,1.14881,1.14881,1.14686,0.00043,LOSS,SL,-6.5,1.0,-7.5,-8.2,-6.5,-1.154,45.23,-0.001582,7.5,1.154,1.8,1.14814,0.00037,1.148897,1.150479
2025-11-04 17:40:00,2025-11-04 18:15:00,SELL,1.14879,1.14945,1.14945,1.14746,0.00044,LOSS,SL,-6.6,1.0,-7.6,-8.33,-6.63,-1.151,56.04,-0.001573,9.2,1.388,3.8,1.14879,0.00044,1.148845,1.150418
2025-11-04 18:25:00,2025-11-04 20:10:00,SELL,1.14929,1.14811,1.14988,1.14811,0.00039,WIN,TP,11.8,1.0,10.8,10.1,11.8,1.831,59.85,-0.001377,2.2,0.373,12.2,1.14928,0.00032,1.148928,1.150305
2025-11-04 20:25:00,2025-11-04 22:00:00,SELL,1.14841,1.14756,1.14883,1.14756,0.00028,WIN,TP,8.5,1.2,7.3,6.59,8.49,1.717,47.1,-0.001242,3.2,0.754,9.1,1.14846,0.00032,1.148705,1.149947
2025-11-04 22:30:00,2025-11-05 00:50:00,SELL,1.148,1.14838,1.14838,1.14724,0.00025,LOSS,SL,-3.8,1.2,-5.0,-5.68,-3.78,-1.318,45.55,-0.00122,4.3,1.139,2.2,1.14798,0.00017,1.148334,1.149554
2025-11-05 00:55:00,2025-11-05 03:20:00,SELL,1.14835,1.14869,1.14869,1.14768,0.00022,LOSS,SL,-3.4,3.1,-6.5,-7.17,-3.37,-1.921,57.61,-0.001014,5.3,1.574,4.1,1.14835,0.00035,1.148169,1.149183
2025-11-05 03:30:00,2025-11-05 03:35:00,SELL,1.14874,1.14918,1.14918,1.14786,0.00029,LOSS,SL,-4.4,1.2,-5.6,-6.28,-4.38,-1.274,59.93,-0.000644,8.3,1.897,0.6,1.14876,0.00036,1.148325,1.14897
2025-11-05 04:00:00,2025-11-05 10:05:00,SELL,1.14894,1.14945,1.14945,1.14792,0.00034,LOSS,SL,-5.1,1.2,-6.3,-7.02,-5.12,-1.234,55.1,-0.000464,6.2,1.211,6.4,1.14893,0.00046,1.148522,1.148986
2025-11-05 10:20:00,2025-11-05 11:50:00,SELL,1.14917,1.14819,1.14966,1.14819,0.00033,WIN,TP,9.8,1.1,8.7,8.0,9.8,1.776,53.5,-2.2e-05,3.3,0.673,10.5,1.14915,0.00046,1.148959,1.148982
2025-11-05 12:35:00,2025-11-05 13:25:00,SELL,1.14824,1.14873,1.14873,1.14725,0.00033,LOSS,SL,-4.9,1.1,-6.0,-6.73,-4.93,-1.223,45.28,-0.000248,6.6,1.338,3.8,1.14823,0.00032,1.14864,1.148888
2025-11-05 13:30:00,2025-11-05 15:00:00,SELL,1.14876,1.14926,1.14926,1.14776,0.00033,LOSS,SL,-5.0,1.1,-6.1,-6.81,-5.01,-1.219,58.39,-0.000297,5.6,1.117,1.8,1.14878,0.00049,1.148532,1.148829
2025-11-05 15:15:00,2025-11-05 15:45:00,SELL,1.14889,1.14787,1.1494,1.14787,0.00034,WIN,TP,10.2,1.0,9.2,8.49,10.19,1.804,50.26,-8.7e-05,0.8,0.157,11.7,1.14884,0.00051,1.148759,1.148846
2025-11-05 16:20:00,2025-11-05 16:45:00,SELL,1.14819,1.14884,1.14884,1.14688,0.00044,LOSS,SL,-6.5,1.0,-7.5,-8.24,-6.54,-1.153,48.91,-0.000309,6.9,1.055,2.6,1.1482,0.00074,1.148433,1.148742
2025-11-05 16:50:00,2025-11-05 17:00:00,SELL,1.1487,1.14737,1.14936,1.14737,0.00044,WIN,TP,13.3,1.0,12.3,11.55,13.25,1.849,56.84,-0.000293,6.4,0.966,17.2,1.1487,0.00051,1.148429,1.148722
2025-11-05 17:20:00,2025-11-05 22:00:00,SELL,1.14807,1.14897,1.14897,1.14628,0.0006,LOSS,SL,-9.0,1.0,-10.0,-10.65,-8.95,-1.112,47.64,-0.000321,9.2,1.028,10.9,1.14807,0.00101,1.148369,1.14869
2025-11-05 23:00:00,2025-11-05 23:05:00,SELL,1.14875,1.14906,1.14906,1.14813,0.00021,LOSS,SL,-3.1,2.7,-5.8,-6.52,-3.12,-1.865,58.09,-6e-06,3.2,1.025,0.9,1.14884,0.00014,1.148499,1.148505
2025-11-06 00:05:00,2025-11-06 01:55:00,BUY,1.14905,1.14967,1.14874,1.14967,0.00021,WIN,TP,6.2,2.8,3.4,2.72,6.22,1.099,54.11,0.000171,1.2,0.386,6.7,1.14905,0.00012,1.148749,1.148578
2025-11-06 02:05:00,2025-11-06 02:25:00,BUY,1.14935,1.14988,1.14908,1.14988,0.00018,WIN,TP,5.3,1.2,4.1,3.45,5.35,1.551,52.61,0.00038,0.0,0.0,5.8,1.14935,0.00027,1.149115,1.148734
2025-11-06 04:40:00,2025-11-06 07:55:00,BUY,1.15042,1.15105,1.15011,1.15105,0.00021,WIN,TP,6.3,1.2,5.1,4.36,6.26,1.616,49.36,0.000907,1.3,0.416,7.0,1.15041,0.00031,1.150082,1.149175
2025-11-06 08:40:00,2025-11-06 10:05:00,BUY,1.15082,1.15151,1.15047,1.15151,0.00023,WIN,TP,6.9,1.2,5.7,5.05,6.95,1.655,49.35,0.000902,2.8,0.806,7.9,1.15079,0.00024,1.15066,1.149759
2025-11-06 10:15:00,2025-11-06 10:55:00,BUY,1.15098,1.15188,1.15053,1.15188,0.0003,WIN,TP,9.0,1.1,7.9,7.21,9.01,1.756,51.21,0.000862,4.1,0.91,13.6,1.15099,0.00029,1.150828,1.149965
2025-11-06 11:20:00,2025-11-06 14:35:00,BUY,1.1514,1.15253,1.15083,1.15253,0.00038,WIN,TP,11.3,1.1,10.2,9.52,11.32,1.806,52.35,0.000926,4.0,0.707,11.5,1.1514,0.00037,1.151063,1.150137
2025-11-06 16:15:00,2025-11-06 16:20:00,BUY,1.15335,1.15272,1.15272,1.1546,0.00042,LOSS,SL,-6.3,1.0,-7.3,-7.95,-6.25,-1.16,54.52,0.001475,6.6,1.055,1.6,1.15336,0.00045,1.15259,1.151115
2025-11-06 16:25:00,2025-11-06 16:40:00,BUY,1.15294,1.15231,1.15231,1.15419,0.00042,LOSS,SL,-6.3,1.0,-7.3,-7.97,-6.27,-1.159,47.46,0.001473,6.3,1.005,1.7,1.15294,0.00056,1.152627,1.151154
2025-11-06 16:50:00,2025-11-06 17:00:00,BUY,1.15253,1.15194,1.15194,1.15372,0.0004,LOSS,SL,-5.9,1.0,-6.9,-7.64,-5.94,-1.168,41.49,0.001412,6.4,1.077,0.0,1.15253,0.00028,1.152642,1.15123
2025-11-06 17:10:00,2025-11-06 17:55:00,BUY,1.15248,1.15371,1.15187,1.15371,0.00041,WIN,TP,12.3,1.0,11.3,10.57,12.27,1.837,44.41,0.001315,2.8,0.456,18.0,1.15249,0.00054,1.152585,1.15127
2025-11-06 18:10:00,2025-11-06 20:40:00,BUY,1.15327,1.1548,1.15251,1.1548,0.00051,WIN,TP,15.3,1.0,14.3,13.59,15.29,1.869,52.93,0.001343,3.0,0.392,16.4,1.15327,0.00065,1.152832,1.151489
2025-11-06 21:40:00,2025-11-07 00:00:00,BUY,1.15459,1.15413,1.15413,1.15551,0.00031,LOSS,SL,-4.6,1.2,-5.8,-6.52,-4.62,-1.26,51.33,0.001703,10.2,2.21,3.3,1.1546,0.00063,1.154157,1.152454
2025-11-07 00:10:00,2025-11-07 02:50:00,BUY,1.15427,1.15381,1.15381,1.1552,0.00031,LOSS,SL,-4.6,2.2,-6.8,-7.53,-4.63,-1.475,44.28,0.001431,5.3,1.144,9.0,1.15427,0.00055,1.15443,1.152998
2025-11-07 03:30:00,2025-11-07 03:45:00,BUY,1.15401,1.15365,1.15365,1.15474,0.00024,LOSS,SL,-3.6,1.2,-4.8,-5.54,-3.64,-1.33,40.32,0.00087,4.1,1.127,0.9,1.15401,0.00016,1.154334,1.153463
2025-11-07 04:05:00,2025-11-07 05:05:00,BUY,1.15403,1.15366,1.15366,1.15477,0.00025,LOSS,SL,-3.7,1.2,-4.9,-5.59,-3.69,-1.325,48.36,0.000729,4.9,1.329,2.8,1.15403,0.0003,1.15422,1.153491
2025-11-07 05:45:00,2025-11-07 06:20:00,BUY,1.15367,1.15337,1.15337,1.15427,0.0002,LOSS,SL,-3.0,1.2,-4.2,-4.88,-2.98,-1.403,42.46,0.000444,4.6,1.544,1.6,1.15368,0.00013,1.154002,1.153558
2025-11-07 06:40:00,2025-11-07 08:20:00,BUY,1.1535,1.15321,1.15321,1.15408,0.00019,LOSS,SL,-2.9,1.2,-4.1,-4.81,-2.91,-1.412,40.73,0.00029,3.8,1.305,3.7,1.15351,0.00022,1.15385,1.15356
2025-11-07 08:35:00,2025-11-07 10:00:00,BUY,1.15329,1.15299,1.15299,1.1539,0.0002,LOSS,SL,-3.0,1.2,-4.2,-4.95,-3.05,-1.394,42.93,8.3e-05,3.1,1.018,3.4,1.15333,0.00027,1.153634,1.153551
2025-11-07 10:20:00,2025-11-07 11:50:00,SELL,1.15374,1.15421,1.15421,1.1528,0.00031,LOSS,SL,-4.7,1.1,-5.8,-6.5,-4.7,-1.234,57.81,-2.6e-05,5.0,1.065,7.0,1.15374,0.0004,1.153488,1.153514
2025-11-07 14:40:00,2025-11-07 15:15:00,BUY,1.15563,1.15666,1.15511,1.15666,0.00034,WIN,TP,10.3,1.0,9.3,8.63,10.33,1.806,52.46,0.000967,2.6,0.503,10.6,1.15563,0.00035,1.155021,1.154055
2025-11-07 17:55:00,2025-11-07 20:55:00,BUY,1.15756,1.15682,1.15682,1.15904,0.00049,LOSS,SL,-7.4,1.0,-8.4,-9.11,-7.41,-1.135,48.68,0.001915,8.3,1.121,8.1,1.15755,0.00086,1.157006,1.155092
2025-11-07 21:10:00,2025-11-07 21:30:00,BUY,1.15702,1.15655,1.15655,1.15797,0.00032,LOSS,SL,-4.7,1.2,-5.9,-6.64,-4.74,-1.253,41.13,0.001498,5.3,1.117,2.1,1.15704,0.00038,1.157391,1.155893
2025-11-07 22:15:00,2025-11-07 23:50:00,BUY,1.15642,1.15588,1.15588,1.15749,0.00036,LOSS,SL,-5.4,1.2,-6.6,-7.27,-5.37,-1.223,44.5,0.001021,5.6,1.042,2.8,1.15642,0.00035,1.156977,1.155956
2025-11-07 23:55:00,2025-11-10 00:00:00,BUY,1.15639,1.15598,1.15598,1.1572,0.00027,LOSS,SL,-4.1,1.8,-5.9,-6.55,-4.05,-1.444,45.77,0.000625,9.4,2.319,1.0,1.15632,0.00048,1.156665,1.156039
2025-11-10 00:15:00,2025-11-10 00:35:00,BUY,1.15596,1.15548,1.15548,1.15692,0.00032,LOSS,SL,-4.8,2.2,-7.0,-7.68,-4.78,-1.46,41.87,0.000517,5.4,1.129,0.0,1.15592,0.00038,1.156551,1.156034
2025-11-10 01:00:00,2025-11-10 01:00:00,BUY,1.15573,1.15529,1.15529,1.15662,0.0003,LOSS,SL,-4.4,1.2,-5.6,-6.35,-4.45,-1.27,41.7,0.000266,4.7,1.057,2.3,1.15567,0.00037,1.156263,1.155997
2025-11-10 02:05:00,2025-11-10 02:45:00,SELL,1.15501,1.15562,1.15562,1.1538,0.0004,LOSS,SL,-6.1,1.2,-7.3,-7.95,-6.05,-1.198,45.71,-0.00022,6.7,1.107,3.2,1.15495,0.00164,1.155618,1.155838
2025-11-10 02:50:00,2025-11-10 06:35:00,SELL,1.15555,1.15612,1.15612,1.15441,0.00038,LOSS,SL,-5.7,1.2,-6.9,-7.62,-5.72,-1.21,56.79,-0.000283,7.2,1.26,8.8,1.15552,0.00038,1.155501,1.155784
2025-11-10 06:45:00,2025-11-10 07:25:00,SELL,1.15593,1.1563,1.1563,1.15519,0.00025,LOSS,SL,-3.7,1.2,-4.9,-5.62,-3.72,-1.323,56.99,-9e-05,4.4,1.183,1.7,1.15592,0.00031,1.155644,1.155734
2025-11-10 08:00:00,2025-11-10 08:35:00,BUY,1.15615,1.15579,1.15579,1.15686,0.00024,LOSS,SL,-3.6,1.2,-4.8,-5.45,-3.55,-1.338,53.35,0.000105,3.9,1.097,3.5,1.15616,0.00027,1.155905,1.1558
2025-11-10 08:40:00,2025-11-10 08:45:00,BUY,1.1559,1.15553,1.15553,1.15665,0.00025,LOSS,SL,-3.7,1.2,-4.9,-5.64,-3.74,-1.321,43.56,0.000152,6.4,1.712,1.2,1.15589,0.00038,1.155982,1.15583
2025-11-10 09:10:00,2025-11-10 09:20:00,BUY,1.15588,1.15541,1.15541,1.15682,0.00031,LOSS,SL,-4.7,1.2,-5.9,-6.61,-4.71,-1.255,49.12,8e-05,5.0,1.061,2.6,1.15588,0.0005,1.155895,1.155815
2025-11-10 09:25:00,2025-11-10 09:35:00,BUY,1.15584,1.15684,1.15534,1.15684,0.00033,WIN,TP,10.0,1.2,8.8,8.07,9.97,1.759,47.13,7e-05,0.3,0.06,12.6,1.15578,0.00047,1.155885,1.155815
2025-11-10 11:00:00,2025-11-10 11:20:00,BUY,1.15726,1.15665,1.15665,1.15848,0.00041,LOSS,SL,-6.1,1.1,-7.2,-7.9,-6.1,-1.18,53.16,0.000602,8.7,1.425,1.4,1.15725,0.00072,1.156674,1.156072
2025-11-10 11:25:00,2025-11-10 13:00:00,BUY,1.15668,1.15609,1.15609,1.15786,0.00039,LOSS,SL,-5.9,1.1,-7.0,-7.71,-5.91,-1.186,43.99,0.000602,9.8,1.658,5.2,1.15669,0.00049,1.156715,1.156113
2025-11-10 13:25:00,2025-11-10 14:15:00,BUY,1.15588,1.1569,1.15537,1.1569,0.00034,WIN,TP,10.2,1.1,9.1,8.41,10.21,1.785,40.65,0.000304,1.2,0.235,11.4,1.15589,0.00026,1.156485,1.156181
2025-11-10 14:50:00,2025-11-10 15:15:00,BUY,1.15645,1.15755,1.1559,1.15755,0.00037,WIN,TP,11.0,1.0,10.0,9.32,11.02,1.819,47.3,0.000311,0.4,0.073,11.9,1.15646,0.00053,1.156553,1.156242
2025-11-10 15:35:00,2025-11-10 16:00:00,BUY,1.15712,1.15654,1.15654,1.15827,0.00038,LOSS,SL,-5.8,1.0,-6.8,-7.47,-5.77,-1.173,54.93,0.00043,6.9,1.195,1.4,1.15717,0.0004,1.156754,1.156324
2025-11-10 16:05:00,2025-11-10 16:45:00,BUY,1.15649,1.15594,1.15594,1.15759,0.00037,LOSS,SL,-5.5,1.0,-6.5,-7.22,-5.52,-1.181,42.34,0.000415,5.8,1.051,3.8,1.1565,0.0004,1.156769,1.156354
2025-11-10 17:00:00,2025-11-10 17:30:00,BUY,1.15643,1.15584,1.15584,1.15762,0.0004,LOSS,SL,-5.9,1.0,-6.9,-7.63,-5.93,-1.169,47.82,0.000276,11.5,1.941,2.9,1.15648,0.00048,1.156636,1.15636
2025-11-10 18:20:00,2025-11-10 19:00:00,SELL,1.15543,1.15416,1.15606,1.15416,0.00042,WIN,TP,12.7,1.0,11.7,10.96,12.66,1.842,45.09,-0.000183,0.6,0.095,13.5,1.15542,0.00037,1.156041,1.156224
2025-11-10 19:35:00,2025-11-10 19:45:00,SELL,1.15495,1.15553,1.15553,1.15379,0.00039,LOSS,SL,-5.8,1.2,-7.0,-7.71,-5.81,-1.206,47.96,-0.000568,7.5,1.29,0.0,1.15495,0.00026,1.155452,1.15602
2025-11-10 20:45:00,2025-11-10 22:40:00,SELL,1.15601,1.15648,1.15648,1.15507,0.00031,LOSS,SL,-4.7,1.2,-5.9,-6.62,-4.72,-1.254,59.79,-0.000345,4.8,1.017,2.5,1.15602,0.00017,1.155662,1.156007
2025-11-10 22:45:00,2025-11-10 23:45:00,SELL,1.15629,1.15565,1.15661,1.15565,0.00021,WIN,TP,6.4,1.2,5.2,4.49,6.39,1.625,58.29,-5.3e-05,1.6,0.501,7.5,1.1563,0.0002,1.155988,1.156041
2025-11-11 00:20:00,2025-11-11 03:00:00,SELL,1.15576,1.15498,1.15615,1.15498,0.00026,WIN,TP,7.8,3.1,4.7,3.96,7.76,1.201,46.28,-0.000107,2.9,0.748,8.4,1.15573,0.00019,1.155907,1.156014
2025-11-11 03:35:00,2025-11-11 04:00:00,SELL,1.15529,1.15568,1.15568,1.15451,0.00026,LOSS,SL,-3.9,1.2,-5.1,-5.81,-3.91,-1.307,46.17,-0.000305,4.2,1.074,1.8,1.15528,0.00036,1.155561,1.155867
2025-11-11 04:05:00,2025-11-11 07:10:00,SELL,1.15567,1.15606,1.15606,1.1549,0.00026,LOSS,SL,-3.9,1.2,-5.1,-5.76,-3.86,-1.311,59.88,-0.000315,5.0,1.296,5.2,1.1557,0.00031,1.155523,1.155838
2025-11-11 08:15:00,2025-11-11 08:40:00,BUY,1.1561,1.15578,1.15578,1.15673,0.00021,LOSS,SL,-3.2,1.2,-4.4,-5.06,-3.16,-1.38,53.82,4.2e-05,6.9,2.186,1.2,1.1561,0.00015,1.155872,1.15583
2025-11-11 09:25:00,2025-11-11 10:00:00,SELL,1.15564,1.1561,1.1561,1.15472,0.00031,LOSS,SL,-4.6,1.2,-5.8,-6.5,-4.6,-1.261,49.03,-7.5e-05,5.0,1.087,2.7,1.15563,0.00042,1.155718,1.155793
2025-11-11 10:05:00,2025-11-11 10:20:00,SELL,1.15605,1.15656,1.15656,1.15502,0.00034,LOSS,SL,-5.1,1.1,-6.2,-6.95,-5.15,-1.214,56.77,-4.5e-05,6.7,1.302,2.3,1.15603,0.00029,1.155751,1.155796
2025-11-11 10:35:00,2025-11-11 10:55:00,BUY,1.15606,1.15549,1.15549,1.1572,0.00038,LOSS,SL,-5.7,1.1,-6.8,-7.51,-5.71,-1.193,53.03,3.9e-05,6.2,1.086,1.1,1.15611,0.00031,1.155863,1.155824
2025-11-11 11:00:00,2025-11-11 11:30:00,BUY,1.15542,1.1565,1.15488,1.1565,0.00036,WIN,TP,10.8,1.1,9.7,8.99,10.79,1.796,41.94,3e-05,0.7,0.13,13.1,1.15544,0.00037,1.155854,1.155824
2025-11-11 12:05:00,2025-11-11 12:40:00,BUY,1.15638,1.15746,1.15584,1.15746,0.00036,WIN,TP,10.8,1.1,9.7,9.04,10.84,1.797,54.58,0.000156,1.5,0.277,11.1,1.15639,0.00044,1.156032,1.155877
2025-11-11 13:40:00,2025-11-11 15:15:00,BUY,1.15715,1.15808,1.15668,1.15808,0.00031,WIN,TP,9.3,1.1,8.2,7.51,9.31,1.764,54.22,0.00056,3.2,0.688,9.5,1.15715,0.0002,1.156665,1.156105
2025-11-11 17:10:00,2025-11-11 21:45:00,BUY,1.15947,1.1587,1.1587,1.16102,0.00052,LOSS,SL,-7.7,1.0,-8.7,-9.43,-7.73,-1.129,50.37,0.001703,8.1,1.047,8.7,1.15946,0.00088,1.158742,1.157038
2025-11-11 22:15:00,2025-11-11 22:50:00,BUY,1.15881,1.15844,1.15844,1.15955,0.00025,LOSS,SL,-3.7,1.2,-4.9,-5.6,-3.7,-1.324,41.5,0.001055,4.3,1.162,1.1,1.1588,0.00022,1.159138,1.158082
2025-11-12 00:05:00,2025-11-12 02:55:00,BUY,1.15832,1.15802,1.15802,1.15892,0.0002,LOSS,SL,-3.0,1.8,-4.8,-5.52,-3.02,-1.596,43.73,0.00054,4.4,1.458,4.2,1.15832,0.00028,1.158685,1.158145
2025-11-12 03:10:00,2025-11-12 03:20:00,BUY,1.15816,1.15783,1.15783,1.15882,0.00022,LOSS,SL,-3.3,1.2,-4.5,-5.2,-3.3,-1.364,43.27,0.00021,5.4,1.637,0.0,1.15817,0.00028,1.158419,1.158208
2025-11-12 03:50:00,2025-11-12 03:55:00,BUY,1.15784,1.15749,1.15749,1.15854,0.00023,LOSS,SL,-3.5,1.2,-4.7,-5.42,-3.52,-1.341,42.47,5.8e-05,3.8,1.08,0.6,1.15783,0.0002,1.15823,1.158172
2025-11-12 04:05:00,2025-11-12 06:20:00,BUY,1.1577,1.15734,1.15734,1.15842,0.00024,LOSS,SL,-3.6,1.2,-4.8,-5.51,-3.61,-1.332,42.02,1.2e-05,5.7,1.577,4.6,1.15773,0.00024,1.15817,1.158158
2025-11-12 07:10:00,2025-11-12 07:20:00,SELL,1.15739,1.15771,1.15771,1.15676,0.00021,LOSS,SL,-3.2,1.2,-4.4,-5.07,-3.17,-1.378,45.08,-0.000304,4.5,1.418,0.8,1.15738,0.00021,1.157685,1.157989
2025-11-12 07:25:00,2025-11-12 08:35:00,SELL,1.15772,1.15805,1.15805,1.15706,0.00022,LOSS,SL,-3.3,1.2,-4.5,-5.22,-3.32,-1.361,57.78,-0.000302,3.8,1.145,2.4,1.15772,0.00028,1.157675,1.157977
2025-11-12 08:45:00,2025-11-12 08:55:00,SELL,1.1579,1.15826,1.15826,1.15718,0.00024,LOSS,SL,-3.6,1.2,-4.8,-5.49,-3.59,-1.334,56.82,-0.000213,3.6,1.003,0.5,1.15793,0.00023,1.157737,1.15795
2025-11-12 09:35:00,2025-11-12 11:00:00,SELL,1.1584,1.15762,1.15879,1.15762,0.00026,WIN,TP,7.8,1.1,6.7,5.99,7.79,1.718,57.74,-2.5e-05,3.8,0.975,8.3,1.1584,0.0003,1.157971,1.157996
2025-11-12 11:05:00,2025-11-12 11:10:00,BUY,1.15798,1.15747,1.15747,1.15899,0.00034,LOSS,SL,-5.1,1.1,-6.2,-6.85,-5.05,-1.218,45.26,6.8e-05,6.7,1.327,0.9,1.15799,0.00045,1.158106,1.158038
2025-11-12 12:05:00,2025-11-12 14:05:00,SELL,1.15745,1.15799,1.15799,1.15636,0.00036,LOSS,SL,-5.4,1.1,-6.5,-7.23,-5.43,-1.203,45.2,-0.000143,5.6,1.032,9.6,1.15744,0.00059,1.157819,1.157962
2025-11-12 14:10:00,2025-11-12 16:10:00,SELL,1.15759,1.15656,1.1581,1.15656,0.00034,WIN,TP,10.3,1.0,9.3,8.59,10.29,1.806,56.77,-0.000368,4.6,0.894,11.9,1.15758,0.00047,1.157408,1.157776
2025-11-12 16:45:00,2025-11-12 17:00:00,SELL,1.15725,1.15781,1.15781,1.15612,0.00038,LOSS,SL,-5.6,1.0,-6.6,-7.33,-5.63,-1.178,55.26,-0.000456,9.6,1.705,0.8,1.15724,0.00062,1.157152,1.157608
2025-11-12 17:05:00,2025-11-12 17:15:00,SELL,1.15743,1.15807,1.15807,1.15616,0.00042,LOSS,SL,-6.4,1.0,-7.4,-8.07,-6.37,-1.157,57.5,-0.000415,9.5,1.491,1.6,1.15742,0.00082,1.157184,1.157599
2025-11-12 17:30:00,2025-11-12 17:40:00,SELL,1.15777,1.1584,1.1584,1.15651,0.00042,LOSS,SL,-6.3,1.0,-7.3,-7.99,-6.29,-1.159,58.22,-0.000291,7.4,1.176,1.5,1.15778,0.00033,1.157326,1.157617
2025-11-12 19:50:00,2025-11-12 21:10:00,BUY,1.15918,1.15871,1.15871,1.16012,0.00031,LOSS,SL,-4.7,1.2,-5.9,-6.6,-4.7,-1.255,52.84,0.00062,6.6,1.405,2.7,1.15916,0.00015,1.158623,1.158004
2025-11-12 21:35:00,2025-11-13 02:30:00,BUY,1.15875,1.15837,1.15837,1.15951,0.00025,LOSS,SL,-3.8,1.2,-5.0,-5.68,-3.78,-1.317,42.81,0.000635,7.1,1.878,6.9,1.15874,0.00023,1.158836,1.158201
2025-11-13 03:35:00,2025-11-13 04:00:00,BUY,1.15848,1.15929,1.15807,1.15929,0.00027,WIN,TP,8.1,1.2,6.9,6.22,8.12,1.705,48.45,0.00018,1.4,0.345,8.3,1.15848,0.00039,1.158663,1.158483
2025-11-13 04:25:00,2025-11-13 07:35:00,BUY,1.15874,1.15835,1.15835,1.15951,0.00026,LOSS,SL,-3.9,1.2,-5.1,-5.75,-3.85,-1.311,52.26,0.000203,4.0,1.038,4.5,1.15875,0.00023,1.158717,1.158514
2025-11-13 08:05:00,2025-11-13 09:20:00,BUY,1.15838,1.15901,1.15806,1.15901,0.00021,WIN,TP,6.3,1.2,5.1,4.4,6.3,1.619,41.62,0.000104,2.8,0.889,7.9,1.15839,0.00031,1.158708,1.158605
2025-11-13 11:40:00,2025-11-13 13:55:00,BUY,1.16134,1.16051,1.16051,1.163,0.00055,LOSS,SL,-8.3,1.1,-9.4,-10.1,-8.3,-1.132,47.61,0.001432,8.6,1.036,10.3,1.16132,0.00124,1.160743,1.159311
2025-11-13 14:05:00,2025-11-13 14:50:00,BUY,1.16091,1.16213,1.1603,1.16213,0.00041,WIN,TP,12.2,1.0,11.2,10.49,12.19,1.836,42.77,0.00134,1.2,0.197,13.6,1.16091,0.00038,1.161193,1.159853
2025-11-13 15:30:00,2025-11-13 16:35:00,BUY,1.16157,1.16283,1.16094,1.16283,0.00042,WIN,TP,12.6,1.0,11.6,10.94,12.64,1.842,47.89,0.001333,4.4,0.696,13.4,1.16158,0.00066,1.161481,1.160147
2025-11-13 20:10:00,2025-11-13 20:50:00,BUY,1.16454,1.16388,1.16388,1.16585,0.00044,LOSS,SL,-6.6,1.2,-7.8,-8.47,-6.57,-1.183,49.02,0.002274,8.7,1.324,6.1,1.16454,0.00056,1.163976,1.161702
2025-11-13 21:10:00,2025-11-13 22:00:00,BUY,1.16393,1.16339,1.16339,1.165,0.00036,LOSS,SL,-5.4,1.2,-6.6,-7.26,-5.36,-1.224,40.78,0.002091,5.4,1.008,2.2,1.16392,0.00024,1.164089,1.161998
2025-11-13 22:20:00,2025-11-13 23:00:00,BUY,1.16352,1.16307,1.16307,1.16443,0.0003,LOSS,SL,-4.5,1.2,-5.7,-6.44,-4.54,-1.265,40.22,0.001718,5.0,1.102,4.4,1.16355,0.00027,1.163949,1.162232
2025-11-13 23:35:00,2025-11-14 00:00:00,BUY,1.16341,1.16303,1.16303,1.16416,0.00025,LOSS,SL,-3.8,1.4,-5.2,-5.87,-3.77,-1.372,43.88,0.001299,4.5,1.194,3.2,1.16335,0.00023,1.163696,1.162396
2025-11-14 00:05:00,2025-11-14 01:00:00,BUY,1.16339,1.16299,1.16299,1.16419,0.00027,LOSS,SL,-4.0,2.3,-6.3,-6.99,-3.99,-1.577,44.27,0.001187,5.1,1.279,3.9,1.16333,0.00037,1.163645,1.162458
2025-11-14 01:40:00,2025-11-14 03:25:00,BUY,1.1629,1.16375,1.16248,1.16375,0.00028,WIN,TP,8.5,1.2,7.3,6.56,8.46,1.716,40.85,0.000787,2.4,0.567,8.7,1.1629,0.00027,1.16337,1.162583
2025-11-14 03:30:00,2025-11-14 05:30:00,BUY,1.16321,1.16424,1.1627,1.16424,0.00034,WIN,TP,10.3,1.2,9.1,8.38,10.28,1.766,51.52,0.000536,2.7,0.525,13.0,1.1632,0.00059,1.163217,1.162681
2025-11-14 06:00:00,2025-11-14 07:55:00,BUY,1.16379,1.16462,1.16337,1.16462,0.00028,WIN,TP,8.3,1.2,7.1,6.45,8.35,1.712,51.43,0.000649,0.3,0.072,10.3,1.1638,0.00024,1.16359,1.162941
2025-11-14 08:15:00,2025-11-14 08:25:00,BUY,1.16432,1.1639,1.1639,1.16517,0.00028,LOSS,SL,-4.2,1.2,-5.4,-6.13,-4.23,-1.284,52.75,0.000793,4.5,1.064,0.4,1.16435,0.00024,1.164041,1.163248
2025-11-14 08:30:00,2025-11-14 08:45:00,BUY,1.16395,1.16353,1.16353,1.16479,0.00028,LOSS,SL,-4.2,1.2,-5.4,-6.12,-4.22,-1.285,43.42,0.000774,6.3,1.495,3.1,1.16394,0.00028,1.164046,1.163272
2025-11-14 09:00:00,2025-11-14 09:55:00,BUY,1.16374,1.16327,1.16327,1.16467,0.00031,LOSS,SL,-4.7,1.2,-5.9,-6.56,-4.66,-1.258,43.1,0.000683,5.8,1.245,8.5,1.16371,0.00034,1.163985,1.163301
2025-11-14 10:35:00,2025-11-14 11:00:00,BUY,1.16326,1.16256,1.16256,1.16466,0.00047,LOSS,SL,-7.0,1.1,-8.1,-8.79,-6.99,-1.157,46.65,0.000329,8.5,1.216,4.6,1.16326,0.0008,1.163657,1.163328
2025-11-14 11:10:00,2025-11-14 11:50:00,BUY,1.16282,1.16211,1.16211,1.16424,0.00047,LOSS,SL,-7.1,1.1,-8.2,-8.89,-7.09,-1.155,42.8,0.000189,7.6,1.072,3.4,1.16283,0.00044,1.163495,1.163306
2025-11-14 13:40:00,2025-11-14 14:05:00,SELL,1.16157,1.1621,1.1621,1.1605,0.00036,LOSS,SL,-5.3,1.1,-6.4,-7.14,-5.34,-1.206,47.05,-0.000692,9.0,1.685,2.3,1.1616,0.00033,1.162223,1.162915
2025-11-14 15:50:00,2025-11-14 16:40:00,BUY,1.16358,1.16281,1.16281,1.16511,0.00051,LOSS,SL,-7.7,1.0,-8.7,-9.36,-7.66,-1.131,48.65,0.000182,7.8,1.019,5.4,1.16358,0.00076,1.163259,1.163077
2025-11-14 16:45:00,2025-11-14 16:50:00,BUY,1.163,1.16217,1.16217,1.16465,0.00055,LOSS,SL,-8.3,1.0,-9.3,-9.95,-8.25,-1.121,41.9,0.00021,9.2,1.115,1.0,1.16301,0.00082,1.163327,1.163117
2025-11-14 17:15:00,2025-11-14 17:35:00,BUY,1.16234,1.16154,1.16154,1.16393,0.00053,LOSS,SL,-8.0,1.0,-9.0,-9.66,-7.96,-1.126,40.18,2.5e-05,11.1,1.394,2.4,1.16236,0.00071,1.16309,1.163065
2025-11-14 18:15:00,2025-11-17 04:00:00,SELL,1.16195,1.16041,1.16272,1.16041,0.00051,WIN,TP,15.4,1.0,14.4,13.66,15.36,1.87,47.06,-0.000385,5.3,0.69,17.7,1.16196,0.00032,1.162515,1.1629
2025-11-17 06:35:00,2025-11-17 07:00:00,SELL,1.16009,1.1604,1.1604,1.15947,0.00021,LOSS,SL,-3.1,1.2,-4.3,-5.0,-3.1,-1.387,47.77,-0.001074,3.6,1.16,1.4,1.16003,0.00015,1.160374,1.161448
2025-11-17 07:05:00,2025-11-17 07:10:00,SELL,1.16018,1.1605,1.1605,1.15955,0.00021,LOSS,SL,-3.2,1.2,-4.4,-5.07,-3.17,-1.379,52.84,-0.001048,3.5,1.105,0.1,1.16017,0.0003,1.160323,1.161371
2025-11-17 07:20:00,2025-11-17 08:05:00,SELL,1.16029,1.15965,1.16061,1.15965,0.00021,WIN,TP,6.4,1.2,5.2,4.54,6.44,1.627,54.9,-0.001015,1.0,0.311,8.0,1.16028,0.00027,1.160326,1.161341
2025-11-17 08:30:00,2025-11-17 08:40:00,SELL,1.16008,1.16043,1.16043,1.15938,0.00023,LOSS,SL,-3.5,1.2,-4.7,-5.41,-3.51,-1.342,52.28,-0.000991,5.2,1.482,1.3,1.1601,0.00027,1.160173,1.161164
2025-11-17 10:15:00,2025-11-17 10:35:00,SELL,1.16109,1.16019,1.16154,1.16019,0.0003,WIN,TP,9.0,1.1,7.9,7.25,9.05,1.757,56.74,-0.000466,0.3,0.066,9.5,1.1611,0.00043,1.160662,1.161129
2025-11-17 11:35:00,2025-11-17 12:20:00,SELL,1.16028,1.16081,1.16081,1.15923,0.00035,LOSS,SL,-5.3,1.1,-6.4,-7.06,-5.26,-1.209,47.84,-0.000561,5.5,1.045,3.2,1.16026,0.00065,1.16043,1.160992
2025-11-17 12:25:00,2025-11-17 12:55:00,SELL,1.16072,1.15971,1.16123,1.15971,0.00034,WIN,TP,10.1,1.1,9.0,8.34,10.14,1.783,58.85,-0.000536,0.3,0.059,11.3,1.16071,0.00023,1.16039,1.160926
2025-11-17 13:25:00,2025-11-17 15:40:00,SELL,1.15999,1.15897,1.1605,1.15897,0.00034,WIN,TP,10.2,1.1,9.1,8.37,10.17,1.784,46.11,-0.000566,5.0,0.983,10.2,1.15999,0.00026,1.160265,1.160831
2025-11-17 16:25:00,2025-11-17 16:40:00,SELL,1.15942,1.15842,1.15992,1.15842,0.00033,WIN,TP,10.0,1.0,9.0,8.26,9.96,1.799,46.23,-0.000742,0.9,0.181,11.2,1.15941,0.00032,1.159744,1.160487
2025-11-17 17:20:00,2025-11-17 17:55:00,SELL,1.15896,1.15953,1.15953,1.15781,0.00038,LOSS,SL,-5.7,1.0,-6.7,-7.43,-5.73,-1.175,47.83,-0.000927,8.7,1.519,3.4,1.15897,0.00061,1.159377,1.160303
2025-11-17 18:10:00,2025-11-17 18:30:00,SELL,1.1595,1.16008,1.16008,1.15835,0.00038,LOSS,SL,-5.8,1.0,-6.8,-7.47,-5.77,-1.173,57.07,-0.000877,7.1,1.231,0.7,1.1595,0.00036,1.159319,1.160197
2025-11-17 18:40:00,2025-11-17 21:35:00,SELL,1.15987,1.15876,1.16042,1.15876,0.00037,WIN,TP,11.1,1.0,10.1,9.37,11.07,1.819,59.61,-0.000744,2.3,0.415,12.8,1.15987,0.00026,1.159432,1.160176
2025-11-17 22:30:00,2025-11-18 01:00:00,SELL,1.15881,1.15923,1.15923,1.15797,0.00028,LOSS,SL,-4.2,1.2,-5.4,-6.08,-4.18,-1.287,46.01,-0.000711,4.6,1.1,2.1,1.1588,0.00026,1.15909,1.159801
2025-11-18 01:05:00,2025-11-18 02:55:00,SELL,1.15919,1.15857,1.1595,1.15857,0.00021,WIN,TP,6.2,1.2,5.0,4.31,6.21,1.613,58.53,-0.000566,2.3,0.741,7.1,1.1592,0.00035,1.159011,1.159577
2025-11-18 03:25:00,2025-11-18 03:35:00,SELL,1.15896,1.15928,1.15928,1.15833,0.00021,LOSS,SL,-3.2,1.2,-4.4,-5.06,-3.16,-1.379,55.23,-0.000503,3.6,1.138,0.7,1.15896,0.00032,1.158908,1.159411
2025-11-18 03:55:00,2025-11-18 05:00:00,SELL,1.15914,1.15945,1.15945,1.15852,0.00021,LOSS,SL,-3.1,1.2,-4.3,-5.0,-3.1,-1.387,57.98,-0.000428,3.2,1.033,3.6,1.15915,0.00022,1.158971,1.159399
2025-11-18 05:10:00,2025-11-18 06:20:00,SELL,1.15934,1.15965,1.15965,1.15871,0.00021,LOSS,SL,-3.1,1.2,-4.3,-5.05,-3.15,-1.381,58.46,-0.000299,8.1,2.572,4.9,1.15934,0.0003,1.159068,1.159367
2025-11-18 06:55:00,2025-11-18 07:00:00,SELL,1.15963,1.16005,1.16005,1.15879,0.00028,LOSS,SL,-4.2,1.2,-5.4,-6.1,-4.2,-1.286,55.33,-6.2e-05,4.4,1.047,1.1,1.15965,0.0002,1.159326,1.159388
2025-11-18 07:10:00,2025-11-18 10:05:00,SELL,1.15976,1.16018,1.16018,1.15892,0.00028,LOSS,SL,-4.2,1.2,-5.4,-6.1,-4.2,-1.286,55.76,-1.1e-05,8.0,1.907,6.8,1.15977,0.00026,1.159393,1.159403
2025-11-18 10:20:00,2025-11-18 10:30:00,BUY,1.1601,1.15951,1.15951,1.16128,0.00039,LOSS,SL,-5.9,1.1,-7.0,-7.69,-5.89,-1.187,54.86,0.00018,7.5,1.273,3.7,1.16009,0.00055,1.159694,1.159514
2025-11-18 10:35:00,2025-11-18 12:00:00,BUY,1.15935,1.1587,1.1587,1.16064,0.00043,LOSS,SL,-6.5,1.1,-7.6,-8.27,-6.47,-1.17,43.17,0.000186,7.2,1.114,3.7,1.15935,0.00066,1.159709,1.159523
2025-11-18 12:10:00,2025-11-18 15:15:00,SELL,1.15903,1.15959,1.15959,1.15791,0.00037,LOSS,SL,-5.6,1.1,-6.7,-7.38,-5.58,-1.197,45.52,-7e-05,5.8,1.039,10.6,1.15903,0.00026,1.159383,1.159453
2025-11-18 15:35:00,2025-11-18 15:40:00,SELL,1.15948,1.16013,1.16013,1.15817,0.00044,LOSS,SL,-6.5,1.0,-7.5,-8.25,-6.55,-1.153,58.68,-0.000257,7.4,1.13,0.2,1.15952,0.00092,1.158947,1.159203
2025-11-18 15:55:00,2025-11-18 17:00:00,SELL,1.15977,1.16041,1.16041,1.15849,0.00043,LOSS,SL,-6.4,1.0,-7.4,-8.08,-6.38,-1.157,59.9,-0.000147,8.4,1.316,4.9,1.15976,0.00046,1.159082,1.159229
2025-11-18 17:25:00,2025-11-18 17:50:00,BUY,1.16006,1.15936,1.15936,1.16145,0.00046,LOSS,SL,-7.0,1.0,-8.0,-8.66,-6.96,-1.144,54.66,0.000176,8.9,1.279,7.4,1.16005,0.00058,1.159515,1.15934
2025-11-18 17:55:00,2025-11-18 17:55:00,BUY,1.15916,1.15841,1.15841,1.16066,0.0005,LOSS,SL,-7.5,1.0,-8.5,-9.19,-7.49,-1.134,40.99,0.00023,10.1,1.349,0.0,1.15917,0.0004,1.159606,1.159376
2025-11-18 20:10:00,2025-11-18 20:30:00,SELL,1.15769,1.15824,1.15824,1.1566,0.00036,LOSS,SL,-5.5,1.2,-6.7,-7.35,-5.45,-1.22,45.53,-0.000678,5.5,1.009,0.8,1.15768,0.00021,1.158287,1.158965
2025-11-18 20:35:00,2025-11-18 21:50:00,SELL,1.15817,1.15865,1.15865,1.1572,0.00032,LOSS,SL,-4.8,1.2,-6.0,-6.74,-4.84,-1.248,57.32,-0.000676,5.0,1.034,1.6,1.15823,0.00023,1.158244,1.15892
2025-11-18 22:00:00,2025-11-18 23:05:00,SELL,1.15851,1.15778,1.15888,1.15778,0.00024,WIN,TP,7.3,1.2,6.1,5.42,7.32,1.672,58.77,-0.000509,2.1,0.574,7.8,1.15853,0.00022,1.158333,1.158841
2025-11-18 23:15:00,2025-11-19 00:00:00,SELL,1.15822,1.15753,1.15857,1.15753,0.00023,WIN,TP,6.9,2.7,4.2,3.55,6.95,1.223,49.37,-0.000475,0.8,0.23,9.0,1.15821,0.00026,1.158284,1.158759
2025-11-19 00:10:00,2025-11-19 02:15:00,SELL,1.15789,1.15831,1.15831,1.15705,0.00028,LOSS,SL,-4.2,3.2,-7.4,-8.11,-4.21,-1.761,46.68,-0.000528,5.0,1.189,2.3,1.15789,0.0006,1.158141,1.158669
2025-11-19 02:25:00,2025-11-19 03:50:00,SELL,1.15828,1.15767,1.15859,1.15767,0.0002,WIN,TP,6.1,1.2,4.9,4.25,6.15,1.61,57.32,-0.000429,2.3,0.748,6.6,1.15825,0.00016,1.158095,1.158524
2025-11-19 04:30:00,2025-11-19 04:40:00,SELL,1.1578,1.15818,1.15818,1.15704,0.00025,LOSS,SL,-3.8,1.2,-5.0,-5.72,-3.82,-1.314,45.56,-0.000407,3.9,1.022,0.7,1.15779,0.00026,1.158001,1.158409
2025-11-19 04:45:00,2025-11-19 07:00:00,SELL,1.15809,1.15845,1.15845,1.15736,0.00024,LOSS,SL,-3.6,1.2,-4.8,-5.55,-3.65,-1.329,55.24,-0.000395,5.3,1.452,4.2,1.15808,0.00022,1.158001,1.158396
2025-11-19 07:20:00,2025-11-19 07:35:00,SELL,1.15833,1.15864,1.15864,1.15771,0.00021,LOSS,SL,-3.1,1.2,-4.3,-4.99,-3.09,-1.388,58.19,-0.000216,4.2,1.357,0.4,1.15835,0.00014,1.158107,1.158323
2025-11-19 09:00:00,2025-11-19 09:05:00,BUY,1.1587,1.15837,1.15837,1.15936,0.00022,LOSS,SL,-3.3,1.2,-4.5,-5.22,-3.32,-1.361,50.22,0.000101,4.2,1.265,1.4,1.15871,0.00021,1.158515,1.158414
2025-11-19 09:15:00,2025-11-19 09:30:00,BUY,1.1585,1.15927,1.15811,1.15927,0.00026,WIN,TP,7.7,1.2,6.5,5.84,7.74,1.69,44.56,9.9e-05,1.4,0.362,9.6,1.15851,0.00032,1.158516,1.158418
2025-11-19 09:55:00,2025-11-19 09:55:00,BUY,1.15888,1.1583,1.1583,1.16003,0.00038,LOSS,SL,-5.8,1.1,-6.9,-7.57,-5.77,-1.191,49.49,0.000214,11.6,2.009,0.0,1.15886,0.00067,1.158686,1.158472
2025-11-19 10:05:00,2025-11-19 10:30:00,BUY,1.15841,1.15776,1.15776,1.1597,0.00043,LOSS,SL,-6.5,1.1,-7.6,-8.26,-6.46,-1.17,43.46,0.000186,8.0,1.238,1.7,1.15843,0.00072,1.158655,1.158468
2025-11-19 11:10:00,2025-11-19 11:45:00,SELL,1.15794,1.15671,1.15855,1.15671,0.00041,WIN,TP,12.3,1.1,11.2,10.48,12.28,1.821,45.72,-9.1e-05,0.7,0.114,13.8,1.15792,0.00048,1.158296,1.158386
2025-11-19 12:45:00,2025-11-19 13:30:00,SELL,1.1577,1.15833,1.15833,1.15643,0.00042,LOSS,SL,-6.3,1.1,-7.4,-8.14,-6.34,-1.173,54.76,-0.000455,7.2,1.135,8.7,1.15771,0.00058,1.157737,1.158192
2025-11-19 13:40:00,2025-11-19 14:05:00,SELL,1.15817,1.15886,1.15886,1.15679,0.00046,LOSS,SL,-6.9,1.1,-8.0,-8.68,-6.88,-1.16,59.23,-0.000435,7.7,1.12,1.0,1.15818,0.0004,1.157692,1.158127
2025-11-19 14:20:00,2025-11-19 15:20:00,SELL,1.15846,1.15906,1.15906,1.15727,0.0004,LOSS,SL,-6.0,1.0,-7.0,-7.66,-5.96,-1.168,58.38,-0.000231,6.5,1.091,8.9,1.15846,0.00023,1.157929,1.15816
2025-11-19 15:25:00,2025-11-19 15:55:00,SELL,1.15852,1.15722,1.15917,1.15722,0.00043,WIN,TP,13.0,1.0,12.0,11.32,13.02,1.846,56.41,-9.8e-05,1.8,0.276,14.6,1.15857,0.0006,1.158076,1.158174
2025-11-19 20:40:00,2025-11-19 21:00:00,SELL,1.15345,1.15241,1.15397,1.15241,0.00035,WIN,TP,10.4,1.2,9.2,8.53,10.43,1.77,46.63,-0.002222,2.9,0.556,10.9,1.15343,0.00034,1.154229,1.156451
2025-11-19 22:15:00,2025-11-19 23:30:00,SELL,1.15267,1.15318,1.15318,1.15165,0.00034,LOSS,SL,-5.1,1.2,-6.3,-7.01,-5.11,-1.235,48.69,-0.002464,8.3,1.625,4.6,1.15268,0.00033,1.153313,1.155776
2025-11-20 00:50:00,2025-11-20 01:15:00,SELL,1.15373,1.15404,1.15404,1.1531,0.00021,LOSS,SL,-3.1,3.1,-6.2,-6.94,-3.14,-1.989,59.59,-0.001769,4.4,1.403,0.8,1.15366,0.00018,1.153321,1.155089
2025-11-20 01:40:00,2025-11-20 02:20:00,SELL,1.15384,1.15322,1.15415,1.15322,0.00021,WIN,TP,6.2,1.2,5.0,4.29,6.19,1.612,56.82,-0.001455,2.6,0.84,7.8,1.15385,0.00022,1.153524,1.154979
2025-11-20 03:00:00,2025-11-20 03:40:00,SELL,1.15345,1.15262,1.15386,1.15262,0.00028,WIN,TP,8.3,1.2,7.1,6.36,8.26,1.709,51.28,-0.0013,1.1,0.266,8.6,1.15347,0.00062,1.153445,1.154744
2025-11-20 06:10:00,2025-11-20 08:05:00,SELL,1.15169,1.15214,1.15214,1.15078,0.0003,LOSS,SL,-4.5,1.2,-5.7,-6.44,-4.54,-1.264,45.76,-0.001661,5.8,1.278,3.5,1.15168,0.00044,1.152227,1.153888
2025-11-20 08:20:00,2025-11-20 10:15:00,SELL,1.15203,1.15117,1.15246,1.15117,0.00029,WIN,TP,8.6,1.2,7.4,6.69,8.59,1.721,56.29,-0.00146,3.3,0.768,9.1,1.15204,0.00032,1.151946,1.153406
2025-11-20 10:25:00,2025-11-20 10:30:00,SELL,1.15161,1.15216,1.15216,1.15051,0.00037,LOSS,SL,-5.5,1.1,-6.6,-7.3,-5.5,-1.2,45.68,-0.001195,6.7,1.219,1.6,1.1516,0.00025,1.151869,1.153064
2025-11-20 10:35:00,2025-11-20 12:00:00,SELL,1.15221,1.15281,1.15281,1.15101,0.0004,LOSS,SL,-6.0,1.1,-7.1,-7.81,-6.01,-1.183,58.27,-0.001169,6.8,1.131,5.0,1.15222,0.00082,1.151871,1.153041
2025-11-20 12:05:00,2025-11-20 13:40:00,SELL,1.15255,1.1515,1.15308,1.1515,0.00035,WIN,TP,10.5,1.1,9.4,8.72,10.52,1.791,58.97,-0.000832,4.0,0.76,10.7,1.15256,0.00042,1.152076,1.152908
2025-11-20 15:05:00,2025-11-20 15:30:00,SELL,1.1515,1.15199,1.15199,1.15052,0.00033,LOSS,SL,-4.9,1.0,-5.9,-6.61,-4.91,-1.204,48.08,-0.000805,19.7,4.016,13.7,1.15151,0.0005,1.151789,1.152594
2025-11-20 15:50:00,2025-11-20 16:00:00,SELL,1.15255,1.15357,1.15357,1.15052,0.00068,LOSS,SL,-10.2,1.0,-11.2,-11.85,-10.15,-1.099,57.41,-0.000653,12.9,1.271,1.5,1.15251,0.00113,1.151898,1.152551
2025-11-20 16:10:00,2025-11-20 16:25:00,SELL,1.15275,1.1538,1.1538,1.15064,0.0007,LOSS,SL,-10.5,1.0,-11.5,-12.25,-10.55,-1.095,57.05,-0.000524,17.0,1.611,4.6,1.1527,0.00056,1.15204,1.152563
2025-11-20 17:00:00,2025-11-21 00:00:00,SELL,1.15346,1.15155,1.15442,1.15155,0.00064,WIN,TP,19.1,1.0,18.1,17.43,19.13,1.895,55.05,-2.8e-05,6.6,0.69,19.2,1.1535,0.00055,1.152664,1.152692
2025-11-21 00:10:00,2025-11-21 03:05:00,BUY,1.15272,1.15383,1.15217,1.15383,0.00037,WIN,TP,11.1,2.8,8.3,7.55,11.05,1.493,48.31,1.4e-05,3.8,0.688,11.3,1.15271,0.00116,1.152939,1.152925
2025-11-21 03:35:00,2025-11-21 06:15:00,BUY,1.1534,1.15419,1.15301,1.15419,0.00026,WIN,TP,7.9,1.2,6.7,5.95,7.85,1.694,52.4,0.000161,2.1,0.535,7.9,1.15334,0.00036,1.153147,1.152985
2025-11-21 06:50:00,2025-11-21 08:20:00,BUY,1.15371,1.15438,1.15338,1.15438,0.00022,WIN,TP,6.7,1.2,5.5,4.76,6.66,1.639,49.71,0.000391,2.8,0.841,8.3,1.15373,0.00028,1.153599,1.153208
2025-11-21 08:45:00,2025-11-21 10:00:00,BUY,1.15414,1.15375,1.15375,1.15492,0.00026,LOSS,SL,-3.9,1.2,-5.1,-5.78,-3.88,-1.309,53.66,0.00049,7.1,1.829,6.7,1.15414,0.00025,1.153861,1.153371
2025-11-21 10:05:00,2025-11-21 10:15:00,BUY,1.15376,1.15501,1.15313,1.15501,0.00042,WIN,TP,12.5,1.1,11.4,10.7,12.5,1.824,41.1,0.000546,2.1,0.336,14.5,1.15376,0.00074,1.154047,1.153501
2025-11-21 10:35:00,2025-11-21 11:00:00,BUY,1.15463,1.1539,1.1539,1.1561,0.00049,LOSS,SL,-7.3,1.1,-8.4,-9.14,-7.34,-1.15,54.48,0.000617,7.5,1.021,4.2,1.15462,0.00088,1.154187,1.15357
2025-11-21 11:05:00,2025-11-21 11:10:00,BUY,1.15417,1.1534,1.1534,1.15572,0.00052,LOSS,SL,-7.7,1.1,-8.8,-9.54,-7.74,-1.142,45.93,0.000625,8.8,1.137,0.0,1.1542,0.00043,1.154249,1.153624
2025-11-21 11:20:00,2025-11-21 11:50:00,BUY,1.15375,1.15303,1.15303,1.1552,0.00048,LOSS,SL,-7.2,1.1,-8.3,-9.05,-7.25,-1.152,41.4,0.000553,7.7,1.062,2.5,1.15374,0.00026,1.154176,1.153623
2025-11-21 13:30:00,2025-11-21 13:50:00,SELL,1.15215,1.15081,1.15282,1.15081,0.00045,WIN,TP,13.4,1.1,12.3,11.63,13.43,1.836,45.96,-0.000448,1.4,0.208,16.0,1.15213,0.0004,1.152864,1.153313
2025-11-21 14:35:00,2025-11-21 14:45:00,SELL,1.15165,1.15255,1.15255,1.14985,0.0006,LOSS,SL,-9.0,1.0,-10.0,-10.68,-8.98,-1.111,52.94,-0.00098,9.5,1.058,4.5,1.15162,0.00202,1.152032,1.153012
2025-11-21 14:55:00,2025-11-21 17:50:00,SELL,1.1519,1.15003,1.15283,1.15003,0.00062,WIN,TP,18.7,1.0,17.7,17.0,18.7,1.893,53.77,-0.000938,8.0,0.856,20.2,1.15191,0.0007,1.152037,1.152975
2025-11-21 18:55:00,2025-11-21 19:00:00,SELL,1.15011,1.15088,1.15088,1.14856,0.00052,LOSS,SL,-7.7,1.0,-8.7,-9.43,-7.73,-1.129,46.36,-0.001358,11.2,1.448,0.4,1.15012,0.00049,1.150851,1.152209
2025-11-21 19:05:00,2025-11-21 23:15:00,SELL,1.15108,1.15186,1.15186,1.14952,0.00052,LOSS,SL,-7.8,1.2,-9.0,-9.72,-7.82,-1.153,57.41,-0.001336,9.1,1.164,10.5,1.15104,0.00077,1.150844,1.15218
2025-11-21 23:30:00,2025-11-24 01:25:00,SELL,1.15163,1.15078,1.15206,1.15078,0.00028,WIN,TP,8.5,2.7,5.8,5.15,8.55,1.368,56.95,-0.000543,1.1,0.257,10.3,1.15161,0.00022,1.151171,1.151713
2025-11-24 03:00:00,2025-11-24 03:30:00,SELL,1.15065,1.151,1.151,1.14996,0.00023,LOSS,SL,-3.5,1.2,-4.7,-5.36,-3.46,-1.347,47.26,-0.00057,4.7,1.36,1.9,1.15065,0.00019,1.150861,1.15143
2025-11-24 03:40:00,2025-11-24 04:10:00,SELL,1.15097,1.15133,1.15133,1.15025,0.00024,LOSS,SL,-3.6,1.2,-4.8,-5.52,-3.62,-1.331,57.39,-0.000536,4.7,1.298,1.5,1.15097,0.00026,1.150847,1.151382
2025-11-24 05:20:00,2025-11-24 05:30:00,SELL,1.1514,1.15175,1.15175,1.15071,0.00023,LOSS,SL,-3.5,1.2,-4.7,-5.37,-3.47,-1.346,54.06,-0.000206,4.2,1.212,0.6,1.15141,0.00025,1.151186,1.151392
2025-11-24 06:00:00,2025-11-24 06:25:00,SELL,1.15159,1.15192,1.15192,1.15093,0.00022,LOSS,SL,-3.3,1.2,-4.5,-5.22,-3.32,-1.362,54.29,-8.1e-05,3.8,1.146,0.5,1.15162,0.00032,1.151337,1.151418
2025-11-24 06:30:00,2025-11-24 06:55:00,SELL,1.15184,1.15213,1.15213,1.15125,0.0002,LOSS,SL,-2.9,1.2,-4.1,-4.83,-2.93,-1.41,59.09,-6e-06,3.5,1.195,0.7,1.15181,0.00017,1.151433,1.151439
2025-11-24 08:00:00,2025-11-24 09:05:00,BUY,1.15221,1.15182,1.15182,1.15298,0.00026,LOSS,SL,-3.9,1.2,-5.1,-5.77,-3.87,-1.31,51.86,0.000309,6.0,1.551,5.1,1.15221,0.0003,1.151889,1.15158
2025-11-24 09:25:00,2025-11-24 09:45:00,BUY,1.15187,1.15146,1.15146,1.15269,0.00027,LOSS,SL,-4.1,1.2,-5.3,-6.02,-4.12,-1.291,40.37,0.000356,4.4,1.068,3.9,1.15188,0.00042,1.152036,1.15168
2025-11-24 10:05:00,2025-11-24 10:20:00,BUY,1.15192,1.15304,1.15136,1.15304,0.00037,WIN,TP,11.2,1.1,10.1,9.36,11.16,1.803,49.61,0.000263,0.2,0.036,14.6,1.15193,0.00102,1.151947,1.151684
2025-11-24 11:00:00,2025-11-24 12:10:00,BUY,1.15279,1.15406,1.15215,1.15406,0.00042,WIN,TP,12.7,1.1,11.6,10.92,12.72,1.827,54.77,0.000499,3.5,0.55,12.9,1.15276,0.00042,1.152317,1.151818
2025-11-24 12:25:00,2025-11-24 13:45:00,BUY,1.15326,1.15455,1.15261,1.15455,0.00043,WIN,TP,12.9,1.1,11.8,11.13,12.93,1.83,54.63,0.000706,0.4,0.062,13.6,1.15328,0.00068,1.152727,1.152021
2025-11-24 14:10:00,2025-11-24 14:45:00,BUY,1.15394,1.15497,1.15343,1.15497,0.00034,WIN,TP,10.3,1.0,9.3,8.6,10.3,1.806,51.63,0.0011,2.9,0.563,11.3,1.15398,0.00064,1.153508,1.152408
2025-11-24 14:55:00,2025-11-24 15:40:00,BUY,1.15437,1.15376,1.15376,1.15558,0.0004,LOSS,SL,-6.1,1.0,-7.1,-7.75,-6.05,-1.165,53.72,0.001205,6.5,1.074,6.2,1.15437,0.00061,1.153785,1.15258
2025-11-24 15:45:00,2025-11-24 16:20:00,BUY,1.15383,1.15324,1.15324,1.15501,0.00039,LOSS,SL,-5.9,1.0,-6.9,-7.58,-5.88,-1.17,43.2,0.001209,9.1,1.548,5.7,1.15383,0.00028,1.153956,1.152746
2025-11-24 16:40:00,2025-11-24 16:45:00,BUY,1.1534,1.15276,1.15276,1.15468,0.00043,LOSS,SL,-6.4,1.0,-7.4,-8.08,-6.38,-1.157,41.65,0.000992,7.9,1.239,1.4,1.15339,0.00057,1.153831,1.152839
2025-11-24 17:40:00,2025-11-24 18:25:00,BUY,1.15286,1.1522,1.1522,1.15419,0.00044,LOSS,SL,-6.6,1.0,-7.6,-8.33,-6.63,-1.151,47.23,0.000503,8.0,1.206,2.3,1.15286,0.00055,1.153298,1.152795
2025-11-24 18:35:00,2025-11-24 18:55:00,BUY,1.15246,1.15182,1.15182,1.15374,0.00043,LOSS,SL,-6.4,1.0,-7.4,-8.09,-6.39,-1.157,44.81,0.000267,7.3,1.143,1.9,1.15246,0.0005,1.153039,1.152773
2025-11-24 19:45:00,2025-11-24 20:50:00,SELL,1.15195,1.15251,1.15251,1.15083,0.00037,LOSS,SL,-5.6,1.2,-6.8,-7.48,-5.58,-1.215,46.6,-0.000153,5.7,1.022,3.4,1.15193,0.00055,1.152492,1.152645
2025-11-24 21:10:00,2025-11-25 00:00:00,SELL,1.15252,1.15165,1.15295,1.15165,0.00029,WIN,TP,8.7,1.2,7.5,6.76,8.66,1.723,57.95,-0.000206,3.4,0.785,9.9,1.15251,0.00026,1.15237,1.152576
2025-11-25 00:10:00,2025-11-25 00:55:00,SELL,1.15214,1.15252,1.15252,1.15138,0.00025,LOSS,SL,-3.8,2.5,-6.3,-6.98,-3.78,-1.661,49.66,-0.000236,4.0,1.057,1.1,1.15214,0.00053,1.152252,1.152487
2025-11-25 01:00:00,2025-11-25 02:05:00,SELL,1.1525,1.15186,1.15282,1.15186,0.00021,WIN,TP,6.4,1.2,5.2,4.46,6.36,1.623,56.61,-0.000205,0.4,0.126,6.4,1.15239,0.00015,1.152262,1.152467
2025-11-25 02:10:00,2025-11-25 02:55:00,SELL,1.15205,1.15235,1.15235,1.15144,0.0002,LOSS,SL,-3.0,1.2,-4.2,-4.93,-3.03,-1.396,45.58,-0.00022,3.2,1.056,1.1,1.15205,0.0002,1.152205,1.152425
2025-11-25 03:00:00,2025-11-25 03:15:00,SELL,1.15234,1.15268,1.15268,1.15166,0.00023,LOSS,SL,-3.4,1.2,-4.6,-5.3,-3.4,-1.353,57.19,-0.000205,3.5,1.03,1.7,1.15235,0.0004,1.152196,1.152401
2025-11-25 03:55:00,2025-11-25 05:00:00,SELL,1.1526,1.15295,1.15295,1.1519,0.00023,LOSS,SL,-3.5,1.2,-4.7,-5.41,-3.51,-1.342,56.87,-6.1e-05,4.4,1.253,4.0,1.15263,0.00023,1.152368,1.152429
2025-11-25 05:15:00,2025-11-25 05:25:00,BUY,1.15266,1.15231,1.15231,1.15336,0.00023,LOSS,SL,-3.5,1.2,-4.7,-5.38,-3.48,-1.345,52.19,4.5e-05,5.7,1.638,0.0,1.15267,0.00023,1.152507,1.152462
2025-11-25 05:35:00,2025-11-25 05:45:00,BUY,1.15233,1.15197,1.15197,1.15305,0.00024,LOSS,SL,-3.6,1.2,-4.8,-5.52,-3.62,-1.331,43.49,2.9e-05,3.8,1.049,0.2,1.15233,0.00022,1.152489,1.152459
2025-11-25 07:55:00,2025-11-25 08:30:00,SELL,1.15167,1.15197,1.15197,1.15107,0.0002,LOSS,SL,-3.0,1.2,-4.2,-4.9,-3.0,-1.401,51.08,-0.000392,3.5,1.168,2.3,1.15167,0.00023,1.151854,1.152246
2025-11-25 08:35:00,2025-11-25 09:00:00,SELL,1.15187,1.15219,1.15219,1.15124,0.00021,LOSS,SL,-3.2,1.2,-4.4,-5.05,-3.15,-1.381,58.16,-0.000389,6.3,1.999,2.8,1.15186,0.00021,1.151815,1.152204
2025-11-25 09:55:00,2025-11-25 10:30:00,SELL,1.15248,1.15294,1.15294,1.15156,0.00031,LOSS,SL,-4.6,1.1,-5.7,-6.42,-4.62,-1.238,56.27,-0.000121,5.3,1.148,5.4,1.15247,0.0003,1.152113,1.152234
2025-11-25 10:40:00,2025-11-25 10:45:00,SELL,1.15268,1.15319,1.15319,1.15166,0.00034,LOSS,SL,-5.1,1.1,-6.2,-6.88,-5.08,-1.217,56.9,-3.2e-05,5.5,1.083,0.4,1.15266,0.0002,1.152221,1.152254
2025-11-25 13:05:00,2025-11-25 13:30:00,BUY,1.15356,1.15306,1.15306,1.15456,0.00033,LOSS,SL,-5.0,1.1,-6.1,-6.78,-4.98,-1.221,52.98,0.000561,5.0,1.005,0.3,1.15357,0.00035,1.153116,1.152555
2025-11-25 13:35:00,2025-11-25 13:40:00,BUY,1.15313,1.15266,1.15266,1.15407,0.00031,LOSS,SL,-4.7,1.1,-5.8,-6.48,-4.68,-1.235,43.78,0.000553,4.9,1.046,0.2,1.15314,0.00022,1.153151,1.152598
2025-11-25 14:05:00,2025-11-25 14:40:00,BUY,1.15289,1.15387,1.1524,1.15387,0.00033,WIN,TP,9.8,1.0,8.8,8.05,9.75,1.795,43.85,0.000458,3.7,0.759,28.3,1.15292,0.0005,1.153065,1.152606
2025-11-25 15:35:00,2025-11-25 16:00:00,BUY,1.1543,1.1564,1.15325,1.1564,0.0007,WIN,TP,21.0,1.0,20.0,19.35,21.05,1.905,53.23,0.000801,0.0,0.0,22.1,1.15431,0.00198,1.15365,1.152849
2025-11-25 16:20:00,2025-11-25 17:00:00,BUY,1.15525,1.1573,1.15422,1.1573,0.00068,WIN,TP,20.5,1.0,19.5,18.82,20.52,1.903,54.59,0.001166,0.0,0.0,21.9,1.15529,0.00057,1.154253,1.153087
2025-11-25 17:55:00,2025-11-25 18:40:00,BUY,1.15662,1.15573,1.15573,1.15839,0.00059,LOSS,SL,-8.9,1.0,-9.9,-10.55,-8.85,-1.113,51.04,0.00198,10.4,1.175,5.9,1.15664,0.00053,1.155739,1.153759
2025-11-25 18:45:00,2025-11-25 18:55:00,BUY,1.15589,1.15514,1.15514,1.15739,0.0005,LOSS,SL,-7.5,1.0,-8.5,-9.22,-7.52,-1.133,41.98,0.001951,9.0,1.197,0.0,1.15588,0.0004,1.155964,1.154014
2025-11-25 19:05:00,2025-11-25 19:55:00,BUY,1.15645,1.15837,1.15549,1.15837,0.00064,WIN,TP,19.2,1.2,18.0,17.33,19.23,1.875,51.35,0.001853,5.3,0.551,19.5,1.15641,0.00226,1.155935,1.154082
2025-11-25 21:00:00,2025-11-25 22:20:00,BUY,1.15791,1.15727,1.15727,1.15918,0.00042,LOSS,SL,-6.4,1.2,-7.6,-8.27,-6.37,-1.188,54.9,0.002269,7.8,1.224,6.4,1.15792,0.00024,1.157122,1.154853
2025-11-25 22:25:00,2025-11-25 22:30:00,BUY,1.15717,1.15659,1.15659,1.15832,0.00038,LOSS,SL,-5.8,1.2,-7.0,-7.67,-5.77,-1.208,40.12,0.002132,7.3,1.266,0.0,1.15719,0.00033,1.157443,1.15531
2025-11-25 23:10:00,2025-11-26 03:30:00,BUY,1.1567,1.15776,1.15617,1.15776,0.00035,WIN,TP,10.6,2.7,7.9,7.24,10.64,1.493,42.05,0.001735,3.9,0.733,11.9,1.1567,0.0003,1.157144,1.155409
2025-11-26 06:20:00,2025-11-26 08:20:00,BUY,1.15851,1.15937,1.15808,1.15937,0.00029,WIN,TP,8.6,1.2,7.4,6.7,8.6,1.721,50.75,0.001411,3.0,0.698,10.8,1.15851,0.00026,1.158106,1.156695
2025-11-26 08:40:00,2025-11-26 08:55:00,BUY,1.15901,1.15855,1.15855,1.15994,0.00031,LOSS,SL,-4.6,1.2,-5.8,-6.54,-4.64,-1.259,53.76,0.001398,6.4,1.379,1.9,1.15902,0.00043,1.158596,1.157198
2025-11-26 09:00:00,2025-11-26 09:40:00,BUY,1.15861,1.15812,1.15812,1.15959,0.00033,LOSS,SL,-4.9,1.2,-6.1,-6.78,-4.88,-1.246,44.01,0.001366,6.0,1.231,6.3,1.1586,0.00034,1.158627,1.157261
2025-11-26 09:45:00,2025-11-26 09:50:00,BUY,1.15818,1.15763,1.15763,1.15928,0.00037,LOSS,SL,-5.5,1.1,-6.6,-7.31,-5.51,-1.2,40.2,0.001231,6.5,1.179,0.3,1.15819,0.00045,1.158605,1.157374
2025-11-26 10:20:00,2025-11-26 10:25:00,BUY,1.15807,1.15746,1.15746,1.1593,0.00041,LOSS,SL,-6.1,1.1,-7.2,-7.93,-6.13,-1.179,44.8,0.001009,6.2,1.011,0.5,1.15805,0.00041,1.158412,1.157404
2025-11-26 10:30:00,2025-11-26 10:50:00,BUY,1.15778,1.15714,1.15714,1.15907,0.00043,LOSS,SL,-6.4,1.1,-7.5,-8.24,-6.44,-1.171,40.97,0.000948,11.4,1.771,1.3,1.15774,0.00036,1.158357,1.157409
2025-11-26 11:05:00,2025-11-26 11:55:00,BUY,1.15751,1.15686,1.15686,1.15882,0.00044,LOSS,SL,-6.5,1.1,-7.6,-8.34,-6.54,-1.168,44.38,0.000688,7.1,1.086,4.9,1.15747,0.00046,1.158086,1.157399
2025-11-26 12:00:00,2025-11-26 15:35:00,BUY,1.15724,1.1566,1.1566,1.15851,0.00042,LOSS,SL,-6.4,1.1,-7.5,-8.15,-6.35,-1.173,43.57,0.000472,14.8,2.331,11.8,1.15721,0.00041,1.157885,1.157413
2025-11-26 16:35:00,2025-11-26 16:45:00,SELL,1.15675,1.15776,1.15776,1.15472,0.00068,LOSS,SL,-10.1,1.0,-11.1,-11.84,-10.14,-1.099,52.74,-0.000354,13.6,1.342,0.0,1.15674,0.00088,1.156879,1.157233
2025-11-26 18:50:00,2025-11-27 00:00:00,BUY,1.15918,1.15839,1.15839,1.16075,0.00052,LOSS,SL,-7.9,1.0,-8.9,-9.56,-7.86,-1.127,54.38,0.000694,10.4,1.323,5.8,1.15918,0.00076,1.158333,1.157639
2025-11-27 00:10:00,2025-11-27 02:00:00,BUY,1.15944,1.16042,1.15895,1.16042,0.00033,WIN,TP,9.8,3.5,6.3,5.63,9.83,1.288,50.67,0.000869,2.7,0.549,10.6,1.15944,0.00074,1.159304,1.158435
2025-11-27 03:00:00,2025-11-27 03:35:00,BUY,1.16018,1.16083,1.15985,1.16083,0.00022,WIN,TP,6.5,1.2,5.3,4.64,6.54,1.633,54.62,0.000972,0.9,0.275,7.3,1.16019,0.00031,1.159842,1.15887
2025-11-27 04:55:00,2025-11-27 05:30:00,BUY,1.16049,1.16,1.16,1.16147,0.00033,LOSS,SL,-4.9,1.2,-6.1,-6.82,-4.92,-1.244,44.98,0.001188,5.2,1.058,1.8,1.16051,0.00069,1.160461,1.159272
2025-11-27 05:40:00,2025-11-27 08:25:00,BUY,1.16014,1.15972,1.15972,1.16098,0.00028,LOSS,SL,-4.2,1.2,-5.4,-6.11,-4.21,-1.285,40.12,0.001048,6.7,1.592,5.1,1.16011,0.00017,1.160409,1.159361
2025-11-27 09:55:00,2025-11-27 11:10:00,BUY,1.15896,1.15854,1.15854,1.15979,0.00028,LOSS,SL,-4.2,1.1,-5.3,-5.97,-4.17,-1.264,41.48,0.000109,9.3,2.229,6.2,1.15898,0.0004,1.159625,1.159517
2025-11-27 12:35:00,2025-11-27 13:00:00,SELL,1.15809,1.15854,1.15854,1.15719,0.0003,LOSS,SL,-4.5,1.1,-5.6,-6.32,-4.52,-1.243,45.07,-0.00054,5.4,1.194,0.0,1.1581,0.00018,1.158687,1.159227
2025-11-27 13:05:00,2025-11-27 14:35:00,SELL,1.15857,1.159,1.159,1.15771,0.00029,LOSS,SL,-4.3,1.1,-5.4,-6.09,-4.29,-1.257,56.31,-0.000557,5.0,1.166,7.2,1.15856,0.00031,1.15862,1.159177
2025-11-27 14:45:00,2025-11-27 15:30:00,SELL,1.15866,1.15908,1.15908,1.15782,0.00028,LOSS,SL,-4.2,1.0,-5.2,-5.91,-4.21,-1.237,54.3,-0.000484,8.9,2.113,4.3,1.15867,0.0004,1.15857,1.159054
2025-11-27 15:45:00,2025-11-27 15:50:00,SELL,1.15904,1.15952,1.15952,1.15808,0.00032,LOSS,SL,-4.8,1.0,-5.8,-6.48,-4.78,-1.209,58.09,-0.000352,6.2,1.297,0.9,1.15903,0.00043,1.158675,1.159028
2025-11-27 16:10:00,2025-11-27 16:45:00,SELL,1.15923,1.15973,1.15973,1.15823,0.00033,LOSS,SL,-5.0,1.0,-6.0,-6.68,-4.98,-1.201,57.76,-0.000246,5.0,1.004,1.9,1.15923,0.0004,1.158798,1.159043
2025-11-27 16:55:00,2025-11-27 18:25:00,SELL,1.1595,1.15997,1.15997,1.15856,0.00031,LOSS,SL,-4.7,1.0,-5.7,-6.41,-4.71,-1.212,58.89,-0.0001,5.3,1.126,2.9,1.15951,0.00032,1.158971,1.159071
2025-11-27 18:45:00,2025-11-27 19:20:00,BUY,1.15968,1.1593,1.1593,1.16043,0.00025,LOSS,SL,-3.8,1.0,-4.8,-5.45,-3.75,-1.266,52.78,0.00019,4.2,1.119,4.8,1.15967,0.00017,1.159376,1.159186
2025-11-27 19:25:00,2025-11-28 01:10:00,BUY,1.15934,1.16008,1.15897,1.16008,0.00025,WIN,TP,7.4,1.2,6.2,5.46,7.36,1.674,42.72,0.000222,3.0,0.815,7.9,1.15935,0.00021,1.159443,1.159221
2025-11-28 02:05:00,2025-11-28 02:25:00,BUY,1.15989,1.15964,1.15964,1.16039,0.00017,LOSS,SL,-2.5,1.2,-3.7,-4.4,-2.5,-1.48,54.61,0.000267,3.1,1.239,3.3,1.15988,0.00027,1.159684,1.159418
2025-11-28 02:30:00,2025-11-28 02:50:00,BUY,1.15961,1.1593,1.1593,1.16023,0.00021,LOSS,SL,-3.1,1.2,-4.3,-4.98,-3.08,-1.39,41.72,0.000284,4.3,1.397,2.3,1.1596,0.00029,1.159727,1.159442
2025-11-28 03:05:00,2025-11-28 03:20:00,BUY,1.15977,1.15941,1.15941,1.16048,0.00024,LOSS,SL,-3.6,1.2,-4.8,-5.47,-3.57,-1.336,52.56,0.000229,4.6,1.289,1.2,1.15978,0.00043,1.159677,1.159448
2025-11-28 03:25:00,2025-11-28 03:30:00,BUY,1.15937,1.15901,1.15901,1.16008,0.00024,LOSS,SL,-3.6,1.2,-4.8,-5.47,-3.57,-1.336,40.34,0.000207,7.2,2.015,0.1,1.15938,0.00036,1.15966,1.159452
2025-11-28 05:15:00,2025-11-28 06:25:00,SELL,1.15864,1.15916,1.15916,1.15759,0.00035,LOSS,SL,-5.2,1.2,-6.4,-7.14,-5.24,-1.229,47.86,-0.000273,5.5,1.049,3.5,1.15866,0.0006,1.159002,1.159275
2025-11-28 06:30:00,2025-11-28 09:55:00,SELL,1.15897,1.15787,1.15952,1.15787,0.00037,WIN,TP,11.0,1.2,9.8,9.14,11.04,1.783,56.81,-0.000316,4.3,0.779,14.2,1.15897,0.00044,1.158879,1.159196
2025-11-28 11:10:00,2025-11-28 12:35:00,SELL,1.15782,1.15624,1.15861,1.15624,0.00053,WIN,TP,15.8,1.1,14.7,14.03,15.83,1.861,50.55,-0.000681,1.6,0.202,16.0,1.15784,0.00124,1.158113,1.158794
2025-11-28 13:55:00,2025-11-28 15:45:00,SELL,1.15681,1.15739,1.15739,1.15565,0.00039,LOSS,SL,-5.8,1.1,-6.9,-7.58,-5.78,-1.19,58.07,-0.001306,6.1,1.056,6.3,1.15681,0.0008,1.156858,1.158164
2025-11-28 16:25:00,2025-11-28 16:50:00,SELL,1.15743,1.15807,1.15807,1.15615,0.00043,LOSS,SL,-6.4,1.0,-7.4,-8.11,-6.41,-1.156,55.55,-0.000805,6.5,1.014,3.3,1.15742,0.00045,1.157078,1.157884
2025-11-28 17:10:00,2025-11-28 17:30:00,SELL,1.15805,1.15871,1.15871,1.15674,0.00044,LOSS,SL,-6.6,1.0,-7.6,-8.26,-6.56,-1.152,59.08,-0.000562,7.8,1.188,0.8,1.15805,0.00078,1.157319,1.15788
2025-11-28 19:15:00,2025-12-01 03:05:00,BUY,1.15957,1.16097,1.15887,1.16097,0.00047,WIN,TP,14.0,1.2,12.8,12.09,13.99,1.828,54.4,0.000523,6.6,0.944,17.3,1.15957,0.00052,1.158765,1.158242
2025-12-01 03:45:00,2025-12-01 04:10:00,BUY,1.16068,1.16007,1.16007,1.1619,0.00041,LOSS,SL,-6.1,1.2,-7.3,-7.98,-6.08,-1.197,52.12,0.000858,7.5,1.234,2.3,1.16068,0.0005,1.160325,1.159468
2025-12-01 04:15:00,2025-12-01 04:20:00,BUY,1.1602,1.15962,1.15962,1.16135,0.00038,LOSS,SL,-5.8,1.2,-7.0,-7.65,-5.75,-1.209,42.74,0.000824,6.7,1.165,0.0,1.16017,0.00035,1.160349,1.159525
2025-12-01 05:20:00,2025-12-01 09:20:00,BUY,1.15947,1.16043,1.15899,1.16043,0.00032,WIN,TP,9.6,1.2,8.4,7.69,9.59,1.75,41.54,0.000468,4.6,0.96,12.7,1.15946,0.00037,1.159986,1.159519
2025-12-01 12:45:00,2025-12-01 14:15:00,BUY,1.16209,1.16326,1.1615,1.16326,0.00039,WIN,TP,11.7,1.1,10.6,9.9,11.7,1.812,52.8,0.001176,2.0,0.342,12.1,1.16209,0.00057,1.161479,1.160303
2025-12-01 16:05:00,2025-12-01 16:35:00,BUY,1.16382,1.16317,1.16317,1.16512,0.00043,LOSS,SL,-6.5,1.0,-7.5,-8.18,-6.48,-1.154,48.51,0.001972,8.2,1.265,3.1,1.16386,0.00067,1.163371,1.161398
2025-12-01 16:40:00,2025-12-01 17:40:00,BUY,1.16321,1.1625,1.1625,1.16464,0.00048,LOSS,SL,-7.1,1.0,-8.1,-8.83,-7.13,-1.14,40.3,0.001889,9.6,1.346,8.8,1.16323,0.0006,1.16344,1.161552
2025-12-01 17:50:00,2025-12-01 19:10:00,BUY,1.16282,1.16205,1.16205,1.16436,0.00051,LOSS,SL,-7.7,1.0,-8.7,-9.41,-7.71,-1.13,40.82,0.001567,7.9,1.024,6.3,1.16283,0.00051,1.163338,1.161771
2025-12-01 19:20:00,2025-12-01 20:20:00,BUY,1.16236,1.16177,1.16177,1.16354,0.00039,LOSS,SL,-5.9,1.2,-7.1,-7.82,-5.92,-1.203,42.55,0.000996,11.5,1.941,5.3,1.16234,0.00028,1.162887,1.16189
2025-12-01 23:10:00,2025-12-02 02:30:00,SELL,1.16095,1.16037,1.16124,1.16037,0.00019,WIN,TP,5.8,1.4,4.4,3.69,5.79,1.517,46.32,-0.000274,0.9,0.311,5.9,1.16098,0.00012,1.161395,1.161668
2025-12-02 02:50:00,2025-12-02 03:35:00,SELL,1.16066,1.16091,1.16091,1.16016,0.00017,LOSS,SL,-2.5,1.2,-3.7,-4.41,-2.51,-1.478,47.25,-0.000488,3.5,1.394,3.1,1.16069,0.00014,1.160863,1.161351
2025-12-02 03:40:00,2025-12-02 05:50:00,SELL,1.16094,1.16125,1.16125,1.16033,0.0002,LOSS,SL,-3.1,1.2,-4.3,-4.96,-3.06,-1.393,59.28,-0.000487,3.2,1.047,0.9,1.16094,0.00023,1.160798,1.161285
2025-12-02 06:15:00,2025-12-02 07:05:00,SELL,1.16131,1.1608,1.16156,1.1608,0.00017,WIN,TP,5.1,1.2,3.9,3.19,5.09,1.529,59.3,-0.000219,0.6,0.236,5.1,1.16125,0.00013,1.161009,1.161228
2025-12-02 07:40:00,2025-12-02 09:00:00,SELL,1.16096,1.16122,1.16122,1.16044,0.00017,LOSS,SL,-2.6,1.2,-3.8,-4.48,-2.58,-1.466,49.57,-0.000204,3.1,1.203,5.0,1.16097,0.00024,1.160986,1.16119
2025-12-02 09:35:00,2025-12-02 11:25:00,SELL,1.1613,1.16058,1.16166,1.16058,0.00024,WIN,TP,7.2,1.1,6.1,5.35,7.15,1.692,58.35,-0.00014,3.4,0.951,8.2,1.16126,0.00033,1.161008,1.161148
2025-12-02 11:55:00,2025-12-02 12:20:00,SELL,1.16114,1.16008,1.16167,1.16008,0.00035,WIN,TP,10.6,1.1,9.5,8.84,10.64,1.793,52.84,-8e-05,1.0,0.188,13.0,1.16115,0.00077,1.161065,1.161146
2025-12-02 12:50:00,2025-12-02 13:55:00,SELL,1.16062,1.16113,1.16113,1.1596,0.00034,LOSS,SL,-5.1,1.1,-6.2,-6.9,-5.1,-1.216,46.61,-0.000218,6.9,1.354,3.0,1.16061,0.00029,1.16086,1.161078
2025-12-02 14:15:00,2025-12-02 14:25:00,SELL,1.16082,1.16126,1.16126,1.15995,0.00029,LOSS,SL,-4.4,1.0,-5.4,-6.06,-4.36,-1.23,49.59,-0.000185,6.4,1.469,1.0,1.16082,0.00044,1.160852,1.161037
2025-12-02 15:10:00,2025-12-02 16:00:00,SELL,1.16138,1.16187,1.16187,1.16039,0.00033,LOSS,SL,-4.9,1.0,-5.9,-6.64,-4.94,-1.202,54.73,-3e-06,5.5,1.113,2.8,1.16139,0.00051,1.161079,1.161082
2025-12-02 16:20:00,2025-12-02 17:05:00,BUY,1.16146,1.1609,1.1609,1.16259,0.00038,LOSS,SL,-5.6,1.0,-6.6,-7.33,-5.63,-1.178,50.9,0.000157,7.6,1.349,5.0,1.16152,0.00049,1.161307,1.16115
2025-12-02 17:35:00,2025-12-02 17:50:00,BUY,1.16128,1.16048,1.16048,1.16289,0.00054,LOSS,SL,-8.0,1.0,-9.0,-9.73,-8.03,-1.125,51.16,5.7e-05,11.4,1.42,3.0,1.16126,0.00145,1.161208,1.161151
2025-12-02 18:05:00,2025-12-02 21:20:00,SELL,1.1607,1.16152,1.16152,1.15906,0.00055,LOSS,SL,-8.2,1.0,-9.2,-9.89,-8.19,-1.122,46.05,-2e-05,9.2,1.123,15.6,1.16069,0.00028,1.161108,1.161128
2025-12-02 23:45:00,2025-12-03 00:00:00,BUY,1.16215,1.16182,1.16182,1.1628,0.00022,LOSS,SL,-3.3,2.7,-6.0,-6.67,-3.27,-1.826,54.77,0.000471,3.7,1.132,3.8,1.16214,0.00013,1.161713,1.161242
2025-12-03 00:05:00,2025-12-03 01:30:00,BUY,1.16197,1.16275,1.16158,1.16275,0.00026,WIN,TP,7.8,2.0,5.8,5.07,7.77,1.485,46.19,0.000505,1.6,0.412,8.1,1.16193,0.00018,1.161785,1.16128
2025-12-03 05:50:00,2025-12-03 06:55:00,BUY,1.16374,1.16423,1.1635,1.16423,0.00016,WIN,TP,4.9,1.2,3.7,2.97,4.87,1.507,54.61,0.001143,1.6,0.657,4.9,1.16375,0.00014,1.163406,1.162263
2025-12-03 08:40:00,2025-12-03 09:05:00,BUY,1.16434,1.16491,1.16405,1.16491,0.00019,WIN,TP,5.7,1.2,4.5,3.82,5.72,1.581,54.54,0.001209,2.1,0.734,6.0,1.16434,0.00024,1.164017,1.162808
2025-12-03 09:35:00,2025-12-03 09:45:00,BUY,1.16446,1.16403,1.16403,1.16533,0.00029,LOSS,SL,-4.3,1.1,-5.4,-6.15,-4.35,-1.253,49.28,0.001243,4.9,1.127,0.5,1.16445,0.00035,1.164241,1.162998
2025-12-03 09:50:00,2025-12-03 10:45:00,BUY,1.16404,1.16361,1.16361,1.1649,0.00029,LOSS,SL,-4.3,1.1,-5.4,-6.12,-4.32,-1.254,40.25,0.001199,4.9,1.133,3.7,1.16403,0.00023,1.164232,1.163032
2025-12-03 10:50:00,2025-12-03 12:05:00,BUY,1.16388,1.16495,1.16334,1.16495,0.00036,WIN,TP,10.7,1.1,9.6,8.95,10.75,1.795,43.37,0.000998,0.5,0.093,13.9,1.16388,0.00064,1.16414,1.163142
2025-12-03 15:00:00,2025-12-03 15:15:00,BUY,1.16633,1.16723,1.16588,1.16723,0.0003,WIN,TP,9.0,1.0,8.0,7.3,9.0,1.778,51.19,0.001651,1.5,0.333,12.3,1.16632,0.00049,1.165839,1.164187
2025-12-03 15:35:00,2025-12-03 16:15:00,BUY,1.16673,1.16614,1.16614,1.16792,0.0004,LOSS,SL,-5.9,1.0,-6.9,-7.63,-5.93,-1.169,54.1,0.001741,7.9,1.332,5.0,1.16676,0.00046,1.166117,1.164376
2025-12-03 16:35:00,2025-12-03 17:05:00,BUY,1.16618,1.16553,1.16553,1.16747,0.00043,LOSS,SL,-6.5,1.0,-7.5,-8.16,-6.46,-1.155,46.73,0.00162,7.0,1.084,3.3,1.16626,0.00083,1.166232,1.164611
2025-12-03 17:10:00,2025-12-03 17:10:00,BUY,1.16642,1.16556,1.16556,1.16815,0.00058,LOSS,SL,-8.6,1.0,-9.6,-10.33,-8.63,-1.116,51.24,0.001493,8.7,1.008,2.8,1.16641,0.00102,1.166207,1.164714
2025-12-03 17:15:00,2025-12-03 21:15:00,BUY,1.1659,1.16762,1.16504,1.16762,0.00057,WIN,TP,17.2,1.0,16.2,15.46,17.16,1.883,44.81,0.001469,4.7,0.548,18.6,1.1659,0.00115,1.166195,1.164726
2025-12-03 21:35:00,2025-12-03 22:30:00,BUY,1.16727,1.16684,1.16684,1.16813,0.00029,LOSS,SL,-4.3,1.2,-5.5,-6.2,-4.3,-1.279,54.05,0.001307,5.2,1.21,2.6,1.16726,0.00025,1.166838,1.165531
2025-12-03 22:35:00,2025-12-03 22:55:00,BUY,1.16691,1.16655,1.16655,1.16762,0.00024,LOSS,SL,-3.6,1.2,-4.8,-5.47,-3.57,-1.336,40.63,0.001245,4.2,1.176,0.1,1.16685,0.00027,1.166962,1.165717
2025-12-03 23:35:00,2025-12-04 00:00:00,BUY,1.16679,1.16646,1.16646,1.16745,0.00022,LOSS,SL,-3.3,1.4,-4.7,-5.42,-3.32,-1.421,49.21,0.001006,4.8,1.444,3.4,1.16679,0.00028,1.166824,1.165818
2025-12-04 00:05:00,2025-12-04 01:50:00,BUY,1.16697,1.16661,1.16661,1.1677,0.00024,LOSS,SL,-3.6,2.2,-5.8,-6.54,-3.64,-1.605,54.92,0.000959,6.6,1.815,4.4,1.16697,0.0007,1.166839,1.16588
2025-12-04 02:40:00,2025-12-04 03:00:00,BUY,1.16638,1.16606,1.16606,1.16702,0.00021,LOSS,SL,-3.2,1.2,-4.4,-5.09,-3.19,-1.376,41.2,0.000611,3.2,1.003,0.9,1.16638,0.00017,1.16673,1.166119
2025-12-04 03:10:00,2025-12-04 03:20:00,BUY,1.16632,1.16597,1.16597,1.16702,0.00023,LOSS,SL,-3.5,1.2,-4.7,-5.42,-3.52,-1.341,41.37,0.000507,4.0,1.135,1.8,1.16629,0.0003,1.166636,1.166129
2025-12-04 03:45:00,2025-12-04 04:20:00,BUY,1.16626,1.1659,1.1659,1.16698,0.00024,LOSS,SL,-3.6,1.2,-4.8,-5.51,-3.61,-1.332,44.87,0.000389,3.8,1.053,2.1,1.16623,0.00022,1.166521,1.166131
2025-12-04 04:25:00,2025-12-04 05:00:00,BUY,1.16604,1.1657,1.1657,1.16671,0.00022,LOSS,SL,-3.4,1.2,-4.6,-5.25,-3.35,-1.358,40.07,0.000295,3.6,1.073,1.2,1.16605,0.00018,1.166432,1.166137
2025-12-04 06:15:00,2025-12-04 07:35:00,SELL,1.1657,1.166,1.166,1.16509,0.0002,LOSS,SL,-3.0,1.2,-4.2,-4.93,-3.03,-1.395,45.24,-5.3e-05,4.2,1.384,1.3,1.16568,0.00025,1.166005,1.166057
2025-12-04 07:55:00,2025-12-04 08:30:00,SELL,1.16594,1.1653,1.16626,1.1653,0.00021,WIN,TP,6.4,1.2,5.2,4.55,6.45,1.628,55.68,-9.9e-05,0.7,0.217,6.6,1.16597,0.00036,1.165917,1.166016
2025-12-04 08:45:00,2025-12-04 09:00:00,SELL,1.1656,1.16593,1.16593,1.16493,0.00022,LOSS,SL,-3.3,1.2,-4.5,-5.23,-3.33,-1.36,46.65,-0.000174,4.2,1.261,1.3,1.16561,0.00021,1.1658,1.165973
2025-12-04 09:05:00,2025-12-04 09:50:00,SELL,1.16597,1.16632,1.16632,1.16527,0.00023,LOSS,SL,-3.5,1.2,-4.7,-5.41,-3.51,-1.342,59.58,-0.000172,3.8,1.082,4.5,1.16598,0.00024,1.165793,1.165965
2025-12-04 12:10:00,2025-12-04 12:25:00,BUY,1.16733,1.16678,1.16678,1.16843,0.00037,LOSS,SL,-5.5,1.1,-6.6,-7.31,-5.51,-1.2,48.56,0.000649,5.8,1.053,0.6,1.1673,0.00055,1.166975,1.166326
2025-12-04 12:30:00,2025-12-04 12:50:00,BUY,1.16695,1.16642,1.16642,1.16801,0.00035,LOSS,SL,-5.3,1.1,-6.4,-7.1,-5.3,-1.208,41.73,0.000637,5.7,1.076,1.8,1.16697,0.00034,1.166994,1.166357
2025-12-04 13:05:00,2025-12-04 13:35:00,BUY,1.16682,1.16791,1.16628,1.16791,0.00036,WIN,TP,10.9,1.1,9.8,9.08,10.88,1.798,44.78,0.000554,1.1,0.202,11.3,1.16686,0.00038,1.166938,1.166385
2025-12-04 14:25:00,2025-12-04 14:40:00,BUY,1.1675,1.16701,1.16701,1.16847,0.00032,LOSS,SL,-4.9,1.0,-5.9,-6.56,-4.86,-1.206,50.2,0.000709,5.6,1.152,2.5,1.1675,0.00047,1.16728,1.166572
2025-12-04 14:45:00,2025-12-04 15:10:00,BUY,1.167,1.16649,1.16649,1.16801,0.00034,LOSS,SL,-5.1,1.0,-6.1,-6.76,-5.06,-1.197,40.28,0.000678,5.5,1.086,1.5,1.167,0.0003,1.167277,1.166599
2025-12-04 15:25:00,2025-12-04 15:30:00,BUY,1.16671,1.16621,1.16621,1.16771,0.00033,LOSS,SL,-5.0,1.0,-6.0,-6.72,-5.02,-1.199,40.93,0.000509,15.4,3.067,1.9,1.1667,0.00035,1.167115,1.166606
2025-12-04 15:50:00,2025-12-04 17:05:00,BUY,1.1665,1.16581,1.16581,1.16788,0.00046,LOSS,SL,-6.9,1.0,-7.9,-8.6,-6.9,-1.145,41.55,0.000396,7.1,1.028,12.1,1.1665,0.00048,1.166995,1.166599
2025-12-04 17:15:00,2025-12-04 18:25:00,BUY,1.16665,1.1659,1.1659,1.16815,0.0005,LOSS,SL,-7.5,1.0,-8.5,-9.19,-7.49,-1.133,47.31,0.000262,9.0,1.201,8.4,1.16663,0.0007,1.166891,1.16663
2025-12-04 20:20:00,2025-12-04 22:00:00,SELL,1.16586,1.165,1.16629,1.165,0.00029,WIN,TP,8.6,1.2,7.4,6.73,8.63,1.722,50.31,-0.000317,1.3,0.301,8.9,1.16587,0.0003,1.16614,1.166457
2025-12-04 23:55:00,2025-12-05 02:05:00,SELL,1.16429,1.16462,1.16462,1.16363,0.00022,LOSS,SL,-3.3,1.8,-5.1,-5.8,-3.3,-1.545,45.59,-0.000944,4.0,1.211,4.1,1.16448,0.00011,1.164965,1.165909
2025-12-05 04:05:00,2025-12-05 05:30:00,SELL,1.16526,1.16464,1.16557,1.16464,0.00021,WIN,TP,6.2,1.2,5.0,4.28,6.18,1.611,59.9,-0.00057,1.4,0.453,6.3,1.16523,0.00023,1.164859,1.165429
2025-12-05 05:50:00,2025-12-05 06:05:00,SELL,1.16491,1.16518,1.16518,1.16437,0.00018,LOSS,SL,-2.7,1.2,-3.9,-4.6,-2.7,-1.444,46.11,-0.000399,2.8,1.037,1.2,1.16491,0.00025,1.164962,1.16536
2025-12-05 06:10:00,2025-12-05 06:25:00,SELL,1.16513,1.1654,1.1654,1.1646,0.00018,LOSS,SL,-2.7,1.2,-3.9,-4.56,-2.66,-1.452,55.5,-0.00038,3.1,1.166,1.4,1.16513,0.00017,1.164966,1.165346
2025-12-05 06:30:00,2025-12-05 07:00:00,SELL,1.16526,1.16555,1.16555,1.16469,0.00019,LOSS,SL,-2.9,1.2,-4.1,-4.77,-2.87,-1.418,58.36,-0.000346,3.3,1.149,1.3,1.16526,0.00045,1.164992,1.165338
2025-12-05 07:10:00,2025-12-05 07:30:00,SELL,1.1654,1.16569,1.16569,1.16483,0.00019,LOSS,SL,-2.9,1.2,-4.1,-4.75,-2.85,-1.421,59.37,-0.000257,3.5,1.228,1.1,1.16539,0.00021,1.165078,1.165335
2025-12-05 08:05:00,2025-12-05 08:35:00,SELL,1.16567,1.16598,1.16598,1.16504,0.00021,LOSS,SL,-3.1,1.2,-4.3,-5.05,-3.15,-1.381,58.84,-8.9e-05,4.6,1.462,1.8,1.16566,0.00025,1.165275,1.165364
2025-12-05 09:55:00,2025-12-05 10:00:00,BUY,1.16639,1.16593,1.16593,1.1673,0.0003,LOSS,SL,-4.6,1.1,-5.7,-6.36,-4.56,-1.241,54.87,0.000333,5.3,1.162,0.3,1.16637,0.00044,1.165865,1.165532
2025-12-05 10:05:00,2025-12-05 10:15:00,BUY,1.16628,1.16576,1.16576,1.16731,0.00034,LOSS,SL,-5.2,1.1,-6.3,-6.95,-5.15,-1.213,52.17,0.000351,6.7,1.3,1.4,1.16627,0.00056,1.165898,1.165547
2025-12-05 10:20:00,2025-12-05 10:50:00,BUY,1.16578,1.16525,1.16525,1.16684,0.00035,LOSS,SL,-5.3,1.1,-6.4,-7.09,-5.29,-1.208,40.7,0.000342,6.1,1.153,3.0,1.16579,0.00051,1.1659,1.165558
2025-12-05 11:20:00,2025-12-05 11:25:00,BUY,1.16543,1.16492,1.16492,1.16645,0.00034,LOSS,SL,-5.1,1.1,-6.2,-6.88,-5.08,-1.217,41.7,0.000204,5.5,1.083,1.2,1.16542,0.00022,1.165763,1.165559
2025-12-05 11:50:00,2025-12-05 13:15:00,BUY,1.16508,1.1646,1.1646,1.16603,0.00032,LOSS,SL,-4.8,1.1,-5.9,-6.57,-4.77,-1.231,41.07,8.1e-05,6.5,1.363,6.1,1.16509,0.0003,1.165611,1.16553
2025-12-05 14:05:00,2025-12-05 16:00:00,SELL,1.16506,1.16553,1.16553,1.16412,0.00031,LOSS,SL,-4.7,1.0,-5.7,-6.41,-4.71,-1.212,52.15,-0.000268,6.2,1.316,7.2,1.165,0.00042,1.165119,1.165387
2025-12-05 16:15:00,2025-12-05 17:30:00,SELL,1.16524,1.16579,1.16579,1.16413,0.00037,LOSS,SL,-5.5,1.0,-6.5,-7.23,-5.53,-1.181,54.04,-0.000241,6.3,1.14,8.4,1.16525,0.00051,1.165048,1.16529
2025-12-05 17:40:00,2025-12-05 18:05:00,SELL,1.16566,1.16431,1.16634,1.16431,0.00045,WIN,TP,13.5,1.0,12.5,11.8,13.5,1.852,57.57,-0.000109,0.7,0.104,20.8,1.16567,0.00029,1.165184,1.165292
2025-12-05 19:15:00,2025-12-05 20:00:00,SELL,1.16386,1.16452,1.16452,1.16254,0.00044,LOSS,SL,-6.6,1.2,-7.8,-8.5,-6.6,-1.182,46.28,-0.000606,7.8,1.181,3.1,1.16387,0.00033,1.164433,1.16504
2025-12-05 20:05:00,2025-12-08 00:00:00,SELL,1.16458,1.16348,1.16513,1.16348,0.00037,WIN,TP,11.0,1.2,9.8,9.15,11.05,1.783,59.28,-0.000641,2.9,0.525,12.6,1.16458,0.00034,1.164301,1.164942
2025-12-08 00:10:00,2025-12-08 00:50:00,SELL,1.16392,1.16441,1.16441,1.16293,0.00033,LOSS,SL,-4.9,3.1,-8.0,-8.73,-4.93,-1.629,45.8,-0.000464,5.9,1.197,3.1,1.16392,0.00054,1.164207,1.164671
2025-12-08 00:55:00,2025-12-08 02:35:00,SELL,1.1644,1.16484,1.16484,1.16351,0.0003,LOSS,SL,-4.4,4.0,-8.4,-9.14,-4.44,-1.9,58.28,-0.000469,4.8,1.08,5.0,1.16444,0.00047,1.164143,1.164612
2025-12-08 03:15:00,2025-12-08 03:45:00,SELL,1.16476,1.16518,1.16518,1.16391,0.00028,LOSS,SL,-4.2,1.2,-5.4,-6.14,-4.24,-1.283,56.43,-0.000161,5.2,1.225,2.2,1.16479,0.00023,1.164424,1.164585
2025-12-08 03:50:00,2025-12-08 04:05:00,SELL,1.165,1.16543,1.16543,1.16413,0.00029,LOSS,SL,-4.3,1.2,-5.5,-6.23,-4.33,-1.277,57.99,-6.3e-05,4.5,1.04,0.2,1.16499,0.00037,1.164544,1.164607
2025-12-08 04:30:00,2025-12-08 08:00:00,BUY,1.16504,1.16586,1.16463,1.16586,0.00027,WIN,TP,8.2,1.2,7.0,6.33,8.23,1.709,53.05,7.2e-05,2.0,0.486,21.8,1.16504,0.00028,1.164725,1.164653
2025-12-08 08:50:00,2025-12-08 09:45:00,BUY,1.16599,1.16556,1.16556,1.16686,0.00029,LOSS,SL,-4.3,1.2,-5.5,-6.24,-4.34,-1.276,52.95,0.000582,4.6,1.059,8.3,1.16599,0.00027,1.165609,1.165026
2025-12-08 09:55:00,2025-12-08 10:15:00,BUY,1.16594,1.16541,1.16541,1.16699,0.00035,LOSS,SL,-5.3,1.1,-6.4,-7.05,-5.25,-1.209,47.95,0.000671,6.6,1.256,3.1,1.16595,0.00052,1.16584,1.165169
2025-12-08 10:50:00,2025-12-08 13:05:00,BUY,1.16526,1.16473,1.16473,1.16631,0.00035,LOSS,SL,-5.3,1.1,-6.4,-7.07,-5.27,-1.209,41.43,0.000484,6.1,1.158,5.2,1.16526,0.00034,1.165678,1.165194
2025-12-08 13:10:00,2025-12-08 15:40:00,BUY,1.16507,1.16456,1.16456,1.1661,0.00034,LOSS,SL,-5.1,1.1,-6.2,-6.93,-5.13,-1.215,47.18,0.000128,5.2,1.014,6.9,1.16506,0.00052,1.165314,1.165186
2025-12-08 16:05:00,2025-12-08 16:15:00,SELL,1.16499,1.16547,1.16547,1.16402,0.00032,LOSS,SL,-4.8,1.0,-5.8,-6.53,-4.83,-1.207,49.25,-4.3e-05,5.0,1.035,0.2,1.165,0.00032,1.1651,1.165143
2025-12-08 16:20:00,2025-12-08 16:50:00,SELL,1.16516,1.16419,1.16565,1.16419,0.00032,WIN,TP,9.7,1.0,8.7,8.01,9.71,1.794,52.45,-3.4e-05,1.9,0.391,14.0,1.16514,0.00045,1.16511,1.165144
2025-12-08 18:45:00,2025-12-08 19:45:00,SELL,1.16263,1.16335,1.16335,1.16119,0.00048,LOSS,SL,-7.2,1.0,-8.2,-8.89,-7.19,-1.139,45.82,-0.001057,8.2,1.14,6.6,1.16263,0.00057,1.163566,1.164622
2025-12-08 20:30:00,2025-12-08 20:40:00,SELL,1.16359,1.16411,1.16411,1.16255,0.00035,LOSS,SL,-5.2,1.2,-6.4,-7.11,-5.21,-1.23,58.04,-0.000995,5.5,1.055,1.7,1.16359,0.00037,1.163326,1.164321
2025-12-08 21:00:00,2025-12-09 02:00:00,SELL,1.16375,1.16423,1.16423,1.16278,0.00032,LOSS,SL,-4.8,1.2,-6.0,-6.74,-4.84,-1.248,57.29,-0.000853,4.9,1.012,6.1,1.16376,0.00031,1.163442,1.164295
2025-12-09 02:20:00,2025-12-09 03:45:00,SELL,1.16404,1.16433,1.16433,1.16346,0.00019,LOSS,SL,-2.9,1.2,-4.1,-4.78,-2.88,-1.417,56.37,-0.000275,4.0,1.389,4.7,1.16404,0.00028,1.163781,1.164056
2025-12-09 04:20:00,2025-12-09 05:30:00,SELL,1.16451,1.16485,1.16485,1.16383,0.00023,LOSS,SL,-3.4,1.2,-4.6,-5.28,-3.38,-1.355,57.02,-1.9e-05,3.9,1.154,1.7,1.16445,0.00021,1.164067,1.164086
2025-12-09 05:45:00,2025-12-09 09:10:00,BUY,1.16445,1.16414,1.16414,1.16507,0.00021,LOSS,SL,-3.1,1.2,-4.3,-5.0,-3.1,-1.387,48.01,0.000158,4.7,1.516,6.1,1.16444,0.00028,1.16432,1.164163
2025-12-09 09:40:00,2025-12-09 10:05:00,BUY,1.16419,1.16382,1.16382,1.16494,0.00025,LOSS,SL,-3.7,1.1,-4.8,-5.54,-3.74,-1.294,43.81,0.000121,8.4,2.247,1.3,1.16418,0.00032,1.164404,1.164283
2025-12-09 10:20:00,2025-12-09 10:30:00,BUY,1.16394,1.16483,1.1635,1.16483,0.0003,WIN,TP,8.9,1.1,7.8,7.08,8.88,1.752,42.38,1.9e-05,0.4,0.09,10.2,1.16393,0.00036,1.164276,1.164257
2025-12-09 10:40:00,2025-12-09 11:40:00,BUY,1.1644,1.1654,1.1639,1.1654,0.00033,WIN,TP,10.0,1.1,8.9,8.21,10.01,1.78,54.14,3.5e-05,1.5,0.3,10.5,1.16439,0.00043,1.164299,1.164263
2025-12-09 12:15:00,2025-12-09 12:30:00,BUY,1.16486,1.16436,1.16436,1.16587,0.00034,LOSS,SL,-5.0,1.1,-6.1,-6.84,-5.04,-1.218,52.03,0.000257,5.2,1.031,1.4,1.16486,0.00033,1.164625,1.164368
2025-12-09 12:35:00,2025-12-09 13:00:00,BUY,1.16445,1.16395,1.16395,1.16546,0.00034,LOSS,SL,-5.0,1.1,-6.1,-6.85,-5.05,-1.218,42.42,0.000246,5.8,1.149,1.0,1.16446,0.00035,1.164624,1.164378
2025-12-09 13:25:00,2025-12-09 14:05:00,BUY,1.16439,1.16387,1.16387,1.16543,0.00035,LOSS,SL,-5.2,1.1,-6.3,-7.01,-5.21,-1.211,48.18,0.000117,8.9,1.709,3.7,1.16437,0.0004,1.164477,1.164359
2025-12-09 14:55:00,2025-12-09 15:30:00,SELL,1.1639,1.1629,1.1644,1.1629,0.00033,WIN,TP,10.0,1.0,9.0,8.28,9.98,1.8,47.2,-0.000106,1.1,0.221,10.2,1.1639,0.00048,1.164186,1.164292
2025-12-09 15:45:00,2025-12-09 17:00:00,SELL,1.16362,1.16252,1.16417,1.16252,0.00037,WIN,TP,11.0,1.0,10.0,9.33,11.03,1.819,47.79,-0.000272,2.8,0.507,16.5,1.16361,0.00052,1.16394,1.164212
2025-12-09 17:25:00,2025-12-09 18:35:00,SELL,1.16325,1.16412,1.16412,1.16152,0.00058,LOSS,SL,-8.7,1.0,-9.7,-10.37,-8.67,-1.115,51.03,-0.000552,8.9,1.027,8.8,1.16326,0.00076,1.163464,1.164016
2025-12-09 18:40:00,2025-12-09 19:50:00,SELL,1.16366,1.16234,1.16432,1.16234,0.00044,WIN,TP,13.2,1.0,12.2,11.54,13.24,1.849,56.39,-0.000504,3.2,0.483,14.5,1.16367,0.00049,1.163413,1.163917
2025-12-09 21:00:00,2025-12-09 21:30:00,SELL,1.16248,1.16295,1.16295,1.16154,0.00031,LOSS,SL,-4.7,1.2,-5.9,-6.59,-4.69,-1.256,47.88,-0.00078,4.7,1.002,2.9,1.16247,0.00024,1.162831,1.163612
2025-12-09 21:35:00,2025-12-10 00:00:00,SELL,1.1629,1.16204,1.16333,1.16204,0.00029,WIN,TP,8.6,1.2,7.4,6.73,8.63,1.722,59.01,-0.000779,3.1,0.718,10.3,1.16289,0.00015,1.162759,1.163538
2025-12-10 00:15:00,2025-12-10 07:45:00,SELL,1.16257,1.163,1.163,1.1617,0.00029,LOSS,SL,-4.3,3.1,-7.4,-8.14,-4.34,-1.715,53.01,-0.000605,4.9,1.13,4.1,1.16275,0.00045,1.162712,1.163317
2025-12-10 08:00:00,2025-12-10 08:10:00,SELL,1.16294,1.16321,1.16321,1.16239,0.00018,LOSS,SL,-2.7,1.2,-3.9,-4.64,-2.74,-1.438,58.81,-0.000203,2.8,1.023,1.1,1.16294,0.00022,1.162721,1.162924
2025-12-10 08:40:00,2025-12-10 08:45:00,SELL,1.16303,1.16331,1.16331,1.16246,0.00019,LOSS,SL,-2.8,1.2,-4.0,-4.74,-2.84,-1.423,55.3,-0.000109,4.2,1.479,0.6,1.16304,0.00023,1.162829,1.162938
2025-12-10 11:15:00,2025-12-10 11:15:00,BUY,1.16435,1.16378,1.16378,1.1655,0.00038,LOSS,SL,-5.7,1.1,-6.8,-7.54,-5.74,-1.192,45.51,0.000757,6.2,1.08,0.6,1.16436,0.00071,1.164099,1.163341
2025-12-10 11:25:00,2025-12-10 12:00:00,BUY,1.16405,1.1635,1.1635,1.16515,0.00037,LOSS,SL,-5.5,1.1,-6.6,-7.29,-5.49,-1.2,42.38,0.000732,8.1,1.475,2.9,1.16405,0.00035,1.164085,1.163353
2025-12-10 12:15:00,2025-12-10 12:40:00,BUY,1.16372,1.1632,1.1632,1.16477,0.00035,LOSS,SL,-5.2,1.1,-6.3,-7.05,-5.25,-1.21,41.06,0.000607,7.1,1.353,2.5,1.16373,0.00023,1.164009,1.163402
2025-12-10 13:00:00,2025-12-10 15:15:00,BUY,1.16347,1.1629,1.1629,1.16461,0.00038,LOSS,SL,-5.7,1.1,-6.8,-7.48,-5.68,-1.194,44.69,0.000415,6.3,1.11,7.9,1.16347,0.00077,1.163816,1.163401
2025-12-10 15:30:00,2025-12-10 17:00:00,BUY,1.1635,1.16467,1.16291,1.16467,0.00039,WIN,TP,11.7,1.0,10.7,10.05,11.75,1.83,48.86,0.000191,2.7,0.46,14.6,1.16351,0.00051,1.163626,1.163435
2025-12-10 17:30:00,2025-12-10 19:15:00,BUY,1.16396,1.16522,1.16333,1.16522,0.00042,WIN,TP,12.6,1.0,11.6,10.9,12.6,1.841,48.65,0.000345,5.1,0.809,14.8,1.16397,0.00046,1.163906,1.163561
2025-12-10 21:00:00,2025-12-10 21:00:00,BUY,1.16557,1.1648,1.1648,1.1671,0.00051,LOSS,SL,-7.7,1.2,-8.9,-9.56,-7.66,-1.157,53.92,0.000964,11.4,1.489,18.2,1.16557,0.00053,1.165059,1.164095
2025-12-10 21:45:00,2025-12-10 21:55:00,BUY,1.1651,1.16787,1.16372,1.16787,0.00092,WIN,TP,27.7,1.2,26.5,25.79,27.69,1.913,41.51,0.001219,1.8,0.13,29.7,1.16513,0.00231,1.165534,1.164315
2025-12-11 00:05:00,2025-12-11 01:50:00,BUY,1.16856,1.17029,1.1677,1.17029,0.00058,WIN,TP,17.3,7.2,10.1,9.37,17.27,1.166,48.53,0.002433,6.7,0.776,17.4,1.16856,0.00087,1.167882,1.165449
2025-12-11 02:30:00,2025-12-11 03:00:00,BUY,1.16986,1.17068,1.16945,1.17068,0.00027,WIN,TP,8.2,1.2,7.0,6.28,8.18,1.707,53.26,0.002691,1.7,0.416,8.7,1.16988,0.00035,1.169213,1.166522
2025-12-11 03:35:00,2025-12-11 04:50:00,BUY,1.17024,1.16981,1.16981,1.1711,0.00029,LOSS,SL,-4.3,1.2,-5.5,-6.22,-4.32,-1.278,54.99,0.002666,5.8,1.343,3.6,1.17026,0.0004,1.169642,1.166976
2025-12-11 05:20:00,2025-12-11 05:25:00,BUY,1.16951,1.16907,1.16907,1.17039,0.00029,LOSS,SL,-4.4,1.2,-5.6,-6.31,-4.41,-1.272,40.14,0.002245,4.8,1.088,0.0,1.16951,0.00022,1.169784,1.167539
2025-12-11 05:45:00,2025-12-11 06:10:00,BUY,1.16937,1.16896,1.16896,1.17018,0.00027,LOSS,SL,-4.1,1.2,-5.3,-5.97,-4.07,-1.295,40.76,0.002065,4.8,1.181,0.9,1.16937,0.00015,1.169687,1.167623
2025-12-11 06:50:00,2025-12-11 07:55:00,BUY,1.16895,1.16858,1.16858,1.1697,0.00025,LOSS,SL,-3.7,1.2,-4.9,-5.63,-3.73,-1.321,43.14,0.001591,4.8,1.286,2.7,1.16895,0.00031,1.169373,1.167782
2025-12-11 08:35:00,2025-12-11 09:10:00,BUY,1.16862,1.16937,1.16825,1.16937,0.00025,WIN,TP,7.5,1.2,6.3,5.58,7.48,1.679,44.64,0.00103,2.2,0.588,7.9,1.16862,0.00028,1.168994,1.167964
2025-12-11 11:00:00,2025-12-11 11:05:00,BUY,1.16975,1.1692,1.1692,1.17085,0.00037,LOSS,SL,-5.5,1.1,-6.6,-7.3,-5.5,-1.2,49.66,0.001139,8.2,1.491,0.9,1.16974,0.00066,1.169528,1.168389
2025-12-11 11:25:00,2025-12-11 12:10:00,BUY,1.16925,1.17039,1.16868,1.17039,0.00038,WIN,TP,11.4,1.1,10.3,9.58,11.38,1.807,44.29,0.001032,1.4,0.246,11.9,1.16924,0.00055,1.169458,1.168426
2025-12-11 12:45:00,2025-12-11 13:05:00,BUY,1.17013,1.17112,1.16963,1.17112,0.00033,WIN,TP,9.9,1.1,8.8,8.13,9.93,1.778,53.83,0.001095,0.8,0.161,11.5,1.17012,0.00029,1.169764,1.168669
2025-12-11 14:05:00,2025-12-11 15:25:00,BUY,1.17109,1.17212,1.17057,1.17212,0.00034,WIN,TP,10.3,1.0,9.3,8.63,10.33,1.806,54.77,0.001411,0.4,0.077,11.2,1.17107,0.00038,1.170454,1.169042
2025-12-11 17:05:00,2025-12-11 17:40:00,BUY,1.17353,1.17517,1.17271,1.17517,0.00055,WIN,TP,16.4,1.0,15.4,14.74,16.44,1.878,54.18,0.002323,0.0,0.0,16.7,1.17354,0.00056,1.172512,1.170189
2025-12-11 18:30:00,2025-12-11 19:10:00,BUY,1.17472,1.17623,1.17396,1.17623,0.0005,WIN,TP,15.1,1.0,14.1,13.44,15.14,1.868,51.07,0.00286,1.0,0.132,15.8,1.17473,0.00067,1.17382,1.17096
2025-12-11 19:35:00,2025-12-11 21:50:00,BUY,1.17513,1.17438,1.17438,1.17663,0.0005,LOSS,SL,-7.5,1.2,-8.7,-9.39,-7.49,-1.16,48.39,0.002997,8.3,1.108,8.3,1.17511,0.00082,1.174511,1.171513
2025-12-11 22:25:00,2025-12-11 23:45:00,BUY,1.17423,1.17374,1.17374,1.17522,0.00033,LOSS,SL,-4.9,1.2,-6.1,-6.83,-4.93,-1.243,40.34,0.002238,5.7,1.155,3.6,1.17423,0.00025,1.174754,1.172517
2025-12-12 00:10:00,2025-12-12 03:25:00,BUY,1.17385,1.17461,1.17347,1.17461,0.00025,WIN,TP,7.6,2.1,5.5,4.76,7.56,1.444,41.82,0.001532,1.6,0.423,8.0,1.17385,0.00031,1.174342,1.172811
2025-12-12 03:35:00,2025-12-12 03:40:00,BUY,1.1741,1.17368,1.17368,1.17493,0.00028,LOSS,SL,-4.2,1.2,-5.4,-6.06,-4.16,-1.288,48.17,0.000931,4.6,1.105,0.5,1.1741,0.00059,1.174167,1.173236
2025-12-12 04:15:00,2025-12-12 06:15:00,BUY,1.17361,1.17316,1.17316,1.17451,0.0003,LOSS,SL,-4.5,1.2,-5.7,-6.39,-4.49,-1.267,43.89,0.000728,4.8,1.069,1.9,1.17361,0.00028,1.173985,1.173257
2025-12-12 06:20:00,2025-12-12 07:55:00,BUY,1.17327,1.17392,1.17294,1.17392,0.00022,WIN,TP,6.5,1.2,5.3,4.61,6.51,1.631,40.82,0.000357,1.3,0.4,6.9,1.17327,0.00017,1.173667,1.173309
2025-12-12 08:25:00,2025-12-12 08:35:00,BUY,1.17379,1.17346,1.17346,1.17444,0.00022,LOSS,SL,-3.3,1.2,-4.5,-5.15,-3.25,-1.369,54.44,0.000274,3.7,1.138,1.6,1.17378,0.00018,1.173648,1.173374
2025-12-12 08:40:00,2025-12-12 09:30:00,BUY,1.17344,1.17414,1.17309,1.17414,0.00023,WIN,TP,7.0,1.2,5.8,5.14,7.04,1.659,43.59,0.000265,0.6,0.17,8.3,1.17345,0.00029,1.173646,1.173382
2025-12-12 09:50:00,2025-12-12 10:45:00,BUY,1.17396,1.17353,1.17353,1.17482,0.00029,LOSS,SL,-4.3,1.1,-5.4,-6.1,-4.3,-1.256,54.51,0.000298,6.5,1.511,2.8,1.17395,0.00017,1.173741,1.173443
2025-12-12 10:50:00,2025-12-12 10:55:00,BUY,1.17339,1.17285,1.17285,1.17446,0.00036,LOSS,SL,-5.4,1.0,-6.4,-7.06,-5.36,-1.187,41.17,0.000275,5.9,1.101,2.1,1.17339,0.00041,1.173758,1.173483
2025-12-12 11:15:00,2025-12-12 12:25:00,BUY,1.17322,1.17271,1.17271,1.17424,0.00034,LOSS,SL,-5.1,1.0,-6.1,-6.82,-5.12,-1.195,42.62,0.00017,6.8,1.328,2.5,1.17322,0.00028,1.173633,1.173463
2025-12-12 13:20:00,2025-12-12 14:45:00,SELL,1.17281,1.17199,1.17322,1.17199,0.00027,WIN,TP,8.2,1.0,7.2,6.53,8.23,1.757,46.34,-0.000193,0.6,0.146,8.5,1.17281,0.00037,1.173146,1.173338
2025-12-12 15:00:00,2025-12-12 15:05:00,SELL,1.17249,1.17291,1.17291,1.17165,0.00028,LOSS,SL,-4.2,1.0,-5.2,-5.89,-4.19,-1.239,49.87,-0.000447,7.9,1.888,1.1,1.17248,0.00031,1.172721,1.173167
2025-12-12 15:15:00,2025-12-12 15:35:00,SELL,1.17296,1.1734,1.1734,1.17209,0.00029,LOSS,SL,-4.4,1.0,-5.4,-6.05,-4.35,-1.23,58.89,-0.000412,4.4,1.01,3.2,1.17296,0.00033,1.17275,1.173161
2025-12-12 15:50:00,2025-12-12 16:30:00,SELL,1.17299,1.17346,1.17346,1.17204,0.00032,LOSS,SL,-4.7,1.0,-5.7,-6.45,-4.75,-1.211,54.12,-0.00032,6.8,1.433,6.9,1.17299,0.00036,1.172838,1.173158
2025-12-12 17:15:00,2025-12-12 18:40:00,SELL,1.17376,1.17261,1.17433,1.17261,0.00038,WIN,TP,11.5,1.0,10.5,9.8,11.5,1.826,56.54,-1.8e-05,5.6,0.974,11.5,1.17376,0.00075,1.173187,1.173205
2025-12-12 18:50:00,2025-12-12 19:25:00,BUY,1.173,1.17421,1.17239,1.17421,0.0004,WIN,TP,12.1,1.0,11.1,10.42,12.12,1.835,42.81,9.8e-05,0.2,0.033,12.9,1.173,0.00035,1.173361,1.173263
2025-12-12 21:00:00,2025-12-12 21:45:00,BUY,1.17413,1.17371,1.17371,1.17497,0.00028,LOSS,SL,-4.2,1.0,-5.2,-5.89,-4.19,-1.238,45.62,0.000527,6.1,1.454,0.0,1.17413,0.00059,1.174027,1.1735
2025-12-12 21:55:00,2025-12-12 22:05:00,BUY,1.17386,1.17461,1.17349,1.17461,0.00025,WIN,TP,7.5,1.0,6.5,5.78,7.48,1.733,45.14,0.000421,0.0,0.0,7.7,1.17386,0.00032,1.173956,1.173535
2025-12-12 22:25:00,2025-12-12 22:45:00,BUY,1.1743,1.17393,1.17393,1.17504,0.00025,LOSS,SL,-3.7,1.1,-4.8,-5.51,-3.71,-1.296,53.35,0.000465,6.3,1.696,1.1,1.1743,0.00015,1.17405,1.173585
2025-12-12 22:50:00,2025-12-15 00:00:00,BUY,1.17414,1.17374,1.17374,1.17494,0.00027,LOSS,SL,-4.0,1.0,-5.0,-5.68,-3.98,-1.251,48.6,0.000464,13.8,3.464,3.4,1.17414,0.00066,1.17408,1.173616
2025-12-15 00:20:00,2025-12-15 02:15:00,BUY,1.1735,1.17301,1.17301,1.17448,0.00033,LOSS,SL,-4.9,6.9,-11.8,-12.49,-4.89,-2.41,43.18,0.000322,4.9,1.002,5.7,1.17351,1e-05,1.173986,1.173665
2025-12-15 03:00:00,2025-12-15 03:35:00,SELL,1.17331,1.17363,1.17363,1.17266,0.00022,LOSS,SL,-3.2,1.0,-4.2,-4.95,-3.25,-1.308,46.92,-2.2e-05,3.6,1.108,3.8,1.17331,0.00033,1.173595,1.173617
2025-12-15 03:40:00,2025-12-15 03:45:00,SELL,1.17364,1.17399,1.17399,1.17295,0.00023,LOSS,SL,-3.5,1.0,-4.5,-5.15,-3.45,-1.29,58.5,-8.1e-05,5.4,1.564,0.0,1.17364,0.00021,1.173509,1.173591
2025-12-15 05:15:00,2025-12-15 05:30:00,BUY,1.17396,1.17357,1.17357,1.17473,0.00026,LOSS,SL,-3.9,1.1,-5.0,-5.65,-3.85,-1.285,49.92,0.000164,3.9,1.012,1.4,1.17396,0.00054,1.173848,1.173684
2025-12-15 05:35:00,2025-12-15 05:55:00,BUY,1.17359,1.17321,1.17321,1.17436,0.00026,LOSS,SL,-3.8,1.0,-4.8,-5.53,-3.83,-1.261,41.24,0.000155,4.2,1.097,3.1,1.1736,0.00023,1.173845,1.17369
2025-12-15 06:10:00,2025-12-15 08:05:00,BUY,1.17347,1.17312,1.17312,1.17417,0.00023,LOSS,SL,-3.5,1.0,-4.5,-5.21,-3.51,-1.285,41.87,7.8e-05,4.6,1.311,1.0,1.17347,0.00013,1.173753,1.173676
2025-12-15 08:20:00,2025-12-15 08:25:00,SELL,1.17352,1.17289,1.17383,1.17289,0.00021,WIN,TP,6.3,1.0,5.3,4.56,6.26,1.681,54.86,-0.00011,0.2,0.064,6.6,1.17352,0.00024,1.173491,1.173601
2025-12-15 08:30:00,2025-12-15 09:55:00,SELL,1.17349,1.17279,1.17384,1.17279,0.00023,WIN,TP,7.0,1.0,6.0,5.32,7.02,1.715,52.34,-0.000119,3.0,0.854,7.1,1.17347,0.00061,1.173476,1.173595
2025-12-15 10:20:00,2025-12-15 10:30:00,SELL,1.17335,1.17378,1.17378,1.17249,0.00029,LOSS,SL,-4.3,1.0,-5.3,-6.01,-4.31,-1.232,53.63,-0.000205,5.1,1.182,3.6,1.17335,0.00045,1.173317,1.173522
2025-12-15 10:40:00,2025-12-15 11:10:00,SELL,1.17357,1.17406,1.17406,1.17259,0.00033,LOSS,SL,-4.9,1.0,-5.9,-6.6,-4.9,-1.204,56.99,-0.000177,7.2,1.468,5.3,1.17357,0.0005,1.173344,1.173521
2025-12-15 11:25:00,2025-12-15 12:20:00,SELL,1.17396,1.17448,1.17448,1.17291,0.00035,LOSS,SL,-5.2,1.0,-6.2,-6.95,-5.25,-1.191,59.98,-8.2e-05,5.7,1.087,0.5,1.17396,0.00026,1.173454,1.173535
2025-12-15 12:40:00,2025-12-15 13:50:00,BUY,1.1741,1.17498,1.17366,1.17498,0.00029,WIN,TP,8.8,1.0,7.8,7.13,8.83,1.774,52.54,0.000173,0.6,0.136,8.9,1.1741,0.00039,1.173804,1.173631
2025-12-15 15:55:00,2025-12-15 16:00:00,BUY,1.17496,1.17446,1.17446,1.17596,0.00033,LOSS,SL,-5.0,1.0,-6.0,-6.72,-5.02,-1.199,44.14,0.000838,5.6,1.116,0.6,1.17496,0.00093,1.174952,1.174114
2025-12-15 16:15:00,2025-12-15 16:35:00,BUY,1.17465,1.17564,1.17415,1.17564,0.00033,WIN,TP,9.9,1.0,8.9,8.23,9.93,1.799,40.24,0.000773,1.6,0.322,11.2,1.17465,0.00038,1.174908,1.174135
2025-12-15 17:20:00,2025-12-15 19:15:00,BUY,1.17586,1.17514,1.17514,1.17729,0.00048,LOSS,SL,-7.2,1.0,-8.2,-8.85,-7.15,-1.14,54.62,0.000945,8.3,1.16,10.0,1.17586,0.0009,1.175279,1.174333
2025-12-15 21:00:00,2025-12-15 21:15:00,BUY,1.17431,1.1739,1.1739,1.17512,0.00027,LOSS,SL,-4.1,1.0,-5.1,-5.77,-4.07,-1.246,41.6,0.000303,4.8,1.181,0.6,1.17431,0.00027,1.174909,1.174606
2025-12-15 21:35:00,2025-12-15 21:50:00,BUY,1.17406,1.17473,1.17373,1.17473,0.00022,WIN,TP,6.7,1.0,5.7,4.98,6.68,1.701,40.16,0.000121,0.1,0.03,8.5,1.17406,0.00018,1.174686,1.174565
2025-12-15 23:25:00,2025-12-16 00:00:00,BUY,1.17497,1.1747,1.1747,1.1755,0.00018,LOSS,SL,-2.7,1.5,-4.2,-4.87,-2.67,-1.561,54.12,0.000205,3.6,1.347,3.9,1.17497,0.00025,1.174841,1.174635
2025-12-16 00:05:00,2025-12-16 02:00:00,BUY,1.17482,1.17551,1.17447,1.17551,0.00023,WIN,TP,6.9,2.3,4.6,3.92,6.92,1.336,46.21,0.000229,1.5,0.433,8.1,1.17482,0.00048,1.174896,1.174667
2025-12-16 02:30:00,2025-12-16 02:45:00,BUY,1.17544,1.17521,1.17521,1.1759,0.00015,LOSS,SL,-2.3,1.0,-3.3,-4.01,-2.31,-1.433,53.68,0.000389,2.8,1.214,0.3,1.17544,0.00017,1.175213,1.174825
2025-12-16 02:50:00,2025-12-16 02:55:00,BUY,1.17517,1.17494,1.17494,1.17562,0.00015,LOSS,SL,-2.3,1.1,-3.4,-4.06,-2.26,-1.487,43.48,0.000378,3.6,1.594,0.0,1.17517,0.00015,1.17522,1.174842
2025-12-16 03:05:00,2025-12-16 03:05:00,BUY,1.1752,1.17493,1.17493,1.17574,0.00018,LOSS,SL,-2.7,1.0,-3.7,-4.39,-2.69,-1.372,47.19,0.000354,2.7,1.005,0.0,1.1752,0.00036,1.175202,1.174848
2025-12-16 03:10:00,2025-12-16 03:30:00,BUY,1.17501,1.17474,1.17474,1.17554,0.00018,LOSS,SL,-2.7,1.2,-3.9,-4.57,-2.67,-1.45,41.46,0.000345,2.8,1.05,0.8,1.17501,0.00027,1.175195,1.17485
2025-12-16 03:35:00,2025-12-16 03:50:00,BUY,1.17502,1.17471,1.17471,1.17563,0.0002,LOSS,SL,-3.1,1.0,-4.1,-4.77,-3.07,-1.326,46.13,0.000284,3.8,1.239,4.9,1.17502,0.00036,1.175135,1.174851
2025-12-16 03:55:00,2025-12-16 05:00:00,BUY,1.17498,1.17574,1.1746,1.17574,0.00025,WIN,TP,7.6,1.0,6.6,5.86,7.56,1.735,46.44,0.00027,0.8,0.212,9.2,1.17498,0.00037,1.175131,1.174861
2025-12-16 05:15:00,2025-12-16 05:40:00,BUY,1.17541,1.17506,1.17506,1.1761,0.00023,LOSS,SL,-3.5,1.0,-4.5,-5.16,-3.46,-1.289,50.83,0.000343,4.2,1.214,1.1,1.17541,0.00035,1.175291,1.174948
2025-12-16 05:45:00,2025-12-16 08:20:00,BUY,1.175,1.17469,1.17469,1.17563,0.00021,LOSS,SL,-3.1,1.0,-4.1,-4.83,-3.13,-1.319,40.57,0.000309,3.7,1.181,4.0,1.175,0.00017,1.175272,1.174963
2025-12-16 08:35:00,2025-12-16 09:10:00,BUY,1.17483,1.17454,1.17454,1.17541,0.00019,LOSS,SL,-2.9,1.0,-3.9,-4.59,-2.89,-1.346,41.18,0.000117,4.1,1.42,5.7,1.17483,0.00013,1.175119,1.175001
2025-12-16 09:15:00,2025-12-16 10:00:00,BUY,1.17472,1.1754,1.17438,1.1754,0.00023,WIN,TP,6.8,1.0,5.8,5.15,6.85,1.708,41.46,7.7e-05,1.0,0.292,11.9,1.17472,0.00032,1.175076,1.174999
2025-12-16 10:35:00,2025-12-16 10:35:00,BUY,1.17546,1.17489,1.17489,1.1766,0.00038,LOSS,SL,-5.7,1.0,-6.7,-7.4,-5.7,-1.175,52.92,0.000186,8.1,1.421,0.1,1.17546,0.0005,1.17524,1.175054
2025-12-16 10:45:00,2025-12-16 11:40:00,BUY,1.17492,1.17604,1.17436,1.17604,0.00037,WIN,TP,11.2,1.0,10.2,9.53,11.23,1.822,43.46,0.000159,0.5,0.089,12.1,1.17492,0.00027,1.175209,1.17505
2025-12-16 12:00:00,2025-12-16 14:25:00,BUY,1.17564,1.17687,1.17502,1.17687,0.00041,WIN,TP,12.3,1.0,11.3,10.6,12.3,1.837,53.2,0.000247,4.8,0.78,13.2,1.17566,0.00037,1.175362,1.175116
2025-12-16 15:30:00,2025-12-16 15:30:00,BUY,1.17693,1.17858,1.1761,1.17858,0.00055,WIN,TP,16.5,1.0,15.5,14.84,16.54,1.879,53.23,0.000792,0.1,0.012,25.4,1.17693,0.00086,1.176319,1.175526
2025-12-16 15:45:00,2025-12-16 16:30:00,BUY,1.17636,1.17849,1.17529,1.17849,0.00071,WIN,TP,21.3,1.0,20.3,19.61,21.31,1.906,45.17,0.000849,6.7,0.629,23.3,1.17636,0.00187,1.176428,1.175579
2025-12-16 17:20:00,2025-12-16 17:55:00,BUY,1.1783,1.17729,1.17729,1.18031,0.00067,LOSS,SL,-10.1,1.0,-11.1,-11.77,-10.07,-1.099,51.75,0.001438,15.8,1.57,1.2,1.1783,0.00074,1.177484,1.176046
2025-12-16 18:15:00,2025-12-16 20:00:00,BUY,1.17689,1.17596,1.17596,1.17875,0.00062,LOSS,SL,-9.3,1.0,-10.3,-11.01,-9.31,-1.107,40.73,0.001254,12.1,1.3,9.0,1.17689,0.00087,1.177444,1.17619
2025-12-16 21:35:00,2025-12-16 21:45:00,SELL,1.17526,1.17596,1.17596,1.17387,0.00046,LOSS,SL,-7.0,1.0,-8.0,-8.66,-6.96,-1.144,45.31,-4.3e-05,9.0,1.293,0.4,1.17526,0.00076,1.176108,1.176151
2025-12-16 21:50:00,2025-12-16 22:55:00,SELL,1.17604,1.17473,1.1767,1.17473,0.00044,WIN,TP,13.1,1.0,12.1,11.4,13.1,1.847,55.69,-6.7e-05,2.4,0.366,14.1,1.17604,0.00031,1.176074,1.176141
2025-12-17 01:05:00,2025-12-17 03:00:00,SELL,1.17494,1.17518,1.17518,1.17447,0.00016,LOSS,SL,-2.4,2.2,-4.6,-5.27,-2.37,-1.929,48.75,-0.000608,2.6,1.097,4.3,1.17487,2e-05,1.175191,1.175799
2025-12-17 03:05:00,2025-12-17 04:00:00,SELL,1.17499,1.1745,1.17524,1.1745,0.00016,WIN,TP,4.9,1.1,3.8,3.11,4.91,1.552,58.36,-0.000621,2.2,0.897,5.6,1.17499,0.00031,1.174975,1.175596
2025-12-17 10:00:00,2025-12-17 10:30:00,SELL,1.17137,1.17204,1.17204,1.17003,0.00045,LOSS,SL,-6.7,1.0,-7.7,-8.42,-6.72,-1.149,47.1,-0.001867,6.8,1.011,7.9,1.17135,0.0006,1.172143,1.17401
2025-12-17 10:35:00,2025-12-17 13:00:00,SELL,1.172,1.17264,1.17264,1.17071,0.00043,LOSS,SL,-6.4,1.0,-7.4,-8.13,-6.43,-1.156,58.38,-0.001894,7.4,1.151,8.6,1.172,0.00056,1.171929,1.173823
2025-12-17 13:10:00,2025-12-17 13:35:00,SELL,1.17225,1.17124,1.17276,1.17124,0.00034,WIN,TP,10.1,1.0,9.1,8.44,10.14,1.803,59.31,-0.001425,0.2,0.039,12.5,1.17226,0.00023,1.171853,1.173277
2025-12-17 14:05:00,2025-12-17 14:50:00,SELL,1.17132,1.17184,1.17184,1.17028,0.00035,LOSS,SL,-5.2,1.0,-6.2,-6.9,-5.2,-1.192,45.66,-0.001409,6.4,1.23,1.9,1.17132,0.00055,1.171669,1.173078
2025-12-17 14:55:00,2025-12-17 14:55:00,SELL,1.17192,1.17244,1.17244,1.17089,0.00034,LOSS,SL,-5.2,1.0,-6.2,-6.87,-5.17,-1.193,57.85,-0.001288,8.4,1.624,0.2,1.17192,0.00022,1.17165,1.172938
2025-12-17 15:10:00,2025-12-17 15:15:00,SELL,1.17221,1.17273,1.17273,1.17117,0.00035,LOSS,SL,-5.2,1.0,-6.2,-6.9,-5.2,-1.192,58.41,-0.001184,10.1,1.943,2.4,1.17221,0.00025,1.171739,1.172923
2025-12-17 15:30:00,2025-12-17 15:50:00,SELL,1.17241,1.17304,1.17304,1.17116,0.00042,LOSS,SL,-6.3,1.0,-7.3,-7.97,-6.27,-1.159,56.47,-0.001046,8.7,1.387,3.0,1.17241,0.00048,1.171864,1.17291
2025-12-17 16:25:00,2025-12-17 16:35:00,SELL,1.17302,1.17365,1.17365,1.17175,0.00042,LOSS,SL,-6.3,1.0,-7.3,-8.03,-6.33,-1.158,57.09,-0.000647,7.7,1.216,2.2,1.17302,0.00033,1.17227,1.172916
2025-12-17 18:45:00,2025-12-17 22:20:00,BUY,1.17481,1.17412,1.17412,1.17618,0.00046,LOSS,SL,-6.9,1.0,-7.9,-8.56,-6.86,-1.146,51.97,0.000664,7.1,1.035,7.4,1.17481,0.00049,1.174036,1.173372
2025-12-17 22:25:00,2025-12-18 00:00:00,BUY,1.17414,1.17381,1.17381,1.17479,0.00022,LOSS,SL,-3.3,1.0,-4.3,-4.96,-3.26,-1.306,40.92,0.000612,3.8,1.164,4.8,1.17414,0.00014,1.174418,1.173806
2025-12-18 00:05:00,2025-12-18 03:35:00,BUY,1.17404,1.17375,1.17375,1.17462,0.00019,LOSS,SL,-2.9,2.5,-5.4,-6.09,-2.89,-1.866,45.48,0.000363,3.5,1.212,5.2,1.17401,0.0003,1.174216,1.173853
2025-12-18 04:00:00,2025-12-18 07:55:00,BUY,1.17383,1.17454,1.17348,1.17454,0.00024,WIN,TP,7.1,1.0,6.1,5.4,7.1,1.718,44.12,0.000155,1.6,0.451,8.4,1.17384,0.00038,1.174101,1.173946
2025-12-18 08:20:00,2025-12-18 09:00:00,BUY,1.17408,1.17465,1.17379,1.17465,0.00019,WIN,TP,5.7,1.0,4.7,4.01,5.71,1.65,42.8,0.000162,2.1,0.736,8.6,1.17408,0.00032,1.174178,1.174016
2025-12-18 09:15:00,2025-12-18 09:40:00,BUY,1.17442,1.17406,1.17406,1.17513,0.00024,LOSS,SL,-3.6,1.0,-4.6,-5.26,-3.56,-1.281,50.88,0.000224,4.6,1.294,3.0,1.17442,0.00037,1.174288,1.174064
2025-12-18 09:45:00,2025-12-18 09:55:00,BUY,1.17433,1.17394,1.17394,1.17511,0.00026,LOSS,SL,-3.9,1.0,-4.9,-5.61,-3.91,-1.256,48.73,0.000221,9.8,2.509,1.8,1.17433,0.00038,1.174302,1.174081
2025-12-18 10:20:00,2025-12-18 10:30:00,BUY,1.17364,1.17313,1.17313,1.17466,0.00034,LOSS,SL,-5.1,1.0,-6.1,-6.81,-5.11,-1.196,40.82,9.7e-05,7.6,1.488,0.3,1.17364,0.00029,1.174153,1.174056
2025-12-18 12:45:00,2025-12-18 14:15:00,SELL,1.17253,1.17158,1.173,1.17158,0.00032,WIN,TP,9.5,1.0,8.5,7.79,9.49,1.789,49.72,-0.000707,2.0,0.422,12.3,1.17253,0.00029,1.172954,1.17366
2025-12-18 15:10:00,2025-12-18 15:10:00,SELL,1.17188,1.17238,1.17238,1.17087,0.00034,LOSS,SL,-5.0,1.0,-6.0,-6.74,-5.04,-1.198,49.61,-0.001009,5.1,1.011,0.2,1.17188,0.00042,1.17223,1.173239
2025-12-18 15:15:00,2025-12-18 15:15:00,SELL,1.17233,1.17298,1.17298,1.17104,0.00043,LOSS,SL,-6.5,1.0,-7.5,-8.15,-6.45,-1.155,58.44,-0.000996,16.2,2.511,0.3,1.17233,0.00053,1.172234,1.17323
2025-12-18 16:15:00,2025-12-18 17:30:00,SELL,1.17417,1.17179,1.17536,1.17179,0.00079,WIN,TP,23.8,1.0,22.8,22.11,23.81,1.916,58.1,-0.000336,4.3,0.361,24.1,1.17417,0.00102,1.173004,1.173339
2025-12-18 17:40:00,2025-12-18 18:05:00,SELL,1.17274,1.17377,1.17377,1.17069,0.00068,LOSS,SL,-10.3,1.0,-11.3,-11.97,-10.27,-1.097,45.81,-0.000239,11.2,1.09,6.9,1.17274,0.00117,1.173089,1.173328
2025-12-18 18:10:00,2025-12-18 19:15:00,SELL,1.17386,1.17188,1.17485,1.17188,0.00066,WIN,TP,19.8,1.0,18.8,18.13,19.83,1.899,57.58,-0.000215,7.2,0.726,23.6,1.17385,0.00031,1.173101,1.173316
2025-12-18 19:45:00,2025-12-19 09:25:00,SELL,1.17238,1.17098,1.17308,1.17098,0.00047,WIN,TP,14.0,1.0,13.0,12.33,14.03,1.857,45.36,-0.000355,4.8,0.684,15.1,1.17238,0.00033,1.172868,1.173223
2025-12-19 10:15:00,2025-12-19 15:20:00,SELL,1.17131,1.17028,1.17183,1.17028,0.00034,WIN,TP,10.3,1.0,9.3,8.61,10.31,1.806,48.68,-0.000621,4.7,0.912,10.5,1.17131,0.00052,1.171592,1.172212
2025-12-19 15:25:00,2025-12-19 15:30:00,SELL,1.17082,1.17137,1.17137,1.16971,0.00037,LOSS,SL,-5.5,1.0,-6.5,-7.24,-5.54,-1.181,45.07,-0.000578,8.0,1.445,1.1,1.17082,0.00056,1.171157,1.171735
2025-12-19 15:35:00,2025-12-19 16:00:00,SELL,1.1716,1.17217,1.17217,1.17047,0.00038,LOSS,SL,-5.7,1.0,-6.7,-7.37,-5.67,-1.176,59.02,-0.000551,14.6,2.573,2.8,1.1716,0.00043,1.171177,1.171729
2025-12-19 17:10:00,2025-12-19 17:20:00,BUY,1.17257,1.17194,1.17194,1.17382,0.00042,LOSS,SL,-6.3,1.0,-7.3,-7.97,-6.27,-1.159,53.21,0.000123,6.7,1.068,0.0,1.17256,0.0004,1.172021,1.171898
2025-12-19 17:25:00,2025-12-19 17:50:00,BUY,1.17202,1.17139,1.17139,1.17327,0.00042,LOSS,SL,-6.3,1.0,-7.3,-7.96,-6.26,-1.16,43.69,0.00013,7.6,1.215,2.2,1.17202,0.00033,1.172035,1.171905
2025-12-19 18:20:00,2025-12-19 20:10:00,SELL,1.17175,1.17241,1.17241,1.17042,0.00044,LOSS,SL,-6.6,1.0,-7.6,-8.35,-6.65,-1.15,48.09,-2.3e-05,7.6,1.143,5.3,1.17174,0.0003,1.17184,1.171863
2025-12-19 20:45:00,2025-12-19 21:00:00,BUY,1.17214,1.17173,1.17173,1.17296,0.00027,LOSS,SL,-4.1,1.0,-5.1,-5.8,-4.1,-1.244,52.06,7.9e-05,5.2,1.269,2.3,1.17214,0.00016,1.171967,1.171888
2025-12-19 21:05:00,2025-12-19 22:50:00,BUY,1.17189,1.17149,1.17149,1.17269,0.00027,LOSS,SL,-4.0,1.0,-5.0,-5.72,-4.02,-1.249,45.12,8.5e-05,10.3,2.564,6.6,1.17189,0.00036,1.17198,1.171895
2025-12-22 00:10:00,2025-12-22 01:55:00,SELL,1.17147,1.17069,1.17186,1.17069,0.00026,WIN,TP,7.8,6.4,1.4,0.69,7.79,0.357,48.82,-0.000227,0.6,0.154,8.7,1.17132,0.00012,1.171573,1.1718
2025-12-22 02:05:00,2025-12-22 03:00:00,SELL,1.17125,1.17163,1.17163,1.17049,0.00025,LOSS,SL,-3.8,1.0,-4.8,-5.5,-3.8,-1.263,50.67,-0.000325,6.7,1.762,2.4,1.17125,0.00052,1.171377,1.171703
2025-12-22 03:10:00,2025-12-22 06:40:00,SELL,1.17153,1.17194,1.17194,1.17071,0.00027,LOSS,SL,-4.1,1.0,-5.1,-5.8,-4.1,-1.244,55.66,-0.000283,4.4,1.074,1.9,1.17153,0.00033,1.17138,1.171663
2025-12-22 07:35:00,2025-12-22 07:40:00,BUY,1.17193,1.17173,1.17173,1.17233,0.00013,LOSS,SL,-2.0,1.0,-3.0,-3.7,-2.0,-1.5,52.79,7.1e-05,3.8,1.901,0.8,1.17193,0.00019,1.171783,1.171712
2025-12-22 07:45:00,2025-12-22 08:35:00,BUY,1.17169,1.17146,1.17146,1.17215,0.00015,LOSS,SL,-2.3,1.0,-3.3,-3.98,-2.28,-1.438,40.03,6.9e-05,2.8,1.225,2.1,1.17169,0.00036,1.171783,1.171714
2025-12-22 08:45:00,2025-12-22 08:50:00,BUY,1.17155,1.1713,1.1713,1.17205,0.00017,LOSS,SL,-2.5,1.0,-3.5,-4.2,-2.5,-1.401,40.02,2.9e-05,2.8,1.122,0.1,1.17155,0.00012,1.171737,1.171708
2025-12-22 09:00:00,2025-12-22 09:30:00,BUY,1.17158,1.17213,1.1713,1.17213,0.00018,WIN,TP,5.5,1.0,4.5,3.85,5.55,1.639,45.65,4e-06,1.0,0.361,7.4,1.17158,0.00026,1.171705,1.171701
2025-12-22 11:20:00,2025-12-22 14:05:00,BUY,1.17294,1.17388,1.17247,1.17388,0.00031,WIN,TP,9.4,1.0,8.4,7.72,9.42,1.788,53.01,0.000524,2.2,0.467,12.8,1.17294,0.00045,1.172473,1.171949
2025-12-22 14:20:00,2025-12-22 15:05:00,BUY,1.17355,1.17456,1.17305,1.17456,0.00034,WIN,TP,10.1,1.0,9.1,8.4,10.1,1.802,53.06,0.000802,0.6,0.119,12.0,1.17355,0.00035,1.173179,1.172377
2025-12-22 16:05:00,2025-12-22 16:30:00,BUY,1.1747,1.17586,1.17412,1.17586,0.00039,WIN,TP,11.6,1.0,10.6,9.9,11.6,1.828,54.81,0.001203,2.1,0.362,15.2,1.1747,0.00053,1.173984,1.172781
2025-12-22 18:25:00,2025-12-22 18:45:00,BUY,1.17571,1.17513,1.17513,1.17686,0.00038,LOSS,SL,-5.8,1.0,-6.8,-7.45,-5.75,-1.174,44.93,0.001836,7.8,1.356,3.8,1.17569,0.00059,1.175416,1.17358
2025-12-22 19:15:00,2025-12-22 19:40:00,BUY,1.17539,1.1764,1.17489,1.1764,0.00034,WIN,TP,10.1,1.0,9.1,8.4,10.1,1.802,46.23,0.001615,2.5,0.495,10.6,1.17539,0.00034,1.175353,1.173738
2025-12-22 20:00:00,2025-12-22 20:05:00,BUY,1.17581,1.17533,1.17533,1.17676,0.00032,LOSS,SL,-4.8,1.0,-5.8,-6.47,-4.77,-1.21,51.39,0.001602,6.5,1.364,0.1,1.17581,0.0002,1.175526,1.173925
2025-12-22 20:10:00,2025-12-22 23:50:00,BUY,1.1752,1.17617,1.17472,1.17617,0.00032,WIN,TP,9.7,1.0,8.7,7.99,9.69,1.793,40.52,0.00156,3.3,0.681,9.7,1.1752,0.00037,1.175514,1.173953
2025-12-23 00:05:00,2025-12-23 01:15:00,BUY,1.17566,1.17633,1.17532,1.17633,0.00022,WIN,TP,6.7,3.1,3.6,2.92,6.72,1.077,46.54,0.001086,1.3,0.387,7.4,1.17566,0.00058,1.175635,1.174549
2025-12-23 03:05:00,2025-12-23 03:40:00,BUY,1.17661,1.17713,1.17635,1.17713,0.00017,WIN,TP,5.2,1.0,4.2,3.45,5.15,1.612,53.59,0.001192,0.4,0.155,8.6,1.17661,0.00027,1.176278,1.175086
2025-12-23 05:25:00,2025-12-23 08:30:00,BUY,1.17744,1.17711,1.17711,1.17809,0.00022,LOSS,SL,-3.3,1.0,-4.3,-4.96,-3.26,-1.307,51.59,0.001425,4.9,1.503,5.2,1.17744,0.00024,1.177076,1.17565
2025-12-23 08:45:00,2025-12-23 09:00:00,BUY,1.17722,1.17693,1.17693,1.17781,0.0002,LOSS,SL,-2.9,1.0,-3.9,-4.64,-2.94,-1.34,41.23,0.001143,3.3,1.121,1.5,1.17721,0.00031,1.177422,1.176279
2025-12-23 09:05:00,2025-12-23 09:55:00,BUY,1.17728,1.17795,1.17695,1.17795,0.00022,WIN,TP,6.7,1.0,5.7,4.95,6.65,1.699,46.34,0.001074,2.2,0.661,8.4,1.17728,0.00039,1.17739,1.176316
2025-12-23 10:25:00,2025-12-23 11:00:00,BUY,1.17789,1.17888,1.17739,1.17888,0.00033,WIN,TP,9.9,1.0,8.9,8.22,9.92,1.798,54.65,0.001045,0.6,0.121,10.0,1.17789,0.00046,1.17757,1.176524
2025-12-23 11:30:00,2025-12-23 12:00:00,BUY,1.17827,1.17929,1.17776,1.17929,0.00034,WIN,TP,10.2,1.0,9.2,8.46,10.16,1.803,52.91,0.001157,0.0,0.0,13.6,1.17827,0.00038,1.177909,1.176752
2025-12-23 13:25:00,2025-12-23 14:50:00,BUY,1.17945,1.17899,1.17899,1.18036,0.0003,LOSS,SL,-4.6,1.0,-5.6,-6.27,-4.57,-1.219,53.81,0.001576,5.4,1.181,7.4,1.17945,0.00024,1.178887,1.177312
2025-12-23 15:20:00,2025-12-23 15:30:00,BUY,1.17919,1.17867,1.17867,1.18023,0.00035,LOSS,SL,-5.2,1.0,-6.2,-6.89,-5.19,-1.193,45.89,0.001455,12.3,2.372,2.0,1.17916,0.00049,1.179214,1.177759
2025-12-23 15:40:00,2025-12-23 15:45:00,BUY,1.17882,1.17821,1.17821,1.18004,0.00041,LOSS,SL,-6.1,1.0,-7.1,-7.81,-6.11,-1.164,42.4,0.001356,6.8,1.112,0.3,1.17882,0.00069,1.179158,1.177802
2025-12-23 16:40:00,2025-12-23 16:50:00,BUY,1.17783,1.17711,1.17711,1.17927,0.00048,LOSS,SL,-7.2,1.0,-8.2,-8.92,-7.22,-1.139,44.29,0.00078,9.2,1.274,0.9,1.17783,0.00088,1.178561,1.177781
2025-12-23 17:05:00,2025-12-23 17:40:00,BUY,1.17726,1.17652,1.17652,1.17873,0.00049,LOSS,SL,-7.4,1.0,-8.4,-9.07,-7.37,-1.136,40.5,0.000561,7.6,1.031,6.4,1.17726,0.00055,1.178314,1.177753
2025-12-23 17:55:00,2025-12-23 21:00:00,BUY,1.17695,1.17851,1.17617,1.17851,0.00052,WIN,TP,15.6,1.0,14.6,13.91,15.61,1.872,41.76,0.00023,5.1,0.654,15.7,1.17695,0.00041,1.177929,1.177698
2025-12-23 23:25:00,2025-12-23 23:35:00,BUY,1.17881,1.17941,1.17851,1.17941,0.0002,WIN,TP,6.0,1.3,4.7,4.01,6.01,1.567,50.1,0.00057,0.0,0.0,7.5,1.17881,0.00026,1.178529,1.17796
2025-12-24 00:05:00,2025-12-24 03:20:00,BUY,1.17922,1.18008,1.17879,1.18008,0.00029,WIN,TP,8.6,1.9,6.7,5.96,8.56,1.556,53.07,0.000697,2.1,0.491,9.5,1.17918,0.0014,1.178766,1.17807
2025-12-24 04:30:00,2025-12-24 04:55:00,BUY,1.18023,1.17991,1.17991,1.18087,0.00021,LOSS,SL,-3.2,1.0,-4.2,-4.88,-3.18,-1.314,51.72,0.001076,4.3,1.352,0.1,1.18023,0.00045,1.179857,1.178781
2025-12-24 05:00:00,2025-12-24 05:00:00,BUY,1.17981,1.17947,1.17947,1.18049,0.00023,LOSS,SL,-3.4,1.0,-4.4,-5.09,-3.39,-1.295,40.67,0.00104,5.0,1.477,0.2,1.17981,0.00032,1.179895,1.178854
2025-12-24 06:30:00,2025-12-24 07:30:00,BUY,1.17893,1.17949,1.17865,1.17949,0.00019,WIN,TP,5.6,1.2,4.4,3.71,5.61,1.572,40.4,0.000525,0.5,0.178,6.2,1.17893,0.00017,1.179394,1.178869
2025-12-24 09:00:00,2025-12-24 09:05:00,BUY,1.17996,1.1796,1.1796,1.18068,0.00024,LOSS,SL,-3.6,1.0,-4.6,-5.28,-3.58,-1.279,54.84,0.000591,3.8,1.062,2.0,1.17996,0.0002,1.179676,1.179085
2025-12-24 09:10:00,2025-12-24 09:15:00,BUY,1.17984,1.17946,1.17946,1.18061,0.00026,LOSS,SL,-3.8,1.0,-4.8,-5.55,-3.85,-1.26,50.13,0.000592,5.7,1.481,0.1,1.17983,0.00039,1.179693,1.179102
2025-12-24 10:35:00,2025-12-24 14:40:00,BUY,1.17903,1.17847,1.17847,1.18014,0.00037,LOSS,SL,-5.6,1.0,-6.6,-7.27,-5.57,-1.18,49.22,0.000199,5.6,1.005,10.5,1.17903,0.00061,1.179263,1.179064
2025-12-24 14:55:00,2025-12-24 14:55:00,BUY,1.17888,1.17843,1.17843,1.17977,0.0003,LOSS,SL,-4.5,1.0,-5.5,-6.17,-4.47,-1.224,41.63,9.5e-05,4.9,1.096,0.2,1.17888,0.00034,1.179309,1.179215
2025-12-24 15:05:00,2025-12-24 16:05:00,BUY,1.17882,1.17836,1.17836,1.17973,0.0003,LOSS,SL,-4.6,1.0,-5.6,-6.26,-4.56,-1.219,44.12,5.4e-05,5.3,1.162,2.8,1.17883,0.00043,1.179256,1.179203
2025-12-24 18:05:00,2025-12-26 02:25:00,SELL,1.17804,1.17855,1.17855,1.17702,0.00034,LOSS,SL,-5.1,1.0,-6.1,-6.79,-5.09,-1.196,47.4,-0.000501,10.3,2.024,7.8,1.17804,0.00037,1.178414,1.178916
2025-12-26 02:55:00,2025-12-26 04:35:00,SELL,1.17877,1.17925,1.17925,1.17782,0.00032,LOSS,SL,-4.8,1.5,-6.3,-6.95,-4.75,-1.316,58.8,-0.000131,5.0,1.052,5.0,1.17871,0.00039,1.178207,1.178338
2025-12-26 05:25:00,2025-12-26 05:35:00,BUY,1.17878,1.17841,1.17841,1.17952,0.00025,LOSS,SL,-3.7,1.5,-5.2,-5.89,-3.69,-1.406,48.04,0.000203,3.8,1.029,0.2,1.17879,0.00035,1.178664,1.17846
2025-12-26 05:40:00,2025-12-26 06:10:00,BUY,1.17854,1.17817,1.17817,1.17927,0.00024,LOSS,SL,-3.7,1.5,-5.2,-5.87,-3.67,-1.409,41.68,0.000188,3.7,1.009,2.8,1.17854,0.00016,1.178652,1.178463
2025-12-26 06:25:00,2025-12-26 08:35:00,BUY,1.17824,1.17788,1.17788,1.17896,0.00024,LOSS,SL,-3.6,1.5,-5.1,-5.79,-3.59,-1.417,40.79,0.000109,5.1,1.419,5.2,1.17827,0.00034,1.178565,1.178456
2025-12-26 10:25:00,2025-12-26 12:20:00,SELL,1.17733,1.17782,1.17782,1.17635,0.00033,LOSS,SL,-4.9,1.0,-5.9,-6.61,-4.91,-1.204,46.97,-0.000454,5.0,1.019,5.0,1.17733,0.00051,1.177762,1.178216
2025-12-26 12:30:00,2025-12-26 13:20:00,SELL,1.17756,1.17798,1.17798,1.17672,0.00028,LOSS,SL,-4.2,1.0,-5.2,-5.91,-4.21,-1.238,55.97,-0.000549,6.6,1.568,2.7,1.17755,0.00042,1.177461,1.17801
2025-12-26 13:30:00,2025-12-26 14:55:00,SELL,1.17778,1.17823,1.17823,1.17689,0.0003,LOSS,SL,-4.5,1.0,-5.5,-6.16,-4.46,-1.224,55.94,-0.000436,4.6,1.03,5.2,1.17777,0.00046,1.177533,1.177968
2025-12-26 16:30:00,2025-12-26 16:45:00,BUY,1.17889,1.17842,1.17842,1.17983,0.00031,LOSS,SL,-4.7,1.0,-5.7,-6.38,-4.68,-1.214,53.79,0.000274,7.2,1.539,1.2,1.1789,0.00026,1.178395,1.178121
2025-12-26 16:50:00,2025-12-26 17:20:00,BUY,1.17825,1.17924,1.17775,1.17924,0.00033,WIN,TP,9.9,1.0,8.9,8.21,9.91,1.798,40.41,0.000283,1.4,0.282,10.0,1.17825,0.00051,1.178423,1.17814
2025-12-26 17:35:00,2025-12-26 17:50:00,BUY,1.17878,1.17829,1.17829,1.17977,0.00033,LOSS,SL,-4.9,1.0,-5.9,-6.64,-4.94,-1.202,50.41,0.000342,14.0,2.831,0.8,1.17878,0.00051,1.178537,1.178195
2025-12-26 19:45:00,2025-12-26 21:15:00,SELL,1.17686,1.17739,1.17739,1.17581,0.00035,LOSS,SL,-5.3,1.0,-6.3,-6.97,-5.27,-1.19,47.6,-0.000492,5.7,1.082,2.0,1.17686,0.00034,1.177404,1.177896
2025-12-26 21:20:00,2025-12-26 22:00:00,SELL,1.17737,1.17777,1.17777,1.17657,0.00027,LOSS,SL,-4.0,1.0,-5.0,-5.7,-4.0,-1.25,56.74,-0.000502,5.4,1.349,1.5,1.17737,0.00051,1.177259,1.177761
2025-12-26 22:15:00,2025-12-26 22:35:00,SELL,1.17764,1.17797,1.17797,1.17698,0.00022,LOSS,SL,-3.3,1.0,-4.3,-5.01,-3.31,-1.302,59.36,-0.000387,5.2,1.571,1.3,1.17764,0.00014,1.177346,1.177733
2025-12-26 22:55:00,2025-12-26 23:40:00,SELL,1.17745,1.17671,1.17782,1.17671,0.00025,WIN,TP,7.4,1.0,6.4,5.67,7.37,1.728,47.8,-0.000276,1.8,0.489,9.0,1.17745,0.0006,1.177459,1.177735
2025-12-29 00:40:00,2025-12-29 01:10:00,SELL,1.17661,1.17704,1.17704,1.17576,0.00028,LOSS,SL,-4.3,9.9,-14.2,-14.85,-4.25,-3.329,49.1,-0.000411,7.8,1.835,0.0,1.17704,0.0,1.177203,1.177614
2025-12-29 01:15:00,2025-12-29 02:30:00,SELL,1.17756,1.17801,1.17801,1.17666,0.0003,LOSS,SL,-4.5,1.0,-5.5,-6.2,-4.5,-1.222,56.03,-0.000416,6.2,1.377,4.4,1.17735,4e-05,1.177179,1.177596
2025-12-29 02:55:00,2025-12-29 03:15:00,SELL,1.17787,1.17829,1.17829,1.17703,0.00028,LOSS,SL,-4.2,1.0,-5.2,-5.89,-4.19,-1.239,56.82,-0.000149,4.6,1.098,0.4,1.17786,0.00022,1.177456,1.177605
2025-12-29 03:30:00,2025-12-29 03:45:00,SELL,1.1782,1.17859,1.17859,1.17742,0.00026,LOSS,SL,-3.9,1.0,-4.9,-5.61,-3.91,-1.256,59.58,-1.5e-05,4.2,1.075,0.6,1.1782,0.00023,1.177628,1.177642
2025-12-29 04:15:00,2025-12-29 04:20:00,BUY,1.1782,1.17783,1.17783,1.17895,0.00025,LOSS,SL,-3.7,1.0,-4.7,-5.44,-3.74,-1.267,54.12,0.000141,5.1,1.362,0.8,1.1782,0.00025,1.177843,1.177702
2025-12-29 04:25:00,2025-12-29 05:05:00,BUY,1.17774,1.17738,1.17738,1.17847,0.00024,LOSS,SL,-3.6,1.1,-4.7,-5.43,-3.63,-1.303,41.7,0.000137,3.7,1.02,1.1,1.17774,0.00023,1.177842,1.177705
2025-12-29 05:40:00,2025-12-29 06:00:00,BUY,1.17757,1.17726,1.17726,1.1782,0.00021,LOSS,SL,-3.1,1.0,-4.1,-4.84,-3.14,-1.319,46.06,1.7e-05,5.6,1.785,0.1,1.17757,0.00019,1.177699,1.177682
2025-12-29 08:25:00,2025-12-29 08:50:00,SELL,1.17609,1.17651,1.17651,1.17526,0.00028,LOSS,SL,-4.2,1.0,-5.2,-5.85,-4.15,-1.241,48.15,-0.000721,4.5,1.084,1.2,1.17609,0.00033,1.17658,1.177301
2025-12-29 08:55:00,2025-12-29 08:55:00,SELL,1.17645,1.17686,1.17686,1.17564,0.00027,LOSS,SL,-4.1,1.0,-5.1,-5.77,-4.07,-1.246,55.9,-0.000723,4.9,1.203,0.1,1.17644,0.00024,1.176519,1.177243
2025-12-29 09:10:00,2025-12-29 09:20:00,SELL,1.17665,1.17709,1.17709,1.17577,0.00029,LOSS,SL,-4.4,1.0,-5.4,-6.1,-4.4,-1.227,57.28,-0.000678,5.3,1.205,1.4,1.17665,0.0004,1.176552,1.17723
2025-12-29 10:05:00,2025-12-29 10:20:00,SELL,1.17731,1.17781,1.17781,1.17631,0.00033,LOSS,SL,-5.0,1.0,-6.0,-6.71,-5.01,-1.2,58.95,-0.000413,5.2,1.038,1.4,1.1773,0.00074,1.176823,1.177236
2025-12-29 11:05:00,2025-12-29 11:30:00,SELL,1.17755,1.17823,1.17823,1.1762,0.00045,LOSS,SL,-6.8,1.0,-7.8,-8.46,-6.76,-1.148,51.28,-9e-05,8.7,1.286,4.0,1.17755,0.00127,1.177211,1.177302
2025-12-29 11:45:00,2025-12-29 12:55:00,BUY,1.17786,1.17712,1.17712,1.17934,0.00049,LOSS,SL,-7.4,1.0,-8.4,-9.08,-7.38,-1.136,52.74,4.4e-05,13.5,1.83,1.5,1.17786,0.00125,1.177387,1.177342
2025-12-29 13:45:00,2025-12-29 14:25:00,SELL,1.17696,1.1757,1.17759,1.1757,0.00042,WIN,TP,12.6,1.0,11.6,10.9,12.6,1.841,49.67,-0.000152,1.5,0.238,12.7,1.17698,0.00047,1.177136,1.177288
2025-12-29 15:00:00,2025-12-29 15:15:00,SELL,1.17616,1.17674,1.17674,1.17499,0.00039,LOSS,SL,-5.8,1.0,-6.8,-7.55,-5.85,-1.171,45.74,-0.000438,6.3,1.077,1.3,1.17618,0.00034,1.176698,1.177136
2025-12-29 15:20:00,2025-12-29 15:50:00,SELL,1.17658,1.17713,1.17713,1.17548,0.00037,LOSS,SL,-5.5,1.0,-6.5,-7.22,-5.52,-1.181,52.36,-0.000434,7.9,1.432,5.4,1.17658,0.00024,1.176679,1.177114
2025-12-29 15:55:00,2025-12-29 16:25:00,SELL,1.17702,1.17758,1.17758,1.1759,0.00037,LOSS,SL,-5.6,1.0,-6.6,-7.28,-5.58,-1.179,59.7,-0.000395,7.7,1.38,3.2,1.17703,0.00053,1.176692,1.177086
2025-12-29 17:35:00,2025-12-29 17:55:00,BUY,1.17767,1.177,1.177,1.17901,0.00045,LOSS,SL,-6.7,1.0,-7.7,-8.42,-6.72,-1.149,49.36,0.000166,10.4,1.548,9.5,1.17767,0.00094,1.177405,1.177239
2025-12-29 18:00:00,2025-12-29 18:25:00,BUY,1.17677,1.1759,1.1759,1.17851,0.00058,LOSS,SL,-8.7,1.0,-9.7,-10.4,-8.7,-1.115,40.12,0.000196,10.6,1.218,0.2,1.17678,0.00119,1.177457,1.177261
2025-12-29 20:15:00,2025-12-29 21:20:00,SELL,1.17558,1.17611,1.17611,1.17452,0.00035,LOSS,SL,-5.3,1.0,-6.3,-7.0,-5.3,-1.189,45.79,-0.000679,5.6,1.056,0.4,1.17558,0.00034,1.176193,1.176872
2025-12-29 21:25:00,2025-12-29 21:40:00,SELL,1.17609,1.17646,1.17646,1.17536,0.00024,LOSS,SL,-3.7,1.0,-4.7,-5.36,-3.66,-1.273,59.83,-0.000705,3.8,1.037,0.6,1.17609,0.00021,1.176026,1.17673
2025-12-29 22:45:00,2025-12-29 22:55:00,SELL,1.17663,1.17692,1.17692,1.17604,0.0002,LOSS,SL,-2.9,1.0,-3.9,-4.64,-2.94,-1.34,59.99,-0.000402,4.2,1.43,2.1,1.17663,0.0002,1.17631,1.176712
2025-12-30 00:05:00,2025-12-30 01:10:00,SELL,1.17692,1.17723,1.17723,1.17629,0.00021,LOSS,SL,-3.1,3.7,-6.8,-7.54,-3.14,-2.178,49.18,-6e-05,4.4,1.401,4.3,1.17692,0.00022,1.176718,1.176778
2025-12-30 01:30:00,2025-12-30 06:55:00,BUY,1.17714,1.17772,1.17685,1.17772,0.00019,WIN,TP,5.8,1.0,4.8,4.15,5.85,1.658,53.09,5.9e-05,1.8,0.616,6.2,1.17714,0.00012,1.176875,1.176816
2025-12-30 07:45:00,2025-12-30 08:15:00,BUY,1.17741,1.17785,1.17719,1.17785,0.00015,WIN,TP,4.4,1.0,3.4,2.73,4.43,1.548,43.74,0.000314,1.4,0.632,5.5,1.17741,0.00023,1.177428,1.177113
2025-12-30 08:25:00,2025-12-30 09:05:00,BUY,1.17769,1.17743,1.17743,1.17822,0.00018,LOSS,SL,-2.6,1.0,-3.6,-4.33,-2.63,-1.38,54.87,0.000325,4.6,1.749,2.6,1.17769,0.00023,1.177475,1.17715
2025-12-30 09:15:00,2025-12-30 09:20:00,BUY,1.17738,1.17708,1.17708,1.17799,0.0002,LOSS,SL,-3.0,1.0,-4.0,-4.75,-3.05,-1.328,42.68,0.000335,6.8,2.231,0.6,1.17737,0.00021,1.177534,1.177199
2025-12-30 09:50:00,2025-12-30 11:00:00,BUY,1.17699,1.17657,1.17657,1.17784,0.00028,LOSS,SL,-4.2,1.0,-5.2,-5.93,-4.23,-1.236,42.55,0.000207,5.8,1.371,5.3,1.17699,0.00047,1.177389,1.177182
2025-12-30 11:05:00,2025-12-30 14:00:00,BUY,1.17683,1.17632,1.17632,1.17785,0.00034,LOSS,SL,-5.1,1.0,-6.1,-6.81,-5.11,-1.196,44.23,3.9e-05,5.2,1.017,9.5,1.17683,0.00048,1.177188,1.177148
2025-12-30 14:40:00,2025-12-30 15:00:00,SELL,1.17678,1.17592,1.17721,1.17592,0.00029,WIN,TP,8.6,1.0,7.6,6.87,8.57,1.767,48.43,-0.000123,0.0,0.0,8.8,1.17678,0.00022,1.176996,1.177119
2025-12-30 15:25:00,2025-12-30 17:15:00,SELL,1.17636,1.1754,1.17684,1.1754,0.00032,WIN,TP,9.6,1.0,8.6,7.94,9.64,1.793,47.74,-0.000311,4.2,0.871,11.2,1.17636,0.00051,1.176719,1.17703
2025-12-30 17:55:00,2025-12-30 18:20:00,SELL,1.17549,1.17617,1.17617,1.17412,0.00046,LOSS,SL,-6.8,1.0,-7.8,-8.53,-6.83,-1.146,46.11,-0.000697,8.7,1.274,0.6,1.17548,0.00087,1.176017,1.176714
2025-12-30 18:25:00,2025-12-30 20:55:00,SELL,1.17629,1.17501,1.17693,1.17501,0.00043,WIN,TP,12.8,1.0,11.8,11.13,12.83,1.844,58.51,-0.000683,3.7,0.577,14.8,1.17629,0.00029,1.17598,1.176663
2025-12-30 22:25:00,2025-12-31 03:55:00,SELL,1.17491,1.1742,1.17526,1.1742,0.00024,WIN,TP,7.1,1.0,6.1,5.39,7.09,1.718,45.03,-0.000855,0.8,0.226,7.6,1.17491,0.00021,1.175338,1.176192
2025-12-31 05:30:00,2025-12-31 06:40:00,SELL,1.17417,1.17365,1.17443,1.17365,0.00017,WIN,TP,5.2,1.0,4.2,3.46,5.16,1.612,47.91,-0.000847,1.7,0.66,5.6,1.17417,0.0002,1.174366,1.175213
2025-12-31 07:55:00,2025-12-31 09:15:00,SELL,1.17375,1.17325,1.174,1.17325,0.00017,WIN,TP,5.0,1.1,3.9,3.16,4.96,1.556,48.81,-0.000908,2.0,0.806,5.4,1.17375,0.00023,1.173953,1.174861
2025-12-31 09:40:00,2025-12-31 10:00:00,SELL,1.17349,1.17386,1.17386,1.17276,0.00024,LOSS,SL,-3.7,1.0,-4.7,-5.37,-3.67,-1.273,47.44,-0.000899,4.9,1.337,0.8,1.17349,0.0004,1.173714,1.174613
2025-12-31 10:05:00,2025-12-31 10:25:00,SELL,1.17378,1.17306,1.17414,1.17306,0.00024,WIN,TP,7.2,1.0,6.2,5.55,7.25,1.724,56.67,-0.000864,0.2,0.055,10.2,1.17378,0.00029,1.173701,1.174566
2025-12-31 11:25:00,2025-12-31 11:35:00,SELL,1.17321,1.1737,1.1737,1.17224,0.00032,LOSS,SL,-4.9,1.0,-5.9,-6.57,-4.87,-1.205,54.02,-0.001031,5.1,1.048,1.5,1.17321,0.00051,1.17328,1.174311
2025-12-31 12:00:00,2025-12-31 12:45:00,SELL,1.17349,1.174,1.174,1.17248,0.00034,LOSS,SL,-5.1,1.0,-6.1,-6.77,-5.07,-1.197,56.37,-0.000919,8.8,1.737,6.4,1.17349,0.00043,1.173339,1.174258
2025-12-31 12:55:00,2025-12-31 13:35:00,SELL,1.17386,1.17435,1.17435,1.17287,0.00033,LOSS,SL,-4.9,1.0,-5.9,-6.65,-4.95,-1.202,58.95,-0.00077,7.7,1.557,2.3,1.17386,0.00053,1.173409,1.174179
2025-12-31 15:10:00,2025-12-31 15:30:00,BUY,1.17502,1.17451,1.17451,1.17604,0.00034,LOSS,SL,-5.1,1.0,-6.1,-6.8,-5.1,-1.196,53.85,8.7e-05,5.4,1.06,7.6,1.17502,0.00064,1.174415,1.174328
2025-12-31 15:35:00,2025-12-31 16:00:00,BUY,1.17452,1.17393,1.17393,1.1757,0.00039,LOSS,SL,-5.9,1.0,-6.9,-7.58,-5.88,-1.17,42.89,0.000188,7.7,1.31,2.4,1.17452,0.00099,1.17456,1.174372
2025-12-31 17:35:00,2025-12-31 17:55:00,SELL,1.1735,1.17417,1.17417,1.17215,0.00045,LOSS,SL,-6.7,1.0,-7.7,-8.43,-6.73,-1.149,51.2,-0.000411,11.1,1.649,10.2,1.1735,0.00098,1.173749,1.17416
2025-12-31 18:25:00,2025-12-31 22:35:00,SELL,1.17407,1.17488,1.17488,1.17246,0.00054,LOSS,SL,-8.1,1.0,-9.1,-9.76,-8.06,-1.124,53.66,-0.000284,8.4,1.042,12.1,1.17407,0.00084,1.173869,1.174153
2025-12-31 23:20:00,2026-01-02 02:50:00,BUY,1.17466,1.17542,1.17428,1.17542,0.00025,WIN,TP,7.6,1.5,6.1,5.42,7.62,1.606,54.76,0.00013,2.0,0.525,8.3,1.17464,0.00013,1.174216,1.174087
2026-01-02 04:40:00,2026-01-02 05:50:00,BUY,1.1759,1.1764,1.17565,1.1764,0.00017,WIN,TP,5.0,1.0,4.0,3.28,4.98,1.599,52.8,0.000835,1.0,0.401,5.8,1.1759,0.00012,1.175517,1.174682
2026-01-02 06:15:00,2026-01-02 06:25:00,BUY,1.17607,1.17586,1.17586,1.1765,0.00014,LOSS,SL,-2.1,1.2,-3.3,-4.04,-2.14,-1.561,46.9,0.000945,2.8,1.308,0.5,1.17607,0.00027,1.17589,1.174945
2026-01-02 07:25:00,2026-01-02 07:45:00,BUY,1.17562,1.17543,1.17543,1.176,0.00013,LOSS,SL,-1.9,1.1,-3.0,-3.7,-1.9,-1.58,41.77,0.000748,3.9,2.055,1.4,1.17564,0.00012,1.175787,1.175039
2026-01-02 11:10:00,2026-01-02 11:55:00,SELL,1.17337,1.17211,1.174,1.17211,0.00042,WIN,TP,12.6,1.0,11.6,10.88,12.58,1.841,49.55,-0.000682,3.5,0.556,13.2,1.17337,0.0009,1.173941,1.174623
2026-01-02 13:00:00,2026-01-02 14:40:00,SELL,1.17209,1.17264,1.17264,1.17098,0.00037,LOSS,SL,-5.5,1.0,-6.5,-7.25,-5.55,-1.18,45.62,-0.001268,6.2,1.117,5.8,1.17209,0.00039,1.172882,1.17415
2026-01-02 14:50:00,2026-01-02 15:20:00,SELL,1.17246,1.1729,1.1729,1.17158,0.00029,LOSS,SL,-4.4,1.0,-5.4,-6.09,-4.39,-1.228,54.43,-0.00126,4.4,1.003,4.4,1.17246,0.00027,1.172502,1.173762
2026-01-02 15:30:00,2026-01-02 16:25:00,SELL,1.17216,1.17269,1.17269,1.17109,0.00036,LOSS,SL,-5.3,1.0,-6.3,-7.04,-5.34,-1.187,46.7,-0.001176,5.6,1.049,5.9,1.17216,0.00074,1.172484,1.17366
2026-01-02 16:30:00,2026-01-02 17:00:00,SELL,1.17266,1.17324,1.17324,1.1715,0.00039,LOSS,SL,-5.8,1.0,-6.8,-7.51,-5.81,-1.172,57.08,-0.001142,7.2,1.239,1.6,1.17266,0.00053,1.172341,1.173483
2026-01-02 18:40:00,2026-01-02 19:50:00,SELL,1.17417,1.17298,1.17476,1.17298,0.0004,WIN,TP,11.9,1.0,10.9,10.17,11.87,1.831,55.8,-0.000165,0.2,0.034,13.3,1.17417,0.00044,1.1734,1.173565
2026-01-02 21:55:00,2026-01-05 00:55:00,SELL,1.17207,1.17123,1.17249,1.17123,0.00028,WIN,TP,8.4,1.0,7.4,6.73,8.43,1.763,48.17,-0.000723,3.5,0.831,11.3,1.17207,0.00032,1.172489,1.173212
2026-01-05 02:25:00,2026-01-05 04:05:00,SELL,1.17093,1.16987,1.17146,1.16987,0.00035,WIN,TP,10.6,1.1,9.5,8.77,10.57,1.792,46.0,-0.001075,1.6,0.303,15.1,1.17093,0.00024,1.171431,1.172506
2026-01-05 06:50:00,2026-01-05 08:20:00,SELL,1.16823,1.16865,1.16865,1.16739,0.00028,LOSS,SL,-4.2,1.0,-5.2,-5.88,-4.18,-1.239,52.76,-0.002246,4.5,1.077,4.3,1.16823,0.00036,1.16876,1.171006
2026-01-05 09:10:00,2026-01-05 09:20:00,SELL,1.16876,1.16913,1.16913,1.16802,0.00025,LOSS,SL,-3.7,1.0,-4.7,-5.42,-3.72,-1.269,54.75,-0.001742,4.4,1.183,3.4,1.16876,0.0004,1.168664,1.170406
2026-01-05 09:30:00,2026-01-05 10:25:00,SELL,1.169,1.16943,1.16943,1.16813,0.00029,LOSS,SL,-4.3,1.0,-5.3,-6.04,-4.34,-1.23,58.04,-0.001646,4.5,1.037,7.3,1.169,0.00025,1.168702,1.170348
2026-01-05 10:35:00,2026-01-05 11:10:00,SELL,1.1689,1.1677,1.1695,1.1677,0.0004,WIN,TP,12.0,1.0,11.0,10.35,12.05,1.834,51.64,-0.0014,0.6,0.1,12.6,1.1689,0.00059,1.168764,1.170163
2026-01-05 11:25:00,2026-01-05 14:55:00,SELL,1.16856,1.16732,1.16918,1.16732,0.00041,WIN,TP,12.4,1.0,11.4,10.71,12.41,1.839,50.55,-0.00138,5.3,0.854,15.8,1.16856,0.00046,1.168605,1.169985
2026-01-05 16:00:00,2026-01-05 16:10:00,SELL,1.16745,1.16813,1.16813,1.16608,0.00046,LOSS,SL,-6.8,1.0,-7.8,-8.55,-6.85,-1.146,53.65,-0.001462,8.5,1.241,1.4,1.16743,0.00075,1.167582,1.169044
2026-01-05 16:25:00,2026-01-05 16:50:00,SELL,1.16798,1.16863,1.16863,1.16668,0.00043,LOSS,SL,-6.5,1.0,-7.5,-8.2,-6.5,-1.154,59.34,-0.001339,6.7,1.03,5.5,1.16798,0.00038,1.167653,1.168992
2026-01-05 22:50:00,2026-01-05 23:25:00,BUY,1.17254,1.17221,1.17221,1.1732,0.00022,LOSS,SL,-3.3,1.1,-4.4,-5.12,-3.32,-1.332,54.24,0.001575,4.3,1.297,0.8,1.17253,0.00031,1.171926,1.170351
2026-01-05 23:30:00,2026-01-05 23:45:00,BUY,1.17226,1.17196,1.17196,1.17285,0.0002,LOSS,SL,-3.0,1.4,-4.4,-5.07,-2.97,-1.471,42.54,0.001557,3.4,1.144,0.7,1.17225,0.00042,1.17207,1.170513
2026-01-06 00:10:00,2026-01-06 01:00:00,BUY,1.1721,1.17183,1.17183,1.17264,0.00018,LOSS,SL,-2.7,1.8,-4.5,-5.22,-2.72,-1.663,42.59,0.001439,3.1,1.141,1.4,1.1721,0.00019,1.172073,1.170634
2026-01-06 03:00:00,2026-01-06 03:10:00,BUY,1.17167,1.17138,1.17138,1.17226,0.0002,LOSS,SL,-2.9,1.0,-3.9,-4.64,-2.94,-1.34,54.64,0.000771,4.4,1.495,3.6,1.17167,0.00044,1.171699,1.170928
2026-01-06 03:15:00,2026-01-06 03:40:00,BUY,1.17133,1.17198,1.171,1.17198,0.00022,WIN,TP,6.5,1.0,5.5,4.81,6.51,1.693,43.34,0.000734,1.2,0.369,7.7,1.17133,0.00017,1.17168,1.170946
2026-01-06 06:30:00,2026-01-06 07:50:00,BUY,1.17326,1.17294,1.17294,1.17389,0.00021,LOSS,SL,-3.2,1.0,-4.2,-4.85,-3.15,-1.317,54.32,0.001213,4.1,1.3,4.3,1.17326,0.00012,1.172795,1.171582
2026-01-06 08:05:00,2026-01-06 09:00:00,BUY,1.17322,1.17385,1.17291,1.17385,0.00021,WIN,TP,6.3,1.0,5.3,4.56,6.26,1.68,48.27,0.001198,2.3,0.735,8.3,1.17322,0.00038,1.173087,1.171889
2026-01-06 09:20:00,2026-01-06 09:50:00,BUY,1.17358,1.1732,1.1732,1.17433,0.00025,LOSS,SL,-3.8,1.0,-4.8,-5.47,-3.77,-1.265,51.99,0.001191,4.8,1.272,3.4,1.17358,0.00023,1.173312,1.172122
2026-01-06 09:55:00,2026-01-06 09:55:00,BUY,1.1733,1.17283,1.17283,1.17423,0.00031,LOSS,SL,-4.7,1.0,-5.7,-6.37,-4.67,-1.214,45.07,0.001141,7.2,1.541,0.0,1.1733,0.00043,1.173355,1.172214
2026-01-06 10:10:00,2026-01-06 10:25:00,BUY,1.17329,1.17279,1.17279,1.17429,0.00033,LOSS,SL,-5.0,1.0,-6.0,-6.69,-4.99,-1.2,47.22,0.001081,5.4,1.081,5.9,1.17328,0.00053,1.173319,1.172238
2026-01-06 10:30:00,2026-01-06 11:00:00,BUY,1.17277,1.17221,1.17221,1.17389,0.00037,LOSS,SL,-5.6,1.0,-6.6,-7.28,-5.58,-1.179,40.01,0.001026,6.6,1.182,4.9,1.17277,0.00037,1.173303,1.172277
2026-01-06 11:50:00,2026-01-06 12:00:00,BUY,1.1718,1.17121,1.17121,1.17297,0.00039,LOSS,SL,-5.9,1.0,-6.9,-7.55,-5.85,-1.171,42.36,0.000411,8.3,1.418,0.3,1.1718,0.00051,1.172648,1.172237
2026-01-06 12:10:00,2026-01-06 12:15:00,BUY,1.17142,1.17082,1.17082,1.17262,0.0004,LOSS,SL,-6.0,1.0,-7.0,-7.72,-6.02,-1.166,40.25,0.000252,6.1,1.013,1.0,1.17141,0.00052,1.172453,1.172201
2026-01-06 12:20:00,2026-01-06 13:05:00,BUY,1.17133,1.17072,1.17072,1.17255,0.00041,LOSS,SL,-6.1,1.0,-7.1,-7.79,-6.09,-1.164,41.04,0.000176,6.4,1.051,3.8,1.17133,0.00054,1.172357,1.172182
2026-01-06 14:10:00,2026-01-06 14:40:00,SELL,1.17107,1.17015,1.17153,1.17015,0.00031,WIN,TP,9.2,1.0,8.2,7.5,9.2,1.783,48.79,-0.000407,1.5,0.326,11.5,1.17107,0.00028,1.171543,1.17195
2026-01-06 15:10:00,2026-01-06 15:35:00,SELL,1.17066,1.17123,1.17123,1.16952,0.00038,LOSS,SL,-5.7,1.0,-6.7,-7.42,-5.72,-1.175,48.83,-0.000652,7.0,1.224,2.9,1.17066,0.00089,1.171134,1.171786
2026-01-06 15:40:00,2026-01-06 16:05:00,SELL,1.17112,1.17167,1.17167,1.17001,0.00037,LOSS,SL,-5.5,1.0,-6.5,-7.24,-5.54,-1.18,57.69,-0.000667,6.4,1.155,6.3,1.17111,0.00055,1.171061,1.171728
2026-01-06 16:15:00,2026-01-06 16:40:00,SELL,1.17137,1.17014,1.17199,1.17014,0.00041,WIN,TP,12.3,1.0,11.3,10.65,12.35,1.838,58.82,-0.000598,0.1,0.016,14.3,1.17136,0.00037,1.171093,1.171691
2026-01-06 16:45:00,2026-01-06 17:15:00,SELL,1.17085,1.16942,1.17157,1.16942,0.00048,WIN,TP,14.3,1.0,13.3,12.62,14.32,1.86,50.59,-0.000643,5.6,0.782,15.0,1.17085,0.00103,1.170983,1.171626
2026-01-06 18:00:00,2026-01-07 10:05:00,SELL,1.16953,1.1678,1.1704,1.1678,0.00058,WIN,TP,17.3,1.0,16.3,15.61,17.31,1.884,45.1,-0.001007,7.2,0.832,18.6,1.1695,0.00091,1.170342,1.171349
2026-01-07 10:40:00,2026-01-07 12:00:00,SELL,1.1683,1.16883,1.16883,1.16724,0.00035,LOSS,SL,-5.3,1.1,-6.4,-7.12,-5.32,-1.207,46.44,-0.000587,6.5,1.222,1.9,1.16831,0.00047,1.168833,1.16942
2026-01-07 12:05:00,2026-01-07 12:20:00,SELL,1.16857,1.16912,1.16912,1.16746,0.00037,LOSS,SL,-5.5,1.1,-6.6,-7.33,-5.53,-1.199,52.31,-0.000625,6.8,1.23,0.5,1.16856,0.00063,1.168643,1.169268
2026-01-07 12:50:00,2026-01-07 16:50:00,SELL,1.1691,1.16961,1.16961,1.16808,0.00034,LOSS,SL,-5.1,1.1,-6.2,-6.91,-5.11,-1.215,59.97,-0.000478,6.2,1.214,10.0,1.16909,0.00031,1.168772,1.16925
2026-01-07 17:05:00,2026-01-07 21:15:00,SELL,1.1693,1.16793,1.16999,1.16793,0.00046,WIN,TP,13.7,1.0,12.7,12.05,13.75,1.855,55.63,-0.000164,5.6,0.815,14.5,1.1693,0.00116,1.168931,1.169095
2026-01-07 21:50:00,2026-01-07 23:25:00,SELL,1.16831,1.16754,1.16869,1.16754,0.00026,WIN,TP,7.7,1.0,6.7,5.98,7.68,1.74,45.92,-0.000309,0.7,0.182,8.2,1.1683,0.00031,1.168612,1.168921
2026-01-08 00:30:00,2026-01-08 03:35:00,SELL,1.16773,1.16731,1.16794,1.16731,0.00014,WIN,TP,4.2,2.0,2.2,1.48,4.18,1.042,48.63,-0.000629,0.6,0.287,4.6,1.16773,0.00017,1.167991,1.16862
2026-01-08 04:10:00,2026-01-08 04:35:00,SELL,1.16752,1.16771,1.16771,1.16713,0.00013,LOSS,SL,-1.9,1.1,-3.0,-3.75,-1.95,-1.565,47.52,-0.000604,3.1,1.593,2.8,1.16752,0.00014,1.167658,1.168262
2026-01-08 04:40:00,2026-01-08 04:40:00,SELL,1.16768,1.16792,1.16792,1.1672,0.00016,LOSS,SL,-2.4,1.0,-3.4,-4.12,-2.42,-1.413,56.61,-0.000595,3.3,1.362,0.1,1.16768,0.00017,1.167621,1.168217
2026-01-08 05:40:00,2026-01-08 08:00:00,SELL,1.16804,1.16827,1.16827,1.16757,0.00016,LOSS,SL,-2.3,1.0,-3.3,-4.03,-2.33,-1.429,58.93,-0.000409,2.5,1.072,3.2,1.16804,0.00016,1.167789,1.168198
2026-01-08 08:05:00,2026-01-08 08:25:00,SELL,1.16811,1.16761,1.16836,1.16761,0.00017,WIN,TP,5.0,1.0,4.0,3.3,5.0,1.6,54.76,-0.000216,0.8,0.32,6.4,1.16811,0.00018,1.167926,1.168142
2026-01-08 08:35:00,2026-01-08 10:20:00,SELL,1.16796,1.16731,1.16829,1.16731,0.00022,WIN,TP,6.5,1.0,5.5,4.84,6.54,1.694,50.16,-0.000208,3.2,0.978,7.7,1.16796,0.00047,1.16792,1.168128
2026-01-08 11:20:00,2026-01-08 12:00:00,SELL,1.16741,1.16787,1.16787,1.16649,0.00031,LOSS,SL,-4.6,1.0,-5.6,-6.28,-4.58,-1.218,48.25,-0.000355,4.7,1.026,4.4,1.1674,0.00043,1.167632,1.167987
2026-01-08 12:05:00,2026-01-08 12:10:00,SELL,1.16775,1.16817,1.16817,1.16691,0.00028,LOSS,SL,-4.2,1.0,-5.2,-5.9,-4.2,-1.238,57.88,-0.000378,4.4,1.048,0.1,1.16774,0.00022,1.167556,1.167934
2026-01-08 12:20:00,2026-01-08 15:30:00,SELL,1.16771,1.16683,1.16815,1.16683,0.00029,WIN,TP,8.8,1.0,7.8,7.08,8.78,1.772,54.77,-0.000341,3.2,0.729,10.3,1.16771,0.00037,1.167591,1.167932
2026-01-08 17:00:00,2026-01-08 17:15:00,SELL,1.16645,1.16703,1.16703,1.16529,0.00039,LOSS,SL,-5.8,1.0,-6.8,-7.52,-5.82,-1.172,49.27,-0.000717,6.3,1.082,3.9,1.16645,0.00044,1.16683,1.167546
2026-01-08 17:20:00,2026-01-08 18:10:00,SELL,1.16704,1.16588,1.16762,1.16588,0.00039,WIN,TP,11.6,1.0,10.6,9.95,11.65,1.828,58.13,-0.000707,3.3,0.567,12.7,1.16705,0.00053,1.166805,1.167511
2026-01-08 20:35:00,2026-01-08 21:00:00,SELL,1.16518,1.16431,1.16562,1.16431,0.00029,WIN,TP,8.7,1.0,7.7,7.04,8.74,1.771,49.19,-0.001245,0.0,0.0,9.3,1.16519,0.00033,1.165615,1.16686
2026-01-08 21:35:00,2026-01-08 22:00:00,SELL,1.16479,1.16514,1.16514,1.16409,0.00023,LOSS,SL,-3.5,1.0,-4.5,-5.19,-3.49,-1.287,46.84,-0.001361,4.9,1.405,2.1,1.16478,0.00024,1.165252,1.166613
2026-01-08 22:05:00,2026-01-08 23:30:00,SELL,1.16517,1.1655,1.1655,1.1645,0.00022,LOSS,SL,-3.3,1.0,-4.3,-5.03,-3.33,-1.3,57.95,-0.001333,4.8,1.44,1.7,1.16517,0.00031,1.165181,1.166514
2026-01-09 00:05:00,2026-01-09 00:10:00,SELL,1.16557,1.16592,1.16592,1.16488,0.00023,LOSS,SL,-3.5,2.9,-6.4,-7.07,-3.47,-1.836,53.48,-0.000919,4.1,1.182,0.2,1.16556,0.0004,1.165362,1.166281
2026-01-09 00:20:00,2026-01-09 01:00:00,SELL,1.16578,1.16613,1.16613,1.16508,0.00023,LOSS,SL,-3.5,1.7,-5.2,-5.9,-3.5,-1.486,57.15,-0.000856,4.3,1.228,1.0,1.16578,0.00019,1.16541,1.166266
2026-01-09 01:10:00,2026-01-09 02:35:00,SELL,1.16595,1.16538,1.16624,1.16538,0.00019,WIN,TP,5.7,1.2,4.5,3.83,5.73,1.581,56.78,-0.000665,0.4,0.14,5.8,1.16595,0.00023,1.165563,1.166228
2026-01-09 03:20:00,2026-01-09 03:40:00,SELL,1.16562,1.16503,1.16591,1.16503,0.0002,WIN,TP,5.9,1.1,4.8,4.06,5.86,1.624,53.34,-0.000527,0.0,0.0,7.8,1.16562,0.00039,1.165553,1.16608
2026-01-09 04:35:00,2026-01-09 05:00:00,SELL,1.16514,1.16546,1.16546,1.16449,0.00022,LOSS,SL,-3.2,1.0,-4.2,-4.94,-3.24,-1.309,49.93,-0.000642,3.7,1.142,2.0,1.16514,0.00017,1.165283,1.165924
2026-01-09 05:05:00,2026-01-09 05:10:00,SELL,1.16545,1.16575,1.16575,1.16484,0.0002,LOSS,SL,-3.0,1.2,-4.2,-4.93,-3.03,-1.397,58.84,-0.000601,4.2,1.388,0.1,1.16546,0.00015,1.165286,1.165887
2026-01-09 05:25:00,2026-01-09 07:35:00,SELL,1.16565,1.16505,1.16595,1.16505,0.0002,WIN,TP,6.0,1.1,4.9,4.15,5.95,1.63,59.87,-0.000529,1.6,0.538,6.6,1.16565,0.00026,1.165352,1.165881
2026-01-09 08:05:00,2026-01-09 09:00:00,SELL,1.16521,1.16468,1.16547,1.16468,0.00018,WIN,TP,5.3,1.0,4.3,3.59,5.29,1.622,46.25,-0.000408,0.5,0.189,6.7,1.16521,0.00029,1.165334,1.165742
2026-01-09 10:00:00,2026-01-09 10:35:00,SELL,1.16506,1.16414,1.16552,1.16414,0.00031,WIN,TP,9.2,1.0,8.2,7.5,9.2,1.783,58.18,-0.000598,2.4,0.522,9.5,1.16506,0.00071,1.164932,1.16553
2026-01-09 10:50:00,2026-01-09 12:20:00,SELL,1.1646,1.16368,1.16506,1.16368,0.00031,WIN,TP,9.2,1.0,8.2,7.54,9.24,1.783,50.19,-0.000652,4.1,0.888,9.3,1.1646,0.00037,1.164777,1.165429
2026-01-09 12:30:00,2026-01-09 15:30:00,SELL,1.16428,1.16471,1.16471,1.16341,0.00029,LOSS,SL,-4.3,1.0,-5.3,-6.03,-4.33,-1.231,45.7,-0.000677,12.9,2.977,17.7,1.16427,0.00038,1.164573,1.16525
2026-01-09 15:40:00,2026-01-09 15:40:00,SELL,1.16471,1.1656,1.1656,1.16292,0.0006,LOSS,SL,-8.9,1.0,-9.9,-10.64,-8.94,-1.112,56.51,-0.000543,12.0,1.342,0.0,1.16471,0.00144,1.164436,1.16498
2026-01-09 15:50:00,2026-01-09 17:05:00,SELL,1.16488,1.16297,1.16584,1.16297,0.00064,WIN,TP,19.1,1.0,18.1,17.43,19.13,1.895,55.15,-0.000485,3.7,0.387,23.6,1.16489,0.00111,1.1645,1.164986
2026-01-09 17:35:00,2026-01-09 18:00:00,SELL,1.16324,1.16421,1.16421,1.1613,0.00065,LOSS,SL,-9.7,1.0,-10.7,-11.41,-9.71,-1.103,45.82,-0.000825,10.9,1.122,0.1,1.16324,0.00085,1.163888,1.164713
2026-01-09 18:05:00,2026-01-12 02:00:00,SELL,1.16398,1.16214,1.1649,1.16214,0.00061,WIN,TP,18.4,1.0,17.4,16.69,18.39,1.891,54.99,-0.000804,2.6,0.283,18.4,1.16395,0.00053,1.163851,1.164655
2026-01-12 03:55:00,2026-01-12 07:30:00,BUY,1.16556,1.16677,1.16495,1.16677,0.0004,WIN,TP,12.1,1.0,11.1,10.42,12.12,1.835,53.93,0.000509,2.8,0.462,13.7,1.16556,0.00032,1.164664,1.164155
2026-01-12 10:25:00,2026-01-12 10:50:00,BUY,1.16783,1.16913,1.16718,1.16913,0.00043,WIN,TP,13.0,1.0,12.0,11.27,12.97,1.846,54.13,0.001559,2.5,0.385,13.4,1.16783,0.0004,1.167063,1.165504
2026-01-12 11:40:00,2026-01-12 12:15:00,BUY,1.16875,1.1681,1.1681,1.17004,0.00043,LOSS,SL,-6.5,1.0,-7.5,-8.16,-6.46,-1.155,54.4,0.001907,7.5,1.161,2.3,1.16875,0.00054,1.16787,1.165963
2026-01-12 12:20:00,2026-01-12 15:05:00,BUY,1.16802,1.16922,1.16742,1.16922,0.0004,WIN,TP,12.0,1.0,11.0,10.26,11.96,1.833,42.95,0.001851,4.6,0.769,12.4,1.16801,0.00048,1.167997,1.166146
2026-01-12 16:05:00,2026-01-12 16:25:00,BUY,1.16867,1.16801,1.16801,1.16999,0.00044,LOSS,SL,-6.6,1.0,-7.6,-8.32,-6.62,-1.151,48.38,0.001541,11.4,1.722,2.3,1.16867,0.00061,1.168551,1.16701
2026-01-12 16:40:00,2026-01-12 18:55:00,BUY,1.16785,1.1672,1.1672,1.16915,0.00043,LOSS,SL,-6.5,1.0,-7.5,-8.22,-6.52,-1.153,40.29,0.001339,7.3,1.119,7.4,1.16785,0.00043,1.168418,1.167078
2026-01-12 19:10:00,2026-01-12 19:20:00,BUY,1.16732,1.16678,1.16678,1.1684,0.00036,LOSS,SL,-5.4,1.0,-6.4,-7.11,-5.41,-1.185,41.11,0.000664,6.0,1.108,2.6,1.16733,0.00034,1.167911,1.167247
2026-01-12 19:45:00,2026-01-12 20:05:00,BUY,1.16703,1.16651,1.16651,1.16807,0.00035,LOSS,SL,-5.2,1.0,-6.2,-6.91,-5.21,-1.192,41.34,0.000444,5.3,1.018,1.0,1.16703,0.00044,1.167669,1.167225
2026-01-12 20:15:00,2026-01-12 22:55:00,BUY,1.1668,1.16632,1.16632,1.16777,0.00032,LOSS,SL,-4.8,1.0,-5.8,-6.53,-4.83,-1.207,41.79,0.000279,5.1,1.056,5.7,1.1668,0.00026,1.167478,1.167199
2026-01-12 23:40:00,2026-01-13 01:20:00,SELL,1.16679,1.16703,1.16703,1.16631,0.00016,LOSS,SL,-2.4,1.5,-3.9,-4.62,-2.42,-1.621,47.94,-0.000118,2.7,1.117,2.6,1.16679,0.00013,1.166987,1.167106
2026-01-13 01:25:00,2026-01-13 02:25:00,SELL,1.16687,1.16634,1.16713,1.16634,0.00018,WIN,TP,5.3,1.1,4.2,3.49,5.29,1.584,54.26,-0.000185,0.3,0.113,6.2,1.16687,0.00045,1.166856,1.16704
2026-01-13 04:10:00,2026-01-13 06:20:00,SELL,1.1661,1.1664,1.1664,1.1655,0.0002,LOSS,SL,-3.0,1.0,-4.0,-4.68,-2.98,-1.335,48.0,-0.000463,4.3,1.441,4.6,1.1661,0.00026,1.166354,1.166816
2026-01-13 06:45:00,2026-01-13 06:55:00,SELL,1.1662,1.16649,1.16649,1.16562,0.00019,LOSS,SL,-2.9,1.1,-4.0,-4.68,-2.88,-1.383,53.43,-0.000463,3.7,1.287,0.7,1.1662,0.00027,1.166138,1.166601
2026-01-13 07:05:00,2026-01-13 07:25:00,SELL,1.16643,1.16672,1.16672,1.16586,0.00019,LOSS,SL,-2.9,1.1,-4.0,-4.67,-2.87,-1.383,58.9,-0.000417,3.1,1.079,1.8,1.16643,0.00021,1.166176,1.166593
2026-01-13 07:40:00,2026-01-13 08:05:00,SELL,1.16645,1.16589,1.16673,1.16589,0.00019,WIN,TP,5.6,1.0,4.6,3.9,5.6,1.643,54.63,-0.000326,0.4,0.143,7.8,1.16645,0.00028,1.166262,1.166588
2026-01-13 09:00:00,2026-01-13 09:30:00,SELL,1.16587,1.1662,1.1662,1.1652,0.00022,LOSS,SL,-3.3,1.0,-4.3,-5.04,-3.34,-1.299,48.34,-0.000441,4.9,1.467,2.9,1.16587,0.00031,1.166032,1.166472
2026-01-13 09:45:00,2026-01-13 09:55:00,SELL,1.16598,1.16639,1.16639,1.16517,0.00027,LOSS,SL,-4.1,1.0,-5.1,-5.76,-4.06,-1.246,50.03,-0.000403,5.1,1.255,0.0,1.16598,0.00038,1.166031,1.166433
2026-01-13 10:00:00,2026-01-13 10:10:00,SELL,1.16641,1.16684,1.16684,1.16556,0.00028,LOSS,SL,-4.3,1.0,-5.3,-5.97,-4.27,-1.234,58.84,-0.000371,4.5,1.054,2.8,1.1664,0.00046,1.166057,1.166428
2026-01-13 10:20:00,2026-01-13 11:00:00,SELL,1.16648,1.16694,1.16694,1.16557,0.0003,LOSS,SL,-4.6,1.0,-5.6,-6.26,-4.56,-1.219,58.01,-0.000306,5.5,1.205,6.4,1.16648,0.00043,1.166126,1.166432
2026-01-13 11:10:00,2026-01-13 11:30:00,SELL,1.16653,1.16699,1.16699,1.16562,0.0003,LOSS,SL,-4.6,1.0,-5.6,-6.26,-4.56,-1.219,54.94,-0.000203,6.2,1.359,2.0,1.16654,0.00044,1.166227,1.16643
2026-01-13 11:45:00,2026-01-13 12:00:00,SELL,1.16691,1.16736,1.16736,1.166,0.0003,LOSS,SL,-4.5,1.0,-5.5,-6.24,-4.54,-1.22,59.87,-8.9e-05,5.1,1.122,0.9,1.16691,0.00028,1.166365,1.166454
2026-01-13 12:25:00,2026-01-13 14:10:00,BUY,1.16679,1.1664,1.1664,1.16757,0.00026,LOSS,SL,-3.9,1.0,-4.9,-5.6,-3.9,-1.256,51.11,5.3e-05,4.3,1.102,2.4,1.16679,0.00019,1.166553,1.1665
2026-01-13 14:15:00,2026-01-13 14:35:00,BUY,1.16658,1.16623,1.16623,1.16728,0.00023,LOSS,SL,-3.5,1.0,-4.5,-5.22,-3.52,-1.284,45.76,0.0001,4.4,1.249,2.6,1.16658,0.00033,1.16664,1.16654
2026-01-13 15:40:00,2026-01-13 16:00:00,SELL,1.16617,1.16701,1.16701,1.1645,0.00056,LOSS,SL,-8.4,1.0,-9.4,-10.05,-8.35,-1.12,51.01,-0.000178,11.6,1.389,1.7,1.16617,0.00106,1.166264,1.166442
2026-01-13 16:05:00,2026-01-13 17:15:00,SELL,1.16695,1.16527,1.16779,1.16527,0.00056,WIN,TP,16.8,1.0,15.8,15.12,16.82,1.881,58.63,-0.000121,0.5,0.059,19.6,1.16695,0.00059,1.16633,1.166451
2026-01-13 17:55:00,2026-01-13 18:10:00,SELL,1.1655,1.16403,1.16624,1.16403,0.00049,WIN,TP,14.7,1.0,13.7,13.04,14.74,1.864,47.32,-0.000382,0.0,0.0,18.0,1.1655,0.00073,1.16594,1.166321
2026-01-13 18:50:00,2026-01-13 20:45:00,SELL,1.16458,1.16526,1.16526,1.16322,0.00045,LOSS,SL,-6.8,1.0,-7.8,-8.52,-6.82,-1.147,45.48,-0.000767,7.5,1.1,4.7,1.16458,0.00037,1.165339,1.166106
2026-01-13 21:05:00,2026-01-14 02:00:00,SELL,1.16481,1.16394,1.16525,1.16394,0.00029,WIN,TP,8.7,1.0,7.7,7.03,8.73,1.771,48.81,-0.000807,3.2,0.733,9.0,1.1648,0.00055,1.164974,1.16578
2026-01-14 02:40:00,2026-01-14 03:05:00,SELL,1.16426,1.16385,1.16447,1.16385,0.00014,WIN,TP,4.1,1.2,2.9,2.21,4.11,1.416,50.72,-0.000758,0.9,0.438,5.4,1.16426,0.00017,1.164363,1.165121
2026-01-14 04:05:00,2026-01-14 04:30:00,SELL,1.1639,1.16414,1.16414,1.16341,0.00016,LOSS,SL,-2.4,1.1,-3.5,-4.25,-2.45,-1.45,46.16,-0.000802,2.5,1.022,3.0,1.1639,0.00015,1.164129,1.164931
2026-01-14 04:35:00,2026-01-14 04:45:00,SELL,1.16391,1.16416,1.16416,1.16341,0.00017,LOSS,SL,-2.5,1.2,-3.7,-4.4,-2.5,-1.479,49.55,-0.000801,3.8,1.517,0.5,1.16392,0.00025,1.164066,1.164867
2026-01-14 06:15:00,2026-01-14 07:20:00,SELL,1.16463,1.1642,1.16485,1.1642,0.00014,WIN,TP,4.3,1.2,3.1,2.42,4.32,1.445,59.36,-0.000468,0.4,0.185,4.4,1.16463,9e-05,1.164338,1.164806
2026-01-14 08:10:00,2026-01-14 08:10:00,SELL,1.16432,1.16452,1.16452,1.16392,0.00013,LOSS,SL,-2.0,1.2,-3.2,-3.91,-2.01,-1.596,49.25,-0.00038,2.4,1.192,0.0,1.16432,0.00015,1.164331,1.164711
2026-01-14 08:25:00,2026-01-14 08:55:00,SELL,1.16458,1.16479,1.16479,1.16415,0.00014,LOSS,SL,-2.1,1.1,-3.2,-3.93,-2.13,-1.518,59.91,-0.000347,4.2,1.976,1.4,1.16458,0.00015,1.164361,1.164708
2026-01-14 09:30:00,2026-01-14 10:20:00,SELL,1.16484,1.16426,1.16513,1.16426,0.00019,WIN,TP,5.8,1.0,4.8,4.09,5.79,1.655,57.53,-0.000172,2.0,0.69,6.5,1.16484,0.00037,1.164548,1.16472
2026-01-14 10:35:00,2026-01-14 11:10:00,SELL,1.16449,1.16489,1.16489,1.1637,0.00026,LOSS,SL,-4.0,1.0,-5.0,-5.66,-3.96,-1.252,46.88,-0.000143,5.0,1.261,2.7,1.16449,0.00039,1.164563,1.164706
2026-01-14 11:15:00,2026-01-14 12:25:00,SELL,1.16496,1.16538,1.16538,1.16412,0.00028,LOSS,SL,-4.2,1.0,-5.2,-5.89,-4.19,-1.239,59.24,-0.000115,5.4,1.29,3.6,1.16496,0.00039,1.164585,1.1647
2026-01-14 13:05:00,2026-01-14 13:25:00,BUY,1.16525,1.16482,1.16482,1.1661,0.00028,LOSS,SL,-4.3,1.0,-5.3,-5.96,-4.26,-1.234,52.01,0.000173,4.5,1.055,0.9,1.16525,0.00026,1.164973,1.1648
2026-01-14 13:30:00,2026-01-14 13:55:00,BUY,1.16479,1.16439,1.16439,1.16559,0.00027,LOSS,SL,-4.0,1.0,-5.0,-5.69,-3.99,-1.251,41.8,0.000166,4.2,1.053,1.4,1.1648,0.00021,1.164975,1.164809
2026-01-14 14:00:00,2026-01-14 14:55:00,BUY,1.16469,1.16557,1.16425,1.16557,0.00029,WIN,TP,8.8,1.0,7.8,7.11,8.81,1.773,41.13,0.000115,2.0,0.454,13.0,1.16469,0.00039,1.164918,1.164804
2026-01-14 15:10:00,2026-01-14 15:30:00,BUY,1.16506,1.16452,1.16452,1.16614,0.00036,LOSS,SL,-5.4,1.0,-6.4,-7.12,-5.42,-1.184,51.45,0.000112,5.8,1.069,4.1,1.16506,0.00045,1.164929,1.164817
2026-01-14 15:35:00,2026-01-14 16:20:00,BUY,1.16474,1.16584,1.16419,1.16584,0.00037,WIN,TP,11.0,1.0,10.0,9.25,10.95,1.817,46.24,9.1e-05,2.2,0.402,11.4,1.16474,0.00037,1.164909,1.164817
2026-01-14 16:40:00,2026-01-14 19:40:00,BUY,1.1653,1.16468,1.16468,1.16655,0.00042,LOSS,SL,-6.2,1.0,-7.2,-7.94,-6.24,-1.16,53.65,0.000183,7.3,1.17,8.6,1.1653,0.00033,1.165052,1.164869
2026-01-14 22:10:00,2026-01-14 22:35:00,SELL,1.16424,1.16461,1.16461,1.1635,0.00025,LOSS,SL,-3.7,1.0,-4.7,-5.42,-3.72,-1.269,54.54,-0.000401,4.7,1.265,0.9,1.16423,0.00044,1.164385,1.164786
2026-01-14 22:45:00,2026-01-15 01:15:00,SELL,1.16431,1.16466,1.16466,1.16361,0.00023,LOSS,SL,-3.5,1.0,-4.5,-5.18,-3.48,-1.287,53.13,-0.000373,3.7,1.064,4.2,1.16431,0.00042,1.164386,1.164759
2026-01-15 01:20:00,2026-01-15 02:25:00,SELL,1.16461,1.16414,1.16485,1.16414,0.00016,WIN,TP,4.7,1.1,3.6,2.95,4.75,1.537,58.09,-0.000226,0.7,0.295,4.9,1.16461,0.00011,1.164454,1.16468
2026-01-15 03:45:00,2026-01-15 08:40:00,SELL,1.16393,1.16319,1.1643,1.16319,0.00025,WIN,TP,7.4,1.1,6.3,5.6,7.4,1.703,46.49,-0.000362,2.1,0.567,9.5,1.16393,0.00028,1.164176,1.164539
2026-01-15 09:05:00,2026-01-15 09:20:00,SELL,1.16345,1.16283,1.16376,1.16283,0.00021,WIN,TP,6.2,1.0,5.2,4.47,6.17,1.676,49.63,-0.000523,0.4,0.13,7.2,1.16345,0.00036,1.163588,1.164111
2026-01-15 09:40:00,2026-01-15 10:25:00,SELL,1.16311,1.16349,1.16349,1.16235,0.00025,LOSS,SL,-3.8,1.0,-4.8,-5.48,-3.78,-1.264,45.47,-0.000587,3.8,1.005,4.3,1.16311,0.00023,1.163452,1.164039
2026-01-15 10:30:00,2026-01-15 11:45:00,SELL,1.16339,1.16378,1.16378,1.1626,0.00026,LOSS,SL,-3.9,1.0,-4.9,-5.64,-3.94,-1.254,56.45,-0.000632,4.7,1.192,4.4,1.16339,0.00027,1.163307,1.16394
2026-01-15 12:00:00,2026-01-15 12:30:00,SELL,1.16355,1.16399,1.16399,1.16266,0.0003,LOSS,SL,-4.4,1.0,-5.4,-6.14,-4.44,-1.225,54.61,-0.000486,4.8,1.082,2.7,1.16356,0.0005,1.163364,1.16385
2026-01-15 12:40:00,2026-01-15 14:45:00,SELL,1.16381,1.16296,1.16424,1.16296,0.00028,WIN,TP,8.5,1.0,7.5,6.83,8.53,1.766,57.23,-0.000374,1.3,0.305,10.6,1.16381,0.00039,1.163467,1.16384
2026-01-15 17:45:00,2026-01-15 19:25:00,SELL,1.16051,1.16116,1.16116,1.15921,0.00043,LOSS,SL,-6.5,1.0,-7.5,-8.19,-6.49,-1.154,48.33,-0.001611,7.6,1.171,6.9,1.16051,0.00054,1.161244,1.162855
2026-01-15 19:40:00,2026-01-15 21:15:00,SELL,1.16116,1.16167,1.16167,1.16014,0.00034,LOSS,SL,-5.1,1.0,-6.1,-6.8,-5.1,-1.196,57.61,-0.001458,5.7,1.118,5.1,1.16115,0.00029,1.16096,1.162418
2026-01-15 21:35:00,2026-01-15 22:25:00,SELL,1.16145,1.16075,1.1618,1.16075,0.00023,WIN,TP,7.0,1.0,6.0,5.31,7.01,1.715,54.84,-0.000995,0.9,0.257,8.7,1.16145,0.00028,1.161196,1.162192
2026-01-15 23:30:00,2026-01-15 23:55:00,SELL,1.16075,1.16105,1.16105,1.16014,0.0002,LOSS,SL,-3.0,1.3,-4.3,-5.03,-3.03,-1.429,47.08,-0.000968,3.2,1.055,1.0,1.16075,0.00017,1.160946,1.161914
2026-01-16 00:00:00,2026-01-16 04:35:00,SELL,1.16077,1.16107,1.16107,1.16016,0.0002,LOSS,SL,-3.0,2.4,-5.4,-6.13,-3.03,-1.792,47.72,-0.000928,5.1,1.683,5.5,1.16077,0.0003,1.160924,1.161852
2026-01-16 04:55:00,2026-01-16 06:30:00,SELL,1.16101,1.16129,1.16129,1.16045,0.00019,LOSS,SL,-2.8,1.1,-3.9,-4.61,-2.81,-1.391,56.16,-0.000562,3.0,1.066,3.3,1.16101,0.00024,1.160799,1.161361
2026-01-16 06:45:00,2026-01-16 07:10:00,SELL,1.16122,1.16084,1.16141,1.16084,0.00013,WIN,TP,3.8,1.0,2.8,2.08,3.78,1.471,58.79,-0.000334,0.4,0.212,4.9,1.16122,0.00012,1.160969,1.161302
2026-01-16 07:25:00,2026-01-16 08:35:00,SELL,1.16095,1.16056,1.16115,1.16056,0.00013,WIN,TP,3.9,1.2,2.7,2.02,3.92,1.387,46.18,-0.000302,1.2,0.613,4.1,1.16095,0.0002,1.160977,1.16128
2026-01-16 09:00:00,2026-01-16 09:00:00,SELL,1.16093,1.1612,1.1612,1.16039,0.00018,LOSS,SL,-2.7,1.0,-3.7,-4.38,-2.68,-1.373,55.2,-0.000339,2.9,1.08,1.3,1.16093,0.00035,1.16085,1.161189
2026-01-16 09:05:00,2026-01-16 09:10:00,SELL,1.16088,1.16116,1.16116,1.16033,0.00018,LOSS,SL,-2.8,1.0,-3.8,-4.46,-2.76,-1.362,53.12,-0.000335,5.3,1.92,0.2,1.16088,0.00042,1.160851,1.161186
2026-01-16 09:20:00,2026-01-16 09:45:00,SELL,1.16111,1.16143,1.16143,1.16046,0.00022,LOSS,SL,-3.2,1.0,-4.2,-4.93,-3.23,-1.309,57.41,-0.0003,3.5,1.083,2.2,1.16111,0.00031,1.160884,1.161184
2026-01-16 09:50:00,2026-01-16 12:30:00,SELL,1.1612,1.16159,1.16159,1.16042,0.00026,LOSS,SL,-3.9,1.0,-4.9,-5.61,-3.91,-1.256,56.74,-0.000246,4.8,1.228,4.1,1.1612,0.0004,1.160935,1.161181
2026-01-16 12:50:00,2026-01-16 13:15:00,SELL,1.16148,1.16189,1.16189,1.16065,0.00028,LOSS,SL,-4.1,1.0,-5.1,-5.84,-4.14,-1.241,57.33,-3.8e-05,6.6,1.593,2.2,1.16148,0.00022,1.161145,1.161183
2026-01-16 14:25:00,2026-01-16 14:50:00,BUY,1.16186,1.16147,1.16147,1.16264,0.00026,LOSS,SL,-3.9,1.0,-4.9,-5.59,-3.89,-1.257,52.43,0.000261,5.1,1.31,0.4,1.16187,0.00029,1.161572,1.161311
2026-01-16 14:55:00,2026-01-16 17:00:00,BUY,1.16137,1.16221,1.16095,1.16221,0.00028,WIN,TP,8.4,1.0,7.4,6.7,8.4,1.762,40.09,0.000255,2.2,0.524,9.3,1.16137,0.00035,1.161584,1.161329
2026-01-16 17:20:00,2026-01-16 17:20:00,BUY,1.16194,1.16122,1.16122,1.16337,0.00048,LOSS,SL,-7.2,1.0,-8.2,-8.86,-7.16,-1.14,52.33,0.000284,15.2,2.124,3.0,1.16193,0.00111,1.161717,1.161433
2026-01-16 18:15:00,2026-01-19 00:00:00,SELL,1.16052,1.15867,1.16144,1.15867,0.00062,WIN,TP,18.5,1.0,17.5,16.78,18.48,1.892,47.9,-0.000226,0.5,0.054,27.7,1.16053,0.0003,1.161037,1.161263
2026-01-19 01:05:00,2026-01-19 01:05:00,SELL,1.15928,1.15996,1.15996,1.15792,0.00045,LOSS,SL,-6.8,1.0,-7.8,-8.49,-6.79,-1.147,56.07,-0.001005,16.1,2.373,0.0,1.15928,0.00143,1.15924,1.160245
2026-01-19 02:10:00,2026-01-19 02:25:00,SELL,1.16108,1.16195,1.16195,1.15935,0.00058,LOSS,SL,-8.7,1.0,-9.7,-10.35,-8.65,-1.116,55.17,-0.000216,14.2,1.641,6.4,1.16108,0.00115,1.160183,1.160398
2026-01-19 04:00:00,2026-01-19 04:20:00,BUY,1.16224,1.16155,1.16155,1.16362,0.00046,LOSS,SL,-6.9,1.0,-7.9,-8.58,-6.88,-1.145,49.88,0.000787,6.9,1.003,1.4,1.16224,0.00074,1.161628,1.160841
2026-01-19 04:25:00,2026-01-19 06:25:00,BUY,1.16171,1.16297,1.16108,1.16297,0.00042,WIN,TP,12.6,1.0,11.6,10.93,12.63,1.842,41.91,0.0008,1.2,0.19,13.0,1.16171,0.00038,1.161699,1.160899
2026-01-19 07:45:00,2026-01-19 07:50:00,BUY,1.16314,1.16279,1.16279,1.16384,0.00023,LOSS,SL,-3.5,1.0,-4.5,-5.2,-3.5,-1.286,54.0,0.001155,3.8,1.086,0.5,1.16314,0.00037,1.162642,1.161487
2026-01-19 07:55:00,2026-01-19 09:05:00,BUY,1.16279,1.16347,1.16245,1.16347,0.00023,WIN,TP,6.8,1.1,5.7,4.97,6.77,1.675,43.43,0.001145,3.1,0.916,8.9,1.16278,0.00023,1.16266,1.161515
2026-01-19 09:35:00,2026-01-19 09:40:00,BUY,1.16299,1.16241,1.16241,1.16414,0.00038,LOSS,SL,-5.8,1.0,-6.8,-7.45,-5.75,-1.174,48.11,0.001105,6.2,1.077,0.3,1.16299,0.00057,1.162899,1.161794
2026-01-19 09:45:00,2026-01-19 10:10:00,BUY,1.16252,1.16196,1.16196,1.16365,0.00038,LOSS,SL,-5.6,1.0,-6.6,-7.34,-5.64,-1.177,41.9,0.001061,5.7,1.011,2.6,1.16252,0.0004,1.162869,1.161808
2026-01-19 10:20:00,2026-01-19 10:30:00,BUY,1.16246,1.16187,1.16187,1.16364,0.00039,LOSS,SL,-5.9,1.0,-6.9,-7.61,-5.91,-1.169,44.94,0.000912,6.3,1.066,2.4,1.16246,0.00049,1.162763,1.161851
2026-01-19 10:35:00,2026-01-19 11:15:00,BUY,1.16223,1.16165,1.16165,1.16339,0.00039,LOSS,SL,-5.8,1.0,-6.8,-7.52,-5.82,-1.172,43.53,0.000831,6.9,1.185,7.4,1.16223,0.0004,1.162691,1.161859
2026-01-19 11:35:00,2026-01-19 12:10:00,BUY,1.16167,1.16284,1.16108,1.16284,0.00039,WIN,TP,11.7,1.0,10.7,10.0,11.7,1.829,40.99,0.000543,0.0,0.0,11.9,1.16167,0.00029,1.162421,1.161877
2026-01-19 12:20:00,2026-01-19 13:15:00,BUY,1.16257,1.16205,1.16205,1.16362,0.00035,LOSS,SL,-5.2,1.0,-6.2,-6.95,-5.25,-1.191,53.37,0.000521,5.3,1.01,2.0,1.16257,0.00033,1.162454,1.161933
2026-01-19 13:20:00,2026-01-19 14:10:00,BUY,1.16205,1.16295,1.1616,1.16295,0.0003,WIN,TP,9.0,1.0,8.0,7.25,8.95,1.777,43.34,0.000421,0.5,0.112,9.0,1.16204,0.00026,1.162396,1.161975
2026-01-19 14:55:00,2026-01-19 15:20:00,BUY,1.16259,1.16337,1.1622,1.16337,0.00026,WIN,TP,7.8,1.0,6.8,6.11,7.81,1.744,46.67,0.0005,0.8,0.205,8.2,1.16259,0.00043,1.162611,1.162111
2026-01-19 16:00:00,2026-01-19 16:45:00,BUY,1.16318,1.16401,1.16276,1.16401,0.00028,WIN,TP,8.3,1.0,7.3,6.65,8.35,1.76,53.36,0.00062,1.6,0.383,10.0,1.16318,0.00054,1.162865,1.162246
2026-01-19 17:25:00,2026-01-19 18:25:00,BUY,1.16361,1.16452,1.16316,1.16452,0.0003,WIN,TP,9.1,1.0,8.1,7.37,9.07,1.779,51.86,0.000802,4.4,0.97,9.8,1.16361,0.00038,1.163266,1.162464
2026-01-19 19:00:00,2026-01-20 02:05:00,BUY,1.16418,1.16376,1.16376,1.16502,0.00028,LOSS,SL,-4.2,1.0,-5.2,-5.91,-4.21,-1.238,54.35,0.000977,5.3,1.26,6.9,1.16418,0.00028,1.163717,1.16274
2026-01-20 02:55:00,2026-01-20 03:00:00,BUY,1.16365,1.1642,1.16337,1.1642,0.00018,WIN,TP,5.5,1.0,4.5,3.8,5.5,1.637,42.81,0.000376,0.5,0.182,5.9,1.16369,0.00046,1.164042,1.163667
2026-01-20 03:20:00,2026-01-20 04:40:00,BUY,1.16403,1.1646,1.16374,1.1646,0.00019,WIN,TP,5.7,1.2,4.5,3.82,5.72,1.581,52.73,0.000369,1.5,0.524,5.9,1.16403,0.00019,1.164058,1.163689
2026-01-20 08:00:00,2026-01-20 09:15:00,BUY,1.1663,1.16695,1.16598,1.16695,0.00022,WIN,TP,6.5,1.1,5.4,4.68,6.48,1.66,53.34,0.001258,1.0,0.309,8.8,1.1663,0.00024,1.165736,1.164479
2026-01-20 12:20:00,2026-01-20 13:40:00,BUY,1.17172,1.1734,1.17088,1.1734,0.00056,WIN,TP,16.8,1.0,15.8,15.09,16.79,1.881,53.47,0.003512,2.0,0.238,19.9,1.17172,0.00045,1.170186,1.166674
2026-01-20 14:50:00,2026-01-20 15:20:00,BUY,1.17302,1.17238,1.17238,1.1743,0.00043,LOSS,SL,-6.4,1.0,-7.4,-8.11,-6.41,-1.156,47.65,0.00399,9.3,1.45,2.8,1.17303,0.00065,1.172338,1.168348
2026-01-20 15:45:00,2026-01-20 16:10:00,BUY,1.17355,1.17222,1.17222,1.17621,0.00089,LOSS,SL,-13.3,1.0,-14.3,-15.01,-13.31,-1.075,53.65,0.003763,14.6,1.097,10.1,1.17354,0.00131,1.172599,1.168836
2026-01-20 16:15:00,2026-01-20 21:55:00,BUY,1.17243,1.17118,1.17118,1.17493,0.00083,LOSS,SL,-12.5,1.0,-13.5,-14.18,-12.48,-1.08,43.91,0.003626,13.1,1.05,18.4,1.17242,0.00047,1.172716,1.16909
2026-01-20 22:10:00,2026-01-21 01:45:00,BUY,1.17175,1.17284,1.1712,1.17284,0.00036,WIN,TP,10.9,1.0,9.9,9.23,10.93,1.817,40.25,0.001615,5.4,0.989,11.2,1.17175,0.00067,1.172577,1.170963
2026-01-21 02:05:00,2026-01-21 02:20:00,BUY,1.17224,1.17193,1.17193,1.17286,0.00021,LOSS,SL,-3.1,1.0,-4.1,-4.81,-3.11,-1.321,45.28,0.000934,3.3,1.06,2.2,1.17224,0.00049,1.172386,1.171452
2026-01-21 02:30:00,2026-01-21 02:45:00,BUY,1.17199,1.17169,1.17169,1.1726,0.0002,LOSS,SL,-3.0,1.0,-4.0,-4.74,-3.04,-1.329,40.16,0.000858,3.5,1.151,1.1,1.17199,0.00016,1.172345,1.171487
2026-01-21 02:55:00,2026-01-21 03:05:00,BUY,1.17186,1.17255,1.17152,1.17255,0.00023,WIN,TP,6.9,1.0,5.9,5.16,6.86,1.708,40.62,0.000755,0.5,0.146,6.9,1.17186,0.00027,1.172262,1.171507
2026-01-21 03:10:00,2026-01-21 03:25:00,BUY,1.17238,1.17309,1.17203,1.17309,0.00024,WIN,TP,7.1,1.0,6.1,5.4,7.1,1.718,53.96,0.000743,1.3,0.366,8.1,1.17238,0.00018,1.172275,1.171533
2026-01-21 04:10:00,2026-01-21 05:10:00,BUY,1.17273,1.17236,1.17236,1.17348,0.00025,LOSS,SL,-3.7,1.0,-4.7,-5.44,-3.74,-1.268,51.67,0.000847,6.9,1.846,4.3,1.17273,0.00028,1.172542,1.171695
2026-01-21 06:00:00,2026-01-21 06:05:00,BUY,1.17187,1.17144,1.17144,1.17273,0.00029,LOSS,SL,-4.3,1.0,-5.3,-5.98,-4.28,-1.234,45.06,0.000467,4.5,1.052,0.8,1.17187,0.00029,1.17225,1.171783
2026-01-21 06:25:00,2026-01-21 08:40:00,BUY,1.1716,1.17241,1.1712,1.17241,0.00027,WIN,TP,8.1,1.1,7.0,6.29,8.09,1.728,41.71,0.000358,2.1,0.519,8.2,1.1716,0.00012,1.172133,1.171775
2026-01-21 09:05:00,2026-01-21 09:10:00,BUY,1.17178,1.1714,1.1714,1.17254,0.00025,LOSS,SL,-3.8,1.0,-4.8,-5.5,-3.8,-1.263,44.47,0.000182,4.1,1.08,2.4,1.17178,0.00061,1.171989,1.171807
2026-01-21 09:20:00,2026-01-21 09:30:00,BUY,1.17192,1.17146,1.17146,1.17283,0.0003,LOSS,SL,-4.6,1.0,-5.6,-6.26,-4.56,-1.219,50.15,0.00015,4.9,1.075,6.1,1.17192,0.00064,1.171953,1.171803
2026-01-21 09:35:00,2026-01-21 10:25:00,BUY,1.17151,1.17094,1.17094,1.17265,0.00038,LOSS,SL,-5.7,1.0,-6.7,-7.38,-5.68,-1.176,42.76,0.000151,8.0,1.409,4.7,1.17152,0.00093,1.171961,1.17181
2026-01-21 11:30:00,2026-01-21 12:30:00,SELL,1.17109,1.17017,1.17155,1.17017,0.00031,WIN,TP,9.2,1.0,8.2,7.47,9.17,1.782,46.63,-0.000234,0.0,0.0,9.6,1.17109,0.00029,1.171434,1.171668
2026-01-21 12:45:00,2026-01-21 13:25:00,SELL,1.17075,1.17118,1.17118,1.1699,0.00028,LOSS,SL,-4.3,1.0,-5.3,-5.96,-4.26,-1.235,48.42,-0.000454,8.9,2.09,3.7,1.17076,0.00046,1.171071,1.171525
2026-01-21 13:35:00,2026-01-21 13:35:00,SELL,1.17113,1.1716,1.1716,1.17018,0.00032,LOSS,SL,-4.7,1.0,-5.7,-6.44,-4.74,-1.211,57.93,-0.000462,5.5,1.16,0.1,1.17113,0.00021,1.170997,1.171459
2026-01-21 14:00:00,2026-01-21 14:10:00,SELL,1.17141,1.17195,1.17195,1.17033,0.00036,LOSS,SL,-5.4,1.0,-6.4,-7.1,-5.4,-1.185,56.66,-0.000358,7.7,1.427,2.1,1.17141,0.00085,1.171108,1.171466
2026-01-21 16:05:00,2026-01-21 16:10:00,BUY,1.17293,1.17212,1.17212,1.17455,0.00054,LOSS,SL,-8.1,1.0,-9.1,-9.78,-8.08,-1.124,49.94,0.000592,14.3,1.77,4.8,1.17292,0.0012,1.172412,1.17182
2026-01-21 16:15:00,2026-01-21 17:15:00,BUY,1.17245,1.17143,1.17143,1.1745,0.00068,LOSS,SL,-10.2,1.0,-11.2,-11.93,-10.23,-1.098,44.27,0.000604,13.7,1.34,5.2,1.17245,0.00191,1.172445,1.171841
2026-01-21 17:35:00,2026-01-21 17:50:00,BUY,1.17155,1.17055,1.17055,1.17354,0.00066,LOSS,SL,-10.0,1.0,-11.0,-11.67,-9.97,-1.1,42.57,0.000361,11.3,1.134,0.5,1.17155,0.00073,1.172233,1.171872
2026-01-21 18:15:00,2026-01-21 18:20:00,BUY,1.17081,1.16989,1.16989,1.17265,0.00061,LOSS,SL,-9.2,1.0,-10.2,-10.88,-9.18,-1.109,42.06,3e-05,13.6,1.481,1.2,1.17081,0.00057,1.171813,1.171783
2026-01-21 18:35:00,2026-01-21 21:25:00,SELL,1.17089,1.16893,1.17187,1.16893,0.00065,WIN,TP,19.6,1.0,18.6,17.89,19.59,1.898,46.69,-0.000137,2.5,0.255,29.0,1.17086,0.00091,1.171587,1.171724
2026-01-21 22:00:00,2026-01-22 01:30:00,SELL,1.16913,1.16741,1.16999,1.16741,0.00057,WIN,TP,17.2,1.0,16.2,15.47,17.17,1.884,46.5,-0.001121,0.7,0.082,21.6,1.16913,0.00072,1.169947,1.171068
2026-01-22 02:10:00,2026-01-22 02:30:00,SELL,1.16781,1.16821,1.16821,1.16702,0.00026,LOSS,SL,-4.0,1.0,-5.0,-5.67,-3.97,-1.252,46.09,-0.001611,5.1,1.285,1.9,1.16781,0.0004,1.168342,1.169953
2026-01-22 02:35:00,2026-01-22 02:40:00,SELL,1.16826,1.1687,1.1687,1.16738,0.00029,LOSS,SL,-4.4,1.0,-5.4,-6.09,-4.39,-1.228,57.29,-0.001592,4.8,1.093,2.3,1.16826,0.00055,1.16826,1.169852
2026-01-22 03:05:00,2026-01-22 03:45:00,SELL,1.16834,1.16877,1.16877,1.16747,0.00029,LOSS,SL,-4.3,1.0,-5.3,-6.03,-4.33,-1.231,54.04,-0.00145,5.7,1.316,2.3,1.16834,0.0004,1.168329,1.169778
2026-01-22 04:25:00,2026-01-22 05:55:00,SELL,1.16851,1.16891,1.16891,1.16772,0.00026,LOSS,SL,-4.0,1.1,-5.1,-5.77,-3.97,-1.277,48.06,-0.0011,5.1,1.284,2.0,1.16851,0.00057,1.168519,1.169619
2026-01-22 06:00:00,2026-01-22 06:05:00,SELL,1.16888,1.16918,1.16918,1.16828,0.0002,LOSS,SL,-3.0,1.0,-4.0,-4.7,-3.0,-1.333,59.96,-0.00086,5.8,1.931,0.1,1.16888,0.00018,1.168588,1.169448
2026-01-22 06:40:00,2026-01-22 07:45:00,SELL,1.16914,1.16852,1.16945,1.16852,0.00021,WIN,TP,6.2,1.1,5.1,4.38,6.18,1.644,55.97,-0.000645,1.0,0.324,7.2,1.16914,0.00024,1.168795,1.16944
2026-01-22 08:00:00,2026-01-22 08:30:00,SELL,1.16881,1.1691,1.1691,1.16823,0.00019,LOSS,SL,-2.9,1.0,-3.9,-4.59,-2.89,-1.346,47.22,-0.000524,3.6,1.246,3.3,1.16881,0.00028,1.168837,1.169361
2026-01-22 08:35:00,2026-01-22 08:55:00,SELL,1.16909,1.16841,1.16943,1.16841,0.00023,WIN,TP,6.8,1.0,5.8,5.06,6.76,1.704,56.72,-0.00048,0.0,0.0,6.8,1.16909,0.0002,1.168849,1.169329
2026-01-22 09:00:00,2026-01-22 09:40:00,SELL,1.16884,1.16923,1.16923,1.16807,0.00026,LOSS,SL,-3.9,1.0,-4.9,-5.57,-3.87,-1.258,50.17,-0.000475,4.4,1.137,3.7,1.16884,0.00054,1.168824,1.169299
2026-01-22 09:45:00,2026-01-22 09:50:00,SELL,1.16898,1.16944,1.16944,1.16806,0.00031,LOSS,SL,-4.6,1.0,-5.6,-6.31,-4.61,-1.217,53.94,-0.000431,6.1,1.325,0.3,1.16899,0.00044,1.168827,1.169258
2026-01-22 10:00:00,2026-01-22 11:20:00,SELL,1.16904,1.16953,1.16953,1.16806,0.00033,LOSS,SL,-4.9,1.0,-5.9,-6.58,-4.88,-1.205,52.39,-0.000381,7.0,1.433,6.5,1.16904,0.0005,1.168877,1.169258
2026-01-22 11:30:00,2026-01-22 13:10:00,SELL,1.16928,1.16982,1.16982,1.1682,0.00036,LOSS,SL,-5.4,1.0,-6.4,-7.09,-5.39,-1.185,55.95,-0.000278,5.8,1.075,6.3,1.16928,0.0004,1.168931,1.169209
2026-01-22 13:15:00,2026-01-22 13:30:00,SELL,1.1694,1.16994,1.16994,1.16831,0.00036,LOSS,SL,-5.4,1.0,-6.4,-7.14,-5.44,-1.184,54.43,-0.000122,7.8,1.434,3.7,1.16941,0.00046,1.169084,1.169206
2026-01-22 14:55:00,2026-01-22 15:10:00,BUY,1.1701,1.17105,1.16962,1.17105,0.00032,WIN,TP,9.5,1.0,8.5,7.85,9.55,1.791,51.64,0.000339,0.0,0.0,10.6,1.1701,0.00036,1.169729,1.16939
2026-01-22 16:25:00,2026-01-22 16:35:00,BUY,1.1712,1.17252,1.17054,1.17252,0.00044,WIN,TP,13.2,1.0,12.2,11.47,13.17,1.848,54.54,0.00083,0.6,0.091,13.5,1.1712,0.00058,1.170527,1.169697
2026-01-22 19:10:00,2026-01-22 22:40:00,BUY,1.1735,1.17499,1.17275,1.17499,0.0005,WIN,TP,14.9,1.0,13.9,13.22,14.92,1.866,50.67,0.002005,1.0,0.134,15.9,1.1735,0.00138,1.172711,1.170706
2026-01-22 23:05:00,2026-01-22 23:25:00,BUY,1.17476,1.17542,1.17443,1.17542,0.00022,WIN,TP,6.6,1.5,5.1,4.36,6.56,1.543,53.82,0.002177,0.5,0.152,7.0,1.17476,0.00023,1.174331,1.172154
2026-01-23 00:05:00,2026-01-23 01:00:00,BUY,1.17504,1.17572,1.1747,1.17572,0.00023,WIN,TP,6.8,2.3,4.5,3.8,6.8,1.323,52.34,0.002181,0.0,0.0,7.7,1.17508,0.00057,1.174685,1.172504
2026-01-23 01:35:00,2026-01-23 02:00:00,BUY,1.17546,1.17521,1.17521,1.17595,0.00016,LOSS,SL,-2.5,1.2,-3.7,-4.37,-2.47,-1.485,51.22,0.00213,3.8,1.536,0.6,1.17546,0.00022,1.175134,1.173004
2026-01-23 02:30:00,2026-01-23 02:50:00,BUY,1.17511,1.17485,1.17485,1.17564,0.00018,LOSS,SL,-2.6,1.0,-3.6,-4.33,-2.63,-1.38,43.24,0.001913,2.9,1.102,1.1,1.17511,0.00017,1.175143,1.173231
2026-01-23 03:20:00,2026-01-23 04:00:00,BUY,1.17505,1.17474,1.17474,1.17567,0.00021,LOSS,SL,-3.1,1.1,-4.2,-4.91,-3.11,-1.354,49.35,0.001669,4.2,1.351,2.8,1.17505,0.00059,1.175057,1.173388
2026-01-23 04:15:00,2026-01-23 04:40:00,BUY,1.17483,1.17452,1.17452,1.17545,0.00021,LOSS,SL,-3.1,1.0,-4.1,-4.81,-3.11,-1.321,43.91,0.001467,4.6,1.478,1.4,1.17483,0.00024,1.175018,1.173552
2026-01-23 05:05:00,2026-01-23 07:15:00,BUY,1.17461,1.17525,1.17429,1.17525,0.00021,WIN,TP,6.4,1.0,5.4,4.72,6.42,1.688,41.3,0.001236,3.2,0.997,6.7,1.17461,0.00019,1.174892,1.173656
2026-01-23 07:55:00,2026-01-23 08:10:00,BUY,1.17502,1.17477,1.17477,1.17552,0.00017,LOSS,SL,-2.5,1.0,-3.5,-4.2,-2.5,-1.4,53.97,0.000883,3.6,1.439,2.5,1.17502,0.0002,1.174861,1.173977
2026-01-23 08:15:00,2026-01-23 08:25:00,BUY,1.17475,1.17446,1.17446,1.17533,0.00019,LOSS,SL,-2.9,1.0,-3.9,-4.58,-2.88,-1.347,43.43,0.000861,4.1,1.425,0.1,1.17475,0.00031,1.174878,1.174017
2026-01-23 08:35:00,2026-01-23 08:45:00,BUY,1.17474,1.17441,1.17441,1.17541,0.00022,LOSS,SL,-3.3,1.0,-4.3,-5.04,-3.34,-1.299,47.28,0.000797,5.2,1.555,0.6,1.17474,0.00042,1.174836,1.17404
2026-01-23 09:45:00,2026-01-23 09:50:00,BUY,1.1743,1.17378,1.17378,1.17534,0.00035,LOSS,SL,-5.2,1.0,-6.2,-6.91,-5.21,-1.192,49.35,0.00046,5.9,1.133,4.2,1.1743,0.00097,1.174506,1.174046
2026-01-23 09:55:00,2026-01-23 09:55:00,BUY,1.17416,1.17359,1.17359,1.1753,0.00038,LOSS,SL,-5.7,1.0,-6.7,-7.39,-5.69,-1.176,47.16,0.000424,6.5,1.141,0.2,1.17416,0.00049,1.174471,1.174046
2026-01-23 10:35:00,2026-01-23 12:10:00,BUY,1.17377,1.17316,1.17316,1.17498,0.0004,LOSS,SL,-6.1,1.0,-7.1,-7.75,-6.05,-1.165,48.12,0.000175,6.5,1.074,7.4,1.17376,0.00065,1.17417,1.173995
2026-01-23 12:50:00,2026-01-23 13:45:00,SELL,1.1734,1.17389,1.17389,1.17242,0.00033,LOSS,SL,-4.9,1.0,-5.9,-6.59,-4.89,-1.204,45.52,-0.00012,6.4,1.308,3.4,1.17338,0.00036,1.173805,1.173925
2026-01-23 13:50:00,2026-01-23 14:45:00,SELL,1.17391,1.17438,1.17438,1.17297,0.00031,LOSS,SL,-4.7,1.0,-5.7,-6.42,-4.72,-1.212,58.07,-0.000154,5.1,1.079,3.8,1.17391,0.00037,1.173735,1.173888
2026-01-23 15:00:00,2026-01-23 15:15:00,SELL,1.17424,1.17467,1.17467,1.17339,0.00028,LOSS,SL,-4.3,1.0,-5.3,-5.95,-4.25,-1.235,59.15,-5e-05,4.8,1.128,1.6,1.17423,0.00024,1.17385,1.1739
2026-01-23 15:25:00,2026-01-23 15:45:00,BUY,1.17421,1.17376,1.17376,1.1751,0.0003,LOSS,SL,-4.5,1.0,-5.5,-6.15,-4.45,-1.225,54.32,1.7e-05,6.1,1.37,2.2,1.17421,0.00045,1.173939,1.173922
2026-01-23 15:50:00,2026-01-23 16:45:00,BUY,1.17363,1.17462,1.17313,1.17462,0.00033,WIN,TP,9.9,1.0,8.9,8.25,9.95,1.799,42.01,3e-05,4.5,0.905,10.5,1.17363,0.00058,1.173959,1.173928
2026-01-23 18:15:00,2026-01-23 18:20:00,BUY,1.17469,1.17604,1.17402,1.17604,0.00045,WIN,TP,13.5,1.0,12.5,11.76,13.46,1.851,47.45,0.000435,0.6,0.089,13.5,1.17469,0.00083,1.174554,1.174119
2026-01-23 20:15:00,2026-01-23 21:05:00,BUY,1.17781,1.17969,1.17687,1.17969,0.00063,WIN,TP,18.8,1.0,17.8,17.11,18.81,1.894,51.06,0.001817,0.9,0.096,19.5,1.17781,0.00076,1.176744,1.174927
2026-01-26 01:30:00,2026-01-26 02:00:00,BUY,1.18649,1.18514,1.18514,1.18919,0.0009,LOSS,SL,-13.5,1.0,-14.5,-15.18,-13.48,-1.074,53.18,0.005326,20.7,1.536,3.3,1.18649,0.00119,1.184146,1.17882
2026-01-26 02:05:00,2026-01-26 09:55:00,BUY,1.1853,1.18398,1.18398,1.18793,0.00088,LOSS,SL,-13.2,1.0,-14.2,-14.85,-13.15,-1.076,45.21,0.005292,16.6,1.262,23.3,1.18529,0.00159,1.184599,1.179306
2026-01-26 10:30:00,2026-01-26 11:40:00,BUY,1.18471,1.1865,1.18381,1.1865,0.0006,WIN,TP,17.9,1.0,16.9,16.22,17.92,1.888,45.95,0.001945,5.2,0.58,20.3,1.18471,0.00071,1.185386,1.183441
2026-01-26 12:10:00,2026-01-26 13:25:00,BUY,1.18588,1.18508,1.18508,1.18748,0.00053,LOSS,SL,-8.0,1.0,-9.0,-9.72,-8.02,-1.125,53.02,0.001731,9.8,1.223,5.9,1.18588,0.0003,1.185573,1.183842
2026-01-26 13:30:00,2026-01-26 14:45:00,BUY,1.18517,1.18447,1.18447,1.18656,0.00046,LOSS,SL,-7.0,1.0,-8.0,-8.66,-6.96,-1.144,42.08,0.001509,8.3,1.193,6.2,1.18517,0.00033,1.18563,1.184121
2026-01-26 15:25:00,2026-01-26 15:50:00,BUY,1.18446,1.18565,1.18387,1.18565,0.0004,WIN,TP,11.9,1.0,10.9,10.18,11.88,1.832,44.67,0.000801,0.5,0.084,11.9,1.18446,0.00047,1.185062,1.184261
2026-01-26 18:20:00,2026-01-26 21:00:00,BUY,1.18827,1.18737,1.18737,1.19006,0.0006,LOSS,SL,-9.0,1.0,-10.0,-10.66,-8.96,-1.112,53.93,0.001914,9.8,1.094,8.7,1.18827,0.00082,1.187078,1.185163
2026-01-26 21:45:00,2026-01-27 04:25:00,BUY,1.18751,1.18865,1.18694,1.18865,0.00038,WIN,TP,11.4,1.0,10.4,9.69,11.39,1.824,44.05,0.001637,3.8,0.667,13.6,1.18752,0.00053,1.187779,1.186142
2026-01-27 05:05:00,2026-01-27 05:45:00,BUY,1.18872,1.18823,1.18823,1.1897,0.00033,LOSS,SL,-4.9,1.0,-5.9,-6.58,-4.88,-1.205,54.36,0.000984,6.4,1.312,1.7,1.18872,0.00062,1.18821,1.187227
2026-01-27 05:50:00,2026-01-27 06:15:00,BUY,1.18811,1.18765,1.18765,1.18904,0.00031,LOSS,SL,-4.6,1.0,-5.6,-6.34,-4.64,-1.216,42.15,0.000963,6.4,1.38,2.0,1.18811,0.00044,1.188301,1.187338
2026-01-27 07:10:00,2026-01-27 09:05:00,BUY,1.1874,1.18701,1.18701,1.18818,0.00026,LOSS,SL,-3.9,1.0,-4.9,-5.61,-3.91,-1.256,41.38,0.000546,4.7,1.202,7.3,1.18741,0.00017,1.187908,1.187363
2026-01-27 09:15:00,2026-01-27 09:55:00,BUY,1.18725,1.18678,1.18678,1.18819,0.00031,LOSS,SL,-4.7,1.0,-5.7,-6.39,-4.69,-1.213,44.17,0.000263,11.7,2.497,3.0,1.18725,0.0004,1.187664,1.187402
2026-01-27 11:05:00,2026-01-27 11:15:00,SELL,1.18616,1.18677,1.18677,1.18494,0.00041,LOSS,SL,-6.1,1.0,-7.1,-7.82,-6.12,-1.163,46.75,-0.000391,7.1,1.159,0.3,1.18616,0.00029,1.186791,1.187183
2026-01-27 11:20:00,2026-01-27 11:50:00,SELL,1.18675,1.18733,1.18733,1.18558,0.00039,LOSS,SL,-5.8,1.0,-6.8,-7.54,-5.84,-1.171,56.48,-0.0004,21.9,3.751,3.0,1.18675,0.0004,1.186764,1.187164
2026-01-27 12:05:00,2026-01-27 12:40:00,SELL,1.18775,1.1886,1.1886,1.18604,0.00057,LOSS,SL,-8.5,1.0,-9.5,-10.23,-8.53,-1.117,58.49,-0.000208,9.4,1.102,3.5,1.18775,0.00144,1.186979,1.187187
2026-01-27 15:55:00,2026-01-27 16:30:00,BUY,1.19201,1.19416,1.19093,1.19416,0.00072,WIN,TP,21.5,1.0,20.5,19.83,21.53,1.907,53.76,0.002129,1.8,0.167,27.4,1.19201,0.00096,1.190562,1.188433
2026-01-27 18:00:00,2026-01-27 18:30:00,BUY,1.19506,1.19765,1.19376,1.19765,0.00086,WIN,TP,25.9,1.0,24.9,24.21,25.91,1.923,54.4,0.0035,1.1,0.085,29.5,1.19506,0.00082,1.193321,1.189821
2026-01-27 19:20:00,2026-01-27 22:20:00,BUY,1.19655,1.1989,1.19538,1.1989,0.00078,WIN,TP,23.5,1.0,22.5,21.8,23.5,1.915,49.7,0.004325,6.9,0.587,25.2,1.19655,0.00097,1.195267,1.190941
2026-01-27 22:40:00,2026-01-27 22:40:00,BUY,1.19814,1.19728,1.19728,1.19985,0.00057,LOSS,SL,-8.6,1.0,-9.6,-10.26,-8.56,-1.117,52.56,0.004169,9.6,1.122,5.6,1.19814,0.00063,1.197365,1.193196
2026-01-28 01:05:00,2026-01-28 01:20:00,BUY,1.20337,1.20232,1.20232,1.20546,0.0007,LOSS,SL,-10.5,1.0,-11.5,-12.16,-10.46,-1.096,51.76,0.005944,11.2,1.071,1.3,1.20337,0.00122,1.201806,1.195862
2026-01-28 01:25:00,2026-01-28 02:00:00,BUY,1.20254,1.20152,1.20152,1.20459,0.00068,LOSS,SL,-10.2,1.0,-11.2,-11.93,-10.23,-1.098,44.37,0.005818,14.1,1.378,3.0,1.20254,0.00054,1.201951,1.196134
2026-01-28 02:20:00,2026-01-28 03:05:00,BUY,1.20179,1.20082,1.20082,1.20372,0.00064,LOSS,SL,-9.7,1.0,-10.7,-11.36,-9.66,-1.104,43.2,0.005196,11.1,1.149,5.5,1.20179,0.0007,1.201933,1.196737
2026-01-28 03:50:00,2026-01-28 03:55:00,BUY,1.20032,1.19944,1.19944,1.20208,0.00059,LOSS,SL,-8.8,1.0,-9.8,-10.51,-8.81,-1.113,40.61,0.003909,10.7,1.214,2.1,1.20032,0.00045,1.201324,1.197415
2026-01-28 04:35:00,2026-01-28 07:00:00,BUY,1.19956,1.19878,1.19878,1.20112,0.00052,LOSS,SL,-7.8,1.0,-8.8,-9.52,-7.82,-1.128,42.03,0.003151,20.8,2.659,9.2,1.19956,0.00034,1.200735,1.197584
2026-01-28 07:20:00,2026-01-28 08:30:00,BUY,1.19874,1.20039,1.19792,1.20039,0.00055,WIN,TP,16.5,1.0,15.5,14.78,16.48,1.879,42.41,0.001641,2.6,0.316,19.5,1.19874,0.00058,1.199767,1.198126
2026-01-28 08:40:00,2026-01-28 09:10:00,BUY,1.19967,1.20126,1.19888,1.20126,0.00053,WIN,TP,15.9,1.0,14.9,14.16,15.86,1.874,51.73,0.001331,6.7,0.845,24.7,1.19967,0.00074,1.199657,1.198327
2026-01-28 09:30:00,2026-01-28 09:30:00,BUY,1.20033,1.19919,1.19919,1.20262,0.00076,LOSS,SL,-11.4,1.0,-12.4,-13.14,-11.44,-1.087,53.09,0.001357,11.9,1.041,0.1,1.20032,0.00099,1.199865,1.198508
2026-01-28 09:35:00,2026-01-28 10:45:00,BUY,1.19934,1.19821,1.19821,1.2016,0.00075,LOSS,SL,-11.3,1.0,-12.3,-13.0,-11.3,-1.088,45.42,0.001328,22.3,1.973,11.3,1.19933,0.0012,1.199844,1.198516
2026-01-28 11:05:00,2026-01-28 12:25:00,BUY,1.19848,1.19728,1.19728,1.20088,0.0008,LOSS,SL,-12.0,1.0,-13.0,-13.69,-11.99,-1.083,44.31,0.000786,12.4,1.034,7.9,1.19849,0.00056,1.199381,1.198595
2026-01-28 12:35:00,2026-01-28 13:15:00,BUY,1.19806,1.19701,1.19701,1.20016,0.0007,LOSS,SL,-10.5,1.0,-11.5,-12.19,-10.49,-1.095,46.01,0.00026,14.3,1.364,14.2,1.19806,0.00082,1.198801,1.198541
2026-01-28 13:25:00,2026-01-28 15:20:00,BUY,1.19718,1.19616,1.19616,1.19922,0.00068,LOSS,SL,-10.2,1.0,-11.2,-11.91,-10.21,-1.098,41.04,3.9e-05,14.4,1.411,11.5,1.19718,0.00068,1.198534,1.198494
2026-01-28 16:15:00,2026-01-28 16:35:00,SELL,1.19638,1.19736,1.19736,1.19443,0.00065,LOSS,SL,-9.8,1.0,-10.8,-11.46,-9.76,-1.102,47.15,-0.00085,10.9,1.117,3.7,1.19637,0.00071,1.19717,1.19802
2026-01-28 16:40:00,2026-01-28 16:55:00,SELL,1.19744,1.19556,1.19838,1.19556,0.00063,WIN,TP,18.8,1.0,17.8,17.07,18.77,1.893,58.11,-0.000862,3.1,0.33,19.2,1.19744,0.00079,1.197095,1.197958
2026-01-28 17:00:00,2026-01-28 17:05:00,SELL,1.19625,1.19412,1.19732,1.19412,0.00071,WIN,TP,21.3,1.0,20.3,19.64,21.34,1.906,45.17,-0.000859,7.6,0.712,39.3,1.19625,0.00079,1.197055,1.197914
2026-01-28 17:45:00,2026-01-28 18:30:00,SELL,1.19571,1.19247,1.19733,1.19247,0.00108,WIN,TP,32.4,1.0,31.4,30.7,32.4,1.938,49.7,-0.001289,0.7,0.043,38.3,1.19571,0.00095,1.196349,1.197638
2026-01-28 19:00:00,2026-01-28 21:00:00,SELL,1.19403,1.19121,1.19544,1.19121,0.00094,WIN,TP,28.2,1.0,27.2,26.52,28.22,1.929,47.83,-0.001946,2.9,0.206,44.7,1.19404,0.00069,1.195147,1.197093
2026-01-28 21:40:00,2026-01-28 21:55:00,SELL,1.1926,1.19404,1.19404,1.18971,0.00096,LOSS,SL,-14.4,1.0,-15.4,-16.14,-14.44,-1.069,52.1,-0.00272,15.8,1.094,11.3,1.1926,0.00116,1.193146,1.195866
2026-01-28 22:10:00,2026-01-28 23:55:00,SELL,1.19385,1.19536,1.19536,1.19082,0.00101,LOSS,SL,-15.1,1.0,-16.1,-16.84,-15.14,-1.066,57.32,-0.002504,15.8,1.043,9.1,1.19385,0.00121,1.193222,1.195726
2026-01-29 01:10:00,2026-01-29 01:10:00,SELL,1.19535,1.19581,1.19581,1.19443,0.00031,LOSS,SL,-4.6,1.0,-5.6,-6.3,-4.6,-1.218,56.88,-0.000817,5.6,1.218,0.1,1.19535,0.0004,1.19469,1.195506
2026-01-29 02:05:00,2026-01-29 02:15:00,SELL,1.1971,1.19795,1.19795,1.1954,0.00057,LOSS,SL,-8.5,1.0,-9.5,-10.18,-8.48,-1.118,59.66,-0.000139,9.8,1.156,2.2,1.1971,0.00109,1.195523,1.195662
2026-01-29 02:50:00,2026-01-29 03:00:00,BUY,1.19736,1.19664,1.19664,1.1988,0.00048,LOSS,SL,-7.2,1.0,-8.2,-8.92,-7.22,-1.138,54.94,0.000362,8.7,1.205,2.2,1.19736,0.00021,1.196207,1.195845
2026-01-29 03:05:00,2026-01-29 03:25:00,BUY,1.19651,1.19578,1.19578,1.19797,0.00049,LOSS,SL,-7.3,1.0,-8.3,-9.01,-7.31,-1.137,44.32,0.000426,8.5,1.162,4.3,1.19651,0.00085,1.196308,1.195883
2026-01-29 03:35:00,2026-01-29 04:05:00,BUY,1.19633,1.19562,1.19562,1.19776,0.00048,LOSS,SL,-7.1,1.0,-8.1,-8.85,-7.15,-1.14,44.05,0.00039,10.3,1.441,1.9,1.19633,0.0004,1.196294,1.195904
2026-01-29 04:15:00,2026-01-29 04:40:00,BUY,1.19599,1.19731,1.19533,1.19731,0.00044,WIN,TP,13.2,1.0,12.2,11.54,13.24,1.849,42.77,0.000316,1.5,0.227,13.5,1.19599,0.00031,1.196233,1.195917
2026-01-29 06:45:00,2026-01-29 08:10:00,BUY,1.19824,1.19761,1.19761,1.19949,0.00042,LOSS,SL,-6.3,1.0,-7.3,-7.97,-6.27,-1.159,54.59,0.001052,7.2,1.148,11.0,1.19823,0.00023,1.197468,1.196416
2026-01-29 08:15:00,2026-01-29 09:00:00,BUY,1.19784,1.19903,1.19724,1.19903,0.0004,WIN,TP,11.9,1.0,10.9,10.25,11.95,1.833,40.89,0.001219,0.5,0.084,17.9,1.19784,0.00044,1.197983,1.196764
2026-01-29 09:10:00,2026-01-29 09:30:00,BUY,1.19867,1.19803,1.19803,1.19994,0.00042,LOSS,SL,-6.4,1.0,-7.4,-8.05,-6.35,-1.157,52.89,0.001256,13.6,2.141,2.5,1.19867,0.00072,1.198213,1.196957
2026-01-29 10:10:00,2026-01-29 10:15:00,BUY,1.19808,1.19731,1.19731,1.19961,0.00051,LOSS,SL,-7.7,1.0,-8.7,-9.36,-7.66,-1.131,50.98,0.000979,8.8,1.149,4.9,1.19808,0.00072,1.198028,1.197048
2026-01-29 10:20:00,2026-01-29 10:35:00,BUY,1.19735,1.19651,1.19651,1.19903,0.00056,LOSS,SL,-8.4,1.0,-9.4,-10.11,-8.41,-1.119,40.93,0.000942,9.5,1.13,8.2,1.19734,0.00091,1.198004,1.197062
2026-01-29 11:00:00,2026-01-29 11:45:00,BUY,1.19683,1.19592,1.19592,1.19864,0.0006,LOSS,SL,-9.1,1.0,-10.1,-10.77,-9.07,-1.11,41.36,0.000665,10.6,1.168,5.7,1.19684,0.00074,1.197722,1.197057
2026-01-29 13:25:00,2026-01-29 14:55:00,SELL,1.19516,1.19597,1.19597,1.19354,0.00054,LOSS,SL,-8.1,1.0,-9.1,-9.79,-8.09,-1.124,46.75,-0.000602,10.7,1.322,9.6,1.19516,0.00082,1.196062,1.196664
2026-01-29 15:35:00,2026-01-29 15:45:00,SELL,1.19607,1.19444,1.19689,1.19444,0.00054,WIN,TP,16.3,1.0,15.3,14.62,16.32,1.877,55.62,-0.000643,7.7,0.944,19.4,1.19607,0.00102,1.195733,1.196376
2026-01-29 15:55:00,2026-01-29 16:10:00,SELL,1.19517,1.19634,1.19634,1.19283,0.00078,LOSS,SL,-11.7,1.0,-12.7,-13.41,-11.71,-1.085,46.64,-0.000657,13.1,1.118,2.4,1.19517,0.00189,1.195681,1.196338
2026-01-29 16:15:00,2026-01-29 17:15:00,SELL,1.19646,1.19425,1.19756,1.19425,0.00074,WIN,TP,22.1,1.0,21.1,20.38,22.08,1.909,56.67,-0.000606,7.8,0.706,47.2,1.19648,0.00062,1.195714,1.196321
2026-01-29 18:05:00,2026-01-29 18:50:00,SELL,1.19348,1.19518,1.19518,1.19008,0.00113,LOSS,SL,-17.0,1.0,-18.0,-18.69,-16.99,-1.059,46.31,-0.001188,18.0,1.059,6.6,1.19348,0.0008,1.19475,1.195938
2026-01-29 18:55:00,2026-01-29 20:35:00,SELL,1.19472,1.19616,1.19616,1.19183,0.00096,LOSS,SL,-14.4,1.0,-15.4,-16.14,-14.44,-1.069,55.18,-0.001269,16.2,1.122,4.7,1.19472,0.00089,1.194471,1.19574
2026-01-29 20:45:00,2026-01-29 23:40:00,SELL,1.19615,1.19712,1.19712,1.19422,0.00064,LOSS,SL,-9.7,1.0,-10.7,-11.37,-9.67,-1.103,59.23,-0.000596,9.7,1.003,15.8,1.19615,0.00057,1.195092,1.195689
2026-01-30 00:15:00,2026-01-30 02:15:00,BUY,1.19661,1.19608,1.19608,1.19766,0.00035,LOSS,SL,-5.3,2.1,-7.4,-8.06,-5.26,-1.399,53.92,0.000255,8.1,1.54,8.3,1.19661,0.00026,1.1961,1.195845
2026-01-30 04:50:00,2026-01-30 06:05:00,SELL,1.19189,1.19328,1.19328,1.1891,0.00093,LOSS,SL,-13.9,1.0,-14.9,-15.63,-13.93,-1.072,45.64,-0.001637,15.5,1.112,6.0,1.19189,0.00067,1.193494,1.195131
2026-01-30 06:25:00,2026-01-30 07:10:00,SELL,1.19233,1.19323,1.19323,1.19052,0.0006,LOSS,SL,-9.0,1.0,-10.0,-10.73,-9.03,-1.111,51.03,-0.001836,11.3,1.252,3.4,1.19233,0.0009,1.192763,1.194599
2026-01-30 07:25:00,2026-01-30 09:45:00,SELL,1.19258,1.19331,1.19331,1.19112,0.00049,LOSS,SL,-7.3,1.0,-8.3,-9.01,-7.31,-1.137,49.87,-0.001639,7.7,1.053,12.0,1.19253,0.00087,1.192744,1.194383
2026-01-30 09:50:00,2026-01-30 09:55:00,SELL,1.19309,1.19398,1.19398,1.19131,0.00059,LOSS,SL,-8.9,1.0,-9.9,-10.61,-8.91,-1.112,57.52,-0.001371,11.5,1.291,1.1,1.19309,0.00043,1.192502,1.193873
2026-01-30 10:25:00,2026-01-30 11:20:00,SELL,1.19372,1.19197,1.19459,1.19197,0.00058,WIN,TP,17.5,1.0,16.5,15.76,17.46,1.885,59.04,-0.001043,1.2,0.137,17.6,1.19372,0.00047,1.192827,1.19387
2026-01-30 12:20:00,2026-01-30 13:05:00,SELL,1.19186,1.19284,1.19284,1.1899,0.00065,LOSS,SL,-9.8,1.0,-10.8,-11.51,-9.81,-1.102,47.93,-0.001185,11.9,1.214,4.1,1.19186,0.00048,1.192334,1.193519
2026-01-30 14:30:00,2026-01-30 14:45:00,SELL,1.1942,1.19249,1.19505,1.19249,0.00057,WIN,TP,17.1,1.0,16.1,15.37,17.07,1.883,57.93,-0.000332,2.0,0.234,21.7,1.19419,0.00042,1.193152,1.193485
2026-01-30 15:45:00,2026-01-30 17:00:00,SELL,1.19219,1.18989,1.19334,1.18989,0.00077,WIN,TP,23.0,1.0,22.0,21.29,22.99,1.913,46.54,-0.000636,0.0,0.0,34.6,1.1922,0.00095,1.192659,1.193295
2026-01-30 17:45:00,2026-01-30 18:35:00,SELL,1.19025,1.18747,1.19164,1.18747,0.00093,WIN,TP,27.8,1.0,26.8,26.14,27.84,1.928,47.66,-0.001469,0.6,0.043,30.5,1.19025,0.00094,1.191229,1.192698
2026-01-30 19:00:00,2026-01-30 20:25:00,SELL,1.1886,1.18602,1.18989,1.18602,0.00086,WIN,TP,25.8,1.0,24.8,24.12,25.82,1.923,46.23,-0.00216,1.5,0.116,31.6,1.1886,0.00067,1.189945,1.192105
2026-01-30 20:50:00,2026-01-30 23:00:00,SELL,1.18757,1.18512,1.1888,1.18512,0.00082,WIN,TP,24.5,1.0,23.5,22.85,24.55,1.919,52.34,-0.002914,9.1,0.741,25.0,1.18756,0.00106,1.188191,1.191105
2026-02-02 01:35:00,2026-02-02 01:35:00,SELL,1.18493,1.1856,1.1856,1.18359,0.00045,LOSS,SL,-6.7,1.0,-7.7,-8.42,-6.72,-1.149,50.86,-0.003247,6.9,1.026,2.2,1.18493,0.00054,1.185459,1.188706
2026-02-02 01:40:00,2026-02-02 02:00:00,SELL,1.18553,1.18621,1.18621,1.18416,0.00046,LOSS,SL,-6.8,1.0,-7.8,-8.54,-6.84,-1.146,58.72,-0.003213,7.0,1.023,9.8,1.18553,0.00091,1.185461,1.188674
2026-02-02 02:45:00,2026-02-02 04:00:00,SELL,1.18664,1.18742,1.18742,1.18508,0.00052,LOSS,SL,-7.8,1.0,-8.8,-9.5,-7.8,-1.128,59.54,-0.002546,8.2,1.052,13.8,1.18664,0.00041,1.185842,1.188388
2026-02-02 04:05:00,2026-02-02 07:25:00,SELL,1.18691,1.18528,1.18773,1.18528,0.00054,WIN,TP,16.3,1.0,15.3,14.61,16.31,1.877,59.31,-0.001962,5.5,0.675,16.9,1.18691,0.00056,1.186137,1.188099
2026-02-02 08:45:00,2026-02-02 09:05:00,SELL,1.18525,1.18601,1.18601,1.18374,0.0005,LOSS,SL,-7.6,1.0,-8.6,-9.25,-7.55,-1.132,48.29,-0.001487,9.8,1.297,3.1,1.18525,0.00073,1.185721,1.187208
2026-02-02 09:10:00,2026-02-02 10:55:00,SELL,1.18605,1.18451,1.18682,1.18451,0.00051,WIN,TP,15.4,1.0,14.4,13.71,15.41,1.87,58.89,-0.001436,6.0,0.779,17.0,1.18605,0.00055,1.185691,1.187127
2026-02-02 11:25:00,2026-02-02 11:50:00,SELL,1.18544,1.18634,1.18634,1.18363,0.0006,LOSS,SL,-9.0,1.0,-10.0,-10.73,-9.03,-1.111,47.78,-0.001125,10.7,1.185,2.5,1.18544,0.00067,1.185662,1.186787
2026-02-02 12:00:00,2026-02-02 13:35:00,SELL,1.18623,1.18711,1.18711,1.18446,0.00059,LOSS,SL,-8.8,1.0,-9.8,-10.53,-8.83,-1.113,57.97,-0.001014,9.0,1.02,3.8,1.18623,0.00034,1.185708,1.186722
2026-02-02 13:40:00,2026-02-02 14:35:00,SELL,1.18652,1.18505,1.18725,1.18505,0.00049,WIN,TP,14.7,1.0,13.7,12.96,14.66,1.864,54.26,-0.000531,4.6,0.628,19.6,1.18655,0.00067,1.186152,1.186683
2026-02-02 16:55:00,2026-02-02 17:00:00,SELL,1.18276,1.18089,1.1837,1.18089,0.00062,WIN,TP,18.7,1.0,17.7,17.01,18.71,1.893,50.15,-0.002011,0.7,0.075,22.5,1.18276,0.00078,1.183631,1.185641
2026-02-02 18:20:00,2026-02-02 20:10:00,SELL,1.18055,1.1784,1.18162,1.1784,0.00072,WIN,TP,21.5,1.0,20.5,19.79,21.49,1.907,46.39,-0.002848,6.9,0.642,23.4,1.18056,0.00048,1.181963,1.184811
2026-02-02 21:45:00,2026-02-03 01:15:00,SELL,1.17881,1.17952,1.17952,1.17739,0.00047,LOSS,SL,-7.1,1.0,-8.1,-8.82,-7.12,-1.14,52.52,-0.003481,8.5,1.194,7.9,1.17881,0.00104,1.179436,1.182917
2026-02-03 01:45:00,2026-02-03 02:00:00,SELL,1.17958,1.17996,1.17996,1.17882,0.00025,LOSS,SL,-3.8,1.0,-4.8,-5.5,-3.8,-1.263,58.69,-0.002237,5.9,1.554,2.0,1.17958,0.00025,1.17921,1.181446
2026-02-03 03:10:00,2026-02-03 03:10:00,SELL,1.18032,1.18077,1.18077,1.17943,0.0003,LOSS,SL,-4.5,1.0,-5.5,-6.15,-4.45,-1.225,59.16,-0.001516,4.6,1.033,0.1,1.18032,0.00032,1.179746,1.181262
2026-02-03 04:15:00,2026-02-03 04:50:00,SELL,1.18101,1.18015,1.18144,1.18015,0.00029,WIN,TP,8.6,1.0,7.6,6.91,8.61,1.768,58.5,-0.000957,0.0,0.0,9.5,1.18101,0.00027,1.180279,1.181236
2026-02-03 05:30:00,2026-02-03 05:35:00,SELL,1.18042,1.18079,1.18079,1.17967,0.00025,LOSS,SL,-3.7,1.0,-4.7,-5.43,-3.73,-1.268,48.83,-0.000796,6.0,1.609,0.8,1.18042,0.00024,1.180324,1.18112
2026-02-03 05:50:00,2026-02-03 06:00:00,SELL,1.18093,1.18132,1.18132,1.18014,0.00026,LOSS,SL,-3.9,1.0,-4.9,-5.63,-3.93,-1.254,59.15,-0.000701,4.2,1.068,0.2,1.18093,0.00026,1.180411,1.181111
2026-02-03 06:35:00,2026-02-03 08:15:00,SELL,1.18118,1.18157,1.18157,1.1804,0.00026,LOSS,SL,-3.9,1.1,-5.0,-5.71,-3.91,-1.282,56.58,-0.000454,4.4,1.126,7.1,1.18118,0.00036,1.180671,1.181125
2026-02-03 08:25:00,2026-02-03 09:10:00,SELL,1.18137,1.18175,1.18175,1.18061,0.00025,LOSS,SL,-3.8,1.0,-4.8,-5.49,-3.79,-1.264,57.78,-0.000208,5.7,1.502,4.0,1.18137,0.00026,1.180902,1.18111
2026-02-03 09:20:00,2026-02-03 09:30:00,SELL,1.18154,1.18207,1.18207,1.18047,0.00036,LOSS,SL,-5.3,1.0,-6.3,-7.04,-5.34,-1.187,54.79,-5.3e-05,6.5,1.217,2.1,1.18153,0.00049,1.181089,1.181142
2026-02-03 10:00:00,2026-02-03 10:15:00,BUY,1.18152,1.18094,1.18094,1.18269,0.00039,LOSS,SL,-5.8,1.0,-6.8,-7.54,-5.84,-1.171,49.42,0.000106,10.6,1.815,2.7,1.18151,0.00053,1.181305,1.181199
2026-02-03 10:25:00,2026-02-03 11:30:00,BUY,1.18102,1.18029,1.18029,1.18247,0.00048,LOSS,SL,-7.3,1.0,-8.3,-8.97,-7.27,-1.138,43.65,8.7e-05,7.7,1.059,9.2,1.18102,0.00099,1.181286,1.181199
2026-02-03 13:30:00,2026-02-03 14:45:00,SELL,1.17913,1.17988,1.17988,1.17763,0.0005,LOSS,SL,-7.5,1.0,-8.5,-9.21,-7.51,-1.133,45.95,-0.000845,8.7,1.158,4.7,1.17913,0.00054,1.179915,1.18076
2026-02-03 14:50:00,2026-02-03 15:05:00,SELL,1.17977,1.18035,1.18035,1.17861,0.00039,LOSS,SL,-5.8,1.0,-6.8,-7.51,-5.81,-1.172,57.9,-0.000931,6.0,1.033,3.2,1.17978,0.00031,1.179601,1.180532
2026-02-03 15:25:00,2026-02-03 16:00:00,SELL,1.17986,1.17863,1.18048,1.17863,0.00041,WIN,TP,12.3,1.0,11.3,10.61,12.31,1.837,54.11,-0.000792,3.0,0.488,13.7,1.17986,0.00056,1.179705,1.180497
2026-02-03 16:30:00,2026-02-03 16:40:00,SELL,1.17903,1.17974,1.17974,1.17761,0.00047,LOSS,SL,-7.1,1.0,-8.1,-8.79,-7.09,-1.141,46.86,-0.000877,8.5,1.199,0.8,1.17902,0.00055,1.179454,1.180331
2026-02-03 16:45:00,2026-02-03 17:20:00,SELL,1.17966,1.18045,1.18045,1.17808,0.00053,LOSS,SL,-7.9,1.0,-8.9,-9.59,-7.89,-1.127,54.43,-0.000857,8.9,1.129,10.5,1.17966,0.00085,1.179446,1.180303
2026-02-03 18:30:00,2026-02-03 18:50:00,SELL,1.18102,1.18187,1.18187,1.17932,0.00057,LOSS,SL,-8.5,1.0,-9.5,-10.18,-8.48,-1.118,57.83,-0.000198,10.0,1.18,0.0,1.18102,0.00057,1.180154,1.180352
2026-02-03 19:45:00,2026-02-03 21:00:00,BUY,1.18143,1.18063,1.18063,1.18304,0.00054,LOSS,SL,-8.0,1.0,-9.0,-9.75,-8.05,-1.124,50.02,0.000368,8.6,1.068,8.0,1.18143,0.00055,1.180931,1.180563
2026-02-03 21:10:00,2026-02-03 22:55:00,BUY,1.18077,1.18209,1.18011,1.18209,0.00044,WIN,TP,13.2,1.0,12.2,11.55,13.25,1.849,40.02,0.000438,1.2,0.181,14.0,1.18077,0.00029,1.181129,1.18069
2026-02-04 00:00:00,2026-02-04 01:25:00,BUY,1.18168,1.18127,1.18127,1.18249,0.00027,LOSS,SL,-4.1,3.7,-7.8,-8.46,-4.06,-1.911,43.9,0.000689,4.3,1.059,3.7,1.18168,0.00066,1.181687,1.180998
2026-02-04 01:35:00,2026-02-04 02:00:00,BUY,1.1815,1.18116,1.18116,1.18219,0.00023,LOSS,SL,-3.4,1.0,-4.4,-5.15,-3.45,-1.29,44.06,0.000556,6.3,1.828,1.7,1.1815,0.00029,1.181668,1.181112
2026-02-04 02:10:00,2026-02-04 03:10:00,BUY,1.18122,1.18196,1.18085,1.18196,0.00025,WIN,TP,7.4,1.0,6.4,5.7,7.4,1.73,41.2,0.000466,2.1,0.567,9.6,1.18122,0.00033,1.181595,1.18113
2026-02-04 04:20:00,2026-02-04 06:55:00,BUY,1.18238,1.18341,1.18186,1.18341,0.00034,WIN,TP,10.3,1.0,9.3,8.61,10.31,1.806,53.86,0.000624,5.1,0.989,11.8,1.18238,0.00034,1.181965,1.181341
2026-02-04 08:00:00,2026-02-04 08:50:00,BUY,1.18327,1.18293,1.18293,1.18394,0.00022,LOSS,SL,-3.4,1.0,-4.4,-5.06,-3.36,-1.298,54.98,0.000955,3.4,1.013,3.3,1.18327,0.00041,1.182837,1.181882
2026-02-04 08:55:00,2026-02-04 09:10:00,BUY,1.18303,1.18269,1.18269,1.1837,0.00022,LOSS,SL,-3.4,1.0,-4.4,-5.07,-3.37,-1.297,43.51,0.000969,5.6,1.663,3.5,1.18303,0.00021,1.182999,1.18203
2026-02-04 09:20:00,2026-02-04 10:10:00,BUY,1.18275,1.18368,1.18229,1.18368,0.00031,WIN,TP,9.3,1.0,8.3,7.55,9.25,1.784,41.24,0.000904,3.0,0.649,10.4,1.18276,0.00043,1.182976,1.182072
2026-02-04 10:20:00,2026-02-04 10:30:00,BUY,1.18324,1.18262,1.18262,1.18447,0.00041,LOSS,SL,-6.2,1.0,-7.2,-7.87,-6.17,-1.162,52.91,0.000823,7.0,1.135,0.5,1.18324,0.00039,1.183003,1.18218
2026-02-04 10:35:00,2026-02-04 11:30:00,BUY,1.18256,1.18195,1.18195,1.18377,0.0004,LOSS,SL,-6.1,1.0,-7.1,-7.77,-6.07,-1.165,41.87,0.000784,6.3,1.038,6.9,1.18255,0.00048,1.182983,1.1822
2026-02-04 11:35:00,2026-02-04 11:45:00,BUY,1.18228,1.1816,1.1816,1.18365,0.00046,LOSS,SL,-6.8,1.0,-7.8,-8.53,-6.83,-1.146,40.12,0.000607,11.7,1.713,0.0,1.18228,0.00072,1.182859,1.182252
2026-02-04 13:05:00,2026-02-04 14:40:00,SELL,1.18146,1.1821,1.1821,1.18019,0.00042,LOSS,SL,-6.4,1.0,-7.4,-8.05,-6.35,-1.157,47.06,-6.1e-05,8.9,1.401,8.8,1.18147,0.0003,1.182029,1.18209
2026-02-04 15:10:00,2026-02-04 15:15:00,SELL,1.18197,1.18254,1.18254,1.18083,0.00038,LOSS,SL,-5.7,1.0,-6.7,-7.38,-5.68,-1.176,55.83,-0.0002,7.1,1.25,6.8,1.18197,0.00048,1.181762,1.181961
2026-02-04 15:20:00,2026-02-04 16:00:00,SELL,1.18182,1.18252,1.18252,1.18042,0.00047,LOSS,SL,-7.0,1.0,-8.0,-8.68,-6.98,-1.143,51.49,-0.000184,7.4,1.061,7.1,1.18181,0.00139,1.181778,1.181962
2026-02-04 16:05:00,2026-02-04 17:30:00,SELL,1.18174,1.18005,1.18259,1.18005,0.00056,WIN,TP,16.9,1.0,15.9,15.22,16.92,1.882,49.46,-0.000162,4.7,0.556,21.1,1.18174,0.00087,1.181784,1.181946
2026-02-04 18:55:00,2026-02-04 19:20:00,SELL,1.18034,1.18124,1.18124,1.17854,0.0006,LOSS,SL,-9.0,1.0,-10.0,-10.7,-9.0,-1.111,51.38,-0.000849,11.5,1.278,4.0,1.18034,0.00098,1.180678,1.181527
2026-02-04 19:25:00,2026-02-05 04:15:00,SELL,1.18089,1.17916,1.18175,1.17916,0.00058,WIN,TP,17.3,1.0,16.3,15.56,17.26,1.884,56.57,-0.000771,0.9,0.104,18.0,1.18089,0.00065,1.180716,1.181488
2026-02-05 06:30:00,2026-02-05 09:00:00,SELL,1.17898,1.17936,1.17936,1.17823,0.00025,LOSS,SL,-3.8,1.0,-4.8,-5.45,-3.75,-1.266,47.69,-0.000914,11.2,2.985,5.7,1.17898,0.00024,1.17938,1.180293
2026-02-05 09:45:00,2026-02-05 09:50:00,SELL,1.17975,1.18029,1.18029,1.17867,0.00036,LOSS,SL,-5.4,1.0,-6.4,-7.12,-5.42,-1.184,59.4,-0.000662,5.9,1.088,0.0,1.17975,0.00031,1.179239,1.1799
2026-02-05 10:00:00,2026-02-05 10:00:00,SELL,1.17988,1.18048,1.18048,1.17868,0.0004,LOSS,SL,-6.0,1.0,-7.0,-7.71,-6.01,-1.166,58.75,-0.000576,7.9,1.314,1.7,1.17988,0.00035,1.179328,1.179904
2026-02-05 10:30:00,2026-02-05 11:25:00,SELL,1.18022,1.17903,1.18082,1.17903,0.0004,WIN,TP,11.9,1.0,10.9,10.22,11.92,1.832,57.22,-0.000357,3.2,0.537,16.3,1.18022,0.00037,1.179584,1.179941
2026-02-05 12:25:00,2026-02-05 13:50:00,SELL,1.1789,1.17948,1.17948,1.17773,0.00039,LOSS,SL,-5.8,1.0,-6.8,-7.53,-5.83,-1.172,46.85,-0.000524,6.3,1.081,3.0,1.17891,0.00046,1.179255,1.179779
2026-02-05 13:55:00,2026-02-05 14:30:00,SELL,1.17918,1.17967,1.17967,1.1782,0.00033,LOSS,SL,-4.9,1.0,-5.9,-6.6,-4.9,-1.204,51.81,-0.000506,9.3,1.897,6.5,1.17917,0.00039,1.179149,1.179655
2026-02-05 14:35:00,2026-02-05 14:45:00,SELL,1.17929,1.17996,1.17996,1.17796,0.00044,LOSS,SL,-6.7,1.0,-7.7,-8.35,-6.65,-1.15,52.53,-0.00045,10.6,1.593,1.5,1.17929,0.00085,1.179174,1.179624
2026-02-05 14:50:00,2026-02-05 15:30:00,SELL,1.1797,1.18047,1.18047,1.17817,0.00051,LOSS,SL,-7.7,1.0,-8.7,-9.37,-7.67,-1.13,58.0,-0.0004,12.7,1.655,6.1,1.1797,0.00092,1.179224,1.179623
2026-02-05 16:30:00,2026-02-05 17:25:00,BUY,1.18073,1.17952,1.17952,1.18315,0.00081,LOSS,SL,-12.1,1.0,-13.1,-13.81,-12.11,-1.083,52.71,0.000224,17.2,1.42,9.1,1.18073,0.00129,1.180016,1.179792
2026-02-05 17:55:00,2026-02-05 23:00:00,BUY,1.17902,1.17796,1.17796,1.18115,0.00071,LOSS,SL,-10.6,1.0,-11.6,-12.33,-10.63,-1.094,40.69,8.9e-05,13.3,1.252,14.0,1.17902,0.00054,1.179894,1.179806
2026-02-06 00:25:00,2026-02-06 02:15:00,SELL,1.178,1.17727,1.17837,1.17727,0.00024,WIN,TP,7.3,2.6,4.7,4.03,7.33,1.29,45.57,-0.000796,2.1,0.573,13.4,1.178,0.00014,1.178554,1.17935
2026-02-06 02:35:00,2026-02-06 02:55:00,SELL,1.17752,1.17799,1.17799,1.17659,0.00031,LOSS,SL,-4.7,1.0,-5.7,-6.35,-4.65,-1.215,46.65,-0.001001,8.0,1.719,1.4,1.17751,0.00026,1.177973,1.178974
2026-02-06 03:05:00,2026-02-06 03:45:00,SELL,1.17809,1.17858,1.17858,1.17711,0.00033,LOSS,SL,-4.9,1.0,-5.9,-6.6,-4.9,-1.204,56.44,-0.000954,6.1,1.245,2.5,1.17809,0.00045,1.177956,1.178911
2026-02-06 04:00:00,2026-02-06 04:25:00,SELL,1.17852,1.17902,1.17902,1.17752,0.00033,LOSS,SL,-5.0,1.0,-6.0,-6.72,-5.02,-1.199,58.74,-0.000762,5.8,1.156,0.7,1.17849,0.0006,1.178085,1.178847
2026-02-06 04:50:00,2026-02-06 06:35:00,SELL,1.17876,1.17919,1.17919,1.17791,0.00028,LOSS,SL,-4.3,1.1,-5.4,-6.06,-4.26,-1.258,57.58,-0.00051,7.4,1.737,2.0,1.17876,0.00026,1.178337,1.178847
2026-02-06 08:10:00,2026-02-06 09:20:00,BUY,1.17951,1.17914,1.17914,1.18024,0.00024,LOSS,SL,-3.7,1.0,-4.7,-5.37,-3.67,-1.273,52.34,0.000188,3.8,1.036,6.5,1.17951,0.00018,1.179171,1.178983
2026-02-06 09:25:00,2026-02-06 09:45:00,BUY,1.17929,1.17889,1.17889,1.1801,0.00027,LOSS,SL,-4.0,1.0,-5.0,-5.75,-4.05,-1.247,41.79,0.000299,4.3,1.062,3.8,1.17927,0.00023,1.179374,1.179076
2026-02-06 10:00:00,2026-02-06 10:10:00,BUY,1.17913,1.1787,1.1787,1.17999,0.00029,LOSS,SL,-4.3,1.0,-5.3,-5.99,-4.29,-1.233,42.67,0.000242,5.7,1.328,0.5,1.17913,0.00026,1.179325,1.179083
2026-02-06 10:15:00,2026-02-06 15:25:00,BUY,1.17901,1.17999,1.17852,1.17999,0.00033,WIN,TP,9.8,1.0,8.8,8.11,9.81,1.796,42.24,0.000202,4.7,0.958,11.5,1.17901,0.0006,1.17928,1.179078
2026-02-06 17:15:00,2026-02-06 17:30:00,BUY,1.18139,1.18063,1.18063,1.1829,0.0005,LOSS,SL,-7.6,1.0,-8.6,-9.27,-7.57,-1.132,54.38,0.000962,9.1,1.202,1.8,1.18139,0.00081,1.180546,1.179585
2026-02-06 17:35:00,2026-02-06 18:10:00,BUY,1.18068,1.18213,1.17996,1.18213,0.00048,WIN,TP,14.5,1.0,13.5,12.79,14.49,1.862,43.25,0.000958,0.2,0.028,14.8,1.18068,0.00033,1.180593,1.179635
2026-02-06 18:15:00,2026-02-09 02:00:00,BUY,1.1815,1.18318,1.18066,1.18318,0.00056,WIN,TP,16.8,1.0,15.8,15.09,16.79,1.881,54.27,0.001051,7.2,0.858,17.3,1.1815,0.00101,1.180823,1.179773
2026-02-09 03:30:00,2026-02-09 04:00:00,BUY,1.18265,1.18206,1.18206,1.18383,0.00039,LOSS,SL,-5.9,1.0,-6.9,-7.58,-5.88,-1.17,52.83,0.001016,6.1,1.038,6.9,1.18265,0.0006,1.182294,1.181278
2026-02-09 04:05:00,2026-02-09 07:30:00,BUY,1.18211,1.18342,1.18145,1.18342,0.00044,WIN,TP,13.1,1.0,12.1,11.41,13.11,1.847,40.64,0.001016,5.2,0.793,13.5,1.18211,0.0005,1.18239,1.181374
2026-02-09 09:55:00,2026-02-09 10:15:00,BUY,1.18474,1.18637,1.18393,1.18637,0.00054,WIN,TP,16.3,1.0,15.3,14.6,16.3,1.877,49.72,0.001673,0.4,0.049,17.0,1.18476,0.00092,1.184154,1.182481
2026-02-09 10:30:00,2026-02-09 11:00:00,BUY,1.1852,1.18685,1.18438,1.18685,0.00055,WIN,TP,16.5,1.0,15.5,14.79,16.49,1.879,50.34,0.001842,0.6,0.073,17.3,1.1852,0.00055,1.184545,1.182702
2026-02-09 11:50:00,2026-02-09 14:20:00,BUY,1.18622,1.18772,1.18547,1.18772,0.0005,WIN,TP,15.0,1.0,14.0,13.33,15.03,1.867,52.35,0.00219,7.5,0.998,15.1,1.18623,0.00053,1.185438,1.183248
2026-02-09 17:20:00,2026-02-09 18:30:00,BUY,1.19042,1.18946,1.18946,1.19235,0.00064,LOSS,SL,-9.6,1.0,-10.6,-11.33,-9.63,-1.104,50.12,0.003515,13.6,1.412,13.3,1.19042,0.00091,1.18938,1.185865
2026-02-09 18:45:00,2026-02-09 20:55:00,BUY,1.18991,1.19161,1.18906,1.19161,0.00057,WIN,TP,17.0,1.0,16.0,15.35,17.05,1.883,42.85,0.003342,6.0,0.704,18.1,1.18993,0.00064,1.189949,1.186607
2026-02-09 22:20:00,2026-02-09 23:05:00,BUY,1.1917,1.1912,1.1912,1.1927,0.00033,LOSS,SL,-5.0,1.0,-6.0,-6.69,-4.99,-1.2,54.27,0.002938,5.0,1.002,2.1,1.19169,0.00033,1.19114,1.188202
2026-02-09 23:10:00,2026-02-10 00:00:00,BUY,1.19123,1.19077,1.19077,1.19215,0.00031,LOSS,SL,-4.6,1.3,-5.9,-6.61,-4.61,-1.282,40.19,0.00276,5.9,1.279,3.4,1.19123,0.00024,1.191284,1.188524
2026-02-10 00:05:00,2026-02-10 01:25:00,BUY,1.19107,1.1906,1.1906,1.192,0.00031,LOSS,SL,-4.7,3.7,-8.4,-9.05,-4.65,-1.795,40.32,0.002464,7.1,1.526,3.7,1.19107,0.0007,1.191272,1.188808
2026-02-10 02:25:00,2026-02-10 02:35:00,BUY,1.1905,1.19011,1.19011,1.19127,0.00026,LOSS,SL,-3.9,1.0,-4.9,-5.57,-3.87,-1.259,42.53,0.001599,5.6,1.448,0.3,1.1905,0.00032,1.19089,1.189291
2026-02-10 03:00:00,2026-02-10 03:25:00,BUY,1.19016,1.18978,1.18978,1.19092,0.00025,LOSS,SL,-3.8,1.0,-4.8,-5.49,-3.79,-1.264,40.38,0.001343,5.2,1.371,2.7,1.19016,0.00026,1.190686,1.189343
2026-02-10 03:35:00,2026-02-10 04:45:00,BUY,1.1902,1.19108,1.18976,1.19108,0.00029,WIN,TP,8.8,1.0,7.8,7.12,8.82,1.773,47.79,0.001138,1.2,0.272,9.8,1.1902,0.00058,1.190528,1.18939
2026-02-10 05:30:00,2026-02-10 06:25:00,BUY,1.19112,1.19063,1.19063,1.1921,0.00033,LOSS,SL,-4.9,1.0,-5.9,-6.59,-4.89,-1.205,53.87,0.001121,5.3,1.085,5.7,1.19112,0.00037,1.19084,1.189719
2026-02-10 06:40:00,2026-02-10 07:40:00,BUY,1.19075,1.19036,1.19036,1.19154,0.00026,LOSS,SL,-3.9,1.1,-5.0,-5.75,-3.95,-1.279,43.42,0.001023,4.0,1.013,2.9,1.19075,0.00017,1.190917,1.189894
2026-02-10 07:55:00,2026-02-10 08:30:00,BUY,1.1906,1.19022,1.19022,1.19137,0.00026,LOSS,SL,-3.8,1.1,-4.9,-5.63,-3.83,-1.287,44.72,0.0008,6.0,1.568,7.1,1.1906,0.00029,1.190804,1.190003
2026-02-10 08:35:00,2026-02-10 09:35:00,BUY,1.1904,1.18992,1.18992,1.19136,0.00032,LOSS,SL,-4.8,1.0,-5.8,-6.51,-4.81,-1.208,40.55,0.000703,5.2,1.08,6.3,1.1904,0.00055,1.190755,1.190052
2026-02-10 09:40:00,2026-02-10 10:40:00,BUY,1.1901,1.19123,1.18954,1.19123,0.00038,WIN,TP,11.3,1.0,10.3,9.59,11.29,1.823,40.55,0.000513,1.4,0.248,14.1,1.1901,0.00037,1.190608,1.190094
2026-02-10 11:00:00,2026-02-10 13:25:00,BUY,1.19089,1.19021,1.19021,1.19225,0.00045,LOSS,SL,-6.8,1.0,-7.8,-8.5,-6.8,-1.147,53.23,0.000502,7.8,1.147,10.9,1.1909,0.00027,1.190696,1.190194
2026-02-10 14:05:00,2026-02-10 14:35:00,BUY,1.19066,1.19015,1.19015,1.19169,0.00034,LOSS,SL,-5.1,1.0,-6.1,-6.84,-5.14,-1.194,47.93,0.000392,5.4,1.05,1.9,1.19066,0.00044,1.190846,1.190454
2026-02-10 15:40:00,2026-02-10 16:00:00,SELL,1.19001,1.19081,1.19081,1.1884,0.00054,LOSS,SL,-8.0,1.0,-9.0,-9.74,-8.04,-1.124,50.23,-6.2e-05,8.2,1.02,1.6,1.19001,0.00131,1.190287,1.190348
2026-02-10 16:05:00,2026-02-10 16:05:00,SELL,1.19037,1.19122,1.19122,1.18868,0.00056,LOSS,SL,-8.5,1.0,-9.5,-10.17,-8.47,-1.118,54.81,-5e-05,8.9,1.051,1.0,1.19037,0.00057,1.190299,1.190348
2026-02-10 16:50:00,2026-02-10 17:30:00,BUY,1.19088,1.18989,1.18989,1.19286,0.00066,LOSS,SL,-9.9,1.0,-10.9,-11.58,-9.88,-1.101,49.86,0.000263,12.7,1.286,8.3,1.19088,0.00091,1.190729,1.190467
2026-02-10 17:35:00,2026-02-10 17:50:00,BUY,1.19001,1.19176,1.18913,1.19176,0.00058,WIN,TP,17.5,1.0,16.5,15.84,17.54,1.886,40.37,0.000208,3.4,0.388,19.0,1.19001,0.00056,1.190689,1.190481
2026-02-10 18:05:00,2026-02-10 18:15:00,BUY,1.1912,1.19022,1.19022,1.19317,0.00066,LOSS,SL,-9.8,1.0,-10.8,-11.53,-9.83,-1.102,54.55,0.000242,9.9,1.008,1.2,1.19122,0.00058,1.19075,1.190508
2026-02-10 18:20:00,2026-02-10 20:20:00,BUY,1.19022,1.18925,1.18925,1.19216,0.00065,LOSS,SL,-9.7,1.0,-10.7,-11.41,-9.71,-1.103,43.53,0.000222,10.7,1.102,5.6,1.19022,0.00076,1.190734,1.190511
2026-02-10 21:20:00,2026-02-10 21:55:00,SELL,1.18944,1.18998,1.18998,1.18835,0.00036,LOSS,SL,-5.4,1.0,-6.4,-7.14,-5.44,-1.184,48.0,-0.000429,7.9,1.451,1.0,1.18944,0.00052,1.189823,1.190252
2026-02-10 22:05:00,2026-02-11 00:00:00,SELL,1.1899,1.18896,1.19037,1.18896,0.00031,WIN,TP,9.4,1.1,8.3,7.61,9.41,1.766,56.03,-0.000415,4.3,0.914,11.1,1.1899,0.00032,1.189789,1.190204
2026-02-11 00:10:00,2026-02-11 01:45:00,SELL,1.1895,1.18863,1.18994,1.18863,0.00029,WIN,TP,8.7,3.7,5.0,4.34,8.74,1.154,48.53,-0.000405,1.1,0.252,8.8,1.1895,0.00077,1.189681,1.190086
2026-02-11 02:05:00,2026-02-11 02:25:00,SELL,1.18898,1.18931,1.18931,1.18832,0.00022,LOSS,SL,-3.3,1.0,-4.3,-4.99,-3.29,-1.304,46.08,-0.000603,4.9,1.49,2.7,1.18896,0.00049,1.189264,1.189867
2026-02-11 02:30:00,2026-02-11 02:40:00,SELL,1.18937,1.18972,1.18972,1.18866,0.00024,LOSS,SL,-3.5,1.0,-4.5,-5.24,-3.54,-1.282,59.34,-0.000605,3.7,1.044,0.2,1.18937,0.00029,1.189221,1.189826
2026-02-11 03:35:00,2026-02-11 04:00:00,SELL,1.18975,1.19019,1.19019,1.18888,0.00029,LOSS,SL,-4.4,1.0,-5.4,-6.06,-4.36,-1.229,54.96,-0.000348,5.7,1.308,3.8,1.18975,0.00038,1.189481,1.189829
2026-02-11 04:15:00,2026-02-11 04:20:00,SELL,1.19012,1.19062,1.19062,1.18912,0.00033,LOSS,SL,-5.0,1.0,-6.0,-6.72,-5.02,-1.199,59.77,-0.000238,6.4,1.275,1.0,1.19013,0.00045,1.189594,1.189832
2026-02-11 05:15:00,2026-02-11 06:15:00,BUY,1.1905,1.19138,1.19006,1.19138,0.00029,WIN,TP,8.8,1.2,7.6,6.86,8.76,1.726,54.24,0.000101,1.7,0.388,9.8,1.1905,0.00025,1.190038,1.189937
2026-02-11 06:45:00,2026-02-11 07:35:00,BUY,1.19078,1.19154,1.1904,1.19154,0.00025,WIN,TP,7.6,1.0,6.6,5.85,7.55,1.735,47.38,0.000434,1.2,0.318,9.5,1.19078,0.0003,1.190548,1.190114
2026-02-11 08:30:00,2026-02-11 08:35:00,BUY,1.19185,1.19135,1.19135,1.19285,0.00033,LOSS,SL,-5.0,1.0,-6.0,-6.72,-5.02,-1.199,54.88,0.000768,6.4,1.276,0.0,1.19172,0.00029,1.19115,1.190382
2026-02-11 08:40:00,2026-02-11 09:05:00,BUY,1.19152,1.191,1.191,1.19256,0.00035,LOSS,SL,-5.2,1.0,-6.2,-6.92,-5.22,-1.192,51.02,0.000776,5.7,1.093,2.1,1.19156,0.00056,1.191181,1.190405
2026-02-11 09:10:00,2026-02-11 12:55:00,BUY,1.1915,1.19268,1.19091,1.19268,0.00039,WIN,TP,11.8,1.0,10.8,10.09,11.79,1.83,49.6,0.000782,5.2,0.882,12.2,1.1915,0.00077,1.191251,1.190469
2026-02-11 13:05:00,2026-02-11 13:30:00,BUY,1.1916,1.19104,1.19104,1.19272,0.00037,LOSS,SL,-5.6,1.0,-6.6,-7.31,-5.61,-1.178,45.25,0.000751,6.5,1.159,1.6,1.1916,0.00062,1.191669,1.190917
2026-02-11 13:50:00,2026-02-11 14:05:00,BUY,1.19112,1.19052,1.19052,1.19232,0.0004,LOSS,SL,-6.0,1.0,-7.0,-7.7,-6.0,-1.167,41.79,0.000591,8.6,1.434,2.6,1.19112,0.00046,1.191537,1.190946
2026-02-11 17:10:00,2026-02-11 19:05:00,SELL,1.18709,1.18853,1.18853,1.18421,0.00096,LOSS,SL,-14.4,1.0,-15.4,-16.09,-14.39,-1.069,47.89,-0.001604,15.0,1.042,20.0,1.18709,0.0006,1.188439,1.190043
2026-02-11 19:50:00,2026-02-12 00:00:00,SELL,1.18849,1.18675,1.18936,1.18675,0.00058,WIN,TP,17.4,1.0,16.4,15.65,17.35,1.885,59.05,-0.001441,5.9,0.68,20.0,1.18849,0.00048,1.187845,1.189286
2026-02-12 00:30:00,2026-02-12 02:25:00,SELL,1.18722,1.18765,1.18765,1.18635,0.00029,LOSS,SL,-4.3,1.9,-6.2,-6.93,-4.33,-1.439,48.07,-0.00112,5.1,1.177,5.7,1.18722,0.00026,1.18746,1.18858
2026-02-12 02:30:00,2026-02-12 03:40:00,SELL,1.18761,1.18807,1.18807,1.18669,0.00031,LOSS,SL,-4.6,1.0,-5.6,-6.29,-4.59,-1.218,58.13,-0.000948,6.2,1.352,4.5,1.18761,0.00021,1.187358,1.188306
2026-02-12 03:50:00,2026-02-12 04:00:00,SELL,1.1878,1.1883,1.1883,1.1868,0.00033,LOSS,SL,-5.0,1.0,-6.0,-6.68,-4.98,-1.201,55.21,-0.000694,5.9,1.185,1.6,1.1878,0.00034,1.187521,1.188215
2026-02-12 04:10:00,2026-02-12 05:40:00,SELL,1.18812,1.18709,1.18863,1.18709,0.00034,WIN,TP,10.3,1.0,9.3,8.57,10.27,1.805,59.51,-0.000605,1.6,0.312,10.6,1.18812,0.00045,1.187605,1.18821
2026-02-12 07:55:00,2026-02-12 08:30:00,SELL,1.18645,1.18551,1.18692,1.18551,0.00031,WIN,TP,9.4,1.0,8.4,7.72,9.42,1.788,48.62,-0.000912,3.0,0.637,13.0,1.18645,0.00039,1.186831,1.187742
2026-02-12 08:45:00,2026-02-12 09:20:00,SELL,1.18629,1.18694,1.18694,1.185,0.00043,LOSS,SL,-6.5,1.0,-7.5,-8.16,-6.46,-1.155,50.42,-0.001009,8.1,1.254,6.8,1.18629,0.00057,1.186575,1.187584
2026-02-12 09:35:00,2026-02-12 10:05:00,SELL,1.18714,1.1878,1.1878,1.18582,0.00044,LOSS,SL,-6.6,1.0,-7.6,-8.31,-6.61,-1.151,59.84,-0.000894,7.0,1.059,2.8,1.18714,0.00036,1.186597,1.187491
2026-02-12 10:40:00,2026-02-12 10:50:00,SELL,1.18733,1.18796,1.18796,1.18607,0.00042,LOSS,SL,-6.3,1.0,-7.3,-7.98,-6.28,-1.159,53.49,-0.000521,6.7,1.068,2.2,1.18733,0.00053,1.186971,1.187492
2026-02-12 11:35:00,2026-02-12 12:50:00,SELL,1.18838,1.18713,1.18901,1.18713,0.00042,WIN,TP,12.5,1.0,11.5,10.82,12.52,1.84,59.94,-0.000144,3.8,0.607,13.4,1.18837,0.00028,1.187422,1.187566
2026-02-12 12:55:00,2026-02-12 14:50:00,BUY,1.18755,1.18697,1.18697,1.18871,0.00039,LOSS,SL,-5.8,1.0,-6.8,-7.52,-5.82,-1.172,41.01,9.3e-05,7.8,1.34,10.6,1.18754,0.0008,1.187746,1.187652
2026-02-12 15:00:00,2026-02-12 16:00:00,BUY,1.18728,1.18852,1.18666,1.18852,0.00041,WIN,TP,12.4,1.0,11.4,10.71,12.41,1.839,40.0,0.000115,1.5,0.242,13.0,1.18728,0.00062,1.187826,1.187711
2026-02-12 16:05:00,2026-02-12 16:10:00,BUY,1.18819,1.1875,1.1875,1.18958,0.00046,LOSS,SL,-6.9,1.0,-7.9,-8.63,-6.93,-1.144,54.45,0.000149,7.3,1.053,5.7,1.18819,0.00042,1.187888,1.187739
2026-02-12 16:15:00,2026-02-12 18:10:00,BUY,1.18777,1.18698,1.18698,1.18936,0.00053,LOSS,SL,-7.9,1.0,-8.9,-9.63,-7.93,-1.126,46.98,0.00016,9.5,1.197,12.1,1.18778,0.0013,1.187906,1.187746
2026-02-12 18:40:00,2026-02-12 19:05:00,BUY,1.18735,1.18633,1.18633,1.18939,0.00068,LOSS,SL,-10.2,1.0,-11.2,-11.89,-10.19,-1.098,44.53,0.000106,13.8,1.354,4.6,1.18735,0.00094,1.187924,1.187818
2026-02-12 19:20:00,2026-02-13 09:05:00,SELL,1.18712,1.185,1.18818,1.185,0.00071,WIN,TP,21.2,1.0,20.2,19.46,21.16,1.905,47.05,-0.000111,5.7,0.539,21.8,1.18713,0.00094,1.187634,1.187745
2026-02-13 09:50:00,2026-02-13 10:55:00,SELL,1.18567,1.18626,1.18626,1.18449,0.00039,LOSS,SL,-5.9,1.0,-6.9,-7.58,-5.88,-1.17,52.61,-0.00076,6.1,1.037,1.1,1.18568,0.00051,1.185842,1.186602
2026-02-13 11:20:00,2026-02-13 12:40:00,SELL,1.18626,1.18524,1.18677,1.18524,0.00034,WIN,TP,10.2,1.0,9.2,8.55,10.25,1.805,58.88,-0.00056,3.6,0.702,10.3,1.18626,0.00048,1.185943,1.186503
2026-02-13 13:00:00,2026-02-13 14:30:00,SELL,1.18574,1.18625,1.18625,1.18471,0.00034,LOSS,SL,-5.1,1.0,-6.1,-6.83,-5.13,-1.195,47.73,-0.00051,6.1,1.19,3.0,1.18574,0.00032,1.185881,1.186391
2026-02-13 14:35:00,2026-02-13 15:30:00,SELL,1.18621,1.1867,1.1867,1.18524,0.00032,LOSS,SL,-4.9,1.0,-5.9,-6.57,-4.87,-1.205,59.58,-0.00043,22.7,4.659,6.3,1.1862,0.00032,1.185865,1.186295
2026-02-13 15:45:00,2026-02-13 15:50:00,SELL,1.18648,1.1874,1.1874,1.18463,0.00062,LOSS,SL,-9.2,1.0,-10.2,-10.95,-9.25,-1.108,54.64,-0.000235,9.6,1.038,5.8,1.18648,0.00093,1.186061,1.186295
2026-02-13 16:05:00,2026-02-13 17:55:00,SELL,1.18711,1.18511,1.18811,1.18511,0.00067,WIN,TP,20.0,1.0,19.0,18.31,20.01,1.9,59.86,-0.000107,1.8,0.18,23.8,1.18711,0.00065,1.186221,1.186329
2026-02-13 18:15:00,2026-02-13 18:20:00,SELL,1.1858,1.1867,1.1867,1.184,0.0006,LOSS,SL,-9.0,1.0,-10.0,-10.7,-9.0,-1.111,46.54,-0.000133,10.2,1.134,1.4,1.1858,0.00056,1.18618,1.186312
2026-02-13 18:25:00,2026-02-13 19:10:00,SELL,1.18681,1.1877,1.1877,1.18504,0.00059,LOSS,SL,-8.9,1.0,-9.9,-10.56,-8.86,-1.113,57.08,-0.000115,14.4,1.625,3.4,1.18681,0.00082,1.1862,1.186315
2026-02-13 20:00:00,2026-02-13 21:50:00,BUY,1.18749,1.18681,1.18681,1.18886,0.00046,LOSS,SL,-6.8,1.0,-7.8,-8.53,-6.83,-1.146,54.71,0.000355,7.4,1.084,5.6,1.18748,0.00037,1.186857,1.186502
2026-02-13 21:55:00,2026-02-13 22:00:00,BUY,1.18687,1.18637,1.18637,1.18786,0.00033,LOSS,SL,-5.0,1.0,-6.0,-6.65,-4.95,-1.202,42.12,0.000453,5.4,1.09,0.6,1.18687,0.00024,1.18713,1.186677
2026-02-13 22:05:00,2026-02-16 02:25:00,BUY,1.18672,1.18623,1.18623,1.1877,0.00033,LOSS,SL,-4.9,1.5,-6.4,-7.09,-4.89,-1.306,40.36,0.000418,5.6,1.144,9.1,1.18672,0.0004,1.187095,1.186677
2026-02-16 02:35:00,2026-02-16 10:25:00,BUY,1.18623,1.18581,1.18581,1.18706,0.00028,LOSS,SL,-4.2,1.0,-5.2,-5.87,-4.17,-1.24,41.17,8e-06,4.9,1.175,8.0,1.18623,0.00019,1.186724,1.186716
2026-02-16 10:30:00,2026-02-16 11:05:00,SELL,1.18626,1.18681,1.18681,1.18516,0.00037,LOSS,SL,-5.5,1.0,-6.5,-7.22,-5.52,-1.181,46.0,-8.6e-05,6.6,1.197,6.1,1.18624,0.00055,1.186474,1.186561
2026-02-16 11:10:00,2026-02-16 14:25:00,SELL,1.18659,1.18541,1.18718,1.18541,0.00039,WIN,TP,11.8,1.0,10.8,10.11,11.81,1.831,52.79,-9.7e-05,2.2,0.372,12.9,1.18659,0.00058,1.186449,1.186546
2026-02-16 15:50:00,2026-02-16 16:25:00,SELL,1.18558,1.1861,1.1861,1.18454,0.00035,LOSS,SL,-5.2,1.0,-6.2,-6.88,-5.18,-1.193,50.02,-0.000469,6.9,1.333,3.1,1.18558,0.00074,1.185843,1.186312
2026-02-16 16:40:00,2026-02-16 18:50:00,SELL,1.18574,1.18468,1.18627,1.18468,0.00035,WIN,TP,10.6,1.0,9.6,8.88,10.58,1.811,49.61,-0.000423,0.4,0.076,11.5,1.18571,0.00062,1.185843,1.186266
2026-02-16 19:10:00,2026-02-16 19:40:00,SELL,1.18524,1.18433,1.1857,1.18433,0.0003,WIN,TP,9.1,1.0,8.1,7.4,9.1,1.78,46.58,-0.000546,0.7,0.154,10.1,1.18524,0.00021,1.185484,1.18603
2026-02-16 20:15:00,2026-02-16 21:55:00,SELL,1.18494,1.18532,1.18532,1.18417,0.00026,LOSS,SL,-3.8,1.0,-4.8,-5.54,-3.84,-1.261,45.77,-0.000655,4.7,1.225,3.0,1.18494,0.0001,1.185233,1.185888
2026-02-16 22:05:00,2026-02-17 00:00:00,SELL,1.1853,1.18482,1.18554,1.18482,0.00016,WIN,TP,4.8,1.2,3.6,2.92,4.82,1.502,57.02,-0.000555,2.0,0.829,5.6,1.1853,0.00017,1.185181,1.185736
2026-02-17 00:35:00,2026-02-17 01:20:00,SELL,1.18507,1.18466,1.18527,1.18466,0.00014,WIN,TP,4.1,3.2,0.9,0.16,4.06,0.424,47.23,-0.000428,1.1,0.542,4.3,1.18507,0.00015,1.185172,1.185599
2026-02-17 01:40:00,2026-02-17 02:40:00,SELL,1.18499,1.18455,1.18521,1.18455,0.00015,WIN,TP,4.4,1.1,3.3,2.6,4.4,1.5,49.07,-0.000446,2.0,0.909,8.4,1.18498,0.00019,1.185072,1.185518
2026-02-17 04:00:00,2026-02-17 05:30:00,SELL,1.18443,1.18367,1.18481,1.18367,0.00025,WIN,TP,7.6,1.0,6.6,5.88,7.58,1.736,47.9,-0.000619,2.9,0.765,7.7,1.18443,0.00026,1.184652,1.185271
2026-02-17 05:50:00,2026-02-17 08:00:00,SELL,1.18408,1.18442,1.18442,1.1834,0.00023,LOSS,SL,-3.4,1.0,-4.4,-5.11,-3.41,-1.293,45.55,-0.000699,4.1,1.201,6.8,1.18408,0.00025,1.184357,1.185056
2026-02-17 08:10:00,2026-02-17 09:15:00,SELL,1.18436,1.18357,1.18475,1.18357,0.00026,WIN,TP,7.9,1.0,6.9,6.19,7.89,1.747,59.48,-0.000655,1.9,0.481,8.1,1.18434,0.0002,1.184156,1.184811
2026-02-17 10:20:00,2026-02-17 10:45:00,SELL,1.18346,1.18402,1.18402,1.18234,0.00037,LOSS,SL,-5.6,1.0,-6.6,-7.32,-5.62,-1.178,45.95,-0.000748,9.1,1.62,1.6,1.18346,0.00056,1.18382,1.184568
2026-02-17 11:00:00,2026-02-17 11:20:00,SELL,1.18406,1.18462,1.18462,1.18294,0.00037,LOSS,SL,-5.6,1.0,-6.6,-7.28,-5.58,-1.179,57.19,-0.000665,5.9,1.058,1.2,1.18406,0.00032,1.183853,1.184518
2026-02-17 11:45:00,2026-02-17 13:50:00,SELL,1.18454,1.18348,1.18507,1.18348,0.00035,WIN,TP,10.6,1.0,9.6,8.91,10.61,1.811,58.63,-0.000462,2.3,0.434,11.7,1.18454,0.00029,1.184054,1.184517
2026-02-17 15:55:00,2026-02-17 17:20:00,SELL,1.18261,1.18112,1.18335,1.18112,0.0005,WIN,TP,14.9,1.0,13.9,13.19,14.89,1.866,46.2,-0.000852,2.0,0.269,17.1,1.18261,0.00109,1.183237,1.184089
2026-02-17 18:10:00,2026-02-17 18:15:00,SELL,1.18173,1.18255,1.18255,1.1801,0.00054,LOSS,SL,-8.2,1.0,-9.2,-9.87,-8.17,-1.122,51.79,-0.001399,8.4,1.028,1.2,1.18173,0.0006,1.182111,1.18351
2026-02-17 19:45:00,2026-02-17 20:00:00,SELL,1.18349,1.18416,1.18416,1.18216,0.00044,LOSS,SL,-6.7,1.0,-7.7,-8.35,-6.65,-1.15,59.12,-0.000699,8.0,1.203,0.9,1.18349,0.00042,1.182772,1.183471
2026-02-17 21:20:00,2026-02-18 01:00:00,BUY,1.18441,1.18556,1.18384,1.18556,0.00038,WIN,TP,11.5,1.0,10.5,9.8,11.5,1.826,54.39,8e-05,1.0,0.174,11.5,1.18441,0.00026,1.183735,1.183655
2026-02-18 01:30:00,2026-02-18 02:35:00,BUY,1.18529,1.18498,1.18498,1.18591,0.00021,LOSS,SL,-3.1,1.0,-4.1,-4.81,-3.11,-1.322,52.78,0.000763,5.3,1.705,0.7,1.18529,0.00018,1.184983,1.18422
2026-02-18 02:40:00,2026-02-18 03:00:00,BUY,1.18495,1.18464,1.18464,1.18558,0.00021,LOSS,SL,-3.1,1.1,-4.2,-4.93,-3.13,-1.352,41.17,0.000709,4.9,1.566,2.0,1.18495,0.00037,1.185049,1.18434
2026-02-18 03:45:00,2026-02-18 04:10:00,BUY,1.18458,1.18427,1.18427,1.1852,0.00021,LOSS,SL,-3.1,1.1,-4.2,-4.9,-3.1,-1.354,41.08,0.000485,3.3,1.063,1.4,1.18458,0.00021,1.184857,1.184371
2026-02-18 04:25:00,2026-02-18 06:00:00,BUY,1.18441,1.18405,1.18405,1.18512,0.00024,LOSS,SL,-3.6,1.0,-4.6,-5.26,-3.56,-1.281,41.55,0.00037,4.1,1.151,2.6,1.18439,0.00031,1.184748,1.184379
2026-02-18 06:15:00,2026-02-18 09:15:00,BUY,1.18415,1.18384,1.18384,1.18477,0.00021,LOSS,SL,-3.1,1.0,-4.1,-4.79,-3.09,-1.323,41.12,0.000123,6.0,1.941,4.8,1.18415,0.0002,1.184495,1.184372
2026-02-18 10:20:00,2026-02-18 14:25:00,SELL,1.18369,1.18418,1.18418,1.1827,0.00033,LOSS,SL,-4.9,1.0,-5.9,-6.65,-4.95,-1.202,45.56,-0.000227,6.1,1.233,9.0,1.18369,0.00024,1.184027,1.184255
2026-02-18 14:55:00,2026-02-18 15:00:00,SELL,1.18388,1.18435,1.18435,1.18294,0.00031,LOSS,SL,-4.7,1.0,-5.7,-6.41,-4.71,-1.212,52.05,-0.000248,6.2,1.315,0.9,1.18388,0.00049,1.183721,1.18397
2026-02-18 15:25:00,2026-02-18 15:45:00,SELL,1.18411,1.18306,1.18463,1.18306,0.00035,WIN,TP,10.5,1.0,9.5,8.79,10.49,1.809,53.08,-0.000142,0.0,0.0,14.3,1.18411,0.00052,1.183848,1.18399
2026-02-18 17:05:00,2026-02-18 18:30:00,SELL,1.18261,1.18102,1.1834,1.18102,0.00053,WIN,TP,15.9,1.0,14.9,14.17,15.87,1.874,50.22,-0.000715,0.2,0.025,16.7,1.18261,0.00133,1.18298,1.183695
2026-02-18 23:10:00,2026-02-19 03:00:00,SELL,1.1787,1.17917,1.17917,1.17776,0.00031,LOSS,SL,-4.7,1.3,-6.0,-6.68,-4.68,-1.277,48.97,-0.002349,6.9,1.473,9.3,1.1787,0.00028,1.179329,1.181678
2026-02-19 03:25:00,2026-02-19 03:50:00,SELL,1.17913,1.17948,1.17948,1.17842,0.00024,LOSS,SL,-3.5,1.0,-4.5,-5.23,-3.53,-1.284,57.31,-0.001604,3.6,1.021,2.2,1.17913,0.00034,1.178897,1.180501
2026-02-19 04:25:00,2026-02-19 04:30:00,SELL,1.17919,1.17952,1.17952,1.17853,0.00022,LOSS,SL,-3.3,1.0,-4.3,-4.99,-3.29,-1.304,51.75,-0.001313,3.6,1.094,0.5,1.17919,0.0003,1.179052,1.180365
2026-02-19 04:50:00,2026-02-19 05:25:00,SELL,1.17939,1.17874,1.17972,1.17874,0.00022,WIN,TP,6.5,1.0,5.5,4.82,6.52,1.693,56.9,-0.0012,0.0,0.0,6.6,1.17939,0.00011,1.179119,1.180319
2026-02-19 06:00:00,2026-02-19 06:20:00,SELL,1.17906,1.17841,1.17938,1.17841,0.00022,WIN,TP,6.5,1.1,5.4,4.7,6.5,1.662,48.59,-0.001073,0.9,0.277,7.0,1.17906,0.00016,1.179079,1.180151
2026-02-19 06:35:00,2026-02-19 07:40:00,SELL,1.17887,1.17921,1.17921,1.17818,0.00023,LOSS,SL,-3.4,1.0,-4.4,-5.14,-3.44,-1.291,47.42,-0.001061,3.7,1.075,5.1,1.17887,0.00033,1.178995,1.180056
2026-02-19 07:50:00,2026-02-19 08:15:00,SELL,1.17915,1.1795,1.1795,1.17845,0.00023,LOSS,SL,-3.5,1.2,-4.7,-5.39,-3.49,-1.343,58.1,-0.000942,5.0,1.431,2.1,1.17915,0.00042,1.178948,1.17989
2026-02-19 09:05:00,2026-02-19 09:35:00,SELL,1.17952,1.17993,1.17993,1.17871,0.00027,LOSS,SL,-4.1,1.0,-5.1,-5.77,-4.07,-1.245,53.92,-0.000609,5.0,1.227,2.8,1.17952,0.00038,1.179234,1.179843
2026-02-19 10:10:00,2026-02-19 10:20:00,SELL,1.17998,1.18043,1.18043,1.17909,0.0003,LOSS,SL,-4.5,1.0,-5.5,-6.15,-4.45,-1.225,58.77,-0.000356,4.6,1.033,2.4,1.17999,0.0003,1.179484,1.17984
2026-02-19 10:25:00,2026-02-19 11:05:00,SELL,1.18004,1.18054,1.18054,1.17903,0.00034,LOSS,SL,-5.0,1.0,-6.0,-6.74,-5.04,-1.198,55.67,-0.000296,7.2,1.428,3.5,1.18003,0.00046,1.179551,1.179847
2026-02-19 11:20:00,2026-02-19 12:25:00,SELL,1.18006,1.17897,1.1806,1.17897,0.00036,WIN,TP,10.9,1.0,9.9,9.18,10.88,1.816,50.25,-8.8e-05,3.5,0.643,11.6,1.18006,0.00069,1.1798,1.179888
2026-02-19 16:00:00,2026-02-19 16:10:00,SELL,1.17653,1.17481,1.17739,1.17481,0.00057,WIN,TP,17.2,1.4,15.8,15.05,17.15,1.837,46.78,-0.001514,0.9,0.105,17.6,1.17653,0.00057,1.177496,1.17901
2026-02-19 17:05:00,2026-02-19 17:05:00,SELL,1.17613,1.17727,1.17727,1.17386,0.00076,LOSS,SL,-11.4,1.0,-12.4,-13.06,-11.36,-1.088,54.4,-0.002016,11.4,1.004,2.5,1.17613,0.00193,1.176513,1.178529
2026-02-19 17:15:00,2026-02-19 17:45:00,SELL,1.17619,1.17736,1.17736,1.17384,0.00078,LOSS,SL,-11.7,1.0,-12.7,-13.43,-11.73,-1.085,53.33,-0.001975,13.5,1.151,0.4,1.17619,0.00085,1.176515,1.178489
2026-02-19 17:50:00,2026-02-20 07:05:00,SELL,1.17722,1.17505,1.17831,1.17505,0.00072,WIN,TP,21.7,1.0,20.7,20.05,21.75,1.908,59.93,-0.001808,5.6,0.515,22.2,1.17722,0.00112,1.17656,1.178368
2026-02-20 07:25:00,2026-02-20 09:05:00,SELL,1.17549,1.17577,1.17577,1.17493,0.00019,LOSS,SL,-2.8,1.0,-3.8,-4.49,-2.79,-1.359,48.16,-0.000934,5.4,1.939,4.9,1.17549,0.00028,1.175762,1.176696
2026-02-20 09:30:00,2026-02-20 09:35:00,SELL,1.17582,1.1762,1.1762,1.17507,0.00025,LOSS,SL,-3.8,1.0,-4.8,-5.45,-3.75,-1.266,55.76,-0.000797,4.4,1.172,0.7,1.17582,0.00025,1.175638,1.176435
2026-02-20 09:45:00,2026-02-20 10:05:00,SELL,1.17573,1.17485,1.17617,1.17485,0.00029,WIN,TP,8.8,1.0,7.8,7.09,8.79,1.773,51.39,-0.000749,0.5,0.114,12.6,1.17573,0.00074,1.175672,1.17642
2026-02-20 10:20:00,2026-02-20 10:30:00,SELL,1.17525,1.17579,1.17579,1.17416,0.00036,LOSS,SL,-5.4,1.0,-6.4,-7.13,-5.43,-1.184,46.78,-0.000808,10.9,2.009,0.6,1.17524,0.00059,1.175521,1.176329
2026-02-20 10:35:00,2026-02-20 11:10:00,SELL,1.1759,1.1765,1.1765,1.17469,0.0004,LOSS,SL,-6.0,1.0,-7.0,-7.74,-6.04,-1.166,57.82,-0.000775,7.0,1.16,2.3,1.1759,0.00083,1.175533,1.176308
2026-02-20 11:50:00,2026-02-20 14:45:00,SELL,1.1764,1.17693,1.17693,1.17534,0.00035,LOSS,SL,-5.3,1.0,-6.3,-6.99,-5.29,-1.189,57.81,-0.000409,5.9,1.115,6.9,1.17641,0.00031,1.1759,1.176309
2026-02-20 15:00:00,2026-02-20 15:25:00,BUY,1.17655,1.17754,1.17606,1.17754,0.00033,WIN,TP,9.9,1.0,8.9,8.18,9.88,1.797,49.39,4.2e-05,0.4,0.081,11.7,1.17655,0.0004,1.176417,1.176374
2026-02-20 15:35:00,2026-02-20 17:00:00,BUY,1.17618,1.17769,1.17542,1.17769,0.0005,WIN,TP,15.1,1.0,14.1,13.44,15.14,1.868,43.15,0.00012,5.9,0.779,28.0,1.17618,0.00214,1.176528,1.176408
2026-02-20 17:05:00,2026-02-20 17:10:00,BUY,1.17649,1.17906,1.17521,1.17906,0.00086,WIN,TP,25.7,1.0,24.7,23.98,25.68,1.922,50.19,5.1e-05,9.7,0.755,34.3,1.17649,0.00293,1.176454,1.176403
2026-02-20 17:50:00,2026-02-20 19:20:00,BUY,1.17846,1.17695,1.17695,1.18149,0.00101,LOSS,SL,-15.1,1.0,-16.1,-16.84,-15.14,-1.066,54.19,0.000662,19.1,1.262,13.6,1.17845,0.00124,1.177314,1.176652
2026-02-20 19:30:00,2026-02-20 20:25:00,BUY,1.17695,1.17897,1.17594,1.17897,0.00067,WIN,TP,20.2,1.0,19.2,18.49,20.19,1.901,41.01,0.000743,0.5,0.05,20.8,1.17695,0.0004,1.177643,1.176901
2026-02-20 21:00:00,2026-02-23 01:10:00,BUY,1.17857,1.18054,1.17759,1.18054,0.00066,WIN,TP,19.7,1.0,18.7,17.95,19.65,1.898,51.97,0.000958,8.3,0.845,23.0,1.17857,0.00068,1.178122,1.177165
2026-02-23 03:20:00,2026-02-23 05:20:00,BUY,1.1825,1.18174,1.18174,1.18402,0.00051,LOSS,SL,-7.6,1.0,-8.6,-9.31,-7.61,-1.131,54.28,0.002425,7.7,1.011,6.0,1.1825,0.00062,1.181313,1.178888
2026-02-23 05:35:00,2026-02-23 08:20:00,BUY,1.18196,1.18296,1.18146,1.18296,0.00033,WIN,TP,10.0,1.0,9.0,8.33,10.03,1.801,42.34,0.002295,4.7,0.938,10.6,1.18195,0.00029,1.182017,1.179722
2026-02-23 09:00:00,2026-02-23 09:30:00,BUY,1.18243,1.18204,1.18204,1.18321,0.00026,LOSS,SL,-3.9,1.0,-4.9,-5.62,-3.92,-1.255,50.33,0.001693,5.7,1.455,3.3,1.18243,0.00037,1.182247,1.180555
2026-02-23 09:35:00,2026-02-23 10:00:00,BUY,1.18212,1.18166,1.18166,1.18304,0.00031,LOSS,SL,-4.6,1.0,-5.6,-6.29,-4.59,-1.218,43.73,0.001595,5.2,1.133,6.2,1.18212,0.00041,1.182272,1.180676
2026-02-23 10:10:00,2026-02-23 10:25:00,BUY,1.18207,1.18152,1.18152,1.18318,0.00037,LOSS,SL,-5.5,1.0,-6.5,-7.23,-5.53,-1.181,45.13,0.001483,6.6,1.194,0.1,1.18207,0.00056,1.182267,1.180784
2026-02-23 10:30:00,2026-02-23 10:30:00,BUY,1.18177,1.18117,1.18117,1.18297,0.0004,LOSS,SL,-6.0,1.0,-7.0,-7.71,-6.01,-1.166,41.44,0.001372,6.1,1.014,0.5,1.18177,0.00049,1.182195,1.180823
2026-02-23 11:45:00,2026-02-23 11:50:00,BUY,1.18103,1.18049,1.18049,1.1821,0.00036,LOSS,SL,-5.4,1.0,-6.4,-7.06,-5.36,-1.187,42.62,0.000783,9.9,1.847,1.2,1.18103,0.00023,1.181621,1.180838
2026-02-23 15:10:00,2026-02-23 15:15:00,SELL,1.17839,1.17896,1.17896,1.17726,0.00038,LOSS,SL,-5.7,1.0,-6.7,-7.37,-5.67,-1.176,47.56,-0.000989,6.7,1.182,1.7,1.17839,0.00051,1.179184,1.180172
2026-02-23 15:20:00,2026-02-23 15:30:00,SELL,1.17901,1.17961,1.17961,1.1778,0.0004,LOSS,SL,-6.0,1.0,-7.0,-7.73,-6.03,-1.166,58.39,-0.000993,7.7,1.277,3.4,1.17901,0.00059,1.179151,1.180144
2026-02-23 15:55:00,2026-02-23 16:00:00,SELL,1.17927,1.17988,1.17988,1.17806,0.0004,LOSS,SL,-6.1,1.0,-7.1,-7.75,-6.05,-1.165,56.01,-0.000887,6.1,1.008,0.8,1.17925,0.00033,1.179204,1.180091
2026-02-23 16:25:00,2026-02-23 16:40:00,SELL,1.17951,1.18012,1.18012,1.17829,0.00041,LOSS,SL,-6.1,1.0,-7.1,-7.78,-6.08,-1.165,55.6,-0.000751,6.1,1.004,0.3,1.17951,0.00041,1.179321,1.180071
2026-02-23 17:25:00,2026-02-23 22:50:00,SELL,1.1802,1.17879,1.1809,1.17879,0.00047,WIN,TP,14.1,1.0,13.1,12.36,14.06,1.858,57.98,-0.000426,6.7,0.953,14.6,1.1802,0.00046,1.179656,1.180083
2026-02-23 23:05:00,2026-02-24 02:35:00,SELL,1.17916,1.17955,1.17955,1.17839,0.00026,LOSS,SL,-3.9,1.0,-4.9,-5.55,-3.85,-1.26,47.88,-0.000428,4.6,1.194,7.7,1.17915,0.00036,1.179387,1.179815
2026-02-24 02:45:00,2026-02-24 03:00:00,SELL,1.17926,1.1786,1.17959,1.1786,0.00022,WIN,TP,6.6,1.0,5.6,4.91,6.61,1.698,54.01,-0.000408,1.0,0.302,9.1,1.17926,0.00032,1.179105,1.179513
2026-02-24 04:10:00,2026-02-24 06:05:00,SELL,1.17842,1.17746,1.1789,1.17746,0.00032,WIN,TP,9.6,1.0,8.6,7.93,9.63,1.792,50.1,-0.000668,1.0,0.208,11.1,1.17842,0.00021,1.178637,1.179305
2026-02-24 07:35:00,2026-02-24 07:50:00,SELL,1.17722,1.17751,1.17751,1.17665,0.00019,LOSS,SL,-2.9,1.1,-4.0,-4.66,-2.86,-1.385,46.68,-0.001081,3.6,1.26,0.3,1.17722,0.00031,1.177635,1.178716
2026-02-24 07:55:00,2026-02-24 07:55:00,SELL,1.17752,1.17785,1.17785,1.17686,0.00022,LOSS,SL,-3.3,1.0,-4.3,-4.99,-3.29,-1.304,57.63,-0.001069,5.3,1.61,0.0,1.17753,0.00031,1.177594,1.178663
2026-02-24 08:25:00,2026-02-24 09:05:00,SELL,1.17786,1.17718,1.1782,1.17718,0.00023,WIN,TP,6.8,1.0,5.8,5.05,6.75,1.704,59.34,-0.000943,3.1,0.918,6.9,1.17787,0.00021,1.177682,1.178624
2026-02-24 09:20:00,2026-02-24 09:30:00,SELL,1.17772,1.17819,1.17819,1.17679,0.00031,LOSS,SL,-4.7,1.0,-5.7,-6.36,-4.66,-1.215,50.45,-0.000809,5.1,1.095,4.0,1.17772,0.00064,1.177734,1.178543
2026-02-24 09:35:00,2026-02-24 10:20:00,SELL,1.17815,1.17866,1.17866,1.17713,0.00034,LOSS,SL,-5.1,1.0,-6.1,-6.8,-5.1,-1.196,59.9,-0.000785,6.6,1.295,8.3,1.17815,0.00066,1.177734,1.178519
2026-02-24 10:50:00,2026-02-24 11:30:00,SELL,1.17856,1.17914,1.17914,1.1774,0.00039,LOSS,SL,-5.8,1.0,-6.8,-7.51,-5.81,-1.172,59.62,-0.000511,7.3,1.257,2.6,1.17856,0.0003,1.177962,1.178474
2026-02-24 11:45:00,2026-02-24 14:10:00,SELL,1.17879,1.17769,1.17934,1.17769,0.00037,WIN,TP,11.0,1.0,10.0,9.32,11.02,1.819,56.25,-0.000253,3.1,0.562,12.4,1.17879,0.00029,1.178249,1.178503
2026-02-24 15:00:00,2026-02-24 15:35:00,SELL,1.17811,1.17715,1.17859,1.17715,0.00032,WIN,TP,9.6,1.0,8.6,7.85,9.55,1.791,55.56,-0.000321,0.2,0.042,9.8,1.17811,0.00067,1.178065,1.178386
2026-02-24 16:05:00,2026-02-24 17:30:00,SELL,1.17748,1.17804,1.17804,1.17636,0.00037,LOSS,SL,-5.6,1.0,-6.6,-7.3,-5.6,-1.178,47.44,-0.000471,5.8,1.035,8.9,1.17748,0.00058,1.177799,1.17827
2026-02-24 17:40:00,2026-02-24 18:05:00,SELL,1.17749,1.1782,1.1782,1.17608,0.00047,LOSS,SL,-7.1,1.0,-8.1,-8.76,-7.06,-1.142,52.54,-0.000594,7.3,1.035,3.9,1.17749,0.00068,1.177495,1.17809
2026-02-24 18:50:00,2026-02-24 23:55:00,SELL,1.17853,1.1772,1.17919,1.1772,0.00044,WIN,TP,13.3,1.0,12.3,11.58,13.28,1.849,58.29,-0.000273,4.5,0.678,13.7,1.17852,0.00044,1.177835,1.178108
2026-02-25 00:35:00,2026-02-25 02:15:00,SELL,1.17741,1.1777,1.1777,1.17682,0.0002,LOSS,SL,-2.9,1.9,-4.8,-5.54,-2.94,-1.647,45.89,-0.000307,3.5,1.192,1.5,1.17741,0.0004,1.177687,1.177994
2026-02-25 02:25:00,2026-02-25 02:35:00,SELL,1.17757,1.17782,1.17782,1.17708,0.00016,LOSS,SL,-2.5,1.0,-3.5,-4.16,-2.46,-1.406,54.19,-0.000336,3.5,1.422,0.2,1.17757,0.00024,1.177547,1.177883
2026-02-25 02:45:00,2026-02-25 03:15:00,SELL,1.17773,1.178,1.178,1.17719,0.00018,LOSS,SL,-2.7,1.1,-3.8,-4.49,-2.69,-1.409,59.07,-0.000305,3.4,1.265,2.3,1.17773,0.00014,1.177572,1.177877
2026-02-25 03:25:00,2026-02-25 03:30:00,SELL,1.17768,1.178,1.178,1.17703,0.00022,LOSS,SL,-3.2,1.0,-4.2,-4.93,-3.23,-1.309,51.45,-0.000251,4.2,1.3,0.0,1.17766,0.00025,1.177614,1.177865
2026-02-25 03:40:00,2026-02-25 04:05:00,SELL,1.17785,1.1782,1.1782,1.17716,0.00023,LOSS,SL,-3.5,1.0,-4.5,-5.17,-3.47,-1.288,55.75,-0.000218,5.1,1.47,2.2,1.17785,0.00034,1.177649,1.177866
2026-02-25 05:15:00,2026-02-25 06:55:00,BUY,1.17863,1.17956,1.17817,1.17956,0.00031,WIN,TP,9.3,1.0,8.3,7.56,9.26,1.784,54.08,0.000181,0.6,0.13,9.7,1.17863,0.0006,1.178166,1.177985
2026-02-25 09:25:00,2026-02-25 09:55:00,BUY,1.18016,1.17975,1.17975,1.18097,0.00027,LOSS,SL,-4.1,1.0,-5.1,-5.76,-4.06,-1.246,50.11,0.001073,4.8,1.183,4.6,1.18016,0.00027,1.17977,1.178697
2026-02-25 10:05:00,2026-02-25 10:05:00,BUY,1.17991,1.17943,1.17943,1.18086,0.00032,LOSS,SL,-4.8,1.0,-5.8,-6.45,-4.75,-1.21,45.44,0.001045,4.8,1.01,0.6,1.17992,0.00033,1.179847,1.178802
2026-02-25 11:35:00,2026-02-25 11:40:00,BUY,1.17917,1.17869,1.17869,1.18012,0.00032,LOSS,SL,-4.8,1.0,-5.8,-6.46,-4.76,-1.21,44.61,0.000622,5.4,1.134,0.2,1.17917,0.00052,1.179485,1.178863
2026-02-25 11:55:00,2026-02-25 12:00:00,BUY,1.17889,1.17839,1.17839,1.17989,0.00033,LOSS,SL,-5.0,1.0,-6.0,-6.71,-5.01,-1.2,42.11,0.000521,5.7,1.138,1.2,1.17889,0.00035,1.179381,1.17886
2026-02-25 12:15:00,2026-02-25 12:30:00,BUY,1.17864,1.17814,1.17814,1.17965,0.00034,LOSS,SL,-5.0,1.0,-6.0,-6.73,-5.03,-1.199,40.02,0.000413,5.4,1.074,0.7,1.17863,0.00027,1.179262,1.178849
2026-02-25 14:05:00,2026-02-25 14:15:00,SELL,1.17776,1.17821,1.17821,1.17686,0.0003,LOSS,SL,-4.5,1.0,-5.5,-6.2,-4.5,-1.222,45.46,-0.000279,4.9,1.089,0.0,1.17776,0.00039,1.178362,1.178641
2026-02-25 14:20:00,2026-02-25 14:55:00,SELL,1.17825,1.17867,1.17867,1.17741,0.00028,LOSS,SL,-4.2,1.0,-5.2,-5.9,-4.2,-1.238,57.35,-0.00029,4.3,1.023,1.7,1.17825,0.00021,1.178335,1.178625
2026-02-25 15:10:00,2026-02-25 15:15:00,SELL,1.17838,1.17882,1.17882,1.1775,0.00029,LOSS,SL,-4.4,1.0,-5.4,-6.12,-4.42,-1.226,55.85,-0.000245,6.4,1.447,0.4,1.17838,0.00043,1.178358,1.178603
2026-02-25 15:30:00,2026-02-25 15:55:00,SELL,1.17834,1.17739,1.17881,1.17739,0.00032,WIN,TP,9.5,1.0,8.5,7.77,9.47,1.789,50.51,-0.000202,2.7,0.57,10.6,1.17834,0.00052,1.178404,1.178606
2026-02-25 16:20:00,2026-02-25 16:30:00,SELL,1.17787,1.17843,1.17843,1.17676,0.00037,LOSS,SL,-5.6,1.0,-6.6,-7.25,-5.55,-1.18,46.8,-0.000335,6.6,1.189,0.5,1.17787,0.00031,1.178193,1.178528
2026-02-25 16:35:00,2026-02-25 16:45:00,SELL,1.17826,1.1788,1.1788,1.17718,0.00036,LOSS,SL,-5.4,1.0,-6.4,-7.11,-5.41,-1.185,54.35,-0.000319,6.2,1.147,2.2,1.17826,0.00041,1.178202,1.17852
2026-02-25 16:55:00,2026-02-25 17:05:00,SELL,1.17862,1.17918,1.17918,1.17751,0.00037,LOSS,SL,-5.6,1.0,-6.6,-7.27,-5.57,-1.18,59.59,-0.00027,6.7,1.204,1.6,1.17863,0.00044,1.178251,1.178521
2026-02-25 17:25:00,2026-02-25 17:45:00,SELL,1.17922,1.17993,1.17993,1.1778,0.00047,LOSS,SL,-7.1,1.0,-8.1,-8.79,-7.09,-1.141,59.71,-9.3e-05,10.3,1.453,3.2,1.17922,0.00075,1.178471,1.178564
2026-02-25 20:25:00,2026-02-26 02:20:00,BUY,1.18063,1.18168,1.18011,1.18168,0.00035,WIN,TP,10.5,1.0,9.5,8.77,10.47,1.809,51.78,0.000961,3.6,0.688,10.9,1.18063,0.00034,1.180109,1.179148
2026-02-26 02:50:00,2026-02-26 03:15:00,BUY,1.18146,1.18211,1.18114,1.18211,0.00022,WIN,TP,6.5,1.0,5.5,4.78,6.48,1.691,54.26,0.001,0.1,0.031,8.0,1.18146,0.00047,1.181125,1.180125
2026-02-26 04:25:00,2026-02-26 04:30:00,BUY,1.18231,1.18192,1.18192,1.1831,0.00026,LOSS,SL,-3.9,1.0,-4.9,-5.63,-3.93,-1.255,54.22,0.001296,5.2,1.324,0.3,1.18231,0.0002,1.181809,1.180514
2026-02-26 04:35:00,2026-02-26 04:40:00,BUY,1.18185,1.18146,1.18146,1.18263,0.00026,LOSS,SL,-3.9,1.0,-4.9,-5.59,-3.89,-1.257,41.96,0.001276,5.4,1.39,1.2,1.18185,0.00021,1.181818,1.180542
2026-02-26 04:50:00,2026-02-26 09:05:00,BUY,1.18164,1.18124,1.18124,1.18244,0.00027,LOSS,SL,-4.0,1.1,-5.1,-5.81,-4.01,-1.274,40.21,0.00122,7.7,1.919,6.1,1.18164,0.00032,1.181792,1.180573
2026-02-26 09:20:00,2026-02-26 09:25:00,BUY,1.18161,1.18112,1.18112,1.18258,0.00032,LOSS,SL,-4.9,1.0,-5.9,-6.57,-4.87,-1.205,48.03,0.000672,5.5,1.13,0.0,1.18161,0.00059,1.181734,1.181062
2026-02-26 09:30:00,2026-02-26 10:00:00,BUY,1.18121,1.18073,1.18073,1.18217,0.00032,LOSS,SL,-4.8,1.0,-5.8,-6.52,-4.82,-1.207,41.09,0.000629,6.8,1.41,5.9,1.18121,0.00035,1.181693,1.181065
2026-02-26 10:35:00,2026-02-26 11:05:00,BUY,1.18066,1.18009,1.18009,1.1818,0.00038,LOSS,SL,-5.7,1.0,-6.7,-7.38,-5.68,-1.176,40.67,0.000325,6.6,1.162,1.3,1.18066,0.00054,1.181375,1.18105
2026-02-26 13:00:00,2026-02-26 13:00:00,SELL,1.17984,1.1803,1.1803,1.17891,0.00031,LOSS,SL,-4.6,1.0,-5.6,-6.35,-4.65,-1.215,47.69,-0.000447,5.0,1.076,0.6,1.17984,0.00025,1.180312,1.180759
2026-02-26 13:05:00,2026-02-26 14:15:00,SELL,1.18014,1.18061,1.18061,1.17921,0.00031,LOSS,SL,-4.7,1.0,-5.7,-6.36,-4.66,-1.215,54.81,-0.000447,5.5,1.181,1.8,1.18014,0.00056,1.180305,1.180753
2026-02-26 14:25:00,2026-02-26 14:30:00,SELL,1.18032,1.1807,1.1807,1.17956,0.00025,LOSS,SL,-3.8,1.0,-4.8,-5.49,-3.79,-1.264,54.51,-0.000399,4.1,1.083,0.6,1.18032,0.00028,1.180279,1.180677
2026-02-26 14:35:00,2026-02-26 14:55:00,SELL,1.18051,1.18089,1.18089,1.17974,0.00026,LOSS,SL,-3.8,1.0,-4.8,-5.53,-3.83,-1.261,58.28,-0.000376,4.5,1.174,2.0,1.18051,0.00025,1.180299,1.180675
2026-02-26 15:35:00,2026-02-26 16:05:00,SELL,1.18111,1.18021,1.18156,1.18021,0.0003,WIN,TP,9.0,1.0,8.0,7.28,8.98,1.777,58.32,-0.000125,3.2,0.712,9.1,1.1811,0.00035,1.18059,1.180715
2026-02-26 16:15:00,2026-02-26 16:45:00,SELL,1.18076,1.18131,1.18131,1.17965,0.00037,LOSS,SL,-5.5,1.0,-6.5,-7.25,-5.55,-1.18,51.28,-0.000108,5.6,1.009,3.7,1.18075,0.00047,1.1806,1.180709
2026-02-26 17:00:00,2026-02-26 17:15:00,SELL,1.18125,1.18002,1.18186,1.18002,0.00041,WIN,TP,12.3,1.0,11.3,10.57,12.27,1.837,59.87,-1.5e-05,1.8,0.293,12.9,1.18127,0.00064,1.180715,1.18073
2026-02-26 18:00:00,2026-02-26 19:15:00,SELL,1.1799,1.17821,1.18075,1.17821,0.00056,WIN,TP,16.9,1.0,15.9,15.21,16.91,1.882,46.94,-0.000303,0.3,0.035,17.3,1.1799,0.0007,1.180311,1.180615
2026-02-26 20:35:00,2026-02-26 21:15:00,SELL,1.1784,1.17899,1.17899,1.17722,0.00039,LOSS,SL,-5.9,1.0,-6.9,-7.6,-5.9,-1.17,52.31,-0.001199,5.9,1.0,2.5,1.17839,0.00083,1.178808,1.180007
2026-02-27 03:50:00,2026-02-27 04:55:00,SELL,1.1795,1.17998,1.17998,1.17854,0.00032,LOSS,SL,-4.8,1.0,-5.8,-6.49,-4.79,-1.209,59.82,-0.000786,6.2,1.295,6.3,1.1795,0.0003,1.179047,1.179832
2026-02-27 07:40:00,2026-02-27 08:25:00,BUY,1.18079,1.18049,1.18049,1.1814,0.0002,LOSS,SL,-3.0,1.0,-4.0,-4.74,-3.04,-1.329,52.94,0.000306,3.5,1.151,2.9,1.18079,0.00027,1.180344,1.180038
2026-02-27 08:30:00,2026-02-27 09:05:00,BUY,1.18049,1.18014,1.18014,1.18119,0.00023,LOSS,SL,-3.5,1.0,-4.5,-5.19,-3.49,-1.287,43.23,0.000376,4.6,1.32,1.7,1.18049,0.00018,1.180484,1.180108
2026-02-27 09:25:00,2026-02-27 09:40:00,BUY,1.18026,1.18104,1.17987,1.18104,0.00026,WIN,TP,7.8,1.0,6.8,6.15,7.85,1.745,45.11,0.000275,0.5,0.127,8.9,1.18026,0.00033,1.180399,1.180124
2026-02-27 10:35:00,2026-02-27 10:55:00,BUY,1.18134,1.18082,1.18082,1.18238,0.00035,LOSS,SL,-5.2,1.0,-6.2,-6.89,-5.19,-1.193,54.87,0.000536,5.3,1.022,0.5,1.18134,0.00025,1.180819,1.180283
2026-02-27 11:00:00,2026-02-27 11:05:00,BUY,1.18095,1.18043,1.18043,1.18199,0.00035,LOSS,SL,-5.2,1.0,-6.2,-6.88,-5.18,-1.193,47.31,0.00055,5.4,1.042,1.9,1.18096,0.00033,1.180874,1.180325
2026-02-27 11:10:00,2026-02-27 11:50:00,BUY,1.1806,1.18008,1.18008,1.18164,0.00035,LOSS,SL,-5.2,1.0,-6.2,-6.91,-5.21,-1.192,40.76,0.000529,5.9,1.132,3.2,1.1806,0.00039,1.180861,1.180332
2026-02-27 12:20:00,2026-02-27 15:30:00,BUY,1.18004,1.17949,1.17949,1.18114,0.00037,LOSS,SL,-5.5,1.0,-6.5,-7.2,-5.5,-1.182,42.66,0.000235,6.1,1.108,7.8,1.18004,0.00051,1.180546,1.18031
2026-02-27 15:35:00,2026-02-27 15:40:00,BUY,1.17985,1.17923,1.17923,1.18108,0.00041,LOSS,SL,-6.2,1.0,-7.2,-7.86,-6.16,-1.162,40.5,3.9e-05,7.4,1.202,2.4,1.17985,0.00089,1.180328,1.180289
2026-02-27 16:15:00,2026-02-27 16:30:00,SELL,1.17997,1.18065,1.18065,1.17862,0.00045,LOSS,SL,-6.8,1.0,-7.8,-8.47,-6.77,-1.148,50.4,-0.000127,9.6,1.419,1.0,1.17996,0.00051,1.1801,1.180227
2026-02-27 16:50:00,2026-02-27 17:35:00,SELL,1.18071,1.18149,1.18149,1.17916,0.00052,LOSS,SL,-7.8,1.0,-8.8,-9.46,-7.76,-1.129,57.49,-1.4e-05,9.9,1.276,11.7,1.18071,0.00071,1.180243,1.180257
2026-02-27 17:50:00,2026-02-27 18:35:00,BUY,1.18066,1.18242,1.17978,1.18242,0.00059,WIN,TP,17.6,1.0,16.6,15.92,17.62,1.887,52.72,8.1e-05,6.5,0.738,18.5,1.18066,0.00092,1.180368,1.180287
2026-02-27 19:25:00,2026-02-27 20:30:00,BUY,1.18186,1.18115,1.18115,1.18327,0.00047,LOSS,SL,-7.1,1.0,-8.1,-8.76,-7.06,-1.142,54.44,0.000612,7.4,1.048,5.6,1.18186,0.00039,1.181162,1.18055
2026-02-27 20:35:00,2026-02-27 22:30:00,BUY,1.18144,1.18256,1.18088,1.18256,0.00037,WIN,TP,11.2,1.0,10.2,9.47,11.17,1.821,46.11,0.000689,1.2,0.215,11.4,1.18144,0.00045,1.181393,1.180704
2026-02-27 22:55:00,2026-02-27 22:55:00,BUY,1.18223,1.18182,1.18182,1.18306,0.00028,LOSS,SL,-4.1,1.0,-5.1,-5.83,-4.13,-1.242,53.3,0.000856,7.3,1.768,0.3,1.18223,0.00031,1.181895,1.18104
2026-02-27 23:20:00,2026-02-27 23:40:00,BUY,1.1816,1.1812,1.1812,1.18239,0.00026,LOSS,SL,-4.0,1.0,-5.0,-5.67,-3.97,-1.252,41.52,0.000756,5.0,1.26,2.1,1.18159,0.00031,1.181817,1.18106
2026-03-02 00:00:00,2026-03-02 00:15:00,BUY,1.17713,1.1762,1.1762,1.17899,0.00062,LOSS,SL,-9.3,2.6,-11.9,-12.6,-9.3,-1.28,40.21,0.000604,14.2,1.527,0.2,1.18132,0.00065,1.181687,1.181083
2026-03-02 01:10:00,2026-03-02 01:25:00,SELL,1.17852,1.17656,1.1795,1.17656,0.00065,WIN,TP,19.6,1.0,18.6,17.93,19.63,1.898,48.03,-0.000857,1.6,0.163,24.7,1.17852,0.00098,1.179684,1.180541
2026-03-02 02:15:00,2026-03-02 03:00:00,SELL,1.177,1.17799,1.17799,1.17503,0.00066,LOSS,SL,-9.9,1.0,-10.9,-11.55,-9.85,-1.101,46.8,-0.001669,11.6,1.177,6.7,1.177,0.00045,1.178379,1.180048
2026-03-02 03:05:00,2026-03-02 03:10:00,SELL,1.17779,1.1787,1.1787,1.17597,0.00061,LOSS,SL,-9.1,1.0,-10.1,-10.78,-9.08,-1.11,56.45,-0.001796,11.4,1.255,1.9,1.17779,0.00065,1.177976,1.179771
2026-03-02 03:20:00,2026-03-02 03:30:00,SELL,1.17827,1.17919,1.17919,1.17644,0.00061,LOSS,SL,-9.2,1.0,-10.2,-10.87,-9.17,-1.109,58.6,-0.001709,9.7,1.058,2.1,1.17827,0.00063,1.178021,1.17973
2026-03-02 04:10:00,2026-03-02 05:25:00,SELL,1.17865,1.17943,1.17943,1.17709,0.00052,LOSS,SL,-7.8,1.0,-8.8,-9.51,-7.81,-1.128,55.51,-0.001333,9.2,1.177,5.7,1.17865,0.00056,1.178319,1.179653
2026-03-02 05:35:00,2026-03-02 07:05:00,SELL,1.17914,1.17808,1.17967,1.17808,0.00035,WIN,TP,10.6,1.0,9.6,8.93,10.63,1.812,58.63,-0.000939,2.1,0.395,13.3,1.17914,0.00038,1.178581,1.179519
2026-03-02 10:50:00,2026-03-02 11:00:00,SELL,1.17174,1.17282,1.17282,1.16959,0.00072,LOSS,SL,-10.8,1.0,-11.8,-12.47,-10.77,-1.093,46.52,-0.003667,14.0,1.299,0.1,1.17174,0.00084,1.173536,1.177203
2026-03-02 11:05:00,2026-03-02 11:15:00,SELL,1.17307,1.17413,1.17413,1.17095,0.00071,LOSS,SL,-10.6,1.0,-11.6,-12.3,-10.6,-1.094,58.23,-0.003639,13.0,1.226,0.0,1.17307,0.00104,1.173426,1.177065
2026-03-02 11:25:00,2026-03-02 12:20:00,SELL,1.17365,1.17466,1.17466,1.17163,0.00067,LOSS,SL,-10.1,1.0,-11.1,-11.78,-10.08,-1.099,59.95,-0.003456,10.7,1.061,5.4,1.17365,0.00053,1.173481,1.176937
2026-03-02 12:50:00,2026-03-02 14:15:00,SELL,1.17401,1.17234,1.17484,1.17234,0.00056,WIN,TP,16.7,1.0,15.7,14.97,16.67,1.88,55.09,-0.002738,1.0,0.12,21.3,1.17401,0.0007,1.173732,1.17647
2026-03-02 15:30:00,2026-03-02 15:55:00,SELL,1.17157,1.1698,1.17246,1.1698,0.00059,WIN,TP,17.7,1.0,16.7,16.03,17.73,1.887,47.16,-0.002884,0.2,0.023,20.3,1.17157,0.00067,1.172414,1.175299
2026-03-02 16:10:00,2026-03-02 16:35:00,SELL,1.17087,1.17184,1.17184,1.16892,0.00065,LOSS,SL,-9.7,1.0,-10.7,-11.44,-9.74,-1.103,47.52,-0.003083,10.6,1.088,10.2,1.17088,0.00141,1.17183,1.174913
2026-03-02 16:40:00,2026-03-02 17:35:00,SELL,1.17147,1.16942,1.17249,1.16942,0.00068,WIN,TP,20.5,1.0,19.5,18.76,20.46,1.902,54.44,-0.003055,9.1,0.89,22.5,1.17147,0.00053,1.171621,1.174676
2026-03-02 18:55:00,2026-03-02 19:10:00,SELL,1.16878,1.16973,1.16973,1.16688,0.00063,LOSS,SL,-9.5,1.0,-10.5,-11.19,-9.49,-1.105,45.92,-0.003476,11.3,1.191,1.2,1.16877,0.00041,1.169942,1.173418
2026-03-02 19:15:00,2026-03-02 19:55:00,SELL,1.16983,1.17072,1.17072,1.16806,0.00059,LOSS,SL,-8.9,1.0,-9.9,-10.56,-8.86,-1.113,57.94,-0.003402,9.5,1.072,4.2,1.16983,0.00052,1.169857,1.173259
2026-03-02 20:05:00,2026-03-02 21:25:00,SELL,1.16993,1.17076,1.17076,1.16826,0.00056,LOSS,SL,-8.3,1.0,-9.3,-10.04,-8.34,-1.12,53.71,-0.003048,9.2,1.103,12.5,1.16993,0.0009,1.169898,1.172946
2026-03-02 22:05:00,2026-03-02 22:05:00,SELL,1.17079,1.1692,1.17158,1.1692,0.00053,WIN,TP,15.9,1.0,14.9,14.15,15.85,1.874,58.85,-0.002215,0.4,0.05,20.0,1.17079,0.00058,1.170134,1.172349
2026-03-02 22:45:00,2026-03-03 03:20:00,SELL,1.16917,1.17011,1.17011,1.16728,0.00063,LOSS,SL,-9.4,1.0,-10.4,-11.15,-9.45,-1.106,46.08,-0.002341,14.7,1.556,9.8,1.16917,0.00028,1.169721,1.172062
2026-03-03 03:45:00,2026-03-03 04:15:00,SELL,1.17001,1.16895,1.17054,1.16895,0.00035,WIN,TP,10.6,1.0,9.6,8.86,10.56,1.811,56.47,-0.001319,2.6,0.492,13.1,1.17001,0.00047,1.169504,1.170823
2026-03-03 04:30:00,2026-03-03 06:45:00,SELL,1.16942,1.1682,1.17003,1.1682,0.00041,WIN,TP,12.2,1.0,11.2,10.5,12.2,1.836,48.29,-0.001231,4.7,0.771,12.7,1.16942,0.00052,1.169472,1.170703
2026-03-03 08:55:00,2026-03-03 09:10:00,SELL,1.16698,1.16582,1.16756,1.16582,0.00039,WIN,TP,11.6,1.0,10.6,9.92,11.62,1.828,45.15,-0.001804,1.8,0.31,11.8,1.16698,0.00049,1.167801,1.169605
2026-03-03 09:20:00,2026-03-03 09:35:00,SELL,1.16672,1.1653,1.16743,1.1653,0.00047,WIN,TP,14.2,1.0,13.2,12.53,14.23,1.859,45.77,-0.001894,1.1,0.155,16.5,1.16672,0.00064,1.167557,1.169451
2026-03-03 13:45:00,2026-03-03 14:20:00,SELL,1.15943,1.16054,1.16054,1.15721,0.00074,LOSS,SL,-11.1,1.0,-12.1,-12.78,-11.08,-1.09,45.1,-0.004776,18.0,1.625,4.3,1.15942,0.00048,1.161327,1.166104
2026-03-03 14:25:00,2026-03-03 16:10:00,SELL,1.16063,1.15841,1.16174,1.15841,0.00074,WIN,TP,22.2,1.0,21.2,20.53,22.23,1.91,55.88,-0.00467,9.0,0.81,22.6,1.16063,0.00096,1.160963,1.165633
2026-03-03 17:35:00,2026-03-03 17:40:00,SELL,1.1567,1.15832,1.15832,1.15346,0.00108,LOSS,SL,-16.2,1.0,-17.2,-17.91,-16.21,-1.062,46.14,-0.004866,18.0,1.111,2.6,1.15669,0.00172,1.158488,1.163354
2026-03-03 17:45:00,2026-03-03 18:15:00,SELL,1.15745,1.15906,1.15906,1.15422,0.00108,LOSS,SL,-16.1,1.0,-17.1,-17.83,-16.13,-1.062,50.65,-0.004828,18.4,1.141,5.3,1.15745,0.00137,1.158409,1.163237
2026-03-03 18:20:00,2026-03-03 18:45:00,SELL,1.15879,1.16027,1.16027,1.15583,0.00099,LOSS,SL,-14.8,1.0,-15.8,-16.5,-14.8,-1.068,58.52,-0.004555,16.4,1.108,8.8,1.15879,0.00054,1.158334,1.162888
2026-03-03 19:05:00,2026-03-03 20:30:00,SELL,1.15954,1.16092,1.16092,1.15678,0.00092,LOSS,SL,-13.8,1.0,-14.8,-15.49,-13.79,-1.072,57.3,-0.00392,16.9,1.225,8.7,1.15954,0.00093,1.158668,1.162588
2026-03-03 21:10:00,2026-03-03 21:40:00,SELL,1.16073,1.16178,1.16178,1.15862,0.0007,LOSS,SL,-10.5,1.0,-11.5,-12.25,-10.55,-1.095,53.83,-0.002266,18.4,1.744,7.6,1.16073,0.00083,1.159815,1.162081
2026-03-03 22:00:00,2026-03-03 22:25:00,SELL,1.16125,1.16234,1.16234,1.15908,0.00072,LOSS,SL,-10.9,1.0,-11.9,-12.57,-10.87,-1.092,54.35,-0.001727,11.5,1.058,1.4,1.16125,0.00072,1.160265,1.161992
2026-03-03 22:35:00,2026-03-04 02:15:00,SELL,1.16205,1.16025,1.16295,1.16025,0.0006,WIN,TP,18.0,1.0,17.0,16.35,18.05,1.889,59.57,-0.001307,2.4,0.266,19.0,1.16205,0.00044,1.160683,1.16199
2026-03-04 02:20:00,2026-03-04 02:35:00,SELL,1.16092,1.15976,1.1615,1.15976,0.00039,WIN,TP,11.6,1.0,10.6,9.89,11.59,1.827,45.45,-0.000606,0.5,0.086,12.4,1.16092,0.00087,1.161129,1.161735
2026-03-04 03:45:00,2026-03-04 04:50:00,SELL,1.15938,1.16017,1.16017,1.1578,0.00053,LOSS,SL,-7.9,1.0,-8.9,-9.61,-7.91,-1.126,47.59,-0.001218,10.4,1.315,2.8,1.15938,0.00072,1.160115,1.161333
2026-03-04 04:55:00,2026-03-04 05:45:00,SELL,1.15989,1.16052,1.16052,1.15863,0.00042,LOSS,SL,-6.3,1.0,-7.3,-8.02,-6.32,-1.158,53.97,-0.001177,7.5,1.187,3.7,1.1599,0.00053,1.15994,1.161117
2026-03-04 06:25:00,2026-03-04 06:40:00,SELL,1.16053,1.15955,1.16102,1.15955,0.00033,WIN,TP,9.8,1.0,8.8,8.07,9.77,1.795,55.71,-0.000812,0.5,0.102,10.2,1.16052,0.00032,1.160179,1.16099
2026-03-04 07:50:00,2026-03-04 08:20:00,SELL,1.15939,1.15992,1.15992,1.15833,0.00035,LOSS,SL,-5.3,1.0,-6.3,-6.99,-5.29,-1.189,45.54,-0.000957,7.5,1.419,4.3,1.15939,0.0007,1.15979,1.160747
2026-03-04 08:25:00,2026-03-04 08:25:00,SELL,1.15995,1.16058,1.16058,1.1587,0.00042,LOSS,SL,-6.3,1.0,-7.3,-7.95,-6.25,-1.16,56.93,-0.000938,7.7,1.232,0.0,1.15995,0.0005,1.159726,1.160664
2026-03-04 10:00:00,2026-03-04 10:25:00,SELL,1.16157,1.16001,1.16235,1.16001,0.00052,WIN,TP,15.6,1.0,14.6,13.89,15.59,1.872,54.63,-3.6e-05,1.1,0.141,17.1,1.16158,0.00052,1.160808,1.160844
2026-03-04 10:50:00,2026-03-04 11:15:00,SELL,1.16042,1.1613,1.1613,1.15866,0.00059,LOSS,SL,-8.8,1.0,-9.8,-10.52,-8.82,-1.113,45.53,-0.000137,13.3,1.508,12.2,1.16043,0.0008,1.160664,1.160801
2026-03-04 11:20:00,2026-03-04 12:05:00,SELL,1.16144,1.16245,1.16245,1.15942,0.00067,LOSS,SL,-10.1,1.0,-11.1,-11.82,-10.12,-1.099,58.71,-0.000183,32.6,3.222,8.0,1.16144,0.00108,1.160589,1.160771
2026-03-04 13:45:00,2026-03-04 16:35:00,BUY,1.16349,1.1624,1.1624,1.16566,0.00072,LOSS,SL,-10.9,1.0,-11.9,-12.56,-10.86,-1.092,52.16,0.001129,13.9,1.28,17.1,1.16349,0.00051,1.162496,1.161367
2026-03-04 16:40:00,2026-03-04 17:00:00,BUY,1.16313,1.16197,1.16197,1.16545,0.00077,LOSS,SL,-11.6,1.0,-12.6,-13.3,-11.6,-1.086,44.99,0.001323,12.6,1.086,1.7,1.16312,0.00173,1.163391,1.162068
2026-03-04 17:10:00,2026-03-05 03:25:00,BUY,1.16231,1.16463,1.16115,1.16463,0.00077,WIN,TP,23.2,1.0,22.2,21.48,23.18,1.914,40.5,0.00109,4.7,0.405,23.7,1.16231,0.00088,1.163177,1.162087
2026-03-05 03:35:00,2026-03-05 03:35:00,BUY,1.16421,1.1637,1.1637,1.16523,0.00034,LOSS,SL,-5.1,1.0,-6.1,-6.81,-5.11,-1.196,53.31,0.000683,6.6,1.292,0.0,1.16421,0.0006,1.163869,1.163186
2026-03-05 03:40:00,2026-03-05 03:45:00,BUY,1.1636,1.16307,1.16307,1.16467,0.00036,LOSS,SL,-5.3,1.0,-6.3,-7.03,-5.33,-1.188,42.64,0.000668,6.1,1.144,0.4,1.1636,0.00066,1.163858,1.16319
2026-03-05 04:20:00,2026-03-05 04:20:00,BUY,1.16312,1.16254,1.16254,1.16427,0.00038,LOSS,SL,-5.8,1.0,-6.8,-7.47,-5.77,-1.173,40.43,0.000452,8.9,1.543,0.0,1.16312,0.00041,1.16363,1.163178
2026-03-05 04:45:00,2026-03-05 05:10:00,BUY,1.16277,1.16223,1.16223,1.16386,0.00036,LOSS,SL,-5.4,1.0,-6.4,-7.13,-5.43,-1.184,41.59,0.000286,8.2,1.509,2.7,1.16277,0.00038,1.163432,1.163146
2026-03-05 07:25:00,2026-03-05 07:45:00,SELL,1.16111,1.16019,1.16157,1.16019,0.00031,WIN,TP,9.2,1.0,8.2,7.47,9.17,1.782,45.5,-0.000826,2.6,0.567,9.9,1.16111,0.00035,1.161822,1.162648
2026-03-05 08:55:00,2026-03-05 09:00:00,SELL,1.16024,1.16104,1.16104,1.15863,0.00054,LOSS,SL,-8.0,1.0,-9.0,-9.75,-8.05,-1.124,49.59,-0.00136,8.2,1.019,1.0,1.16024,0.00139,1.16084,1.1622
2026-03-05 09:05:00,2026-03-05 09:35:00,SELL,1.16051,1.1613,1.1613,1.15893,0.00053,LOSS,SL,-7.9,1.0,-8.9,-9.59,-7.89,-1.127,52.71,-0.001347,8.7,1.102,6.1,1.16052,0.00058,1.160821,1.162168
2026-03-05 09:50:00,2026-03-05 10:00:00,SELL,1.16087,1.15931,1.16165,1.15931,0.00052,WIN,TP,15.6,1.0,14.6,13.87,15.57,1.872,54.84,-0.00123,1.0,0.128,15.9,1.16087,0.00043,1.16082,1.16205
2026-03-05 10:45:00,2026-03-05 11:00:00,SELL,1.15939,1.16031,1.16031,1.15755,0.00061,LOSS,SL,-9.2,1.0,-10.2,-10.91,-9.21,-1.109,45.06,-0.001505,13.3,1.444,0.6,1.15938,0.00055,1.160256,1.16176
2026-03-05 11:05:00,2026-03-05 11:05:00,SELL,1.16071,1.16201,1.16201,1.15811,0.00087,LOSS,SL,-13.0,1.0,-14.0,-14.68,-12.98,-1.077,59.5,-0.001475,37.3,2.873,0.9,1.16069,0.00109,1.160215,1.16169
2026-03-05 11:35:00,2026-03-05 15:45:00,SELL,1.16223,1.15928,1.1637,1.15928,0.00098,WIN,TP,29.5,1.0,28.5,27.79,29.49,1.932,57.93,-0.000951,9.2,0.624,32.6,1.16222,0.00072,1.16082,1.161771
2026-03-05 16:05:00,2026-03-05 17:25:00,SELL,1.16054,1.15858,1.16152,1.15858,0.00065,WIN,TP,19.6,1.0,18.6,17.88,19.58,1.898,45.74,-0.000483,3.6,0.368,27.6,1.16053,0.00092,1.161084,1.161567
2026-03-05 18:45:00,2026-03-05 22:10:00,SELL,1.15797,1.15923,1.15923,1.15545,0.00084,LOSS,SL,-12.6,1.0,-13.6,-14.29,-12.59,-1.079,48.71,-0.001745,22.9,1.819,9.8,1.15797,0.00096,1.158985,1.16073
2026-03-05 23:20:00,2026-03-06 02:15:00,SELL,1.16038,1.16126,1.16126,1.15862,0.00059,LOSS,SL,-8.8,1.2,-10.0,-10.68,-8.78,-1.137,58.55,-0.00071,9.4,1.071,2.3,1.16038,0.0003,1.159236,1.159946
2026-03-06 02:40:00,2026-03-06 03:35:00,BUY,1.16092,1.16167,1.16055,1.16167,0.00025,WIN,TP,7.5,1.0,6.5,5.78,7.48,1.733,51.61,0.00031,2.4,0.642,9.0,1.16092,0.00032,1.160541,1.160231
2026-03-06 04:10:00,2026-03-06 07:30:00,BUY,1.16154,1.16101,1.16101,1.1626,0.00035,LOSS,SL,-5.3,1.0,-6.3,-7.01,-5.31,-1.188,54.89,0.000565,5.9,1.112,5.6,1.16154,0.00027,1.160984,1.160419
2026-03-06 07:40:00,2026-03-06 07:45:00,BUY,1.16136,1.16099,1.16099,1.16209,0.00024,LOSS,SL,-3.7,1.0,-4.7,-5.37,-3.67,-1.273,45.84,0.000637,6.9,1.881,2.9,1.16136,0.00041,1.161484,1.160846
2026-03-06 08:25:00,2026-03-06 09:20:00,BUY,1.16077,1.16173,1.16029,1.16173,0.00032,WIN,TP,9.6,1.0,8.6,7.92,9.62,1.792,43.08,0.000413,3.2,0.665,10.4,1.16077,0.00027,1.161248,1.160835
2026-03-06 09:30:00,2026-03-06 10:10:00,BUY,1.16114,1.16056,1.16056,1.16229,0.00038,LOSS,SL,-5.8,1.0,-6.8,-7.47,-5.77,-1.173,51.88,0.000283,7.5,1.299,4.8,1.16114,0.00052,1.161131,1.160848
2026-03-06 10:15:00,2026-03-06 10:20:00,BUY,1.16105,1.16035,1.16035,1.16245,0.00047,LOSS,SL,-7.0,1.0,-8.0,-8.71,-7.01,-1.143,48.9,0.000276,7.1,1.014,3.0,1.16105,0.00075,1.161157,1.160881
2026-03-06 10:25:00,2026-03-06 11:00:00,BUY,1.16053,1.15984,1.15984,1.1619,0.00046,LOSS,SL,-6.9,1.0,-7.9,-8.55,-6.85,-1.146,41.37,0.000242,10.0,1.459,8.7,1.16053,0.00045,1.161118,1.160876
2026-03-06 13:15:00,2026-03-06 13:55:00,SELL,1.15805,1.15624,1.15895,1.15624,0.0006,WIN,TP,18.1,1.0,17.1,16.38,18.08,1.889,47.1,-0.001194,0.5,0.055,19.4,1.15803,0.0015,1.159005,1.160198
2026-03-06 14:35:00,2026-03-06 15:30:00,SELL,1.15661,1.15749,1.15749,1.15486,0.00058,LOSS,SL,-8.8,1.0,-9.8,-10.45,-8.75,-1.114,45.72,-0.001842,26.7,3.05,12.0,1.15659,0.00057,1.157822,1.159664
2026-03-06 15:50:00,2026-03-06 17:00:00,SELL,1.15752,1.159,1.159,1.15457,0.00098,LOSS,SL,-14.8,1.0,-15.8,-16.47,-14.77,-1.068,53.24,-0.001823,17.7,1.198,29.2,1.15753,0.00185,1.157456,1.159279
2026-03-06 17:10:00,2026-03-06 18:05:00,SELL,1.15779,1.15943,1.15943,1.15452,0.00109,LOSS,SL,-16.4,1.0,-17.4,-18.07,-16.37,-1.061,56.79,-0.001876,22.1,1.35,7.5,1.15779,0.00127,1.156961,1.158837
2026-03-06 18:15:00,2026-03-06 18:20:00,SELL,1.15898,1.16055,1.16055,1.15584,0.00105,LOSS,SL,-15.7,1.0,-16.7,-17.42,-15.72,-1.064,57.23,-0.001232,17.2,1.094,0.6,1.15898,0.00111,1.157551,1.158783
2026-03-06 18:25:00,2026-03-06 20:10:00,SELL,1.15983,1.16134,1.16134,1.1568,0.00101,LOSS,SL,-15.1,1.0,-16.1,-16.83,-15.13,-1.066,59.6,-0.00106,19.1,1.262,3.8,1.15983,0.00106,1.15775,1.15881
2026-03-06 20:30:00,2026-03-06 20:50:00,BUY,1.1606,1.15934,1.15934,1.16312,0.00084,LOSS,SL,-12.6,1.0,-13.6,-14.28,-12.58,-1.08,54.38,0.000252,13.3,1.058,4.5,1.16059,0.00071,1.159393,1.159142
2026-03-06 20:55:00,2026-03-06 23:20:00,BUY,1.1594,1.16173,1.15823,1.16173,0.00078,WIN,TP,23.3,1.0,22.3,21.63,23.33,1.914,44.43,0.000324,0.0,0.0,23.6,1.1594,0.00063,1.15951,1.159186
2026-03-06 23:35:00,2026-03-09 00:00:00,BUY,1.16116,1.16047,1.16047,1.16253,0.00046,LOSS,SL,-6.9,1.0,-7.9,-8.56,-6.86,-1.146,54.84,0.00081,69.2,10.088,6.6,1.16116,0.00048,1.16039,1.15958
2026-03-09 03:35:00,2026-03-09 07:05:00,SELL,1.15224,1.15316,1.15316,1.1504,0.00061,LOSS,SL,-9.2,1.0,-10.2,-10.89,-9.19,-1.109,47.16,-0.003372,13.0,1.415,15.4,1.15224,0.00112,1.15384,1.157213
2026-03-09 07:20:00,2026-03-09 07:20:00,SELL,1.15299,1.15393,1.15393,1.15111,0.00063,LOSS,SL,-9.4,1.0,-10.4,-11.1,-9.4,-1.106,57.29,-0.00279,30.7,3.266,0.7,1.15299,0.00045,1.152603,1.155393
2026-03-09 08:25:00,2026-03-09 08:30:00,SELL,1.15522,1.15636,1.15636,1.15293,0.00076,LOSS,SL,-11.4,1.0,-12.4,-13.13,-11.43,-1.088,55.78,-0.001541,11.8,1.033,0.5,1.15522,0.00054,1.153899,1.15544
2026-03-09 08:50:00,2026-03-09 09:55:00,SELL,1.15535,1.1565,1.1565,1.15304,0.00077,LOSS,SL,-11.5,1.0,-12.5,-13.25,-11.55,-1.087,53.85,-0.001215,11.7,1.013,18.3,1.15535,0.00068,1.154242,1.155457
2026-03-09 10:00:00,2026-03-09 10:20:00,SELL,1.15634,1.15392,1.15755,1.15392,0.00081,WIN,TP,24.2,1.0,23.2,22.53,24.23,1.917,59.69,-0.000719,2.0,0.165,32.9,1.15634,0.00047,1.154712,1.155431
2026-03-09 11:00:00,2026-03-09 11:15:00,SELL,1.15347,1.15479,1.15479,1.15083,0.00088,LOSS,SL,-13.2,1.0,-14.2,-14.9,-13.2,-1.076,45.23,-0.001017,16.5,1.25,3.8,1.15347,0.00121,1.154187,1.155204
2026-03-09 11:20:00,2026-03-09 11:30:00,SELL,1.1549,1.15621,1.15621,1.15229,0.00087,LOSS,SL,-13.1,1.0,-14.1,-14.76,-13.06,-1.077,56.74,-0.000987,21.8,1.669,3.4,1.1549,0.00111,1.154172,1.155159
2026-03-09 11:40:00,2026-03-09 15:25:00,SELL,1.1557,1.15717,1.15717,1.15276,0.00098,LOSS,SL,-14.7,1.0,-15.7,-16.39,-14.69,-1.068,58.06,-0.000786,21.4,1.457,10.2,1.1557,0.00167,1.154393,1.155179
2026-03-09 16:15:00,2026-03-09 17:15:00,BUY,1.15596,1.15861,1.15464,1.15861,0.00088,WIN,TP,26.5,1.0,25.5,24.78,26.48,1.924,44.09,0.000635,2.9,0.219,26.7,1.15596,0.00122,1.156291,1.155656
2026-03-09 19:00:00,2026-03-09 19:55:00,BUY,1.15876,1.15788,1.15788,1.16052,0.00059,LOSS,SL,-8.8,1.0,-9.8,-10.5,-8.8,-1.114,50.16,0.001627,9.1,1.034,1.9,1.15876,0.00068,1.158075,1.156448
2026-03-09 20:05:00,2026-03-09 21:15:00,BUY,1.15811,1.15955,1.15739,1.15955,0.00048,WIN,TP,14.4,1.0,13.4,12.74,14.44,1.862,43.06,0.001502,5.8,0.803,24.9,1.15811,0.00036,1.158181,1.15668
2026-03-10 00:25:00,2026-03-10 01:40:00,BUY,1.16284,1.16205,1.16205,1.16442,0.00053,LOSS,SL,-7.9,1.0,-8.9,-9.62,-7.92,-1.126,48.95,0.003215,13.0,1.642,5.2,1.16284,0.00095,1.161928,1.158713
2026-03-10 02:20:00,2026-03-10 03:25:00,BUY,1.16246,1.16169,1.16169,1.16399,0.00051,LOSS,SL,-7.7,1.0,-8.7,-9.35,-7.65,-1.131,52.44,0.002649,10.0,1.307,11.1,1.16246,0.00107,1.162099,1.15945
2026-03-10 03:30:00,2026-03-10 05:45:00,BUY,1.16167,1.16085,1.16085,1.16331,0.00055,LOSS,SL,-8.2,1.0,-9.2,-9.9,-8.2,-1.122,40.72,0.002419,8.8,1.073,10.1,1.16167,0.00057,1.162274,1.159854
2026-03-10 06:15:00,2026-03-10 08:00:00,BUY,1.16123,1.16223,1.16073,1.16223,0.00033,WIN,TP,10.0,1.0,9.0,8.28,9.98,1.8,46.75,0.00131,2.2,0.441,12.3,1.16124,0.00042,1.161625,1.160315
2026-03-10 09:15:00,2026-03-10 09:25:00,BUY,1.16294,1.16441,1.16221,1.16441,0.00049,WIN,TP,14.7,1.0,13.7,12.99,14.69,1.864,54.15,0.001387,1.9,0.259,16.8,1.16294,0.0013,1.162284,1.160897
2026-03-10 11:00:00,2026-03-10 12:30:00,BUY,1.16457,1.16367,1.16367,1.16637,0.0006,LOSS,SL,-9.0,1.0,-10.0,-10.69,-8.99,-1.111,48.83,0.002225,11.7,1.302,13.3,1.16457,0.00082,1.163925,1.1617
2026-03-10 13:00:00,2026-03-10 14:05:00,BUY,1.16395,1.16294,1.16294,1.16597,0.00067,LOSS,SL,-10.1,1.0,-11.1,-11.81,-10.11,-1.099,45.23,0.001947,18.1,1.791,13.5,1.16395,0.00069,1.164273,1.162327
2026-03-10 14:45:00,2026-03-10 16:55:00,BUY,1.16301,1.16502,1.16201,1.16502,0.00067,WIN,TP,20.1,1.0,19.1,18.35,20.05,1.9,43.29,0.001263,3.0,0.299,20.4,1.16301,0.00078,1.163838,1.162575
2026-03-10 17:10:00,2026-03-10 19:15:00,BUY,1.16437,1.1661,1.16351,1.1661,0.00058,WIN,TP,17.3,1.0,16.3,15.57,17.27,1.884,53.98,0.001056,4.8,0.556,23.0,1.16437,0.00059,1.16399,1.162934
2026-03-10 19:35:00,2026-03-10 19:50:00,BUY,1.16521,1.16424,1.16424,1.16714,0.00064,LOSS,SL,-9.7,1.0,-10.7,-11.36,-9.66,-1.104,50.72,0.001315,10.6,1.098,2.2,1.1652,0.00079,1.164776,1.163461
2026-03-10 19:55:00,2026-03-10 20:10:00,BUY,1.16438,1.16349,1.16349,1.16615,0.00059,LOSS,SL,-8.9,1.0,-9.9,-10.57,-8.87,-1.113,44.05,0.001231,15.4,1.735,2.5,1.16438,0.00048,1.164732,1.163501
2026-03-10 20:30:00,2026-03-10 21:00:00,BUY,1.1634,1.16217,1.16217,1.16585,0.00082,LOSS,SL,-12.3,1.0,-13.3,-13.95,-12.25,-1.082,44.08,0.000876,14.0,1.143,5.4,1.1634,0.00168,1.16436,1.163484
2026-03-10 21:10:00,2026-03-10 21:30:00,BUY,1.16253,1.16142,1.16142,1.16476,0.00074,LOSS,SL,-11.1,1.0,-12.1,-12.85,-11.15,-1.09,40.72,0.000493,11.8,1.058,3.3,1.16253,0.00046,1.163923,1.16343
2026-03-10 23:55:00,2026-03-11 02:10:00,SELL,1.16115,1.16161,1.16161,1.16022,0.00031,LOSS,SL,-4.6,1.0,-5.6,-6.33,-4.63,-1.216,45.52,-0.000918,12.6,2.721,8.6,1.16115,0.00015,1.161895,1.162812
2026-03-11 02:40:00,2026-03-11 02:45:00,SELL,1.16186,1.16243,1.16243,1.16073,0.00038,LOSS,SL,-5.7,1.0,-6.7,-7.37,-5.67,-1.176,59.69,-0.000928,6.3,1.111,0.2,1.16186,0.00038,1.161404,1.162332
2026-03-11 03:00:00,2026-03-11 03:25:00,SELL,1.16179,1.16238,1.16238,1.1606,0.0004,LOSS,SL,-5.9,1.0,-6.9,-7.63,-5.93,-1.169,54.8,-0.000822,7.7,1.299,5.5,1.16179,0.0003,1.161499,1.162321
2026-03-11 03:40:00,2026-03-11 03:50:00,SELL,1.1622,1.16279,1.16279,1.16103,0.00039,LOSS,SL,-5.9,1.0,-6.9,-7.56,-5.86,-1.171,57.53,-0.000643,6.1,1.041,0.8,1.1622,0.00032,1.161657,1.1623
2026-03-11 03:55:00,2026-03-11 05:35:00,SELL,1.16248,1.16306,1.16306,1.16133,0.00038,LOSS,SL,-5.8,1.0,-6.8,-7.47,-5.77,-1.173,59.64,-0.00055,7.0,1.213,6.2,1.16248,0.00043,1.161757,1.162307
2026-03-11 05:50:00,2026-03-11 06:45:00,SELL,1.16293,1.16337,1.16337,1.16204,0.0003,LOSS,SL,-4.4,1.0,-5.4,-6.14,-4.44,-1.225,58.44,-7.8e-05,5.6,1.26,2.8,1.16293,0.00033,1.16229,1.162368
2026-03-11 07:15:00,2026-03-11 08:10:00,BUY,1.16319,1.16392,1.16282,1.16392,0.00024,WIN,TP,7.3,1.0,6.3,5.63,7.33,1.727,54.4,0.000249,1.9,0.519,7.7,1.16319,0.00032,1.162747,1.162497
2026-03-11 08:50:00,2026-03-11 09:15:00,BUY,1.16306,1.16405,1.16256,1.16405,0.00033,WIN,TP,9.9,1.0,8.9,8.25,9.95,1.799,43.26,0.000467,2.9,0.583,14.9,1.16306,0.00067,1.163127,1.16266
2026-03-11 09:20:00,2026-03-11 09:25:00,BUY,1.16319,1.16245,1.16245,1.16467,0.00049,LOSS,SL,-7.4,1.0,-8.4,-9.12,-7.42,-1.135,48.01,0.000442,8.2,1.105,0.0,1.16319,0.00174,1.16313,1.162688
2026-03-11 09:30:00,2026-03-11 09:35:00,BUY,1.163,1.16221,1.16221,1.16458,0.00053,LOSS,SL,-7.9,1.0,-8.9,-9.59,-7.89,-1.127,46.08,0.000418,10.3,1.305,1.2,1.16301,0.00065,1.16311,1.162692
2026-03-11 10:15:00,2026-03-11 10:20:00,BUY,1.16205,1.16124,1.16124,1.16368,0.00054,LOSS,SL,-8.1,1.0,-9.1,-9.83,-8.13,-1.123,42.0,0.00012,9.0,1.107,0.0,1.16205,0.00059,1.162744,1.162624
2026-03-11 12:10:00,2026-03-11 12:40:00,SELL,1.16,1.16091,1.16091,1.15819,0.0006,LOSS,SL,-9.1,1.0,-10.1,-10.77,-9.07,-1.11,45.26,-0.000993,11.6,1.279,3.1,1.16001,0.00033,1.16113,1.162123
2026-03-11 12:45:00,2026-03-11 14:00:00,SELL,1.161,1.15936,1.16182,1.15936,0.00055,WIN,TP,16.4,1.0,15.4,14.69,16.39,1.878,57.26,-0.00103,1.2,0.146,17.1,1.161,0.00059,1.160984,1.162014
2026-03-11 14:30:00,2026-03-11 14:50:00,SELL,1.16009,1.15816,1.16106,1.15816,0.00064,WIN,TP,19.3,1.0,18.3,17.64,19.34,1.897,49.84,-0.001196,4.7,0.486,23.6,1.16009,0.00063,1.160462,1.161657
2026-03-11 15:25:00,2026-03-11 16:00:00,SELL,1.15903,1.16005,1.16005,1.157,0.00068,LOSS,SL,-10.2,1.0,-11.2,-11.87,-10.17,-1.098,47.15,-0.001532,22.5,2.213,12.5,1.15903,0.00052,1.159813,1.161344
2026-03-11 16:05:00,2026-03-11 17:45:00,SELL,1.15957,1.15693,1.16089,1.15693,0.00088,WIN,TP,26.4,1.0,25.4,24.68,26.38,1.924,55.81,-0.001624,8.6,0.652,27.9,1.15956,0.00271,1.159519,1.161143
2026-03-11 18:35:00,2026-03-12 00:30:00,SELL,1.15751,1.15573,1.1584,1.15573,0.00059,WIN,TP,17.8,1.0,16.8,16.09,17.79,1.888,48.64,-0.00209,1.4,0.157,18.9,1.15751,0.00071,1.158194,1.160284
2026-03-12 02:40:00,2026-03-12 03:00:00,SELL,1.15452,1.15506,1.15506,1.15344,0.00036,LOSS,SL,-5.4,1.0,-6.4,-7.11,-5.41,-1.185,48.61,-0.002393,6.0,1.11,0.1,1.15452,0.00052,1.155246,1.157639
2026-03-12 03:05:00,2026-03-12 03:35:00,SELL,1.15491,1.15547,1.15547,1.15379,0.00037,LOSS,SL,-5.6,1.0,-6.6,-7.31,-5.61,-1.178,54.55,-0.002335,6.5,1.159,3.7,1.15491,0.00054,1.155166,1.157501
2026-03-12 03:50:00,2026-03-12 04:25:00,SELL,1.15541,1.15433,1.15595,1.15433,0.00036,WIN,TP,10.8,1.0,9.8,9.15,10.85,1.816,59.56,-0.002122,0.2,0.037,13.1,1.15541,0.00022,1.155181,1.157303
2026-03-12 05:45:00,2026-03-12 07:10:00,SELL,1.15384,1.15431,1.15431,1.15289,0.00032,LOSS,SL,-4.7,1.0,-5.7,-6.43,-4.73,-1.212,45.12,-0.002186,5.4,1.143,6.5,1.15384,0.00029,1.154449,1.156635
2026-03-12 07:15:00,2026-03-12 07:45:00,SELL,1.15397,1.15452,1.15452,1.15288,0.00036,LOSS,SL,-5.5,1.0,-6.5,-7.16,-5.46,-1.183,53.23,-0.002083,5.5,1.007,3.6,1.15397,0.00054,1.154072,1.156155
2026-03-12 07:50:00,2026-03-12 08:05:00,SELL,1.15393,1.15446,1.15446,1.15287,0.00035,LOSS,SL,-5.3,1.0,-6.3,-7.0,-5.3,-1.189,50.3,-0.001942,7.8,1.47,2.5,1.15393,0.00063,1.154071,1.156014
2026-03-12 08:15:00,2026-03-12 08:25:00,SELL,1.15433,1.15492,1.15492,1.15316,0.00039,LOSS,SL,-5.9,1.0,-6.9,-7.57,-5.87,-1.17,55.62,-0.001821,6.0,1.022,1.5,1.15433,0.00076,1.154107,1.155928
2026-03-12 08:40:00,2026-03-12 10:00:00,SELL,1.15476,1.15535,1.15535,1.15358,0.00039,LOSS,SL,-5.9,1.0,-6.9,-7.62,-5.92,-1.169,59.68,-0.001651,8.0,1.351,6.1,1.15476,0.00027,1.154218,1.155869
2026-03-12 10:25:00,2026-03-12 11:30:00,SELL,1.15504,1.15564,1.15564,1.15383,0.0004,LOSS,SL,-6.0,1.0,-7.0,-7.73,-6.03,-1.166,53.21,-0.001043,7.8,1.294,7.1,1.15504,0.00045,1.154653,1.155697
2026-03-12 12:15:00,2026-03-12 13:35:00,SELL,1.15576,1.15635,1.15635,1.15459,0.00039,LOSS,SL,-5.9,1.0,-6.9,-7.56,-5.86,-1.171,57.5,-0.000529,8.7,1.485,8.2,1.15576,0.00052,1.15509,1.155619
2026-03-12 13:50:00,2026-03-12 14:05:00,SELL,1.156,1.15483,1.15658,1.15483,0.00039,WIN,TP,11.7,1.0,10.7,9.96,11.66,1.828,55.73,-0.000176,0.5,0.086,15.0,1.15599,0.00038,1.155463,1.155639
2026-03-12 15:05:00,2026-03-12 15:15:00,SELL,1.15458,1.15317,1.15528,1.15317,0.00047,WIN,TP,14.1,1.0,13.1,12.4,14.1,1.858,48.66,-0.000552,4.6,0.653,17.8,1.15458,0.00082,1.154895,1.155447
2026-03-12 17:40:00,2026-03-13 06:25:00,SELL,1.15248,1.15039,1.15353,1.15039,0.0007,WIN,TP,20.9,1.0,19.9,19.21,20.91,1.904,50.55,-0.001588,7.9,0.756,21.0,1.15248,0.00101,1.153069,1.154658
2026-03-13 07:35:00,2026-03-13 08:15:00,SELL,1.15053,1.14988,1.15086,1.14988,0.00022,WIN,TP,6.5,1.0,5.5,4.81,6.51,1.693,48.25,-0.001142,0.9,0.276,8.4,1.15053,0.00028,1.150895,1.152037
2026-03-13 11:05:00,2026-03-13 12:05:00,SELL,1.14547,1.1464,1.1464,1.14362,0.00062,LOSS,SL,-9.3,1.0,-10.3,-10.97,-9.27,-1.108,46.56,-0.003199,9.4,1.015,3.9,1.14547,0.00097,1.14711,1.150309
2026-03-13 12:10:00,2026-03-13 12:50:00,SELL,1.14636,1.14717,1.14717,1.14474,0.00054,LOSS,SL,-8.1,1.0,-9.1,-9.82,-8.12,-1.123,56.98,-0.003212,8.4,1.034,11.7,1.14636,0.00038,1.146532,1.149744
2026-03-13 12:55:00,2026-03-13 13:30:00,SELL,1.1461,1.14702,1.14702,1.14427,0.00061,LOSS,SL,-9.2,1.0,-10.2,-10.87,-9.17,-1.109,52.96,-0.003064,9.8,1.069,5.9,1.1461,0.00111,1.146351,1.149415
2026-03-13 13:35:00,2026-03-13 14:25:00,SELL,1.14645,1.14742,1.14742,1.1445,0.00065,LOSS,SL,-9.7,1.0,-10.7,-11.44,-9.74,-1.103,54.39,-0.002841,10.4,1.068,6.2,1.14645,0.00064,1.146332,1.149173
2026-03-13 14:30:00,2026-03-13 14:45:00,SELL,1.147,1.14796,1.14796,1.14509,0.00064,LOSS,SL,-9.6,1.0,-10.6,-11.26,-9.56,-1.105,57.84,-0.002475,18.7,1.956,4.3,1.147,0.00099,1.14643,1.148905
2026-03-13 15:10:00,2026-03-13 15:35:00,SELL,1.1476,1.14862,1.14862,1.14555,0.00068,LOSS,SL,-10.2,1.0,-11.2,-11.95,-10.25,-1.098,58.34,-0.002034,12.6,1.23,2.4,1.1476,0.00042,1.146778,1.148812
2026-03-13 16:00:00,2026-03-13 16:55:00,SELL,1.14789,1.14586,1.1489,1.14586,0.00068,WIN,TP,20.3,1.0,19.3,18.58,20.28,1.901,53.15,-0.001504,5.8,0.572,23.6,1.14789,0.00087,1.147249,1.148753
2026-03-13 18:55:00,2026-03-13 21:15:00,SELL,1.14454,1.14271,1.14545,1.14271,0.00061,WIN,TP,18.3,1.0,17.3,16.59,18.29,1.891,46.26,-0.002243,0.6,0.066,20.8,1.14454,0.00045,1.145472,1.147715
2026-03-16 00:10:00,2026-03-16 00:10:00,SELL,1.142,1.14279,1.14279,1.14041,0.00053,LOSS,SL,-7.9,1.0,-8.9,-9.64,-7.94,-1.126,47.78,-0.002921,12.6,1.587,0.0,1.142,0.0012,1.142818,1.145739
2026-03-16 00:15:00,2026-03-16 02:00:00,SELL,1.14281,1.14365,1.14365,1.14113,0.00056,LOSS,SL,-8.4,1.0,-9.4,-10.11,-8.41,-1.119,56.64,-0.002892,14.7,1.748,9.2,1.14281,0.00126,1.142818,1.145709
2026-03-16 03:10:00,2026-03-16 05:30:00,SELL,1.14464,1.14525,1.14525,1.14341,0.00041,LOSS,SL,-6.1,1.0,-7.1,-7.84,-6.14,-1.163,58.87,-0.001391,6.4,1.043,7.0,1.14465,0.00042,1.143729,1.14512
2026-03-16 05:40:00,2026-03-16 06:50:00,SELL,1.1451,1.14428,1.14551,1.14428,0.00027,WIN,TP,8.2,1.2,7.0,6.33,8.23,1.708,59.85,-0.000534,2.8,0.68,8.6,1.14511,0.00017,1.144499,1.145032
2026-03-16 09:05:00,2026-03-16 09:30:00,SELL,1.14333,1.14233,1.14383,1.14233,0.00033,WIN,TP,10.0,1.0,9.0,8.26,9.96,1.799,47.23,-0.000859,1.4,0.281,12.3,1.14333,0.00057,1.143775,1.144633
2026-03-16 10:05:00,2026-03-16 10:20:00,SELL,1.14281,1.14347,1.14347,1.1415,0.00044,LOSS,SL,-6.6,1.0,-7.6,-8.27,-6.57,-1.152,48.24,-0.001083,16.3,2.48,2.2,1.14281,0.00062,1.143322,1.144405
2026-03-16 10:35:00,2026-03-16 11:25:00,SELL,1.14401,1.14477,1.14477,1.1425,0.0005,LOSS,SL,-7.6,1.0,-8.6,-9.26,-7.56,-1.132,59.53,-0.000968,9.0,1.19,4.8,1.14401,0.00045,1.143392,1.14436
2026-03-16 11:35:00,2026-03-16 11:50:00,SELL,1.14448,1.14514,1.14514,1.14316,0.00044,LOSS,SL,-6.6,1.0,-7.6,-8.3,-6.6,-1.152,59.71,-0.000589,7.6,1.152,2.0,1.14447,0.00032,1.143771,1.14436
2026-03-16 14:55:00,2026-03-16 15:45:00,BUY,1.14771,1.14917,1.14698,1.14917,0.00049,WIN,TP,14.6,1.0,13.6,12.88,14.58,1.863,53.07,0.001463,5.0,0.686,15.7,1.14772,0.00039,1.146776,1.145314
2026-03-16 16:35:00,2026-03-16 18:25:00,BUY,1.1488,1.14797,1.14797,1.15046,0.00055,LOSS,SL,-8.3,1.0,-9.3,-10.0,-8.3,-1.12,50.36,0.002028,10.9,1.313,12.1,1.14877,0.00075,1.147983,1.145955
2026-03-16 18:40:00,2026-03-16 20:15:00,BUY,1.14892,1.15073,1.14802,1.15073,0.0006,WIN,TP,18.1,1.1,17.0,16.3,18.1,1.878,51.01,0.001951,1.2,0.133,18.8,1.14892,0.00102,1.148569,1.146617
2026-03-16 21:45:00,2026-03-16 22:20:00,BUY,1.15116,1.15036,1.15036,1.15277,0.00054,LOSS,SL,-8.0,1.0,-9.0,-9.75,-8.05,-1.124,49.6,0.002609,8.6,1.069,0.2,1.15117,0.0009,1.150524,1.147916
2026-03-16 22:30:00,2026-03-17 00:35:00,BUY,1.15064,1.15002,1.15002,1.15187,0.00041,LOSS,SL,-6.2,1.1,-7.3,-7.95,-6.15,-1.179,44.17,0.002421,6.3,1.024,2.2,1.15064,0.00033,1.150576,1.148156
2026-03-17 01:50:00,2026-03-17 02:00:00,BUY,1.14992,1.14963,1.14963,1.15049,0.00019,LOSS,SL,-2.9,1.1,-4.0,-4.66,-2.86,-1.385,44.63,0.001363,5.5,1.926,0.4,1.14992,0.00036,1.150203,1.14884
2026-03-17 03:10:00,2026-03-17 03:15:00,BUY,1.14929,1.1489,1.1489,1.15008,0.00026,LOSS,SL,-3.9,1.0,-4.9,-5.63,-3.93,-1.255,45.13,0.000839,5.9,1.502,2.6,1.14929,0.00041,1.149739,1.1489
2026-03-17 03:35:00,2026-03-17 05:20:00,BUY,1.14899,1.14988,1.14854,1.14988,0.0003,WIN,TP,8.9,1.1,7.8,7.11,8.91,1.753,41.55,0.000692,4.4,0.988,10.1,1.14898,0.00019,1.149593,1.148902
2026-03-17 05:50:00,2026-03-17 06:05:00,BUY,1.14934,1.14895,1.14895,1.15012,0.00026,LOSS,SL,-3.9,1.0,-4.9,-5.59,-3.89,-1.257,42.81,0.000537,4.2,1.081,0.2,1.14934,0.00045,1.149585,1.149047
2026-03-17 06:25:00,2026-03-17 06:50:00,BUY,1.14923,1.14992,1.14889,1.14992,0.00023,WIN,TP,6.9,1.3,5.6,4.9,6.9,1.623,44.68,0.000421,1.1,0.319,7.5,1.14923,0.00026,1.149475,1.149053
2026-03-17 07:10:00,2026-03-17 07:35:00,BUY,1.14965,1.1493,1.1493,1.15035,0.00023,LOSS,SL,-3.5,1.0,-4.5,-5.18,-3.48,-1.287,54.11,0.000417,3.8,1.091,2.5,1.14965,0.00013,1.149518,1.149101
2026-03-17 07:40:00,2026-03-17 07:40:00,BUY,1.14929,1.14892,1.14892,1.15004,0.00025,LOSS,SL,-3.7,1.1,-4.8,-5.54,-3.74,-1.294,42.34,0.000393,6.0,1.604,0.1,1.14929,0.00022,1.149519,1.149126
2026-03-17 09:00:00,2026-03-17 09:05:00,SELL,1.14816,1.14871,1.14871,1.14707,0.00036,LOSS,SL,-5.5,1.0,-6.5,-7.17,-5.47,-1.183,48.61,-0.000264,6.5,1.188,2.1,1.14816,0.00044,1.14865,1.148914
2026-03-17 09:10:00,2026-03-17 09:25:00,SELL,1.14875,1.14932,1.14932,1.14762,0.00038,LOSS,SL,-5.7,1.0,-6.7,-7.36,-5.66,-1.177,58.0,-0.000264,8.4,1.485,5.3,1.14875,0.00047,1.148642,1.148907
2026-03-17 10:05:00,2026-03-17 10:25:00,SELL,1.14932,1.14998,1.14998,1.148,0.00044,LOSS,SL,-6.6,1.0,-7.6,-8.29,-6.59,-1.152,58.03,-5.2e-05,6.6,1.001,5.7,1.14932,0.00084,1.1489,1.148952
2026-03-17 12:15:00,2026-03-17 15:00:00,BUY,1.15101,1.15288,1.15007,1.15288,0.00062,WIN,TP,18.7,1.0,17.7,17.01,18.71,1.893,53.1,0.000847,7.1,0.759,26.3,1.15101,0.00057,1.150231,1.149383
2026-03-17 15:55:00,2026-03-17 16:25:00,BUY,1.15302,1.15209,1.15209,1.15487,0.00062,LOSS,SL,-9.3,1.1,-10.4,-11.07,-9.27,-1.119,54.19,0.001678,9.9,1.067,7.0,1.15302,0.0009,1.151991,1.150313
2026-03-17 16:30:00,2026-03-17 20:00:00,BUY,1.15244,1.15425,1.15154,1.15425,0.0006,WIN,TP,18.1,1.0,17.1,16.36,18.06,1.889,46.97,0.001711,6.5,0.72,20.4,1.15244,0.00059,1.152195,1.150484
2026-03-17 20:40:00,2026-03-17 23:00:00,BUY,1.15393,1.15333,1.15333,1.15513,0.0004,LOSS,SL,-6.0,1.2,-7.2,-7.91,-6.01,-1.2,53.55,0.001733,16.1,2.679,3.8,1.15387,0.00023,1.153315,1.151583
2026-03-17 23:05:00,2026-03-18 05:05:00,BUY,1.15365,1.15312,1.15312,1.15471,0.00035,LOSS,SL,-5.3,3.5,-8.8,-9.51,-5.31,-1.659,45.39,0.001513,5.5,1.035,7.8,1.15366,0.00159,1.153661,1.152149
2026-03-18 05:10:00,2026-03-18 06:35:00,BUY,1.15324,1.15397,1.15287,1.15397,0.00024,WIN,TP,7.3,1.2,6.1,5.45,7.35,1.673,40.77,0.000631,1.0,0.272,7.9,1.15324,0.00021,1.153568,1.152938
2026-03-18 08:35:00,2026-03-18 08:35:00,BUY,1.15443,1.15403,1.15403,1.15523,0.00027,LOSS,SL,-4.0,1.2,-5.2,-5.91,-4.01,-1.299,52.81,0.000787,4.9,1.221,0.3,1.15443,0.00047,1.154111,1.153323
2026-03-18 08:40:00,2026-03-18 09:25:00,BUY,1.15404,1.15364,1.15364,1.15485,0.00027,LOSS,SL,-4.0,1.0,-5.0,-5.75,-4.05,-1.247,42.58,0.000778,5.3,1.31,5.4,1.15405,0.00052,1.154108,1.153331
2026-03-18 10:45:00,2026-03-18 11:40:00,BUY,1.15259,1.15384,1.15197,1.15384,0.00042,WIN,TP,12.5,1.0,11.5,10.78,12.48,1.84,40.54,0.000135,0.9,0.144,13.5,1.15259,0.0003,1.153437,1.153302
2026-03-18 11:55:00,2026-03-18 13:10:00,BUY,1.15354,1.15481,1.1529,1.15481,0.00042,WIN,TP,12.7,1.1,11.6,10.94,12.74,1.827,54.57,9.6e-05,2.7,0.424,13.8,1.15355,0.00036,1.153402,1.153305
2026-03-18 13:30:00,2026-03-18 14:30:00,BUY,1.15322,1.15228,1.15228,1.1551,0.00063,LOSS,SL,-9.4,1.0,-10.4,-11.09,-9.39,-1.106,42.06,0.00037,14.6,1.554,17.3,1.15321,0.00203,1.153822,1.153452
2026-03-18 14:40:00,2026-03-18 14:40:00,BUY,1.1526,1.15143,1.15143,1.15493,0.00078,LOSS,SL,-11.7,1.0,-12.7,-13.37,-11.67,-1.086,40.95,0.000195,12.8,1.097,3.0,1.1526,0.00071,1.153655,1.15346
2026-03-18 16:00:00,2026-03-18 16:05:00,SELL,1.15149,1.15268,1.15268,1.14911,0.00079,LOSS,SL,-11.9,1.0,-12.9,-13.58,-11.88,-1.084,49.42,-0.00081,12.5,1.053,1.8,1.15149,0.00087,1.152234,1.153044
2026-03-18 16:10:00,2026-03-18 17:05:00,SELL,1.15155,1.1528,1.1528,1.14906,0.00083,LOSS,SL,-12.5,1.0,-13.5,-14.16,-12.46,-1.08,49.6,-0.000814,14.0,1.124,12.6,1.15155,0.00122,1.152207,1.153021
2026-03-18 17:15:00,2026-03-18 20:35:00,SELL,1.1521,1.14993,1.15318,1.14993,0.00072,WIN,TP,21.7,1.0,20.7,19.95,21.65,1.908,56.07,-0.000927,5.8,0.536,27.0,1.1521,0.00075,1.151894,1.152821
2026-03-18 23:25:00,2026-03-18 23:40:00,SELL,1.14619,1.14704,1.14704,1.14449,0.00057,LOSS,SL,-8.5,2.7,-11.2,-11.88,-8.48,-1.318,45.54,-0.003061,9.8,1.156,2.7,1.14619,0.00086,1.147635,1.150696
2026-03-18 23:45:00,2026-03-19 00:10:00,SELL,1.14689,1.14522,1.14773,1.14522,0.00056,WIN,TP,16.7,2.6,14.1,13.44,16.74,1.689,55.8,-0.003049,1.0,0.119,16.8,1.14689,0.00087,1.147487,1.150536
2026-03-19 00:50:00,2026-03-19 01:40:00,SELL,1.14571,1.14641,1.14641,1.14431,0.00047,LOSS,SL,-7.0,1.2,-8.2,-8.88,-6.98,-1.172,45.5,-0.003188,8.5,1.218,2.1,1.14571,0.00029,1.146765,1.149953
2026-03-19 01:45:00,2026-03-19 02:00:00,SELL,1.14594,1.14658,1.14658,1.14466,0.00043,LOSS,SL,-6.4,1.0,-7.4,-8.08,-6.38,-1.157,48.78,-0.003049,9.1,1.426,2.2,1.14594,0.0007,1.14649,1.149538
2026-03-19 02:10:00,2026-03-19 02:55:00,SELL,1.14665,1.14727,1.14727,1.14541,0.00041,LOSS,SL,-6.2,1.0,-7.2,-7.9,-6.2,-1.161,56.77,-0.002896,7.8,1.259,2.9,1.14656,0.00039,1.146495,1.149391
2026-03-19 04:00:00,2026-03-19 04:05:00,SELL,1.14761,1.14822,1.14822,1.1464,0.0004,LOSS,SL,-6.1,1.0,-7.1,-7.75,-6.05,-1.165,56.45,-0.001914,13.6,2.247,4.4,1.1476,0.00056,1.147087,1.149001
2026-03-19 04:55:00,2026-03-19 06:10:00,SELL,1.14844,1.14707,1.14912,1.14707,0.00046,WIN,TP,13.7,1.1,12.6,11.88,13.68,1.839,57.19,-0.001308,1.5,0.219,13.9,1.14844,0.00041,1.147659,1.148967
2026-03-19 08:15:00,2026-03-19 08:35:00,SELL,1.14726,1.14621,1.14779,1.14621,0.00035,WIN,TP,10.5,1.0,9.5,8.8,10.5,1.81,56.46,-0.001211,4.2,0.8,11.0,1.14726,0.00067,1.147168,1.148379
2026-03-19 09:10:00,2026-03-19 10:00:00,SELL,1.14685,1.14504,1.14776,1.14504,0.0006,WIN,TP,18.1,1.0,17.1,16.4,18.1,1.89,51.2,-0.00123,6.8,0.751,18.6,1.14685,0.00177,1.146967,1.148197
2026-03-19 11:05:00,2026-03-19 11:20:00,SELL,1.14611,1.14713,1.14713,1.14407,0.00068,LOSS,SL,-10.2,1.0,-11.2,-11.88,-10.18,-1.098,54.56,-0.00156,18.5,1.818,0.4,1.14612,0.00109,1.146112,1.147672
2026-03-19 11:30:00,2026-03-19 11:45:00,SELL,1.14608,1.14731,1.14731,1.14363,0.00082,LOSS,SL,-12.3,1.0,-13.3,-13.97,-12.27,-1.081,50.81,-0.001408,16.3,1.328,0.7,1.14609,0.00185,1.146216,1.147624
2026-03-19 12:10:00,2026-03-19 14:40:00,SELL,1.14747,1.14866,1.14866,1.14509,0.00079,LOSS,SL,-11.9,1.0,-12.9,-13.62,-11.92,-1.084,58.53,-0.001065,15.1,1.267,12.3,1.14747,0.00052,1.146541,1.147605
2026-03-19 15:25:00,2026-03-19 15:50:00,SELL,1.14827,1.14965,1.14965,1.1455,0.00092,LOSS,SL,-13.8,1.0,-14.8,-15.54,-13.84,-1.072,51.79,-2e-06,36.0,2.602,13.4,1.14828,0.00218,1.147654,1.147656
2026-03-19 17:25:00,2026-03-19 17:45:00,BUY,1.15144,1.14992,1.14992,1.15449,0.00102,LOSS,SL,-15.2,1.0,-16.2,-16.94,-15.24,-1.066,54.33,0.001514,16.3,1.069,1.9,1.15145,0.00078,1.149901,1.148388
2026-03-19 17:50:00,2026-03-19 18:10:00,BUY,1.15061,1.15339,1.14922,1.15339,0.00093,WIN,TP,27.8,1.0,26.8,26.13,27.83,1.928,48.19,0.001529,2.5,0.18,31.7,1.15061,0.00083,1.150024,1.148495
2026-03-19 21:55:00,2026-03-20 03:45:00,BUY,1.15789,1.15654,1.15654,1.16059,0.0009,LOSS,SL,-13.5,1.0,-14.5,-15.21,-13.51,-1.074,54.71,0.00446,13.6,1.006,16.2,1.15789,0.00058,1.155824,1.151363
2026-03-20 04:35:00,2026-03-20 04:35:00,BUY,1.15667,1.15621,1.15621,1.1576,0.00031,LOSS,SL,-4.6,1.2,-5.8,-6.53,-4.63,-1.259,44.25,0.002325,5.0,1.079,0.2,1.15667,0.0003,1.157138,1.154813
2026-03-20 04:55:00,2026-03-20 05:00:00,BUY,1.15653,1.15609,1.15609,1.15741,0.00029,LOSS,SL,-4.4,1.2,-5.6,-6.29,-4.39,-1.274,44.6,0.002147,4.4,1.003,0.0,1.15653,0.00024,1.15702,1.154873
2026-03-20 06:40:00,2026-03-20 06:55:00,BUY,1.15586,1.15557,1.15557,1.15644,0.00019,LOSS,SL,-2.9,1.1,-4.0,-4.72,-2.92,-1.377,40.32,0.001298,4.5,1.542,1.1,1.15586,0.00014,1.156362,1.155064
2026-03-20 07:05:00,2026-03-20 07:35:00,BUY,1.15584,1.15551,1.15551,1.15651,0.00022,LOSS,SL,-3.3,1.1,-4.4,-5.14,-3.34,-1.329,45.55,0.001154,5.2,1.555,2.8,1.15584,0.00035,1.156251,1.155098
2026-03-20 07:45:00,2026-03-20 07:50:00,BUY,1.15561,1.15522,1.15522,1.15638,0.00026,LOSS,SL,-3.9,1.0,-4.9,-5.57,-3.87,-1.258,41.68,0.000965,4.8,1.24,0.5,1.15561,0.00022,1.156113,1.155148
2026-03-20 08:05:00,2026-03-20 09:05:00,BUY,1.15577,1.15663,1.15534,1.15663,0.00029,WIN,TP,8.6,1.2,7.4,6.69,8.59,1.721,50.59,0.000854,2.1,0.489,14.3,1.15577,0.00059,1.156013,1.155159
2026-03-20 10:50:00,2026-03-20 11:05:00,BUY,1.1569,1.1562,1.1562,1.15831,0.00047,LOSS,SL,-7.0,1.0,-8.0,-8.75,-7.05,-1.142,48.15,0.001102,7.2,1.022,5.8,1.1569,0.00068,1.156745,1.155643
2026-03-20 11:10:00,2026-03-20 11:30:00,BUY,1.15687,1.15611,1.15611,1.15839,0.00051,LOSS,SL,-7.6,1.0,-8.6,-9.29,-7.59,-1.132,48.69,0.001062,8.5,1.12,4.1,1.15687,0.00069,1.156749,1.155687
2026-03-20 11:35:00,2026-03-20 11:40:00,BUY,1.15633,1.15559,1.15559,1.1578,0.00049,LOSS,SL,-7.4,1.0,-8.4,-9.07,-7.37,-1.136,41.07,0.000981,8.0,1.086,0.0,1.15633,0.00067,1.15671,1.155728
2026-03-20 12:40:00,2026-03-20 13:10:00,BUY,1.15511,1.15678,1.15427,1.15678,0.00056,WIN,TP,16.7,1.0,15.7,15.02,16.72,1.88,44.83,0.000288,0.6,0.072,18.4,1.15511,0.00059,1.155895,1.155607
2026-03-20 14:05:00,2026-03-20 15:05:00,BUY,1.15669,1.15584,1.15584,1.15838,0.00056,LOSS,SL,-8.5,1.0,-9.5,-10.17,-8.47,-1.118,52.74,0.000558,13.3,1.571,12.8,1.15669,0.00066,1.15634,1.155782
2026-03-20 15:15:00,2026-03-20 15:50:00,BUY,1.15577,1.15488,1.15488,1.15755,0.00059,LOSS,SL,-8.9,1.0,-9.9,-10.58,-8.88,-1.113,40.36,0.000618,16.3,1.836,1.9,1.15577,0.00051,1.156546,1.155929
2026-03-20 17:15:00,2026-03-20 18:10:00,SELL,1.15475,1.15581,1.15581,1.15264,0.0007,LOSS,SL,-10.6,1.0,-11.6,-12.26,-10.56,-1.095,53.99,-0.000568,11.2,1.061,9.7,1.15475,0.00114,1.154976,1.155544
2026-03-20 18:30:00,2026-03-20 19:30:00,SELL,1.15587,1.15699,1.15699,1.15363,0.00075,LOSS,SL,-11.2,1.1,-12.3,-13.02,-11.22,-1.098,59.61,-0.000441,11.8,1.052,9.7,1.15587,0.00047,1.15503,1.15547
2026-03-20 19:35:00,2026-03-23 00:00:00,SELL,1.15624,1.15408,1.15732,1.15408,0.00072,WIN,TP,21.6,1.0,20.6,19.94,21.64,1.908,57.03,-5.5e-05,9.3,0.86,21.9,1.15624,0.00097,1.155498,1.155554
2026-03-23 00:10:00,2026-03-23 02:35:00,BUY,1.15551,1.15446,1.15446,1.1576,0.0007,LOSS,SL,-10.5,1.0,-11.5,-12.15,-10.45,-1.096,45.13,0.0002,12.1,1.158,9.5,1.15549,0.00066,1.155883,1.155683
2026-03-23 03:05:00,2026-03-23 03:15:00,SELL,1.15514,1.15603,1.15603,1.15337,0.00059,LOSS,SL,-8.9,1.0,-9.9,-10.57,-8.87,-1.113,47.18,-6.6e-05,9.4,1.059,2.6,1.15516,0.00077,1.155593,1.15566
2026-03-23 03:20:00,2026-03-23 04:35:00,SELL,1.15595,1.15431,1.15677,1.15431,0.00055,WIN,TP,16.4,1.1,15.3,14.63,16.43,1.866,55.74,-4.9e-05,2.1,0.256,16.5,1.15595,0.0003,1.155614,1.155663
2026-03-23 05:30:00,2026-03-23 07:45:00,SELL,1.15477,1.15359,1.15536,1.15359,0.00039,WIN,TP,11.8,1.0,10.8,10.06,11.76,1.83,45.76,-0.000321,4.7,0.799,12.9,1.15477,0.00029,1.155209,1.15553
2026-03-23 09:05:00,2026-03-23 09:35:00,SELL,1.15334,1.15398,1.15398,1.15206,0.00043,LOSS,SL,-6.4,1.0,-7.4,-8.12,-6.42,-1.156,49.58,-0.001083,6.8,1.059,10.2,1.15334,0.00043,1.153877,1.15496
2026-03-23 09:40:00,2026-03-23 10:25:00,SELL,1.15368,1.15448,1.15448,1.15209,0.00053,LOSS,SL,-8.0,1.0,-9.0,-9.67,-7.97,-1.125,55.86,-0.001145,8.5,1.066,12.1,1.15368,0.00108,1.15369,1.154835
2026-03-23 10:35:00,2026-03-23 11:15:00,SELL,1.15395,1.15217,1.15484,1.15217,0.00059,WIN,TP,17.8,1.0,16.8,16.09,17.79,1.888,56.72,-0.00105,0.1,0.011,21.2,1.15396,0.00074,1.153651,1.154701
2026-03-23 14:00:00,2026-03-23 14:40:00,SELL,1.15564,1.15872,1.15872,1.14949,0.00205,LOSS,SL,-30.8,1.0,-31.8,-32.46,-30.76,-1.033,57.66,-0.000744,44.7,1.453,10.7,1.15564,0.00225,1.153188,1.153932
2026-03-23 17:20:00,2026-03-23 17:45:00,BUY,1.16154,1.15967,1.15967,1.16528,0.00125,LOSS,SL,-18.7,1.0,-19.7,-20.38,-18.68,-1.054,54.03,0.003249,21.5,1.151,6.3,1.16154,0.00088,1.159246,1.155997
2026-03-23 17:50:00,2026-03-23 18:00:00,BUY,1.1599,1.15812,1.15812,1.16346,0.00119,LOSS,SL,-17.8,1.0,-18.8,-19.51,-17.81,-1.056,43.48,0.00326,19.3,1.083,2.0,1.15989,0.00078,1.159525,1.156265
2026-03-23 18:35:00,2026-03-23 20:30:00,BUY,1.15894,1.16208,1.15737,1.16208,0.00105,WIN,TP,31.4,1.0,30.4,29.73,31.43,1.936,45.28,0.002727,4.0,0.255,37.8,1.15894,0.00117,1.159172,1.156445
2026-03-23 21:30:00,2026-03-24 01:45:00,BUY,1.16172,1.16063,1.16063,1.16389,0.00072,LOSS,SL,-10.9,1.1,-12.0,-12.67,-10.87,-1.101,51.25,0.003051,11.6,1.067,2.1,1.16172,0.00077,1.160847,1.157795
2026-03-24 02:00:00,2026-03-24 02:00:00,BUY,1.16079,1.16027,1.16027,1.16182,0.00034,LOSS,SL,-5.2,1.1,-6.3,-6.96,-5.16,-1.213,40.08,0.001931,7.2,1.394,0.7,1.16079,0.0003,1.161171,1.15924
2026-03-24 03:10:00,2026-03-24 03:30:00,BUY,1.15924,1.15853,1.15853,1.16066,0.00047,LOSS,SL,-7.1,1.0,-8.1,-8.79,-7.09,-1.141,40.78,0.001078,8.8,1.241,3.5,1.15924,0.0004,1.160315,1.159237
2026-03-24 04:05:00,2026-03-24 06:05:00,BUY,1.15864,1.15796,1.15796,1.16001,0.00046,LOSS,SL,-6.8,1.0,-7.8,-8.54,-6.84,-1.146,42.19,0.000516,7.9,1.156,5.9,1.15865,0.00033,1.159683,1.159167
2026-03-24 06:50:00,2026-03-24 07:45:00,SELL,1.15826,1.15874,1.15874,1.15729,0.00032,LOSS,SL,-4.8,1.2,-6.0,-6.74,-4.84,-1.248,49.48,-0.000297,6.5,1.344,7.7,1.15823,0.00034,1.158643,1.15894
2026-03-24 07:55:00,2026-03-24 08:55:00,SELL,1.15855,1.15907,1.15907,1.1575,0.00035,LOSS,SL,-5.2,1.0,-6.2,-6.94,-5.24,-1.191,57.27,-0.000376,6.8,1.299,6.5,1.15855,0.00037,1.158472,1.158849
2026-03-24 10:15:00,2026-03-24 10:50:00,BUY,1.16007,1.15903,1.15903,1.16215,0.00069,LOSS,SL,-10.4,1.0,-11.4,-12.09,-10.39,-1.096,52.74,0.000353,19.0,1.829,3.8,1.16007,0.00087,1.159389,1.159037
2026-03-24 10:55:00,2026-03-24 11:15:00,BUY,1.15896,1.15792,1.15792,1.16104,0.00069,LOSS,SL,-10.4,1.0,-11.4,-12.12,-10.42,-1.096,42.18,0.000309,11.6,1.113,4.3,1.15896,0.00131,1.159368,1.159058
2026-03-24 11:30:00,2026-03-24 15:05:00,BUY,1.15849,1.15743,1.15743,1.16061,0.00071,LOSS,SL,-10.6,1.0,-11.6,-12.32,-10.62,-1.094,41.19,0.000149,17.0,1.601,15.6,1.15849,0.00049,1.159176,1.159027
2026-03-24 16:00:00,2026-03-24 16:05:00,SELL,1.15766,1.15882,1.15882,1.15535,0.00077,LOSS,SL,-11.6,1.0,-12.6,-13.26,-11.56,-1.086,47.16,-0.000454,13.7,1.185,0.0,1.15774,0.00055,1.158393,1.158847
2026-03-24 16:10:00,2026-03-24 16:50:00,SELL,1.15898,1.16016,1.16016,1.15661,0.00079,LOSS,SL,-11.8,1.0,-12.8,-13.54,-11.84,-1.084,58.44,-0.000422,17.3,1.461,6.8,1.15898,0.00095,1.158424,1.158846
2026-03-24 17:00:00,2026-03-24 19:05:00,SELL,1.15895,1.15622,1.16032,1.15622,0.00091,WIN,TP,27.3,1.0,26.3,25.65,27.35,1.927,52.62,-0.000218,7.7,0.563,32.5,1.15893,0.00219,1.158655,1.158873
2026-03-24 20:00:00,2026-03-24 20:35:00,SELL,1.15761,1.15876,1.15876,1.15531,0.00077,LOSS,SL,-11.5,1.0,-12.5,-13.18,-11.48,-1.087,50.49,-0.000662,15.9,1.385,8.9,1.1576,0.00183,1.157922,1.158583
2026-03-24 20:45:00,2026-03-24 22:20:00,SELL,1.15856,1.15965,1.15965,1.15638,0.00073,LOSS,SL,-10.9,1.1,-12.0,-12.71,-10.91,-1.101,58.1,-0.000612,34.1,3.124,7.5,1.15857,0.00077,1.157906,1.158518
2026-03-24 23:30:00,2026-03-25 02:10:00,BUY,1.16036,1.16234,1.15937,1.16234,0.00066,WIN,TP,19.8,2.3,17.5,16.78,19.78,1.767,54.76,0.000466,2.0,0.202,23.7,1.16026,0.00024,1.159276,1.158809
2026-03-25 03:05:00,2026-03-25 03:55:00,BUY,1.16196,1.16121,1.16121,1.16346,0.0005,LOSS,SL,-7.5,1.0,-8.5,-9.18,-7.48,-1.134,50.85,0.001566,7.9,1.056,4.8,1.16196,0.00059,1.161355,1.159789
2026-03-25 05:40:00,2026-03-25 06:05:00,BUY,1.16041,1.15987,1.15987,1.16148,0.00036,LOSS,SL,-5.4,1.1,-6.5,-7.17,-5.37,-1.205,41.33,0.000847,7.5,1.398,0.3,1.16041,0.00028,1.160939,1.160092
2026-03-25 06:25:00,2026-03-25 06:45:00,BUY,1.16036,1.15986,1.15986,1.16136,0.00033,LOSS,SL,-5.0,1.2,-6.2,-6.88,-4.98,-1.241,46.15,0.000621,6.2,1.245,0.5,1.16036,0.00027,1.160725,1.160104
2026-03-25 07:35:00,2026-03-25 07:45:00,BUY,1.15971,1.15927,1.15927,1.16059,0.00029,LOSS,SL,-4.4,1.1,-5.5,-6.18,-4.38,-1.251,43.07,0.000227,6.5,1.485,1.0,1.15971,0.00031,1.160281,1.160053
2026-03-25 08:05:00,2026-03-25 08:05:00,BUY,1.15937,1.15884,1.15884,1.16043,0.00035,LOSS,SL,-5.3,1.0,-6.3,-7.0,-5.3,-1.189,41.03,6.5e-05,6.9,1.302,0.8,1.15937,0.00048,1.160076,1.160011
2026-03-25 08:35:00,2026-03-25 08:50:00,SELL,1.15932,1.15982,1.15982,1.15831,0.00034,LOSS,SL,-5.0,1.2,-6.2,-6.93,-5.03,-1.239,46.23,-9e-05,6.6,1.312,2.1,1.15932,0.00034,1.159867,1.159957
2026-03-25 08:55:00,2026-03-25 09:05:00,SELL,1.1595,1.16005,1.16005,1.15841,0.00036,LOSS,SL,-5.5,1.2,-6.7,-7.37,-5.47,-1.219,49.85,-0.000125,5.8,1.06,0.9,1.1595,0.00053,1.159815,1.15994
2026-03-25 09:10:00,2026-03-25 09:10:00,SELL,1.15965,1.16024,1.16024,1.15847,0.00039,LOSS,SL,-5.9,1.0,-6.9,-7.6,-5.9,-1.169,52.17,-0.00013,6.2,1.051,0.3,1.15965,0.00043,1.159803,1.159933
2026-03-25 09:25:00,2026-03-25 10:10:00,SELL,1.15989,1.16054,1.16054,1.1586,0.00043,LOSS,SL,-6.5,1.1,-7.6,-8.27,-6.47,-1.17,54.24,-0.000102,9.4,1.453,11.4,1.15989,0.0007,1.159836,1.159938
2026-03-25 10:55:00,2026-03-25 11:25:00,BUY,1.16047,1.15959,1.15959,1.16222,0.00058,LOSS,SL,-8.8,1.0,-9.8,-10.46,-8.76,-1.114,51.65,0.00016,9.2,1.05,4.6,1.16047,0.00068,1.160173,1.160014
2026-03-25 11:30:00,2026-03-25 14:20:00,BUY,1.15971,1.15887,1.15887,1.16138,0.00056,LOSS,SL,-8.4,1.1,-9.5,-10.16,-8.36,-1.132,41.64,0.00015,10.3,1.232,16.2,1.15971,0.00041,1.160176,1.160026
2026-03-25 14:30:00,2026-03-25 15:20:00,BUY,1.15953,1.15858,1.15858,1.16142,0.00063,LOSS,SL,-9.5,1.0,-10.5,-11.17,-9.47,-1.106,41.51,0.000151,10.5,1.109,3.4,1.15953,0.00049,1.160231,1.160079
2026-03-25 16:20:00,2026-03-25 18:05:00,SELL,1.15813,1.15604,1.15918,1.15604,0.0007,WIN,TP,20.9,1.0,19.9,19.22,20.92,1.904,45.71,-0.000675,7.9,0.755,23.7,1.15813,0.00071,1.15907,1.159745
2026-03-25 18:25:00,2026-03-25 19:40:00,SELL,1.15728,1.15837,1.15837,1.15511,0.00072,LOSS,SL,-10.9,1.0,-11.9,-12.56,-10.86,-1.092,50.02,-0.001329,10.9,1.003,8.3,1.15728,0.00118,1.15788,1.159208
2026-03-25 19:55:00,2026-03-25 21:10:00,SELL,1.15769,1.15595,1.15856,1.15595,0.00058,WIN,TP,17.4,1.0,16.4,15.66,17.36,1.885,54.54,-0.001278,5.4,0.622,18.3,1.15769,0.00071,1.157618,1.158896
2026-03-25 23:15:00,2026-03-26 02:05:00,SELL,1.15602,1.1564,1.1564,1.15526,0.00025,LOSS,SL,-3.8,1.9,-5.7,-6.4,-3.8,-1.501,45.36,-0.001564,4.3,1.133,5.2,1.15602,0.00031,1.156528,1.158092
2026-03-26 02:20:00,2026-03-26 02:40:00,SELL,1.1562,1.15552,1.15654,1.15552,0.00023,WIN,TP,6.8,1.0,5.8,5.1,6.8,1.706,54.5,-0.001295,2.6,0.765,7.7,1.1562,0.00028,1.156158,1.157454
2026-03-26 03:00:00,2026-03-26 03:00:00,SELL,1.15581,1.15626,1.15626,1.15491,0.0003,LOSS,SL,-4.5,1.0,-5.5,-6.2,-4.5,-1.222,46.54,-0.001274,7.5,1.667,0.1,1.15581,0.00037,1.15605,1.157325
2026-03-26 03:05:00,2026-03-26 04:35:00,SELL,1.15638,1.15545,1.15684,1.15545,0.00031,WIN,TP,9.3,1.1,8.2,7.5,9.3,1.763,59.47,-0.001252,3.1,0.667,9.5,1.15638,0.00076,1.156063,1.157315
2026-03-26 04:50:00,2026-03-26 05:20:00,SELL,1.15599,1.15642,1.15642,1.15512,0.00029,LOSS,SL,-4.3,1.2,-5.5,-6.23,-4.33,-1.277,46.71,-0.000967,5.4,1.248,2.4,1.15599,0.00026,1.156142,1.15711
2026-03-26 05:25:00,2026-03-26 05:30:00,SELL,1.15648,1.15692,1.15692,1.15559,0.0003,LOSS,SL,-4.4,1.1,-5.5,-6.24,-4.44,-1.248,58.99,-0.000907,4.6,1.036,1.6,1.15648,0.00029,1.156134,1.157041
2026-03-26 06:05:00,2026-03-26 06:30:00,SELL,1.15675,1.15713,1.15713,1.15599,0.00025,LOSS,SL,-3.8,1.0,-4.8,-5.52,-3.82,-1.262,59.69,-0.00071,4.8,1.257,0.2,1.15675,0.00018,1.156312,1.157021
2026-03-26 07:00:00,2026-03-26 07:25:00,SELL,1.15688,1.1562,1.15722,1.1562,0.00023,WIN,TP,6.8,1.2,5.6,4.87,6.77,1.645,56.2,-0.000465,0.9,0.266,8.1,1.1569,0.00027,1.156553,1.157018
2026-03-26 08:55:00,2026-03-26 09:50:00,SELL,1.15627,1.15514,1.15684,1.15514,0.00038,WIN,TP,11.3,1.0,10.3,9.62,11.32,1.823,53.39,-0.000589,4.3,0.76,13.0,1.15627,0.00054,1.156241,1.15683
2026-03-26 10:20:00,2026-03-26 11:10:00,SELL,1.15576,1.15646,1.15646,1.15436,0.00047,LOSS,SL,-7.0,1.0,-8.0,-8.68,-6.98,-1.143,51.12,-0.000728,7.2,1.032,6.1,1.15576,0.00069,1.155913,1.156641
2026-03-26 11:15:00,2026-03-26 13:25:00,SELL,1.15605,1.15453,1.15681,1.15453,0.00051,WIN,TP,15.2,1.0,14.2,13.54,15.24,1.869,54.85,-0.000661,4.6,0.604,18.2,1.15605,0.00059,1.155897,1.156559
2026-03-26 15:00:00,2026-03-26 15:15:00,SELL,1.1535,1.15428,1.15428,1.15194,0.00052,LOSS,SL,-7.8,1.0,-8.8,-9.52,-7.82,-1.128,46.82,-0.001442,9.4,1.203,0.3,1.1535,0.00062,1.154371,1.155813
2026-03-26 15:20:00,2026-03-26 15:40:00,SELL,1.15414,1.15491,1.15491,1.15261,0.00051,LOSS,SL,-7.7,1.1,-8.8,-9.46,-7.66,-1.144,54.83,-0.001433,8.1,1.058,4.7,1.15414,0.00055,1.154307,1.155739
2026-03-26 15:50:00,2026-03-26 16:30:00,SELL,1.15447,1.15535,1.15535,1.1527,0.00059,LOSS,SL,-8.8,1.0,-9.8,-10.54,-8.84,-1.113,56.25,-0.001346,9.4,1.063,9.2,1.15447,0.00092,1.154311,1.155657
2026-03-26 16:45:00,2026-03-26 21:25:00,SELL,1.15431,1.15221,1.15536,1.15221,0.0007,WIN,TP,21.0,1.0,20.0,19.28,20.98,1.905,49.06,-0.001125,8.6,0.82,21.3,1.15428,0.0014,1.154421,1.155547
2026-03-26 22:25:00,2026-03-27 07:05:00,SELL,1.1535,1.15447,1.15447,1.15155,0.00065,LOSS,SL,-9.7,1.0,-10.7,-11.44,-9.74,-1.103,55.58,-0.001287,10.0,1.026,17.2,1.1535,0.00096,1.153141,1.154428
2026-03-27 07:25:00,2026-03-27 07:45:00,SELL,1.15413,1.15452,1.15452,1.15335,0.00026,LOSS,SL,-3.9,1.2,-5.1,-5.8,-3.9,-1.308,52.99,-4.7e-05,4.8,1.231,4.2,1.15414,0.00044,1.1539,1.153947
2026-03-27 07:50:00,2026-03-27 08:30:00,SELL,1.15439,1.15358,1.1548,1.15358,0.00027,WIN,TP,8.1,1.2,6.9,6.22,8.12,1.704,59.59,-1e-05,1.3,0.32,9.0,1.15439,0.00039,1.153947,1.153958
2026-03-27 08:35:00,2026-03-27 08:55:00,BUY,1.15375,1.1533,1.1533,1.15465,0.0003,LOSS,SL,-4.5,1.2,-5.7,-6.41,-4.51,-1.266,41.87,1.4e-05,4.7,1.042,0.9,1.15375,0.00049,1.153981,1.153968
2026-03-27 11:25:00,2026-03-27 13:05:00,SELL,1.15212,1.15081,1.15278,1.15081,0.00044,WIN,TP,13.1,1.0,12.1,11.42,13.12,1.848,46.44,-0.000819,4.8,0.732,13.3,1.15212,0.00053,1.152694,1.153513
2026-03-27 14:25:00,2026-03-27 14:45:00,SELL,1.1509,1.15157,1.15157,1.14956,0.00045,LOSS,SL,-6.7,1.0,-7.7,-8.38,-6.68,-1.15,45.26,-0.001304,9.0,1.347,3.5,1.1509,0.00055,1.15157,1.152875
2026-03-27 14:50:00,2026-03-27 15:20:00,SELL,1.15147,1.15215,1.15215,1.15011,0.00045,LOSS,SL,-6.8,1.0,-7.8,-8.52,-6.82,-1.147,56.01,-0.001296,12.1,1.773,1.6,1.15147,0.00043,1.151494,1.15279
2026-03-27 15:35:00,2026-03-27 15:35:00,SELL,1.15192,1.15272,1.15272,1.15032,0.00053,LOSS,SL,-8.0,1.0,-9.0,-9.68,-7.98,-1.125,56.43,-0.001092,8.4,1.052,2.1,1.15192,0.00082,1.151621,1.152713
2026-03-27 15:55:00,2026-03-27 16:15:00,SELL,1.15249,1.15332,1.15332,1.15083,0.00055,LOSS,SL,-8.3,1.0,-9.3,-10.01,-8.31,-1.12,57.75,-0.000917,9.3,1.12,2.9,1.15246,0.00075,1.151801,1.152718
2026-03-27 16:30:00,2026-03-27 17:20:00,SELL,1.15276,1.15365,1.15365,1.15097,0.0006,LOSS,SL,-8.9,1.1,-10.0,-10.73,-8.93,-1.123,55.59,-0.000648,17.4,1.948,3.1,1.15276,0.00082,1.152085,1.152734
2026-03-27 17:25:00,2026-03-27 17:30:00,SELL,1.15344,1.15442,1.15442,1.15147,0.00066,LOSS,SL,-9.8,1.0,-10.8,-11.53,-9.83,-1.102,59.3,-0.000342,13.4,1.363,2.1,1.15343,0.00205,1.152423,1.152765
2026-03-27 17:40:00,2026-03-27 17:55:00,SELL,1.15389,1.1518,1.15494,1.1518,0.0007,WIN,TP,20.9,1.0,19.9,19.2,20.9,1.904,59.94,-0.000197,1.1,0.105,21.8,1.15389,0.0008,1.152606,1.152802
2026-03-27 18:05:00,2026-03-30 00:00:00,SELL,1.15251,1.15031,1.15361,1.15031,0.00073,WIN,TP,22.0,1.0,21.0,20.32,22.02,1.909,46.05,-0.000158,3.9,0.354,32.2,1.15251,0.0009,1.152646,1.152805
2026-03-30 02:25:00,2026-03-30 03:15:00,SELL,1.14934,1.1499,1.1499,1.14822,0.00037,LOSS,SL,-5.6,1.3,-6.9,-7.6,-5.6,-1.232,45.22,-0.00144,12.4,2.216,6.8,1.14934,0.00025,1.150072,1.151512
2026-03-30 04:20:00,2026-03-30 05:40:00,SELL,1.15062,1.1512,1.1512,1.14946,0.00039,LOSS,SL,-5.8,1.2,-7.0,-7.72,-5.82,-1.206,59.1,-0.001051,7.0,1.203,5.0,1.15062,0.00039,1.150173,1.151224
2026-03-30 05:55:00,2026-03-30 06:05:00,SELL,1.15093,1.15144,1.15144,1.14992,0.00034,LOSS,SL,-5.1,1.2,-6.3,-6.96,-5.06,-1.237,55.87,-0.000663,6.5,1.284,0.0,1.15093,0.00065,1.150469,1.151132
2026-03-30 06:50:00,2026-03-30 07:25:00,SELL,1.15155,1.15198,1.15198,1.15068,0.00029,LOSS,SL,-4.3,1.2,-5.5,-6.24,-4.34,-1.276,59.76,-0.000317,5.6,1.29,1.4,1.15155,0.00033,1.150859,1.151176
2026-03-30 07:50:00,2026-03-30 10:00:00,SELL,1.15162,1.1508,1.15203,1.1508,0.00027,WIN,TP,8.2,1.1,7.1,6.43,8.23,1.733,53.76,-5.2e-05,3.8,0.924,11.3,1.15162,0.00048,1.151184,1.151236
2026-03-30 12:45:00,2026-03-30 15:10:00,SELL,1.1494,1.14789,1.15016,1.14789,0.0005,WIN,TP,15.1,1.1,14.0,13.31,15.11,1.854,48.45,-0.000848,6.3,0.834,19.3,1.1494,0.00059,1.149943,1.150791
2026-03-30 15:40:00,2026-03-30 16:40:00,SELL,1.14846,1.14684,1.14927,1.14684,0.00054,WIN,TP,16.2,1.0,15.2,14.48,16.18,1.876,46.35,-0.001188,4.3,0.531,18.3,1.14845,0.00058,1.149038,1.150226
2026-03-30 17:55:00,2026-03-30 18:10:00,SELL,1.1468,1.14522,1.14759,1.14522,0.00053,WIN,TP,15.8,1.0,14.8,14.07,15.77,1.873,47.0,-0.001859,0.9,0.114,22.5,1.1468,0.00049,1.147624,1.149483
2026-03-30 18:45:00,2026-03-31 00:00:00,SELL,1.14576,1.14662,1.14662,1.14403,0.00058,LOSS,SL,-8.6,1.0,-9.6,-10.34,-8.64,-1.116,45.11,-0.002197,10.3,1.192,10.8,1.14576,0.00053,1.146901,1.149099
2026-03-31 00:10:00,2026-03-31 00:35:00,SELL,1.1458,1.14631,1.14631,1.14479,0.00034,LOSS,SL,-5.1,2.1,-7.2,-7.87,-5.07,-1.414,46.72,-0.001571,7.6,1.5,3.1,1.1458,0.00036,1.145989,1.14756
2026-03-31 00:50:00,2026-03-31 02:05:00,SELL,1.1463,1.14536,1.14677,1.14536,0.00031,WIN,TP,9.4,2.2,7.2,6.53,9.43,1.533,57.17,-0.001432,2.7,0.573,10.6,1.1463,0.00032,1.146011,1.147444
2026-03-31 02:45:00,2026-03-31 03:15:00,SELL,1.14567,1.14496,1.14602,1.14496,0.00024,WIN,TP,7.1,1.3,5.8,5.07,7.07,1.632,46.87,-0.001233,2.6,0.736,7.2,1.14567,0.00023,1.145889,1.147122
2026-03-31 03:40:00,2026-03-31 03:45:00,SELL,1.14583,1.14642,1.14642,1.14466,0.00039,LOSS,SL,-5.9,1.0,-6.9,-7.55,-5.85,-1.171,55.5,-0.001234,15.7,2.682,2.2,1.14583,0.00114,1.145706,1.146941
2026-03-31 05:00:00,2026-03-31 08:10:00,SELL,1.14759,1.14631,1.14823,1.14631,0.00043,WIN,TP,12.8,1.1,11.7,10.95,12.75,1.827,55.7,-0.000324,3.7,0.58,13.3,1.14759,0.00048,1.146753,1.147078
2026-03-31 08:25:00,2026-03-31 09:55:00,SELL,1.14678,1.14723,1.14723,1.14588,0.0003,LOSS,SL,-4.5,1.2,-5.7,-6.38,-4.48,-1.268,45.11,-9.3e-05,6.5,1.452,7.7,1.14678,0.00031,1.147014,1.147108
2026-03-31 10:00:00,2026-03-31 13:45:00,SELL,1.14716,1.14601,1.14773,1.14601,0.00038,WIN,TP,11.5,1.0,10.5,9.77,11.47,1.826,57.85,-0.000168,4.1,0.715,13.3,1.1472,0.00036,1.146875,1.147044
2026-03-31 14:20:00,2026-03-31 14:25:00,SELL,1.14642,1.1471,1.1471,1.14506,0.00045,LOSS,SL,-6.8,1.0,-7.8,-8.51,-6.81,-1.147,48.81,-0.000285,20.9,3.067,1.5,1.14641,0.00059,1.146611,1.146895
2026-03-31 17:45:00,2026-03-31 19:40:00,BUY,1.15188,1.15417,1.15074,1.15417,0.00076,WIN,TP,22.9,1.0,21.9,21.17,22.87,1.913,51.96,0.002265,8.1,0.708,40.7,1.15188,0.00087,1.15052,1.148255
2026-03-31 21:00:00,2026-04-01 02:25:00,BUY,1.15397,1.15652,1.1527,1.15652,0.00085,WIN,TP,25.5,1.1,24.4,23.7,25.5,1.914,49.66,0.003181,2.1,0.165,28.0,1.15398,0.0013,1.153105,1.149924
2026-04-01 04:15:00,2026-04-01 04:20:00,BUY,1.15655,1.15594,1.15594,1.15776,0.0004,LOSS,SL,-6.1,1.1,-7.2,-7.86,-6.06,-1.182,44.67,0.002975,7.9,1.304,0.0,1.15655,0.00038,1.156392,1.153417
2026-04-01 04:30:00,2026-04-01 04:35:00,BUY,1.15637,1.15571,1.15571,1.15769,0.00044,LOSS,SL,-6.6,1.2,-7.8,-8.48,-6.58,-1.182,45.0,0.002864,7.6,1.156,1.7,1.15637,0.00055,1.156361,1.153497
2026-04-01 04:55:00,2026-04-01 08:30:00,BUY,1.15608,1.15733,1.15546,1.15733,0.00042,WIN,TP,12.5,1.2,11.3,10.56,12.46,1.807,44.39,0.002655,2.4,0.385,13.2,1.15608,0.0005,1.156266,1.153611
2026-04-01 09:00:00,2026-04-01 09:05:00,BUY,1.1568,1.1563,1.1563,1.15779,0.00033,LOSS,SL,-5.0,1.0,-6.0,-6.66,-4.96,-1.201,49.06,0.001861,6.1,1.229,2.6,1.15676,0.00067,1.156626,1.154766
2026-04-01 09:10:00,2026-04-01 09:20:00,BUY,1.15651,1.15753,1.156,1.15753,0.00034,WIN,TP,10.2,1.0,9.2,8.53,10.23,1.804,43.6,0.001818,0.1,0.02,13.3,1.15651,0.00043,1.156618,1.1548
2026-04-01 10:50:00,2026-04-01 11:30:00,BUY,1.1579,1.15999,1.15686,1.15999,0.0007,WIN,TP,20.9,1.0,19.9,19.19,20.89,1.904,46.72,0.002201,2.4,0.23,29.8,1.1579,0.00216,1.157666,1.155465
2026-04-01 12:00:00,2026-04-01 12:20:00,BUY,1.15965,1.15854,1.15854,1.16187,0.00074,LOSS,SL,-11.1,1.0,-12.1,-12.78,-11.08,-1.09,54.97,0.002518,11.1,1.002,6.1,1.15965,0.00099,1.158518,1.156
2026-04-01 12:25:00,2026-04-01 14:55:00,BUY,1.15868,1.16079,1.15763,1.16079,0.0007,WIN,TP,21.1,1.0,20.1,19.39,21.09,1.905,44.65,0.002487,7.2,0.683,23.1,1.15868,0.00045,1.158645,1.156158
2026-04-01 15:20:00,2026-04-01 15:25:00,BUY,1.16012,1.1594,1.1594,1.16157,0.00048,LOSS,SL,-7.2,1.0,-8.2,-8.93,-7.23,-1.138,50.3,0.00244,7.4,1.023,1.5,1.16012,0.00067,1.159702,1.157262
2026-04-01 15:30:00,2026-04-01 15:40:00,BUY,1.1596,1.16115,1.15882,1.16115,0.00052,WIN,TP,15.5,1.0,14.5,13.83,15.53,1.871,40.9,0.002397,2.3,0.296,22.1,1.1596,0.00063,1.159709,1.157312
2026-04-01 15:50:00,2026-04-01 17:55:00,BUY,1.16059,1.16268,1.15955,1.16268,0.0007,WIN,TP,20.9,1.0,19.9,19.19,20.89,1.904,54.7,0.002399,7.8,0.747,20.9,1.1606,0.00195,1.15984,1.157441
2026-04-01 18:10:00,2026-04-01 18:30:00,BUY,1.16166,1.16057,1.16057,1.16383,0.00072,LOSS,SL,-10.9,1.0,-11.9,-12.57,-10.87,-1.092,53.43,0.002539,11.8,1.086,1.3,1.16166,0.00061,1.16094,1.158402
2026-04-01 18:35:00,2026-04-01 20:30:00,BUY,1.16094,1.15993,1.15993,1.16297,0.00068,LOSS,SL,-10.1,1.0,-11.1,-11.83,-10.13,-1.099,45.23,0.002444,11.4,1.126,14.0,1.16094,0.00048,1.160981,1.158537
2026-04-01 20:40:00,2026-04-01 20:55:00,BUY,1.16034,1.15951,1.15951,1.162,0.00055,LOSS,SL,-8.3,1.0,-9.3,-10.01,-8.31,-1.12,40.93,0.001923,10.9,1.312,4.0,1.16034,0.00069,1.161017,1.159094
2026-04-01 22:30:00,2026-04-02 03:55:00,BUY,1.15831,1.15975,1.15759,1.15975,0.00048,WIN,TP,14.4,1.0,13.4,12.66,14.36,1.861,40.21,0.000561,2.7,0.376,14.7,1.15831,0.00043,1.159565,1.159004
2026-04-02 04:05:00,2026-04-02 04:05:00,BUY,1.15896,1.15834,1.15834,1.16021,0.00042,LOSS,SL,-6.2,1.0,-7.2,-7.93,-6.23,-1.16,45.1,0.00014,10.4,1.669,0.0,1.15896,0.00145,1.159148,1.159009
2026-04-02 04:10:00,2026-04-02 04:10:00,BUY,1.15876,1.16031,1.15799,1.16031,0.00052,WIN,TP,15.5,1.0,14.5,13.75,15.45,1.871,41.38,0.000127,0.2,0.026,17.9,1.15876,0.00104,1.159133,1.159006
2026-04-02 04:15:00,2026-04-02 04:15:00,BUY,1.1591,1.15805,1.15805,1.16121,0.0007,LOSS,SL,-10.5,1.0,-11.5,-12.23,-10.53,-1.095,49.08,0.000125,27.4,2.602,3.9,1.1591,0.00181,1.159132,1.159007
2026-04-02 09:40:00,2026-04-02 10:00:00,SELL,1.15297,1.15365,1.15365,1.15161,0.00045,LOSS,SL,-6.8,1.0,-7.8,-8.49,-6.79,-1.147,48.42,-0.002751,7.2,1.06,1.6,1.15297,0.00054,1.153824,1.156575
2026-04-02 10:05:00,2026-04-02 10:40:00,SELL,1.15334,1.1519,1.15406,1.1519,0.00048,WIN,TP,14.4,1.0,13.4,12.71,14.41,1.861,53.49,-0.002692,4.4,0.611,14.7,1.15334,0.00044,1.153721,1.156413
2026-04-02 10:50:00,2026-04-02 13:15:00,SELL,1.15307,1.15136,1.15392,1.15136,0.00057,WIN,TP,17.1,1.0,16.1,15.38,17.08,1.883,51.59,-0.002672,5.0,0.586,17.4,1.15307,0.00074,1.153427,1.156099
2026-04-02 14:35:00,2026-04-02 15:00:00,SELL,1.15175,1.15236,1.15236,1.15053,0.00041,LOSS,SL,-6.1,1.0,-7.1,-7.79,-6.09,-1.164,50.49,-0.002512,8.1,1.33,5.4,1.15175,0.0008,1.152154,1.154666
2026-04-02 15:20:00,2026-04-02 15:45:00,SELL,1.15219,1.15291,1.15291,1.15075,0.00048,LOSS,SL,-7.2,1.0,-8.2,-8.88,-7.18,-1.139,55.99,-0.002324,8.1,1.128,1.6,1.1522,0.0005,1.15211,1.154435
2026-04-02 15:55:00,2026-04-02 17:05:00,SELL,1.15268,1.1534,1.1534,1.15123,0.00048,LOSS,SL,-7.2,1.1,-8.3,-9.04,-7.24,-1.152,59.26,-0.002066,7.7,1.063,6.8,1.15268,0.00054,1.15225,1.154316
2026-04-02 17:15:00,2026-04-02 17:35:00,SELL,1.15306,1.15385,1.15385,1.15148,0.00053,LOSS,SL,-7.9,1.0,-8.9,-9.6,-7.9,-1.127,58.49,-0.001604,33.3,4.218,4.7,1.15306,0.0005,1.15247,1.154075
2026-04-02 18:25:00,2026-04-03 00:00:00,SELL,1.15445,1.15202,1.15566,1.15202,0.00081,WIN,TP,24.3,1.0,23.3,22.57,24.27,1.918,54.44,-0.000735,8.1,0.668,42.6,1.15445,0.00078,1.153405,1.15414
2026-04-03 00:10:00,2026-04-03 10:25:00,SELL,1.15383,1.15461,1.15461,1.15228,0.00052,LOSS,SL,-7.8,3.3,-11.1,-11.77,-7.77,-1.425,52.24,-0.000268,8.0,1.03,9.5,1.15383,0.00068,1.15377,1.154038
2026-04-03 11:10:00,2026-04-03 13:50:00,BUY,1.15414,1.15484,1.15379,1.15484,0.00023,WIN,TP,7.0,1.2,5.8,5.07,6.97,1.655,53.73,4.2e-05,2.2,0.632,7.6,1.15414,0.00032,1.153896,1.153854
2026-04-03 14:00:00,2026-04-03 14:35:00,BUY,1.15446,1.15408,1.15408,1.15522,0.00025,LOSS,SL,-3.8,1.2,-5.0,-5.7,-3.8,-1.316,51.37,0.000237,4.2,1.105,2.0,1.15438,0.00047,1.154226,1.153989
2026-04-03 14:40:00,2026-04-03 15:30:00,BUY,1.15408,1.1537,1.1537,1.15483,0.00025,LOSS,SL,-3.8,1.2,-5.0,-5.66,-3.76,-1.319,41.7,0.000239,22.8,6.061,5.1,1.15408,0.00021,1.154255,1.154016
2026-04-03 16:15:00,2026-04-03 17:25:00,SELL,1.1537,1.15238,1.15436,1.15238,0.00044,WIN,TP,13.2,1.0,12.2,11.51,13.21,1.849,48.56,-2.4e-05,1.6,0.242,13.3,1.1537,0.00069,1.153945,1.15397
2026-04-03 18:20:00,2026-04-03 21:35:00,SELL,1.15263,1.15155,1.15317,1.15155,0.00036,WIN,TP,10.8,1.0,9.8,9.08,10.78,1.815,46.8,-0.000559,0.7,0.13,13.1,1.15263,0.00031,1.153138,1.153697
2026-04-03 23:10:00,2026-04-03 23:10:00,SELL,1.15173,1.15213,1.15213,1.15093,0.00027,LOSS,SL,-4.0,1.0,-5.0,-5.69,-3.99,-1.251,56.36,-0.001036,13.9,3.485,1.2,1.15173,0.00036,1.151834,1.15287
2026-04-03 23:20:00,2026-04-06 00:05:00,SELL,1.15176,1.15221,1.15221,1.15085,0.0003,LOSS,SL,-4.5,1.3,-5.8,-6.54,-4.54,-1.286,56.93,-0.001013,5.0,1.101,7.7,1.15181,0.00057,1.151838,1.152851
2026-04-06 00:10:00,2026-04-06 01:05:00,SELL,1.15209,1.15078,1.15275,1.15078,0.00044,WIN,TP,13.1,1.3,11.8,11.13,13.13,1.802,58.14,-0.000955,2.6,0.396,14.8,1.15209,0.0002,1.151784,1.152739
2026-04-06 01:50:00,2026-04-06 05:10:00,SELL,1.15142,1.15197,1.15197,1.15032,0.00037,LOSS,SL,-5.5,1.2,-6.7,-7.4,-5.5,-1.218,48.29,-0.000892,8.8,1.601,9.1,1.15142,0.00036,1.15164,1.152532
2026-04-06 06:00:00,2026-04-06 08:10:00,SELL,1.15206,1.15257,1.15257,1.15103,0.00034,LOSS,SL,-5.1,1.2,-6.3,-7.04,-5.14,-1.233,59.56,-0.000541,5.5,1.069,3.9,1.15206,0.00025,1.151549,1.152089
2026-04-06 08:35:00,2026-04-06 09:50:00,SELL,1.15259,1.15298,1.15298,1.15182,0.00026,LOSS,SL,-3.9,1.2,-5.1,-5.77,-3.87,-1.31,59.91,-5e-05,11.7,3.027,4.4,1.15259,0.00033,1.152076,1.152126
2026-04-06 10:10:00,2026-04-06 10:30:00,BUY,1.15258,1.15369,1.15202,1.15369,0.00037,WIN,TP,11.1,1.0,10.1,9.42,11.12,1.82,49.72,0.000174,0.3,0.054,14.6,1.15258,0.00042,1.15239,1.152216
2026-04-06 12:55:00,2026-04-06 13:45:00,BUY,1.1551,1.15448,1.15448,1.15635,0.00042,LOSS,SL,-6.2,1.0,-7.2,-7.93,-6.23,-1.16,46.78,0.001549,13.4,2.15,3.2,1.1551,0.00096,1.154658,1.153109
2026-04-06 13:50:00,2026-04-06 14:10:00,BUY,1.15495,1.15429,1.15429,1.15627,0.00044,LOSS,SL,-6.6,1.1,-7.7,-8.42,-6.62,-1.166,46.15,0.001476,8.2,1.238,1.1,1.15495,0.00135,1.154784,1.153308
2026-04-06 14:40:00,2026-04-06 16:25:00,BUY,1.15444,1.1556,1.15386,1.1556,0.00039,WIN,TP,11.6,1.2,10.4,9.75,11.65,1.794,41.95,0.001262,2.3,0.395,12.7,1.15444,0.00031,1.154683,1.153421
2026-04-06 17:50:00,2026-04-06 17:50:00,BUY,1.1556,1.15469,1.15469,1.15743,0.00061,LOSS,SL,-9.1,1.1,-10.2,-10.93,-9.13,-1.12,47.46,0.001369,9.2,1.007,2.1,1.1556,0.00083,1.155435,1.154066
2026-04-06 18:55:00,2026-04-06 20:15:00,BUY,1.15419,1.15348,1.15348,1.15561,0.00047,LOSS,SL,-7.1,1.2,-8.3,-8.99,-7.09,-1.169,40.76,0.000821,8.8,1.241,6.2,1.15419,0.00032,1.154892,1.154071
2026-04-06 20:25:00,2026-04-07 00:00:00,BUY,1.15424,1.15361,1.15361,1.1555,0.00042,LOSS,SL,-6.3,1.1,-7.4,-8.1,-6.3,-1.175,46.57,0.000472,6.9,1.095,10.2,1.1542,0.00063,1.154585,1.154114
2026-04-07 00:10:00,2026-04-07 04:10:00,BUY,1.15396,1.15353,1.15353,1.15481,0.00028,LOSS,SL,-4.3,3.0,-7.3,-7.97,-4.27,-1.703,41.62,0.000151,5.4,1.265,8.1,1.15396,0.00048,1.154356,1.154205
2026-04-07 05:50:00,2026-04-07 07:00:00,SELL,1.15316,1.15355,1.15355,1.15239,0.00026,LOSS,SL,-3.9,1.2,-5.1,-5.76,-3.86,-1.311,47.2,-0.000457,4.3,1.114,3.1,1.15316,0.00024,1.153523,1.15398
2026-04-07 07:05:00,2026-04-07 07:45:00,SELL,1.15345,1.15377,1.15377,1.15281,0.00021,LOSS,SL,-3.2,1.0,-4.2,-4.91,-3.21,-1.311,59.42,-0.000494,3.5,1.089,2.1,1.15345,0.00025,1.153373,1.153867
2026-04-07 08:15:00,2026-04-07 08:40:00,SELL,1.15369,1.15303,1.15402,1.15303,0.00022,WIN,TP,6.6,1.2,5.4,4.69,6.59,1.636,58.88,-0.000361,2.4,0.729,7.0,1.15369,0.00017,1.153468,1.153829
2026-04-07 08:55:00,2026-04-07 09:05:00,SELL,1.15328,1.15369,1.15369,1.15245,0.00028,LOSS,SL,-4.1,1.0,-5.1,-5.85,-4.15,-1.241,45.33,-0.000336,5.2,1.253,0.3,1.15329,0.00024,1.153466,1.153802
2026-04-07 09:10:00,2026-04-07 09:35:00,SELL,1.15363,1.15404,1.15404,1.15282,0.00027,LOSS,SL,-4.1,1.1,-5.2,-5.87,-4.07,-1.27,54.04,-0.000315,5.9,1.448,4.0,1.15363,0.00025,1.15348,1.153796
2026-04-07 10:10:00,2026-04-07 10:45:00,SELL,1.15398,1.15449,1.15449,1.15296,0.00034,LOSS,SL,-5.1,1.0,-6.1,-6.81,-5.11,-1.196,53.75,-0.000135,6.2,1.212,3.0,1.15398,0.00061,1.153681,1.153816
2026-04-07 10:50:00,2026-04-07 11:00:00,SELL,1.15447,1.15502,1.15502,1.15337,0.00037,LOSS,SL,-5.5,1.1,-6.6,-7.3,-5.5,-1.2,59.59,-1e-05,22.2,4.035,5.0,1.15446,0.00034,1.153839,1.153849
2026-04-07 12:50:00,2026-04-07 13:05:00,BUY,1.15644,1.1557,1.1557,1.15793,0.0005,LOSS,SL,-7.4,1.1,-8.5,-9.25,-7.45,-1.148,53.38,0.001117,13.0,1.745,0.8,1.15644,0.00031,1.155521,1.154404
2026-04-07 13:10:00,2026-04-07 13:25:00,BUY,1.15582,1.15502,1.15502,1.15742,0.00053,LOSS,SL,-8.0,1.0,-9.0,-9.68,-7.98,-1.125,43.67,0.00114,12.5,1.567,4.7,1.15582,0.00119,1.155613,1.154472
2026-04-07 13:30:00,2026-04-07 13:40:00,BUY,1.15551,1.15468,1.15468,1.15716,0.00055,LOSS,SL,-8.3,1.1,-9.4,-10.07,-8.27,-1.133,40.32,0.001109,8.7,1.051,3.5,1.15551,0.00107,1.155631,1.154522
2026-04-07 14:00:00,2026-04-07 17:20:00,BUY,1.15541,1.15703,1.1546,1.15703,0.00054,WIN,TP,16.2,1.1,15.1,14.36,16.16,1.864,43.89,0.000988,7.3,0.904,18.7,1.15541,0.00057,1.155554,1.154566
2026-04-07 18:10:00,2026-04-07 22:15:00,BUY,1.15663,1.15841,1.15574,1.15841,0.00059,WIN,TP,17.8,1.1,16.7,15.96,17.76,1.876,47.86,0.001169,0.3,0.034,23.4,1.15663,0.00064,1.156419,1.15525
2026-04-08 00:05:00,2026-04-08 01:00:00,BUY,1.15938,1.16078,1.15868,1.16078,0.00047,WIN,TP,14.0,1.6,12.4,11.7,14.0,1.771,50.44,0.001871,1.6,0.229,22.5,1.15922,0.00061,1.158648,1.156777
2026-04-08 03:45:00,2026-04-08 08:45:00,BUY,1.16666,1.16936,1.16531,1.16936,0.0009,WIN,TP,27.0,1.0,26.0,25.34,27.04,1.926,52.72,0.00499,0.9,0.067,28.6,1.16666,0.00044,1.164637,1.159648
2026-04-08 09:10:00,2026-04-08 09:25:00,BUY,1.16857,1.17023,1.16774,1.17023,0.00055,WIN,TP,16.6,1.0,15.6,14.86,16.56,1.879,53.77,0.004248,0.3,0.036,19.0,1.16857,0.00052,1.167797,1.163548
2026-04-08 09:55:00,2026-04-08 10:10:00,BUY,1.16925,1.16823,1.16823,1.17129,0.00068,LOSS,SL,-10.2,1.0,-11.2,-11.9,-10.2,-1.098,52.03,0.004314,13.6,1.333,6.4,1.16924,0.00112,1.168397,1.164083
2026-04-08 10:15:00,2026-04-08 11:40:00,BUY,1.16816,1.16708,1.16708,1.17033,0.00072,LOSS,SL,-10.8,1.0,-11.8,-12.54,-10.84,-1.092,42.38,0.004185,12.6,1.162,18.5,1.16816,0.00067,1.168453,1.164268
2026-04-08 11:55:00,2026-04-08 14:15:00,BUY,1.16801,1.16998,1.16703,1.16998,0.00066,WIN,TP,19.7,1.0,18.7,17.96,19.66,1.898,40.54,0.003531,2.8,0.285,19.9,1.16801,0.00049,1.168632,1.165101
2026-04-08 15:20:00,2026-04-08 15:20:00,BUY,1.16995,1.16901,1.16901,1.17183,0.00063,LOSS,SL,-9.4,1.0,-10.4,-11.1,-9.4,-1.106,54.0,0.00281,11.4,1.213,2.1,1.16997,0.00089,1.169273,1.166464
2026-04-08 15:25:00,2026-04-08 15:40:00,BUY,1.16941,1.17136,1.16844,1.17136,0.00065,WIN,TP,19.5,1.0,18.5,17.77,19.47,1.897,47.31,0.002786,2.4,0.247,20.7,1.16941,0.00135,1.169278,1.166493
2026-04-08 16:30:00,2026-04-08 16:35:00,BUY,1.17036,1.16929,1.16929,1.17251,0.00072,LOSS,SL,-10.7,1.0,-11.7,-12.44,-10.74,-1.093,47.42,0.002988,16.6,1.546,1.4,1.17036,0.00123,1.170052,1.167063
2026-04-08 16:50:00,2026-04-08 18:10:00,BUY,1.16975,1.16863,1.16863,1.17198,0.00074,LOSS,SL,-11.2,1.0,-12.2,-12.85,-11.15,-1.09,44.44,0.002807,14.1,1.264,5.9,1.16975,0.00069,1.169964,1.167157
2026-04-08 18:20:00,2026-04-08 19:00:00,BUY,1.16928,1.16829,1.16829,1.17127,0.00066,LOSS,SL,-9.9,1.1,-11.0,-11.73,-9.93,-1.111,45.29,0.002171,12.0,1.208,3.6,1.16928,0.00081,1.169713,1.167543
2026-04-08 20:00:00,2026-04-08 20:20:00,BUY,1.16817,1.16745,1.16745,1.16961,0.00048,LOSS,SL,-7.2,1.0,-8.2,-8.9,-7.2,-1.139,40.9,0.001286,11.0,1.528,3.5,1.16817,0.00029,1.169002,1.167716
2026-04-08 21:00:00,2026-04-08 21:15:00,BUY,1.16747,1.16676,1.16676,1.16889,0.00047,LOSS,SL,-7.1,1.0,-8.1,-8.82,-7.12,-1.14,42.26,0.000744,9.9,1.39,5.4,1.16747,0.00047,1.168443,1.167699
2026-04-08 22:40:00,2026-04-09 11:50:00,SELL,1.16637,1.16716,1.16716,1.16479,0.00053,LOSS,SL,-7.9,1.1,-9.0,-9.69,-7.89,-1.139,51.75,-0.00038,10.5,1.33,13.9,1.16637,0.00083,1.166999,1.167379
2026-04-09 13:45:00,2026-04-09 14:00:00,BUY,1.16751,1.16703,1.16703,1.16846,0.00032,LOSS,SL,-4.8,1.2,-6.0,-6.66,-4.76,-1.252,54.24,0.000376,6.9,1.45,1.6,1.16751,0.0002,1.167079,1.166702
2026-04-09 14:05:00,2026-04-09 14:40:00,BUY,1.1674,1.16845,1.16687,1.16845,0.00035,WIN,TP,10.5,1.1,9.4,8.71,10.51,1.791,50.77,0.000397,1.9,0.361,14.4,1.16741,0.00063,1.167127,1.16673
2026-04-09 15:25:00,2026-04-09 16:35:00,BUY,1.16828,1.16942,1.16771,1.16942,0.00038,WIN,TP,11.4,1.0,10.4,9.67,11.37,1.824,54.81,0.000746,4.2,0.739,12.4,1.16828,0.00042,1.167713,1.166967
2026-04-09 16:55:00,2026-04-09 17:35:00,BUY,1.16847,1.16774,1.16774,1.16992,0.00048,LOSS,SL,-7.3,1.2,-8.5,-9.17,-7.27,-1.165,47.97,0.000974,10.7,1.471,3.4,1.16846,0.00077,1.168219,1.167245
2026-04-09 17:40:00,2026-04-09 18:20:00,BUY,1.16793,1.16949,1.16715,1.16949,0.00052,WIN,TP,15.6,1.0,14.6,13.86,15.56,1.871,41.63,0.000915,6.5,0.836,20.5,1.16792,0.00057,1.168255,1.16734
2026-04-09 20:55:00,2026-04-09 21:00:00,BUY,1.17131,1.17064,1.17064,1.17266,0.00045,LOSS,SL,-6.7,1.2,-7.9,-8.64,-6.74,-1.178,53.99,0.001994,7.0,1.039,1.7,1.17131,0.00059,1.170383,1.168388
2026-04-09 21:05:00,2026-04-09 21:20:00,BUY,1.17082,1.1701,1.1701,1.17225,0.00048,LOSS,SL,-7.2,1.2,-8.4,-9.07,-7.17,-1.167,45.29,0.001996,7.6,1.06,3.7,1.17082,0.00087,1.170438,1.168442
2026-04-09 21:55:00,2026-04-09 23:40:00,BUY,1.17016,1.16953,1.16953,1.17141,0.00042,LOSS,SL,-6.3,1.2,-7.5,-8.16,-6.26,-1.192,40.34,0.001735,6.3,1.006,6.9,1.17016,0.00028,1.170341,1.168606
2026-04-09 23:55:00,2026-04-10 01:40:00,BUY,1.16982,1.1694,1.1694,1.17067,0.00028,LOSS,SL,-4.2,1.3,-5.5,-6.24,-4.24,-1.307,44.06,0.00122,5.6,1.321,4.2,1.16982,0.00033,1.170137,1.168917
2026-04-10 02:05:00,2026-04-10 02:50:00,BUY,1.16949,1.16913,1.16913,1.17021,0.00024,LOSS,SL,-3.6,1.3,-4.9,-5.59,-3.59,-1.362,42.39,0.000753,4.2,1.169,1.0,1.1695,0.00018,1.169856,1.169103
2026-04-10 04:15:00,2026-04-10 06:30:00,BUY,1.16883,1.16949,1.1685,1.16949,0.00022,WIN,TP,6.6,1.2,5.4,4.69,6.59,1.636,40.56,0.000188,3.0,0.911,8.0,1.16883,9e-05,1.169268,1.169079
2026-04-10 07:30:00,2026-04-10 07:55:00,BUY,1.16943,1.1691,1.1691,1.1701,0.00022,LOSS,SL,-3.3,1.2,-4.5,-5.24,-3.34,-1.359,54.17,0.00016,4.5,1.348,0.8,1.16943,0.00019,1.169287,1.169127
2026-04-10 08:00:00,2026-04-10 08:10:00,BUY,1.16919,1.16885,1.16885,1.16986,0.00022,LOSS,SL,-3.4,1.1,-4.5,-5.16,-3.36,-1.328,42.95,0.000153,3.6,1.073,0.7,1.16919,0.00032,1.169289,1.169137
2026-04-10 08:40:00,2026-04-10 09:15:00,BUY,1.16903,1.16866,1.16866,1.16977,0.00025,LOSS,SL,-3.7,1.2,-4.9,-5.61,-3.71,-1.324,44.0,7.8e-05,5.7,1.538,3.2,1.16903,0.00026,1.169202,1.169124
2026-04-10 09:35:00,2026-04-10 10:55:00,SELL,1.1688,1.16793,1.16923,1.16793,0.00029,WIN,TP,8.7,1.2,7.5,6.79,8.69,1.724,45.08,-3.2e-05,2.2,0.506,9.5,1.1688,0.00061,1.169061,1.169093
2026-04-10 11:10:00,2026-04-10 12:15:00,SELL,1.16845,1.16903,1.16903,1.1673,0.00038,LOSS,SL,-5.8,1.2,-7.0,-7.67,-5.77,-1.208,47.23,-0.000235,26.0,4.505,1.4,1.16845,0.00067,1.16876,1.168994
2026-04-10 12:30:00,2026-04-10 12:50:00,SELL,1.16971,1.17052,1.17052,1.16808,0.00054,LOSS,SL,-8.1,1.0,-9.1,-9.83,-8.13,-1.123,58.3,-0.000109,11.6,1.428,1.6,1.16971,0.00075,1.168879,1.168988
2026-04-10 14:35:00,2026-04-10 15:30:00,BUY,1.17112,1.17227,1.17055,1.17227,0.00038,WIN,TP,11.5,1.2,10.3,9.56,11.46,1.791,54.1,0.000874,1.8,0.314,12.2,1.17108,0.00035,1.170325,1.169452
2026-04-10 15:50:00,2026-04-10 16:20:00,BUY,1.17151,1.17291,1.17081,1.17291,0.00047,WIN,TP,14.0,1.0,13.0,12.26,13.96,1.857,53.29,0.001121,2.0,0.287,14.4,1.17151,0.00053,1.170857,1.169735
2026-04-10 17:45:00,2026-04-10 17:55:00,BUY,1.1728,1.172,1.172,1.1744,0.00053,LOSS,SL,-8.0,1.0,-9.0,-9.68,-7.98,-1.125,51.42,0.001737,8.2,1.028,1.8,1.1728,0.00088,1.172117,1.17038
2026-04-10 18:00:00,2026-04-10 19:30:00,BUY,1.17276,1.17192,1.17192,1.17445,0.00056,LOSS,SL,-8.4,1.0,-9.4,-10.15,-8.45,-1.118,51.29,0.001724,11.3,1.338,11.8,1.17277,0.00091,1.172169,1.170445
2026-04-10 19:55:00,2026-04-10 21:30:00,BUY,1.17188,1.17318,1.17123,1.17318,0.00043,WIN,TP,13.0,1.2,11.8,11.08,12.98,1.815,42.51,0.001421,1.1,0.169,14.2,1.17188,0.00057,1.172283,1.170862
2026-04-10 22:10:00,2026-04-10 23:55:00,BUY,1.17277,1.17226,1.17226,1.17379,0.00034,LOSS,SL,-5.1,1.2,-6.3,-7.0,-5.1,-1.235,52.1,0.001251,6.2,1.216,3.4,1.17277,0.00026,1.172512,1.17126
2026-04-13 00:00:00,2026-04-13 09:05:00,BUY,1.16701,1.1691,1.16597,1.1691,0.0007,WIN,TP,20.9,2.4,18.5,17.79,20.89,1.77,41.15,0.00114,6.6,0.632,24.3,1.17259,0.00085,1.172716,1.171577
2026-04-13 09:15:00,2026-04-13 09:40:00,SELL,1.16889,1.16802,1.16933,1.16802,0.00029,WIN,TP,8.7,1.0,7.7,7.04,8.74,1.771,53.79,-0.000693,3.1,0.709,11.7,1.16889,0.00061,1.16871,1.169403
2026-04-13 10:00:00,2026-04-13 10:00:00,SELL,1.16855,1.16914,1.16914,1.16736,0.0004,LOSS,SL,-5.9,1.0,-6.9,-7.64,-5.94,-1.168,48.62,-0.00069,6.3,1.061,0.0,1.16854,0.0005,1.168633,1.169323
2026-04-13 10:05:00,2026-04-13 10:25:00,SELL,1.16886,1.16945,1.16945,1.16768,0.00039,LOSS,SL,-5.9,1.1,-7.0,-7.7,-5.9,-1.186,54.81,-0.000676,8.1,1.373,2.9,1.16886,0.00063,1.168642,1.169319
2026-04-13 10:50:00,2026-04-13 14:05:00,SELL,1.16933,1.16993,1.16993,1.16813,0.0004,LOSS,SL,-6.0,1.2,-7.2,-7.89,-5.99,-1.2,56.3,-0.000465,6.1,1.018,11.4,1.16933,0.00045,1.168853,1.169318
2026-04-13 14:40:00,2026-04-13 14:55:00,SELL,1.16911,1.16805,1.16964,1.16805,0.00035,WIN,TP,10.6,1.0,9.6,8.9,10.6,1.811,47.6,-0.000143,2.3,0.434,10.8,1.16911,0.00078,1.169069,1.169212
2026-04-13 15:35:00,2026-04-13 15:45:00,SELL,1.16883,1.16946,1.16946,1.16757,0.00042,LOSS,SL,-6.3,1.0,-7.3,-8.02,-6.32,-1.158,49.27,-0.000247,6.7,1.06,4.2,1.16883,0.00055,1.168903,1.169149
2026-04-13 15:50:00,2026-04-13 16:20:00,SELL,1.16942,1.17008,1.17008,1.1681,0.00044,LOSS,SL,-6.6,1.2,-7.8,-8.51,-6.61,-1.182,58.29,-0.000232,7.1,1.075,0.6,1.16942,0.00057,1.168913,1.169145
2026-04-13 18:05:00,2026-04-13 19:35:00,BUY,1.17065,1.17223,1.16986,1.17223,0.00053,WIN,TP,15.8,1.1,14.7,13.99,15.79,1.861,51.55,0.000608,5.1,0.646,16.2,1.17065,0.00059,1.170088,1.16948
2026-04-14 00:05:00,2026-04-14 02:20:00,BUY,1.17562,1.17653,1.17517,1.17653,0.0003,WIN,TP,9.1,3.5,5.6,4.87,9.07,1.228,47.17,0.00293,3.0,0.662,9.3,1.17549,0.00041,1.174813,1.171883
2026-04-14 03:05:00,2026-04-14 04:55:00,BUY,1.1763,1.17595,1.17595,1.177,0.00023,LOSS,SL,-3.5,1.1,-4.6,-5.29,-3.49,-1.315,51.98,0.002714,4.0,1.145,4.9,1.1763,0.00048,1.175878,1.173164
2026-04-14 05:05:00,2026-04-14 05:20:00,BUY,1.1761,1.17574,1.17574,1.17682,0.00024,LOSS,SL,-3.6,1.2,-4.8,-5.51,-3.61,-1.333,42.6,0.002325,4.1,1.137,1.2,1.1761,0.00022,1.176176,1.173851
2026-04-14 05:45:00,2026-04-14 06:50:00,BUY,1.17597,1.17666,1.17563,1.17666,0.00023,WIN,TP,6.9,1.2,5.7,4.97,6.87,1.651,44.66,0.002086,2.0,0.582,8.1,1.17597,0.00023,1.176093,1.174006
2026-04-14 08:00:00,2026-04-14 08:15:00,BUY,1.17663,1.17629,1.17629,1.1773,0.00022,LOSS,SL,-3.4,1.2,-4.6,-5.25,-3.35,-1.358,54.27,0.00178,3.5,1.043,3.3,1.17663,0.00037,1.176358,1.174579
2026-04-14 08:20:00,2026-04-14 08:25:00,BUY,1.17639,1.17602,1.17602,1.17712,0.00024,LOSS,SL,-3.7,1.0,-4.7,-5.36,-3.66,-1.273,45.57,0.001736,4.0,1.091,0.7,1.17639,0.0003,1.176394,1.174658
2026-04-14 08:40:00,2026-04-14 09:15:00,BUY,1.17636,1.17596,1.17596,1.17715,0.00026,LOSS,SL,-4.0,1.2,-5.2,-5.86,-3.96,-1.303,46.93,0.001649,5.5,1.388,7.3,1.17635,0.00043,1.176368,1.174719
2026-04-14 09:30:00,2026-04-14 09:45:00,BUY,1.17626,1.17721,1.17579,1.17721,0.00032,WIN,TP,9.5,1.0,8.5,7.8,9.5,1.789,48.03,0.001461,0.8,0.168,10.1,1.17626,0.00059,1.176326,1.174865
2026-04-14 11:00:00,2026-04-14 13:05:00,BUY,1.17796,1.17955,1.17716,1.17955,0.00053,WIN,TP,15.9,1.1,14.8,14.11,15.91,1.862,53.37,0.00186,4.7,0.591,17.1,1.17799,0.00029,1.177248,1.175388
2026-04-14 14:35:00,2026-04-14 16:00:00,BUY,1.1795,1.18066,1.17892,1.18066,0.00039,WIN,TP,11.6,1.0,10.6,9.89,11.59,1.827,52.57,0.002235,3.1,0.535,12.0,1.1795,0.0007,1.178888,1.176654
2026-04-14 16:20:00,2026-04-14 16:30:00,BUY,1.18014,1.17939,1.17939,1.18165,0.0005,LOSS,SL,-7.5,1.0,-8.5,-9.25,-7.55,-1.133,54.28,0.002246,8.5,1.126,0.7,1.18014,0.00077,1.179528,1.177282
2026-04-14 16:35:00,2026-04-14 18:45:00,BUY,1.1798,1.17902,1.17902,1.18135,0.00052,LOSS,SL,-7.8,1.1,-8.9,-9.57,-7.77,-1.142,48.26,0.002202,11.4,1.468,13.0,1.1798,0.00057,1.179558,1.177356
2026-04-14 19:15:00,2026-04-15 05:15:00,BUY,1.17921,1.17853,1.17853,1.18058,0.00046,LOSS,SL,-6.8,1.0,-7.8,-8.54,-6.84,-1.146,41.19,0.001668,8.1,1.185,9.6,1.17921,0.00044,1.179724,1.178056
2026-04-15 06:15:00,2026-04-15 08:00:00,BUY,1.17834,1.17917,1.17793,1.17917,0.00028,WIN,TP,8.3,1.2,7.1,6.39,8.29,1.711,41.55,8e-06,0.4,0.096,8.9,1.17834,0.00022,1.178898,1.17889
2026-04-15 08:05:00,2026-04-15 08:10:00,SELL,1.17894,1.17931,1.17931,1.1782,0.00025,LOSS,SL,-3.7,1.1,-4.8,-5.48,-3.68,-1.299,58.1,-3.5e-05,4.1,1.114,0.5,1.17894,0.00042,1.17883,1.178865
2026-04-15 08:35:00,2026-04-15 09:40:00,BUY,1.17911,1.17869,1.17869,1.17996,0.00028,LOSS,SL,-4.2,1.2,-5.4,-6.15,-4.25,-1.283,53.96,4.4e-05,6.2,1.46,8.1,1.17911,0.00023,1.178937,1.178893
2026-04-15 09:45:00,2026-04-15 12:00:00,BUY,1.17863,1.1781,1.1781,1.17969,0.00035,LOSS,SL,-5.3,1.1,-6.4,-7.09,-5.29,-1.208,41.48,9.1e-05,6.2,1.173,9.0,1.17863,0.00038,1.179016,1.178925
2026-04-15 12:20:00,2026-04-15 13:35:00,SELL,1.17857,1.17717,1.17927,1.17717,0.00047,WIN,TP,14.0,1.0,13.0,12.28,13.98,1.857,46.74,-6e-05,0.9,0.129,14.2,1.17857,0.00043,1.178816,1.178875
2026-04-15 13:45:00,2026-04-15 15:30:00,SELL,1.1779,1.17862,1.17862,1.17645,0.00048,LOSS,SL,-7.2,1.0,-8.2,-8.94,-7.24,-1.138,45.35,-0.00034,9.1,1.257,6.1,1.17789,0.00079,1.178399,1.178739
2026-04-15 15:40:00,2026-04-15 15:55:00,SELL,1.17838,1.17905,1.17905,1.17703,0.00045,LOSS,SL,-6.7,1.0,-7.7,-8.44,-6.74,-1.148,55.42,-0.000395,8.9,1.32,5.6,1.17838,0.00041,1.178196,1.178591
2026-04-15 16:00:00,2026-04-15 16:25:00,SELL,1.17879,1.1795,1.1795,1.17737,0.00047,LOSS,SL,-7.1,1.0,-8.1,-8.79,-7.09,-1.141,59.46,-0.000339,8.8,1.241,3.3,1.17874,0.00053,1.178251,1.17859
2026-04-15 16:40:00,2026-04-15 17:25:00,SELL,1.17917,1.1799,1.1799,1.17771,0.00049,LOSS,SL,-7.3,1.1,-8.4,-9.12,-7.32,-1.15,59.28,-0.000141,7.6,1.038,8.2,1.17917,0.00051,1.178489,1.17863
2026-04-15 17:40:00,2026-04-15 18:25:00,BUY,1.17924,1.18066,1.17853,1.18066,0.00047,WIN,TP,14.2,1.1,13.1,12.41,14.21,1.845,54.49,5e-05,0.7,0.099,15.5,1.17924,0.00041,1.178732,1.178682
2026-04-15 19:00:00,2026-04-16 05:40:00,BUY,1.17979,1.18111,1.17913,1.18111,0.00044,WIN,TP,13.2,1.1,12.1,11.42,13.22,1.834,52.44,0.000448,6.0,0.908,19.5,1.1798,0.00026,1.179319,1.17887
2026-04-16 07:00:00,2026-04-16 07:45:00,BUY,1.18125,1.1808,1.1808,1.18215,0.0003,LOSS,SL,-4.5,1.1,-5.6,-6.28,-4.48,-1.245,51.84,0.000833,5.1,1.137,0.5,1.18125,0.00023,1.180916,1.180083
2026-04-16 08:00:00,2026-04-16 08:20:00,BUY,1.18093,1.18056,1.18056,1.18167,0.00025,LOSS,SL,-3.7,1.2,-4.9,-5.6,-3.7,-1.325,42.97,0.000771,5.4,1.461,0.7,1.18093,0.00025,1.180964,1.180193
2026-04-16 08:40:00,2026-04-16 08:40:00,BUY,1.18079,1.18035,1.18035,1.18167,0.00029,LOSS,SL,-4.4,1.2,-5.6,-6.32,-4.42,-1.271,45.23,0.000653,6.2,1.402,0.8,1.18077,0.00032,1.180883,1.18023
2026-04-16 08:55:00,2026-04-16 09:00:00,BUY,1.18076,1.18031,1.18031,1.18166,0.0003,LOSS,SL,-4.5,1.2,-5.7,-6.41,-4.51,-1.266,47.98,0.000606,6.7,1.486,0.0,1.18076,0.00027,1.180845,1.180239
2026-04-16 09:50:00,2026-04-16 10:15:00,BUY,1.18019,1.17968,1.17968,1.18121,0.00034,LOSS,SL,-5.1,1.2,-6.3,-7.0,-5.1,-1.235,46.51,0.000314,5.5,1.079,3.5,1.18019,0.00052,1.180523,1.180209
2026-04-16 10:30:00,2026-04-16 10:50:00,BUY,1.17983,1.17923,1.17923,1.18103,0.0004,LOSS,SL,-6.0,1.0,-7.0,-7.69,-5.99,-1.167,40.22,0.000187,8.1,1.352,0.0,1.17983,0.00039,1.180382,1.180195
2026-04-16 14:00:00,2026-04-16 14:00:00,SELL,1.17797,1.17858,1.17858,1.17674,0.00041,LOSS,SL,-6.1,1.1,-7.2,-7.93,-6.13,-1.18,49.47,-0.00104,6.7,1.093,0.1,1.17797,0.00032,1.178469,1.179509
2026-04-16 14:05:00,2026-04-16 16:50:00,SELL,1.17858,1.17737,1.17918,1.17737,0.0004,WIN,TP,12.1,1.0,11.1,10.36,12.06,1.834,59.47,-0.001026,2.8,0.464,16.0,1.17858,0.00068,1.178473,1.1795
2026-04-16 17:10:00,2026-04-16 19:05:00,SELL,1.17771,1.17836,1.17836,1.1764,0.00044,LOSS,SL,-6.5,1.1,-7.6,-8.35,-6.55,-1.168,45.91,-0.000967,7.0,1.069,8.8,1.17771,0.00033,1.178091,1.179058
2026-04-16 19:10:00,2026-04-16 19:30:00,SELL,1.17833,1.17699,1.179,1.17699,0.00045,WIN,TP,13.4,1.2,12.2,11.55,13.45,1.822,59.92,-0.00088,3.8,0.565,15.2,1.17833,0.0004,1.1779,1.17878
2026-04-16 19:40:00,2026-04-16 22:25:00,SELL,1.17764,1.17837,1.17837,1.17617,0.00049,LOSS,SL,-7.3,1.0,-8.3,-9.05,-7.35,-1.136,45.88,-0.000805,8.1,1.102,8.9,1.17764,0.00052,1.177934,1.178739
2026-04-16 22:45:00,2026-04-17 00:00:00,SELL,1.17824,1.1774,1.17866,1.1774,0.00028,WIN,TP,8.4,1.2,7.2,6.46,8.36,1.713,57.28,-0.000551,0.8,0.191,12.7,1.17824,0.00025,1.177878,1.178429
2026-04-17 00:10:00,2026-04-17 01:00:00,SELL,1.17795,1.17838,1.17838,1.1771,0.00028,LOSS,SL,-4.3,3.2,-7.5,-8.16,-4.26,-1.751,47.84,-0.000403,5.4,1.267,2.0,1.17795,0.00047,1.177969,1.178373
2026-04-17 01:20:00,2026-04-17 03:00:00,SELL,1.17844,1.17779,1.17877,1.17779,0.00022,WIN,TP,6.5,1.3,5.2,4.54,6.54,1.603,59.92,-0.000285,1.8,0.55,8.1,1.17844,0.00021,1.178059,1.178344
2026-04-17 03:20:00,2026-04-17 04:05:00,SELL,1.17811,1.17743,1.17845,1.17743,0.00023,WIN,TP,6.8,1.1,5.7,5.03,6.83,1.678,45.41,-0.00014,1.9,0.557,7.0,1.17811,0.00042,1.178201,1.178341
2026-04-17 05:40:00,2026-04-17 06:40:00,SELL,1.17769,1.17801,1.17801,1.17705,0.00021,LOSS,SL,-3.2,1.2,-4.4,-5.09,-3.19,-1.376,49.2,-0.000348,4.1,1.284,2.6,1.17768,0.00021,1.177838,1.178186
2026-04-17 07:35:00,2026-04-17 09:25:00,SELL,1.17812,1.17746,1.17845,1.17746,0.00022,WIN,TP,6.6,1.2,5.4,4.67,6.57,1.635,55.14,-0.000191,3.2,0.974,6.7,1.17812,0.00019,1.177952,1.178143
2026-04-17 10:05:00,2026-04-17 10:55:00,SELL,1.17775,1.1782,1.1782,1.17685,0.0003,LOSS,SL,-4.5,1.1,-5.6,-6.3,-4.5,-1.244,47.92,-0.000196,5.5,1.222,3.4,1.17775,0.00043,1.177895,1.178091
2026-04-17 11:10:00,2026-04-17 11:40:00,SELL,1.1782,1.17869,1.17869,1.17723,0.00032,LOSS,SL,-4.9,1.1,-6.0,-6.67,-4.87,-1.226,59.75,-0.00013,9.3,1.911,1.9,1.1782,0.00023,1.177952,1.178082
2026-04-17 13:05:00,2026-04-17 15:20:00,BUY,1.17914,1.18012,1.17865,1.18012,0.00033,WIN,TP,9.8,1.0,8.8,8.08,9.78,1.795,53.74,0.0004,0.8,0.164,10.0,1.17914,0.0003,1.178696,1.178296
2026-04-17 16:50:00,2026-04-17 17:50:00,BUY,1.18281,1.18159,1.18159,1.18525,0.00081,LOSS,SL,-12.2,1.0,-13.2,-13.9,-12.2,-1.082,54.57,0.001941,14.9,1.222,9.2,1.18281,0.00125,1.181256,1.179315
2026-04-17 17:55:00,2026-04-17 18:25:00,BUY,1.18133,1.18015,1.18015,1.18369,0.00079,LOSS,SL,-11.8,1.0,-12.8,-13.51,-11.81,-1.085,41.6,0.002052,13.3,1.126,4.8,1.18133,0.00084,1.181762,1.17971
2026-04-17 18:35:00,2026-04-17 18:40:00,BUY,1.181,1.17992,1.17992,1.18316,0.00072,LOSS,SL,-10.8,1.1,-11.9,-12.61,-10.81,-1.102,42.56,0.001733,11.3,1.045,0.0,1.181,0.00079,1.181539,1.179806
2026-04-17 18:55:00,2026-04-17 19:00:00,BUY,1.18057,1.17953,1.17953,1.18265,0.00069,LOSS,SL,-10.4,1.0,-11.4,-12.12,-10.42,-1.096,41.33,0.001543,10.6,1.017,0.4,1.18057,0.00046,1.181374,1.17983
2026-04-17 19:20:00,2026-04-17 20:00:00,BUY,1.1802,1.17923,1.17923,1.18214,0.00065,LOSS,SL,-9.7,1.0,-10.7,-11.39,-9.69,-1.103,41.99,0.001275,10.1,1.043,2.6,1.1802,0.00042,1.18111,1.179835
2026-04-17 20:50:00,2026-04-17 21:40:00,BUY,1.17932,1.17857,1.17857,1.18081,0.0005,LOSS,SL,-7.5,1.1,-8.6,-9.26,-7.46,-1.147,43.71,0.000461,9.6,1.287,4.3,1.17932,0.00052,1.180236,1.179774
2026-04-20 02:00:00,2026-04-20 03:00:00,SELL,1.17399,1.1746,1.1746,1.17277,0.00041,LOSS,SL,-6.1,1.2,-7.3,-8.0,-6.1,-1.197,45.98,-0.002663,8.2,1.343,4.2,1.17399,0.00023,1.175263,1.177926
2026-04-20 03:05:00,2026-04-20 03:20:00,SELL,1.17476,1.17537,1.17537,1.17354,0.00041,LOSS,SL,-6.1,1.1,-7.2,-7.88,-6.08,-1.181,59.84,-0.002639,6.4,1.053,2.8,1.17476,0.00112,1.174835,1.177474
2026-04-20 04:15:00,2026-04-20 04:35:00,SELL,1.17536,1.17591,1.17591,1.17426,0.00037,LOSS,SL,-5.5,1.2,-6.7,-7.38,-5.48,-1.219,58.72,-0.002125,5.9,1.077,3.0,1.17536,0.00031,1.175076,1.177201
2026-04-20 05:00:00,2026-04-20 06:40:00,SELL,1.17567,1.1762,1.1762,1.17461,0.00035,LOSS,SL,-5.3,1.2,-6.5,-7.19,-5.29,-1.227,58.63,-0.001826,5.8,1.097,3.2,1.17567,0.00032,1.175236,1.177062
2026-04-20 07:00:00,2026-04-20 08:30:00,SELL,1.17598,1.17526,1.17634,1.17526,0.00024,WIN,TP,7.2,1.1,6.1,5.38,7.18,1.693,57.76,-0.001187,2.3,0.641,9.5,1.17598,0.00015,1.175613,1.176799
2026-04-20 09:35:00,2026-04-20 09:40:00,SELL,1.17523,1.17579,1.17579,1.17412,0.00037,LOSS,SL,-5.6,1.0,-6.6,-7.27,-5.57,-1.18,46.36,-0.000986,10.1,1.814,1.7,1.17523,0.00065,1.175466,1.176452
2026-04-20 09:55:00,2026-04-20 10:00:00,SELL,1.17592,1.17656,1.17656,1.17463,0.00043,LOSS,SL,-6.4,1.0,-7.4,-8.13,-6.43,-1.156,58.17,-0.000887,8.1,1.26,1.5,1.17592,0.00046,1.175548,1.176435
2026-04-20 10:35:00,2026-04-20 13:55:00,SELL,1.17638,1.17709,1.17709,1.17496,0.00047,LOSS,SL,-7.1,1.0,-8.1,-8.8,-7.1,-1.141,56.75,-0.000611,7.4,1.042,10.7,1.17638,0.00071,1.175838,1.176448
2026-04-20 14:05:00,2026-04-20 14:45:00,SELL,1.17689,1.17746,1.17746,1.17575,0.00038,LOSS,SL,-5.7,1.2,-6.9,-7.62,-5.72,-1.21,59.58,-0.000112,6.5,1.137,1.2,1.17689,0.0003,1.176278,1.17639
2026-04-20 14:55:00,2026-04-20 15:05:00,BUY,1.17679,1.17621,1.17621,1.17794,0.00038,LOSS,SL,-5.8,1.0,-6.8,-7.46,-5.76,-1.174,47.0,0.000101,9.6,1.666,0.3,1.17669,0.0007,1.176564,1.176463
2026-04-20 15:25:00,2026-04-20 16:25:00,BUY,1.17607,1.17738,1.17541,1.17738,0.00044,WIN,TP,13.1,1.2,11.9,11.23,13.13,1.817,40.55,2.2e-05,4.0,0.609,13.6,1.17607,0.0005,1.176464,1.176443
2026-04-20 17:05:00,2026-04-20 17:50:00,BUY,1.17723,1.17648,1.17648,1.17874,0.0005,LOSS,SL,-7.5,1.0,-8.5,-9.23,-7.53,-1.133,54.25,0.000236,10.2,1.354,5.7,1.17723,0.0006,1.176763,1.176528
2026-04-20 17:55:00,2026-04-20 18:20:00,BUY,1.17699,1.17864,1.17617,1.17864,0.00055,WIN,TP,16.5,1.0,15.5,14.8,16.5,1.879,46.74,0.000349,2.4,0.291,16.6,1.17699,0.00148,1.176953,1.176604
2026-04-20 19:35:00,2026-04-21 06:10:00,BUY,1.17826,1.17757,1.17757,1.17964,0.00046,LOSS,SL,-6.9,1.1,-8.0,-8.68,-6.88,-1.16,53.42,0.000782,7.1,1.032,8.2,1.17826,0.00047,1.177675,1.176893
2026-04-21 06:30:00,2026-04-21 06:35:00,BUY,1.17767,1.1773,1.1773,1.1784,0.00024,LOSS,SL,-3.7,1.2,-4.9,-5.56,-3.66,-1.328,41.39,0.000152,3.7,1.012,0.1,1.17767,0.0003,1.178094,1.177943
2026-04-21 06:50:00,2026-04-21 08:20:00,BUY,1.17751,1.17822,1.17716,1.17822,0.00024,WIN,TP,7.1,1.2,5.9,5.19,7.09,1.662,40.57,7.2e-05,2.5,0.705,7.1,1.17751,0.00025,1.177995,1.177922
2026-04-21 08:35:00,2026-04-21 09:00:00,SELL,1.17797,1.17727,1.17832,1.17727,0.00023,WIN,TP,7.0,1.1,5.9,5.23,7.03,1.687,59.98,-4.1e-05,2.3,0.655,7.9,1.17798,0.00018,1.177834,1.177875
2026-04-21 09:15:00,2026-04-21 10:50:00,SELL,1.17766,1.17679,1.1781,1.17679,0.00029,WIN,TP,8.7,1.2,7.5,6.81,8.71,1.724,46.43,-5.1e-05,0.3,0.069,9.7,1.17766,0.00026,1.177818,1.177869
2026-04-21 12:00:00,2026-04-21 16:30:00,SELL,1.17652,1.17711,1.17711,1.17534,0.00039,LOSS,SL,-5.9,1.0,-6.9,-7.58,-5.88,-1.17,45.3,-0.000552,6.3,1.071,11.3,1.17652,0.00035,1.177038,1.17759
2026-04-21 16:40:00,2026-04-21 17:40:00,SELL,1.17673,1.17736,1.17736,1.17547,0.00042,LOSS,SL,-6.3,1.0,-7.3,-8.02,-6.32,-1.158,59.23,-0.000655,8.6,1.36,4.4,1.17673,0.00037,1.176323,1.176978
2026-04-21 17:55:00,2026-04-21 18:30:00,SELL,1.17615,1.17451,1.17697,1.17451,0.00055,WIN,TP,16.4,1.0,15.4,14.66,16.36,1.878,45.56,-0.000468,0.1,0.012,16.5,1.17624,0.00053,1.176463,1.176931
2026-04-21 19:10:00,2026-04-21 20:00:00,SELL,1.17533,1.17389,1.17605,1.17389,0.00048,WIN,TP,14.4,1.1,13.3,12.59,14.39,1.847,45.73,-0.000816,1.4,0.195,15.5,1.17533,0.00023,1.175869,1.176686
2026-04-21 20:40:00,2026-04-21 20:40:00,SELL,1.17405,1.17512,1.17512,1.17192,0.00071,LOSS,SL,-10.7,1.0,-11.7,-12.37,-10.67,-1.094,48.22,-0.001416,23.0,2.156,0.8,1.17405,0.00119,1.174813,1.176229
2026-04-21 20:50:00,2026-04-21 22:40:00,SELL,1.17487,1.17263,1.17599,1.17263,0.00075,WIN,TP,22.4,1.0,21.4,20.69,22.39,1.911,54.18,-0.001357,3.6,0.322,30.1,1.17487,0.0012,1.174855,1.176212
2026-04-21 23:10:00,2026-04-22 08:20:00,SELL,1.17432,1.17567,1.17567,1.17161,0.0009,LOSS,SL,-13.5,1.0,-14.5,-15.23,-13.53,-1.074,55.02,-0.001539,19.3,1.426,9.4,1.17432,0.00285,1.17407,1.175609
2026-04-22 08:55:00,2026-04-22 11:10:00,SELL,1.17512,1.17568,1.17568,1.17401,0.00037,LOSS,SL,-5.6,1.0,-6.6,-7.26,-5.56,-1.18,59.76,-0.000266,6.8,1.222,7.3,1.17512,0.00029,1.17447,1.174736
2026-04-22 11:25:00,2026-04-22 12:55:00,BUY,1.17514,1.17455,1.17455,1.17631,0.00039,LOSS,SL,-5.9,1.0,-6.9,-7.56,-5.86,-1.171,50.53,9.9e-05,6.1,1.041,5.9,1.17514,0.00061,1.174923,1.174824
2026-04-22 13:00:00,2026-04-22 14:25:00,BUY,1.17476,1.17423,1.17423,1.17582,0.00035,LOSS,SL,-5.3,1.1,-6.4,-7.08,-5.28,-1.208,40.34,0.000177,5.5,1.041,5.6,1.17476,0.00046,1.175065,1.174888
2026-04-22 16:25:00,2026-04-22 16:40:00,SELL,1.17334,1.17409,1.17409,1.17183,0.0005,LOSS,SL,-7.5,1.1,-8.6,-9.34,-7.54,-1.146,49.6,-0.000701,7.8,1.034,5.9,1.17334,0.0009,1.173823,1.174524
2026-04-22 16:55:00,2026-04-22 17:50:00,SELL,1.17377,1.17222,1.17455,1.17222,0.00052,WIN,TP,15.5,1.1,14.4,13.71,15.51,1.858,54.94,-0.000688,5.3,0.684,15.8,1.17377,0.00059,1.173783,1.174472
2026-04-22 20:25:00,2026-04-22 23:05:00,SELL,1.17148,1.17027,1.17208,1.17027,0.0004,WIN,TP,12.1,1.2,10.9,10.15,12.05,1.801,46.3,-0.001513,1.9,0.315,12.8,1.17148,0.00039,1.172092,1.173605
2026-04-22 23:35:00,2026-04-23 03:10:00,SELL,1.17073,1.16997,1.17111,1.16997,0.00025,WIN,TP,7.6,1.0,6.6,5.95,7.65,1.739,47.05,-0.001652,1.5,0.392,10.6,1.17073,0.00017,1.171098,1.172749
2026-04-23 03:20:00,2026-04-23 05:55:00,SELL,1.17105,1.16992,1.17162,1.16992,0.00038,WIN,TP,11.3,1.0,10.3,9.61,11.31,1.823,59.55,-0.0013,3.1,0.548,14.6,1.17105,0.00193,1.170666,1.171965
2026-04-23 07:20:00,2026-04-23 08:20:00,SELL,1.16988,1.1703,1.1703,1.16903,0.00028,LOSS,SL,-4.2,1.2,-5.4,-6.14,-4.24,-1.283,46.79,-0.00113,4.3,1.014,1.9,1.16988,0.00031,1.170222,1.171352
2026-04-23 08:30:00,2026-04-23 08:50:00,SELL,1.17017,1.17052,1.17052,1.16947,0.00023,LOSS,SL,-3.5,1.2,-4.7,-5.38,-3.48,-1.345,55.99,-0.001036,3.6,1.036,1.2,1.17016,0.00017,1.170141,1.171178
2026-04-23 09:15:00,2026-04-23 09:40:00,SELL,1.17037,1.17075,1.17075,1.16961,0.00025,LOSS,SL,-3.8,1.2,-5.0,-5.71,-3.81,-1.315,55.38,-0.000887,4.2,1.102,1.9,1.17037,0.00028,1.170225,1.171111
2026-04-23 09:50:00,2026-04-23 10:05:00,SELL,1.17063,1.17103,1.17103,1.16982,0.00027,LOSS,SL,-4.0,1.2,-5.2,-5.93,-4.03,-1.297,58.84,-0.000769,5.6,1.388,6.4,1.17063,0.00028,1.170304,1.171073
2026-04-23 10:10:00,2026-04-23 10:30:00,SELL,1.17062,1.16953,1.17116,1.16953,0.00036,WIN,TP,10.9,1.0,9.9,9.17,10.87,1.816,55.53,-0.000719,1.1,0.202,11.3,1.17062,0.00099,1.17033,1.17105
2026-04-23 10:50:00,2026-04-23 12:40:00,SELL,1.17028,1.16903,1.17091,1.16903,0.00042,WIN,TP,12.5,1.0,11.5,10.8,12.5,1.84,50.85,-0.000718,2.4,0.384,13.7,1.17028,0.00057,1.170256,1.170974
2026-04-23 12:45:00,2026-04-23 13:15:00,SELL,1.16961,1.16827,1.17028,1.16827,0.00045,WIN,TP,13.4,1.0,12.4,11.72,13.42,1.851,45.67,-0.000758,0.6,0.089,14.8,1.16961,0.00075,1.169987,1.170745
2026-04-23 14:45:00,2026-04-23 14:45:00,SELL,1.16836,1.169,1.169,1.16708,0.00043,LOSS,SL,-6.4,1.1,-7.5,-8.18,-6.38,-1.172,46.23,-0.001281,6.9,1.081,0.6,1.16836,0.00049,1.168964,1.170244
2026-04-23 14:50:00,2026-04-23 14:50:00,SELL,1.16869,1.16942,1.16942,1.16723,0.00049,LOSS,SL,-7.3,1.0,-8.3,-8.98,-7.28,-1.137,53.07,-0.001276,10.8,1.484,1.8,1.16869,0.00075,1.168953,1.170229
2026-04-23 15:00:00,2026-04-23 17:15:00,SELL,1.16908,1.16985,1.16985,1.16753,0.00052,LOSS,SL,-7.7,1.0,-8.7,-9.44,-7.74,-1.129,56.18,-0.001233,10.6,1.37,7.7,1.16904,0.00062,1.168977,1.17021
2026-04-23 18:10:00,2026-04-23 18:25:00,SELL,1.17063,1.17143,1.17143,1.16904,0.00053,LOSS,SL,-8.0,1.2,-9.2,-9.86,-7.96,-1.151,58.48,-0.000345,9.1,1.143,1.2,1.17063,0.00044,1.1697,1.170044
2026-04-23 18:35:00,2026-04-23 20:00:00,SELL,1.17087,1.16932,1.17165,1.16932,0.00052,WIN,TP,15.5,1.0,14.5,13.8,15.5,1.871,57.75,-0.00015,1.7,0.219,15.6,1.17087,0.00044,1.169943,1.170093
2026-04-23 21:00:00,2026-04-24 14:00:00,SELL,1.16932,1.1704,1.1704,1.16715,0.00072,LOSS,SL,-10.8,1.0,-11.8,-12.54,-10.84,-1.092,51.14,-0.000531,15.4,1.421,21.6,1.16916,0.00141,1.169374,1.169905
2026-04-24 15:35:00,2026-04-24 15:50:00,BUY,1.17086,1.17014,1.17014,1.17229,0.00048,LOSS,SL,-7.2,1.2,-8.4,-9.07,-7.17,-1.167,51.33,0.001041,7.3,1.018,2.8,1.17088,0.00064,1.170179,1.169138
2026-04-24 15:55:00,2026-04-24 18:50:00,BUY,1.17033,1.17185,1.16957,1.17185,0.00051,WIN,TP,15.2,1.0,14.2,13.51,15.21,1.869,42.31,0.001038,4.8,0.631,16.5,1.17026,0.00044,1.170231,1.169193
2026-04-24 19:30:00,2026-04-27 00:00:00,BUY,1.17133,1.17064,1.17064,1.17271,0.00046,LOSS,SL,-6.9,1.0,-7.9,-8.61,-6.91,-1.145,54.39,0.001084,28.1,4.064,9.6,1.17133,0.00024,1.170882,1.169798
2026-04-27 00:40:00,2026-04-27 04:00:00,BUY,1.17075,1.17201,1.17012,1.17201,0.00042,WIN,TP,12.6,1.3,11.3,10.61,12.61,1.794,43.71,0.000703,3.5,0.555,19.2,1.17075,0.0003,1.171274,1.170571
2026-04-27 07:50:00,2026-04-27 07:55:00,BUY,1.17278,1.17242,1.17242,1.1735,0.00024,LOSS,SL,-3.6,1.2,-4.8,-5.48,-3.58,-1.335,49.42,0.001087,3.7,1.034,0.0,1.17278,0.00023,1.172497,1.17141
2026-04-27 08:00:00,2026-04-27 08:55:00,BUY,1.17266,1.17231,1.17231,1.17337,0.00024,LOSS,SL,-3.5,1.2,-4.7,-5.45,-3.55,-1.338,46.19,0.001073,5.4,1.523,1.3,1.17266,0.00028,1.172508,1.171434
2026-04-27 09:40:00,2026-04-27 10:00:00,BUY,1.17212,1.17299,1.17169,1.17299,0.00029,WIN,TP,8.7,1.0,7.7,6.96,8.66,1.769,41.01,0.000772,2.6,0.601,12.8,1.17212,0.0003,1.17236,1.171588
2026-04-27 12:30:00,2026-04-27 14:40:00,BUY,1.17441,1.17382,1.17382,1.17558,0.00039,LOSS,SL,-5.9,1.1,-7.0,-7.66,-5.86,-1.188,54.49,0.001428,6.2,1.058,3.6,1.17441,0.00028,1.173706,1.172278
2026-04-27 14:45:00,2026-04-27 15:10:00,BUY,1.17404,1.17501,1.17356,1.17501,0.00032,WIN,TP,9.7,1.2,8.5,7.8,9.7,1.753,44.52,0.001319,3.5,0.722,11.3,1.17404,0.00031,1.174065,1.172746
2026-04-27 15:40:00,2026-04-27 16:45:00,BUY,1.17458,1.17401,1.17401,1.17572,0.00038,LOSS,SL,-5.7,1.1,-6.8,-7.5,-5.7,-1.193,51.42,0.001341,7.9,1.385,8.1,1.17458,0.00048,1.174286,1.172945
2026-04-27 17:00:00,2026-04-27 17:55:00,BUY,1.17399,1.17333,1.17333,1.1753,0.00044,LOSS,SL,-6.6,1.0,-7.6,-8.26,-6.56,-1.152,40.12,0.001246,7.0,1.067,8.2,1.17399,0.00053,1.174446,1.1732
2026-04-27 18:20:00,2026-04-27 18:55:00,BUY,1.1736,1.17289,1.17289,1.17502,0.00047,LOSS,SL,-7.1,1.2,-8.3,-8.99,-7.09,-1.169,42.65,0.000854,7.4,1.043,0.3,1.17361,0.00036,1.174149,1.173294
2026-04-27 19:05:00,2026-04-27 19:50:00,BUY,1.17317,1.17255,1.17255,1.17441,0.00041,LOSS,SL,-6.2,1.1,-7.3,-8.01,-6.21,-1.177,41.1,0.00058,7.5,1.208,2.1,1.17318,0.00031,1.173868,1.173288
2026-04-27 20:35:00,2026-04-27 20:50:00,BUY,1.17281,1.1722,1.1722,1.17403,0.00041,LOSS,SL,-6.1,1.1,-7.2,-7.92,-6.12,-1.18,49.12,4.3e-05,6.4,1.046,1.8,1.17281,0.00063,1.173228,1.173185
2026-04-27 22:15:00,2026-04-28 03:10:00,SELL,1.17224,1.17266,1.17266,1.1714,0.00028,LOSS,SL,-4.2,1.2,-5.4,-6.09,-4.19,-1.286,46.91,-0.000347,4.5,1.074,3.6,1.17224,0.0003,1.172664,1.173011
2026-04-28 03:15:00,2026-04-28 03:25:00,SELL,1.17236,1.17186,1.17261,1.17186,0.00017,WIN,TP,5.0,1.2,3.8,3.14,5.04,1.524,56.24,-0.000383,0.6,0.238,6.0,1.17237,0.00035,1.172265,1.172648
2026-04-28 03:50:00,2026-04-28 04:00:00,SELL,1.17216,1.17145,1.17251,1.17145,0.00024,WIN,TP,7.1,1.2,5.9,5.19,7.09,1.662,48.05,-0.000383,0.0,0.0,8.1,1.17216,0.00027,1.172231,1.172613
2026-04-28 04:40:00,2026-04-28 05:05:00,SELL,1.17181,1.1711,1.17216,1.1711,0.00024,WIN,TP,7.1,1.2,5.9,5.17,7.07,1.661,47.08,-0.000491,0.0,0.0,7.5,1.17181,0.00022,1.172027,1.172518
2026-04-28 06:15:00,2026-04-28 06:25:00,SELL,1.1713,1.17164,1.17164,1.17061,0.00023,LOSS,SL,-3.4,1.2,-4.6,-5.33,-3.43,-1.349,48.96,-0.00072,4.2,1.223,0.5,1.1713,0.0002,1.171566,1.172286
2026-04-28 06:40:00,2026-04-28 08:35:00,SELL,1.17143,1.17073,1.17178,1.17073,0.00023,WIN,TP,7.0,1.2,5.8,5.1,7.0,1.657,51.34,-0.00069,2.0,0.571,7.2,1.17143,0.0003,1.171559,1.172249
2026-04-28 10:20:00,2026-04-28 11:15:00,SELL,1.16987,1.17043,1.17043,1.16875,0.00037,LOSS,SL,-5.6,1.2,-6.8,-7.48,-5.58,-1.215,45.53,-0.001111,9.0,1.612,6.3,1.16987,0.00059,1.170558,1.17167
2026-04-28 11:20:00,2026-04-28 12:30:00,SELL,1.17051,1.16918,1.17117,1.16918,0.00044,WIN,TP,13.3,1.2,12.1,11.4,13.3,1.82,58.64,-0.001183,1.8,0.271,17.0,1.17051,0.0007,1.170274,1.171457
2026-04-28 12:50:00,2026-04-28 14:45:00,SELL,1.16961,1.16827,1.17028,1.16827,0.00045,WIN,TP,13.4,1.1,12.3,11.63,13.43,1.836,47.63,-0.001178,3.2,0.477,14.5,1.16961,0.00067,1.170011,1.17119
2026-04-28 15:30:00,2026-04-28 15:40:00,SELL,1.1689,1.16964,1.16964,1.16742,0.00049,LOSS,SL,-7.4,1.1,-8.5,-9.2,-7.4,-1.149,50.31,-0.001379,7.9,1.068,3.5,1.1689,0.00055,1.16921,1.170589
2026-04-28 15:45:00,2026-04-28 16:35:00,SELL,1.16945,1.17017,1.17017,1.168,0.00048,LOSS,SL,-7.2,1.2,-8.4,-9.13,-7.23,-1.166,58.72,-0.001329,9.2,1.273,6.7,1.16945,0.00037,1.169222,1.170552
2026-04-28 16:50:00,2026-04-28 18:00:00,SELL,1.16987,1.17065,1.17065,1.16831,0.00052,LOSS,SL,-7.8,1.1,-8.9,-9.59,-7.79,-1.141,56.45,-0.001045,9.7,1.245,9.3,1.16987,0.00042,1.169394,1.170439
2026-04-28 18:15:00,2026-04-28 18:25:00,SELL,1.17043,1.17124,1.17124,1.16881,0.00054,LOSS,SL,-8.1,1.1,-9.2,-9.89,-8.09,-1.136,59.69,-0.000711,8.4,1.039,1.4,1.17043,0.0003,1.169634,1.170345
2026-04-28 19:20:00,2026-04-28 20:45:00,SELL,1.17084,1.17155,1.17155,1.16942,0.00047,LOSS,SL,-7.1,1.1,-8.2,-8.88,-7.08,-1.155,53.58,-0.000193,9.2,1.3,3.7,1.17084,0.00064,1.170249,1.170442
2026-04-28 21:15:00,2026-04-28 22:50:00,BUY,1.17125,1.1707,1.1707,1.17235,0.00037,LOSS,SL,-5.5,1.2,-6.7,-7.4,-5.5,-1.218,54.35,0.000198,6.8,1.237,3.6,1.17125,0.00026,1.170769,1.17057
2026-04-28 22:55:00,2026-04-29 01:00:00,BUY,1.17077,1.17156,1.17038,1.17156,0.00026,WIN,TP,7.9,1.2,6.7,6.0,7.9,1.696,40.18,0.000277,0.9,0.228,10.3,1.17077,0.00029,1.170951,1.170674
2026-04-29 01:30:00,2026-04-29 04:00:00,BUY,1.17143,1.1711,1.1711,1.17209,0.00022,LOSS,SL,-3.3,1.3,-4.6,-5.3,-3.3,-1.393,52.71,0.000392,6.0,1.815,6.2,1.17143,0.00019,1.171239,1.170847
2026-04-29 04:35:00,2026-04-29 05:40:00,BUY,1.17123,1.17083,1.17083,1.17203,0.00027,LOSS,SL,-4.0,1.2,-5.2,-5.89,-3.99,-1.301,46.01,0.000339,6.1,1.529,4.4,1.17123,0.00039,1.171381,1.171042
2026-04-29 05:50:00,2026-04-29 06:40:00,BUY,1.17102,1.1706,1.1706,1.17187,0.00028,LOSS,SL,-4.2,1.2,-5.4,-6.13,-4.23,-1.284,44.15,0.000237,4.5,1.064,0.5,1.17102,0.00028,1.171305,1.171068
2026-04-29 07:15:00,2026-04-29 08:10:00,BUY,1.17064,1.17031,1.17031,1.17129,0.00022,LOSS,SL,-3.3,1.2,-4.5,-5.17,-3.27,-1.367,41.53,2e-06,4.4,1.346,1.2,1.17064,0.00027,1.17102,1.171018
2026-04-29 09:05:00,2026-04-29 10:10:00,SELL,1.17026,1.17064,1.17064,1.1695,0.00025,LOSS,SL,-3.8,1.0,-4.8,-5.48,-3.78,-1.265,47.22,-0.000301,4.6,1.218,6.8,1.17026,0.00042,1.170576,1.170877
2026-04-29 10:15:00,2026-04-29 11:05:00,SELL,1.17062,1.16965,1.17111,1.16965,0.00032,WIN,TP,9.7,1.1,8.6,7.94,9.74,1.774,59.76,-0.0004,2.0,0.411,11.7,1.17062,0.00025,1.170371,1.170772
2026-04-29 11:20:00,2026-04-29 13:55:00,SELL,1.1701,1.17069,1.17069,1.16892,0.00039,LOSS,SL,-5.9,1.0,-6.9,-7.62,-5.92,-1.169,47.55,-0.000381,8.3,1.401,6.2,1.1701,0.00065,1.170334,1.170715
2026-04-29 14:15:00,2026-04-29 15:50:00,SELL,1.17048,1.1695,1.17097,1.1695,0.00033,WIN,TP,9.8,1.2,8.6,7.93,9.83,1.756,56.29,-0.000316,4.2,0.855,11.6,1.17048,0.00026,1.170225,1.170541
2026-04-29 16:05:00,2026-04-29 16:30:00,SELL,1.16997,1.16871,1.1706,1.16871,0.00042,WIN,TP,12.6,1.0,11.6,10.86,12.56,1.841,45.84,-0.000271,3.5,0.557,17.3,1.16997,0.00035,1.170212,1.170483
2026-04-29 17:20:00,2026-04-29 17:50:00,SELL,1.16912,1.16982,1.16982,1.16772,0.00047,LOSS,SL,-7.0,1.1,-8.1,-8.8,-7.0,-1.157,46.48,-0.00064,11.8,1.685,4.0,1.16912,0.00052,1.16963,1.170271
2026-04-29 18:05:00,2026-04-29 20:00:00,SELL,1.16975,1.16818,1.17053,1.16818,0.00052,WIN,TP,15.7,1.0,14.7,14.0,15.7,1.873,55.5,-0.000618,6.5,0.828,17.6,1.16976,0.0006,1.169582,1.1702
2026-04-29 20:50:00,2026-04-29 21:05:00,SELL,1.16864,1.16739,1.16926,1.16739,0.00042,WIN,TP,12.5,1.2,11.3,10.59,12.49,1.808,48.92,-0.000853,4.1,0.657,13.8,1.16864,0.0005,1.168984,1.169836
2026-04-29 21:20:00,2026-04-29 21:40:00,SELL,1.16814,1.1665,1.16896,1.1665,0.00055,WIN,TP,16.4,1.0,15.4,14.68,16.38,1.878,45.32,-0.000952,2.9,0.354,18.3,1.16814,0.00097,1.168781,1.169732
2026-04-29 22:15:00,2026-04-30 03:00:00,SELL,1.16765,1.16866,1.16866,1.16563,0.00067,LOSS,SL,-10.1,1.1,-11.2,-11.91,-10.11,-1.109,49.21,-0.00127,11.9,1.177,16.7,1.16764,0.00102,1.168192,1.169462
2026-04-30 03:40:00,2026-04-30 04:35:00,SELL,1.16845,1.16756,1.16889,1.16756,0.0003,WIN,TP,8.9,1.2,7.7,6.97,8.87,1.729,58.01,-0.000625,0.0,0.0,10.5,1.16845,0.00037,1.168037,1.168662
2026-04-30 04:55:00,2026-04-30 05:30:00,SELL,1.16787,1.16688,1.16836,1.16688,0.00033,WIN,TP,9.9,1.2,8.7,7.99,9.89,1.757,46.39,-0.000585,0.1,0.02,13.5,1.16787,0.00056,1.167974,1.168559
2026-04-30 06:10:00,2026-04-30 07:15:00,SELL,1.16707,1.16605,1.16758,1.16605,0.00034,WIN,TP,10.2,1.0,9.2,8.51,10.21,1.804,45.77,-0.000838,0.3,0.059,10.3,1.16707,0.00036,1.167498,1.168336
2026-04-30 08:10:00,2026-04-30 09:30:00,SELL,1.16634,1.16678,1.16678,1.16545,0.0003,LOSS,SL,-4.4,1.0,-5.4,-6.14,-4.44,-1.225,49.31,-0.001177,6.9,1.553,5.7,1.16634,0.00041,1.166728,1.167905
2026-04-30 09:40:00,2026-04-30 10:00:00,SELL,1.16681,1.16733,1.16733,1.16578,0.00034,LOSS,SL,-5.2,1.2,-6.4,-7.07,-5.17,-1.232,59.15,-0.001125,5.9,1.142,2.8,1.16674,0.00037,1.166514,1.167639
2026-04-30 11:45:00,2026-04-30 12:30:00,SELL,1.16861,1.16934,1.16934,1.16715,0.00049,LOSS,SL,-7.3,1.0,-8.3,-8.98,-7.28,-1.137,59.64,-0.00016,9.3,1.277,12.9,1.16861,0.00044,1.167572,1.167732
2026-04-30 12:35:00,2026-04-30 12:45:00,SELL,1.16861,1.16947,1.16947,1.16689,0.00057,LOSS,SL,-8.6,1.2,-9.8,-10.51,-8.61,-1.139,59.76,-6e-06,9.1,1.056,0.9,1.16861,0.00104,1.167765,1.167772
2026-04-30 14:55:00,2026-04-30 15:15:00,BUY,1.17056,1.16954,1.16954,1.17261,0.00068,LOSS,SL,-10.2,1.1,-11.3,-12.03,-10.23,-1.108,49.99,0.001317,16.1,1.574,2.1,1.17056,0.00133,1.169769,1.168451
2026-04-30 15:25:00,2026-04-30 15:40:00,BUY,1.17005,1.16895,1.16895,1.17224,0.00073,LOSS,SL,-11.0,1.1,-12.1,-12.77,-10.97,-1.1,46.03,0.001296,11.9,1.085,4.3,1.17005,0.00077,1.169845,1.168549
2026-04-30 15:50:00,2026-04-30 16:25:00,BUY,1.16931,1.16818,1.16818,1.17158,0.00076,LOSS,SL,-11.3,1.0,-12.3,-13.05,-11.35,-1.088,41.32,0.001189,11.4,1.005,7.7,1.16927,0.00109,1.169787,1.168597
2026-04-30 16:30:00,2026-04-30 17:45:00,BUY,1.16916,1.17152,1.16798,1.17152,0.00079,WIN,TP,23.6,1.0,22.6,21.95,23.65,1.915,45.58,0.000966,8.4,0.71,23.8,1.16916,0.00101,1.169605,1.168639
2026-04-30 19:20:00,2026-05-01 09:55:00,BUY,1.17259,1.17447,1.17165,1.17447,0.00063,WIN,TP,18.8,1.0,17.8,17.07,18.77,1.893,54.44,0.001922,8.0,0.853,19.0,1.17259,0.00087,1.171445,1.169523
2026-05-01 11:00:00,2026-05-01 14:10:00,BUY,1.17344,1.17495,1.17269,1.17495,0.0005,WIN,TP,15.1,1.1,14.0,13.27,15.07,1.854,53.55,0.000582,4.1,0.544,16.5,1.17344,0.00068,1.173057,1.172475
2026-05-01 14:50:00,2026-05-01 15:10:00,BUY,1.17465,1.17577,1.17409,1.17577,0.00037,WIN,TP,11.2,1.0,10.2,9.54,11.24,1.822,52.92,0.001048,1.5,0.267,14.9,1.17465,0.00036,1.174164,1.173115
2026-05-01 16:20:00,2026-05-01 16:45:00,BUY,1.17572,1.17503,1.17503,1.17711,0.00046,LOSS,SL,-6.9,1.1,-8.0,-8.73,-6.93,-1.159,53.41,0.001476,13.8,1.991,1.5,1.17572,0.00053,1.175042,1.173566
2026-05-01 16:55:00,2026-05-01 17:00:00,BUY,1.17518,1.17692,1.17431,1.17692,0.00058,WIN,TP,17.4,1.0,16.4,15.73,17.43,1.885,46.53,0.00142,0.8,0.092,21.3,1.17518,0.00094,1.175103,1.173684
2026-05-01 17:55:00,2026-05-01 18:50:00,BUY,1.1764,1.17546,1.17546,1.17828,0.00063,LOSS,SL,-9.4,1.1,-10.5,-11.19,-9.39,-1.117,48.3,0.001858,10.8,1.15,6.7,1.17639,0.00068,1.175957,1.174099
2026-05-01 18:55:00,2026-05-01 19:00:00,BUY,1.17627,1.17532,1.17532,1.17817,0.00063,LOSS,SL,-9.5,1.0,-10.5,-11.19,-9.49,-1.105,45.82,0.001811,10.4,1.096,0.1,1.17627,0.00153,1.176192,1.17438
2026-05-01 23:55:00,2026-05-04 00:00:00,SELL,1.17199,1.17248,1.17248,1.17102,0.00032,LOSS,SL,-4.9,1.3,-6.2,-6.86,-4.86,-1.268,45.43,-0.000919,26.5,5.455,4.7,1.17202,0.0004,1.172774,1.173693
2026-05-04 00:55:00,2026-05-04 01:20:00,SELL,1.17412,1.17294,1.17471,1.17294,0.00039,WIN,TP,11.8,1.0,10.8,10.12,11.82,1.831,59.54,-0.00038,1.2,0.203,14.6,1.17412,0.00033,1.173388,1.173768
2026-05-04 01:30:00,2026-05-04 06:50:00,SELL,1.1732,1.17385,1.17385,1.1719,0.00043,LOSS,SL,-6.5,1.2,-7.7,-8.4,-6.5,-1.185,45.82,-0.000352,6.9,1.061,12.0,1.1732,0.0006,1.173393,1.173745
2026-05-04 07:25:00,2026-05-04 09:10:00,SELL,1.17299,1.17348,1.17348,1.17202,0.00032,LOSS,SL,-4.9,1.0,-5.9,-6.57,-4.87,-1.205,51.5,-0.000393,5.7,1.17,4.5,1.17299,0.00041,1.172847,1.17324
2026-05-04 09:35:00,2026-05-04 09:45:00,SELL,1.17336,1.17248,1.1738,1.17248,0.00029,WIN,TP,8.8,1.0,7.8,7.12,8.82,1.773,59.09,-0.000191,0.8,0.181,13.0,1.17336,0.00049,1.173003,1.173193
2026-05-04 09:55:00,2026-05-04 10:40:00,SELL,1.17292,1.17187,1.17344,1.17187,0.00035,WIN,TP,10.5,1.1,9.4,8.67,10.47,1.79,46.39,-0.000197,1.0,0.191,11.2,1.17292,0.00053,1.172985,1.173181
2026-05-04 11:35:00,2026-05-04 13:00:00,SELL,1.17197,1.17085,1.17253,1.17085,0.00037,WIN,TP,11.2,1.1,10.1,9.39,11.19,1.803,46.39,-0.000562,4.0,0.715,15.3,1.17197,0.00036,1.172403,1.172965
2026-05-04 13:35:00,2026-05-04 15:00:00,SELL,1.17104,1.16919,1.17196,1.16919,0.00062,WIN,TP,18.5,1.0,17.5,16.77,18.47,1.892,48.34,-0.000966,2.8,0.303,19.4,1.17105,0.00121,1.171652,1.172618
2026-05-04 15:10:00,2026-05-04 15:15:00,SELL,1.16997,1.17079,1.17079,1.16833,0.00055,LOSS,SL,-8.2,1.1,-9.3,-10.01,-8.21,-1.134,45.97,-0.001391,8.5,1.036,2.0,1.16997,0.00059,1.170792,1.172183
2026-05-04 15:20:00,2026-05-04 16:35:00,SELL,1.17071,1.17155,1.17155,1.16903,0.00056,LOSS,SL,-8.4,1.0,-9.4,-10.08,-8.38,-1.119,55.34,-0.001383,9.5,1.133,5.2,1.17071,0.00082,1.170765,1.172148
2026-05-04 17:05:00,2026-05-04 18:25:00,SELL,1.17111,1.16961,1.17186,1.16961,0.0005,WIN,TP,15.0,1.0,14.0,13.28,14.98,1.867,52.84,-0.000987,5.2,0.694,15.0,1.17111,0.0004,1.170954,1.171941
2026-05-04 20:20:00,2026-05-04 22:20:00,SELL,1.1693,1.17013,1.17013,1.16764,0.00055,LOSS,SL,-8.3,1.2,-9.5,-10.2,-8.3,-1.145,49.64,-0.001443,9.1,1.096,5.0,1.1693,0.0007,1.169808,1.171251
2026-05-04 22:30:00,2026-05-04 23:20:00,SELL,1.16996,1.16872,1.17058,1.16872,0.00041,WIN,TP,12.4,1.2,11.2,10.53,12.43,1.807,58.9,-0.001253,1.1,0.177,13.5,1.16996,0.0005,1.169579,1.170832
2026-05-04 23:45:00,2026-05-05 00:00:00,SELL,1.16914,1.16955,1.16955,1.16832,0.00027,LOSS,SL,-4.1,1.3,-5.4,-6.12,-4.12,-1.316,45.57,-0.001177,6.1,1.481,5.0,1.16914,0.00018,1.169446,1.170623
2026-05-05 00:10:00,2026-05-05 04:20:00,SELL,1.16902,1.16803,1.16952,1.16803,0.00033,WIN,TP,9.9,2.8,7.1,6.43,9.93,1.436,45.55,-0.00118,3.7,0.745,11.4,1.16902,0.00056,1.169364,1.170544
2026-05-05 04:50:00,2026-05-05 05:25:00,SELL,1.16858,1.16896,1.16896,1.16782,0.00025,LOSS,SL,-3.8,1.1,-4.9,-5.61,-3.81,-1.289,46.94,-0.000998,4.8,1.261,0.7,1.16858,0.0002,1.168829,1.169827
2026-05-05 05:30:00,2026-05-05 06:55:00,SELL,1.16897,1.1683,1.16931,1.1683,0.00022,WIN,TP,6.7,1.2,5.5,4.84,6.74,1.644,59.93,-0.000933,1.8,0.534,7.1,1.16897,0.00025,1.168813,1.169745
2026-05-05 07:20:00,2026-05-05 07:55:00,SELL,1.16858,1.16801,1.16886,1.16801,0.00019,WIN,TP,5.7,1.2,4.5,3.79,5.69,1.578,47.6,-0.000825,1.5,0.528,9.3,1.16858,0.00016,1.168706,1.169531
2026-05-05 08:25:00,2026-05-05 09:00:00,SELL,1.16817,1.16854,1.16854,1.16742,0.00025,LOSS,SL,-3.7,1.2,-4.9,-5.64,-3.74,-1.321,45.23,-0.000883,3.9,1.043,2.9,1.16817,0.00042,1.168484,1.169367
2026-05-05 09:05:00,2026-05-05 09:30:00,SELL,1.16848,1.1689,1.1689,1.16764,0.00028,LOSS,SL,-4.2,1.0,-5.2,-5.88,-4.18,-1.239,55.17,-0.000857,4.7,1.123,5.4,1.16848,0.00037,1.168426,1.169282
2026-05-05 09:35:00,2026-05-05 10:05:00,SELL,1.16876,1.16929,1.16929,1.16771,0.00035,LOSS,SL,-5.3,1.0,-6.3,-6.95,-5.25,-1.19,58.75,-0.000807,5.5,1.048,3.3,1.16875,0.00055,1.168425,1.169232
2026-05-05 10:15:00,2026-05-05 10:35:00,SELL,1.16895,1.16948,1.16948,1.16788,0.00036,LOSS,SL,-5.3,1.2,-6.5,-7.23,-5.33,-1.225,58.78,-0.000671,7.1,1.331,3.8,1.16896,0.00037,1.168527,1.169198
2026-05-05 10:45:00,2026-05-05 13:30:00,SELL,1.16919,1.16976,1.16976,1.16805,0.00038,LOSS,SL,-5.7,1.1,-6.8,-7.49,-5.69,-1.193,58.63,-0.000547,5.7,1.002,10.9,1.16919,0.00039,1.168643,1.16919
2026-05-05 13:40:00,2026-05-05 15:25:00,SELL,1.16906,1.16966,1.16966,1.16785,0.0004,LOSS,SL,-6.0,1.1,-7.1,-7.83,-6.03,-1.183,51.75,-0.000232,7.1,1.178,8.3,1.16906,0.00051,1.168888,1.169121
2026-05-05 15:35:00,2026-05-05 16:05:00,SELL,1.16936,1.16998,1.16998,1.16812,0.00041,LOSS,SL,-6.2,1.1,-7.3,-7.99,-6.19,-1.178,56.85,-0.000129,9.1,1.471,4.2,1.16936,0.0005,1.168961,1.16909
2026-05-05 16:45:00,2026-05-05 17:15:00,BUY,1.16981,1.16919,1.16919,1.17105,0.00041,LOSS,SL,-6.2,1.0,-7.2,-7.88,-6.18,-1.162,54.43,0.000133,6.9,1.117,7.7,1.16977,0.00049,1.169306,1.169173
2026-05-05 17:20:00,2026-05-05 18:40:00,BUY,1.16953,1.17112,1.16874,1.17112,0.00053,WIN,TP,15.9,1.0,14.9,14.19,15.89,1.874,47.73,0.000216,2.0,0.252,18.0,1.16953,0.00081,1.169434,1.169217
2026-05-05 19:00:00,2026-05-05 19:15:00,BUY,1.17064,1.16994,1.16994,1.17204,0.00047,LOSS,SL,-7.0,1.0,-8.0,-8.72,-7.02,-1.142,53.73,0.000611,7.4,1.054,2.4,1.17064,0.00042,1.170068,1.169457
2026-05-05 19:20:00,2026-05-05 22:25:00,BUY,1.17011,1.16947,1.16947,1.17138,0.00042,LOSS,SL,-6.4,1.2,-7.6,-8.27,-6.37,-1.188,44.97,0.000615,6.4,1.005,3.0,1.17011,0.00031,1.170106,1.169492
2026-05-05 22:35:00,2026-05-05 23:45:00,BUY,1.16961,1.16923,1.16923,1.17037,0.00025,LOSS,SL,-3.8,1.2,-5.0,-5.71,-3.81,-1.315,40.68,0.00029,4.1,1.077,0.8,1.16961,0.00025,1.169912,1.169621
2026-05-05 23:50:00,2026-05-06 00:00:00,BUY,1.16941,1.16912,1.16912,1.16999,0.00019,LOSS,SL,-2.9,1.3,-4.2,-4.89,-2.89,-1.45,41.0,0.00011,6.5,2.251,0.6,1.1694,0.0002,1.169711,1.169601
2026-05-06 00:50:00,2026-05-06 01:50:00,SELL,1.16931,1.16954,1.16954,1.16885,0.00015,LOSS,SL,-2.3,1.7,-4.0,-4.71,-2.31,-1.735,45.52,-2.3e-05,9.3,4.023,1.7,1.16933,0.00018,1.169541,1.169563
2026-05-06 05:15:00,2026-05-06 05:40:00,BUY,1.17209,1.17162,1.17162,1.17303,0.00031,LOSS,SL,-4.7,1.1,-5.8,-6.52,-4.72,-1.233,53.52,0.001161,5.3,1.122,2.4,1.17209,0.00025,1.171477,1.170316
2026-05-06 05:45:00,2026-05-06 07:25:00,BUY,1.17164,1.17252,1.1712,1.17252,0.00029,WIN,TP,8.8,1.2,7.6,6.91,8.81,1.728,43.64,0.001156,1.6,0.363,11.9,1.17164,0.00024,1.171565,1.170408
2026-05-06 08:35:00,2026-05-06 10:30:00,BUY,1.17311,1.17257,1.17257,1.17419,0.00036,LOSS,SL,-5.4,1.2,-6.6,-7.32,-5.42,-1.222,54.82,0.00142,6.0,1.108,5.7,1.17312,0.00022,1.172451,1.171031
2026-05-06 10:40:00,2026-05-06 11:30:00,BUY,1.17288,1.17412,1.17226,1.17412,0.00041,WIN,TP,12.4,1.0,11.4,10.72,12.42,1.839,46.9,0.001363,2.1,0.338,17.5,1.17288,0.00053,1.172857,1.171494
2026-05-06 14:45:00,2026-05-06 15:00:00,BUY,1.1775,1.17659,1.17659,1.17932,0.00061,LOSS,SL,-9.1,1.0,-10.1,-10.82,-9.12,-1.11,48.55,0.003175,13.2,1.447,1.6,1.17753,0.00126,1.176667,1.173493
2026-05-06 15:45:00,2026-05-06 16:00:00,BUY,1.17611,1.17521,1.17521,1.17791,0.0006,LOSS,SL,-9.0,1.1,-10.1,-10.8,-9.0,-1.122,40.46,0.002693,9.3,1.033,0.0,1.17611,0.00068,1.176499,1.173806
2026-05-06 16:15:00,2026-05-06 17:05:00,BUY,1.17557,1.17465,1.17465,1.17741,0.00061,LOSS,SL,-9.2,1.1,-10.3,-10.98,-9.18,-1.12,41.07,0.002368,11.3,1.231,2.2,1.17557,0.00085,1.176269,1.173901
2026-05-06 17:25:00,2026-05-06 19:55:00,BUY,1.17501,1.17423,1.17423,1.17657,0.00052,LOSS,SL,-7.8,1.0,-8.8,-9.49,-7.79,-1.128,41.93,0.001707,8.9,1.142,12.7,1.17502,0.00045,1.175766,1.174059
2026-05-06 20:05:00,2026-05-06 20:50:00,BUY,1.17502,1.17438,1.17438,1.17629,0.00042,LOSS,SL,-6.4,1.1,-7.5,-8.17,-6.37,-1.173,47.53,0.000955,6.4,1.005,5.3,1.17502,0.00084,1.175334,1.174379
2026-05-06 21:00:00,2026-05-07 04:35:00,BUY,1.17481,1.17591,1.17426,1.17591,0.00037,WIN,TP,11.0,1.1,9.9,9.21,11.01,1.8,45.88,0.000747,5.3,0.963,13.7,1.17481,0.00037,1.175184,1.174437
2026-05-07 05:10:00,2026-05-07 06:30:00,BUY,1.1756,1.17521,1.17521,1.17638,0.00026,LOSS,SL,-3.9,1.0,-4.9,-5.62,-3.92,-1.255,54.22,0.000439,5.3,1.351,1.8,1.1756,0.00017,1.175271,1.174832
2026-05-07 07:10:00,2026-05-07 09:25:00,BUY,1.17505,1.1747,1.1747,1.17575,0.00023,LOSS,SL,-3.5,1.2,-4.7,-5.41,-3.51,-1.342,40.78,0.000344,3.8,1.084,3.2,1.17505,0.00012,1.175286,1.174943
2026-05-07 09:35:00,2026-05-07 09:50:00,BUY,1.17497,1.17451,1.17451,1.17588,0.0003,LOSS,SL,-4.6,1.0,-5.6,-6.25,-4.55,-1.22,44.32,0.000182,5.1,1.12,7.1,1.17497,0.00061,1.175172,1.17499
2026-05-07 09:55:00,2026-05-07 10:05:00,BUY,1.17464,1.17577,1.17407,1.17577,0.00038,WIN,TP,11.3,1.1,10.2,9.51,11.31,1.805,40.26,0.000159,0.8,0.142,18.1,1.17464,0.00053,1.175151,1.174992
2026-05-07 12:25:00,2026-05-07 19:05:00,BUY,1.17672,1.17614,1.17614,1.17789,0.00039,LOSS,SL,-5.8,1.0,-6.8,-7.55,-5.85,-1.171,52.73,0.000831,8.8,1.506,11.1,1.17672,0.00025,1.176249,1.175419
2026-05-07 19:30:00,2026-05-07 19:50:00,BUY,1.17632,1.17569,1.17569,1.17759,0.00042,LOSS,SL,-6.3,1.1,-7.4,-8.13,-6.33,-1.174,43.79,0.000503,6.7,1.058,1.4,1.17632,0.00027,1.176797,1.176294
2026-05-07 19:55:00,2026-05-07 20:25:00,BUY,1.17607,1.17548,1.17548,1.17726,0.0004,LOSS,SL,-5.9,1.1,-7.0,-7.73,-5.93,-1.185,40.98,0.000389,14.4,2.428,0.6,1.17607,0.00046,1.176676,1.176286
2026-05-07 21:25:00,2026-05-07 22:25:00,SELL,1.17509,1.17373,1.17577,1.17373,0.00045,WIN,TP,13.6,1.2,12.4,11.72,13.62,1.824,45.32,-0.000271,3.3,0.484,14.5,1.17509,0.00032,1.17581,1.176081
2026-05-07 22:35:00,2026-05-07 23:55:00,SELL,1.17453,1.17278,1.17541,1.17278,0.00058,WIN,TP,17.5,1.1,16.4,15.7,17.5,1.874,45.89,-0.000603,3.1,0.354,22.7,1.17453,0.00054,1.175286,1.175889
2026-05-08 01:20:00,2026-05-08 03:05:00,SELL,1.17287,1.17341,1.17341,1.17179,0.00036,LOSS,SL,-5.4,1.0,-6.4,-7.11,-5.41,-1.185,47.27,-0.001529,6.0,1.109,4.8,1.17287,0.00045,1.17357,1.1751
2026-05-08 03:15:00,2026-05-08 07:50:00,SELL,1.17316,1.17358,1.17358,1.17233,0.00028,LOSS,SL,-4.2,1.1,-5.3,-5.97,-4.17,-1.264,57.91,-0.001502,4.2,1.008,7.8,1.17316,0.00037,1.173125,1.174627
2026-05-08 08:10:00,2026-05-08 08:30:00,SELL,1.17333,1.17371,1.17371,1.17257,0.00025,LOSS,SL,-3.8,1.2,-5.0,-5.69,-3.79,-1.316,56.04,-0.000832,5.3,1.398,1.3,1.17333,0.00027,1.173083,1.173915
2026-05-08 08:40:00,2026-05-08 08:55:00,SELL,1.17345,1.17385,1.17385,1.17264,0.00027,LOSS,SL,-4.0,1.2,-5.2,-5.93,-4.03,-1.298,55.71,-0.000715,4.2,1.043,0.6,1.17345,0.00029,1.173177,1.173892
2026-05-08 09:15:00,2026-05-08 09:25:00,SELL,1.17399,1.1745,1.1745,1.17297,0.00034,LOSS,SL,-5.1,1.1,-6.2,-6.92,-5.12,-1.215,58.75,-0.000527,7.6,1.484,0.0,1.17399,0.00062,1.173369,1.173896
2026-05-08 10:00:00,2026-05-08 11:20:00,SELL,1.17443,1.17496,1.17496,1.17336,0.00036,LOSS,SL,-5.3,1.0,-6.3,-7.03,-5.33,-1.188,59.17,-0.000236,8.7,1.633,3.1,1.17443,0.00028,1.173712,1.173947
2026-05-08 13:45:00,2026-05-08 13:55:00,BUY,1.17671,1.17619,1.17619,1.17775,0.00035,LOSS,SL,-5.2,1.0,-6.2,-6.92,-5.22,-1.192,54.33,0.001229,6.0,1.149,1.4,1.17671,0.00039,1.175919,1.17469
2026-05-08 14:00:00,2026-05-08 15:30:00,BUY,1.17632,1.1758,1.1758,1.17737,0.00035,LOSS,SL,-5.2,1.1,-6.3,-7.04,-5.24,-1.21,44.56,0.001233,5.8,1.107,14.8,1.17632,0.00036,1.175974,1.174741
2026-05-08 16:10:00,2026-05-08 16:30:00,BUY,1.17687,1.17827,1.17617,1.17827,0.00047,WIN,TP,14.0,1.1,12.9,12.19,13.99,1.843,49.18,0.001353,3.3,0.472,16.8,1.17687,0.00048,1.17657,1.175216
2026-05-08 17:05:00,2026-05-08 17:10:00,BUY,1.17746,1.17665,1.17665,1.17907,0.00054,LOSS,SL,-8.1,1.0,-9.1,-9.77,-8.07,-1.124,50.51,0.001529,8.5,1.053,0.0,1.17746,0.00055,1.177014,1.175486
2026-05-08 17:15:00,2026-05-11 00:00:00,BUY,1.17734,1.17652,1.17652,1.17897,0.00054,LOSS,SL,-8.2,1.0,-9.2,-9.87,-8.17,-1.122,49.31,0.001506,34.1,4.172,14.3,1.17734,0.00078,1.177024,1.175518
2026-05-11 00:40:00,2026-05-11 07:35:00,BUY,1.17615,1.17527,1.17527,1.17792,0.00059,LOSS,SL,-8.8,1.8,-10.6,-11.33,-8.83,-1.204,40.18,0.000615,9.6,1.087,10.4,1.17615,0.0005,1.177281,1.176667
2026-05-11 09:05:00,2026-05-11 09:25:00,SELL,1.17551,1.17588,1.17588,1.17477,0.00025,LOSS,SL,-3.7,1.0,-4.7,-5.4,-3.7,-1.27,55.15,-0.00062,4.1,1.109,2.6,1.17551,0.00053,1.175618,1.176238
2026-05-11 12:00:00,2026-05-11 12:55:00,BUY,1.17714,1.17664,1.17664,1.17815,0.00034,LOSS,SL,-5.0,1.2,-6.2,-6.95,-5.05,-1.238,50.25,0.000298,5.2,1.03,3.0,1.17713,0.00033,1.176742,1.176444
2026-05-11 13:10:00,2026-05-11 16:00:00,BUY,1.17668,1.17758,1.17623,1.17758,0.0003,WIN,TP,9.0,1.1,7.9,7.17,8.97,1.755,41.05,0.000331,3.8,0.847,11.3,1.17668,0.0003,1.17685,1.176519
2026-05-11 17:50:00,2026-05-11 18:45:00,BUY,1.17833,1.17775,1.17775,1.17949,0.00039,LOSS,SL,-5.8,1.1,-6.9,-7.62,-5.82,-1.189,53.44,0.000816,6.7,1.151,2.0,1.17833,0.00045,1.177824,1.177009
2026-05-11 18:50:00,2026-05-11 19:40:00,BUY,1.17783,1.17726,1.17726,1.17897,0.00038,LOSS,SL,-5.7,1.1,-6.8,-7.52,-5.72,-1.192,41.19,0.000795,6.0,1.049,3.3,1.17771,0.00039,1.177927,1.177132
2026-05-11 19:45:00,2026-05-11 20:00:00,BUY,1.17754,1.17703,1.17703,1.17855,0.00034,LOSS,SL,-5.1,1.2,-6.3,-6.97,-5.07,-1.237,40.06,0.000679,5.1,1.006,1.4,1.17754,0.00063,1.177881,1.177203
2026-05-11 20:15:00,2026-05-12 00:55:00,BUY,1.17748,1.17842,1.17701,1.17842,0.00031,WIN,TP,9.4,1.2,8.2,7.46,9.36,1.744,42.4,0.000567,3.8,0.812,9.7,1.17748,0.0003,1.177783,1.177216
2026-05-12 02:05:00,2026-05-12 02:25:00,BUY,1.17844,1.17816,1.17816,1.179,0.00019,LOSS,SL,-2.8,1.3,-4.1,-4.82,-2.82,-1.462,51.86,0.000587,3.9,1.385,0.6,1.17844,0.00019,1.178237,1.177649
2026-05-12 05:55:00,2026-05-12 06:35:00,SELL,1.17631,1.17559,1.17667,1.17559,0.00024,WIN,TP,7.2,1.2,6.0,5.25,7.15,1.664,45.25,-0.000509,0.2,0.056,7.6,1.17631,0.00033,1.176844,1.177354
2026-05-12 07:35:00,2026-05-12 08:55:00,SELL,1.17581,1.17614,1.17614,1.17516,0.00022,LOSS,SL,-3.3,1.1,-4.4,-5.07,-3.27,-1.336,46.93,-0.000836,9.9,3.027,6.5,1.1758,0.00036,1.176225,1.177061
2026-05-12 09:10:00,2026-05-12 10:00:00,SELL,1.17583,1.17487,1.17631,1.17487,0.00032,WIN,TP,9.6,1.0,8.6,7.92,9.62,1.792,52.26,-0.000875,1.5,0.312,14.1,1.17583,0.00047,1.17595,1.176826
2026-05-12 10:20:00,2026-05-12 11:35:00,SELL,1.17519,1.17407,1.17575,1.17407,0.00037,WIN,TP,11.2,1.0,10.2,9.55,11.25,1.822,46.35,-0.000981,1.4,0.249,12.6,1.17519,0.0006,1.175641,1.176622
2026-05-12 11:50:00,2026-05-12 16:20:00,SELL,1.17463,1.17339,1.17525,1.17339,0.00041,WIN,TP,12.4,1.0,11.4,10.73,12.43,1.839,47.21,-0.001198,5.3,0.853,13.5,1.17462,0.00062,1.175089,1.176287
2026-05-12 17:15:00,2026-05-12 22:00:00,SELL,1.17351,1.17424,1.17424,1.17204,0.00049,LOSS,SL,-7.3,1.0,-8.3,-9.04,-7.34,-1.136,45.0,-0.001216,7.4,1.008,14.1,1.17351,0.00047,1.17408,1.175296
2026-05-12 22:50:00,2026-05-13 00:00:00,SELL,1.17419,1.17336,1.17461,1.17336,0.00028,WIN,TP,8.3,1.0,7.3,6.63,8.33,1.76,59.36,-0.000689,1.6,0.384,8.9,1.17419,0.00023,1.17372,1.174409
2026-05-13 00:25:00,2026-05-13 03:00:00,SELL,1.17401,1.17323,1.1744,1.17323,0.00026,WIN,TP,7.8,1.4,6.4,5.75,7.85,1.643,55.49,-0.000535,1.0,0.255,8.3,1.17401,0.00047,1.173775,1.174311
2026-05-13 03:20:00,2026-05-13 04:45:00,SELL,1.17364,1.17397,1.17397,1.17298,0.00022,LOSS,SL,-3.3,1.1,-4.4,-5.08,-3.28,-1.336,47.12,-0.000398,5.3,1.617,5.8,1.17364,0.00036,1.173752,1.174151
2026-05-13 04:55:00,2026-05-13 07:40:00,SELL,1.174,1.17314,1.17443,1.17314,0.00029,WIN,TP,8.6,1.2,7.4,6.66,8.56,1.72,57.81,-0.000355,1.7,0.397,8.7,1.174,0.0002,1.173707,1.174063
2026-05-13 07:50:00,2026-05-13 09:10:00,SELL,1.17341,1.17279,1.17372,1.17279,0.00021,WIN,TP,6.2,1.2,5.0,4.33,6.23,1.615,45.89,-0.000357,2.8,0.898,8.0,1.1734,0.00019,1.173554,1.173911
2026-05-13 12:55:00,2026-05-13 13:45:00,SELL,1.17046,1.171,1.171,1.16939,0.00036,LOSS,SL,-5.4,1.0,-6.4,-7.07,-5.37,-1.186,48.69,-0.001668,8.8,1.639,2.8,1.17046,0.00037,1.171142,1.17281
2026-05-13 15:00:00,2026-05-13 15:30:00,SELL,1.17121,1.17028,1.17168,1.17028,0.00031,WIN,TP,9.3,1.0,8.3,7.65,9.35,1.786,52.71,-0.001277,4.0,0.856,15.0,1.17121,0.00041,1.171149,1.172426
2026-05-13 16:35:00,2026-05-13 16:45:00,SELL,1.17054,1.17114,1.17114,1.16934,0.0004,LOSS,SL,-6.0,1.2,-7.2,-7.91,-6.01,-1.2,47.94,-0.001297,6.6,1.099,2.2,1.17054,0.00062,1.170804,1.172101
2026-05-13 16:50:00,2026-05-13 18:30:00,SELL,1.1708,1.17144,1.17144,1.16953,0.00042,LOSS,SL,-6.4,1.2,-7.6,-8.27,-6.37,-1.188,53.71,-0.001265,6.5,1.021,5.9,1.1708,0.00062,1.170795,1.17206
2026-05-13 18:50:00,2026-05-14 01:30:00,SELL,1.17127,1.17185,1.17185,1.17011,0.00039,LOSS,SL,-5.8,1.2,-7.0,-7.69,-5.79,-1.207,56.76,-0.000898,5.8,1.001,9.9,1.17127,0.00034,1.170935,1.171833
2026-05-14 01:50:00,2026-05-14 05:25:00,SELL,1.17168,1.17113,1.17195,1.17113,0.00018,WIN,TP,5.5,1.3,4.2,3.46,5.46,1.524,57.39,-0.000114,1.6,0.586,5.5,1.17168,0.00017,1.171349,1.171462
2026-05-14 05:30:00,2026-05-14 06:00:00,BUY,1.17139,1.17109,1.17109,1.17198,0.0002,LOSS,SL,-3.0,1.2,-4.2,-4.87,-2.97,-1.404,44.76,2e-06,3.9,1.313,0.4,1.17139,0.00028,1.171501,1.171499
2026-05-14 06:30:00,2026-05-14 07:45:00,SELL,1.17141,1.17171,1.17171,1.17082,0.0002,LOSS,SL,-3.0,1.2,-4.2,-4.87,-2.97,-1.404,53.02,-6.9e-05,3.1,1.043,3.2,1.17141,0.00026,1.171401,1.17147
2026-05-14 07:55:00,2026-05-14 09:00:00,SELL,1.17152,1.17089,1.17183,1.17089,0.00021,WIN,TP,6.3,1.2,5.1,4.36,6.26,1.616,53.82,-3.6e-05,0.8,0.256,6.4,1.17152,0.0002,1.171431,1.171467
2026-05-14 09:25:00,2026-05-14 09:40:00,SELL,1.17109,1.17151,1.17151,1.17026,0.00028,LOSS,SL,-4.2,1.2,-5.4,-6.07,-4.17,-1.288,45.44,-0.000115,4.6,1.103,0.4,1.17109,0.00041,1.17131,1.171426
2026-05-14 09:45:00,2026-05-14 09:45:00,SELL,1.17148,1.17193,1.17193,1.17058,0.0003,LOSS,SL,-4.5,1.2,-5.7,-6.4,-4.5,-1.267,56.52,-0.000104,5.7,1.266,0.7,1.17148,0.00024,1.17132,1.171423
2026-05-14 10:15:00,2026-05-14 14:30:00,SELL,1.17134,1.17033,1.17185,1.17033,0.00034,WIN,TP,10.1,1.0,9.1,8.42,10.12,1.802,47.25,-2.8e-05,2.7,0.534,11.4,1.17134,0.00061,1.171416,1.171444
2026-05-14 15:05:00,2026-05-14 16:00:00,SELL,1.17042,1.16945,1.1709,1.16945,0.00032,WIN,TP,9.7,1.2,8.5,7.78,9.68,1.752,46.99,-0.000421,1.2,0.248,10.0,1.17042,0.00048,1.170738,1.17116
2026-05-14 17:15:00,2026-05-14 17:55:00,SELL,1.1696,1.1683,1.17025,1.1683,0.00043,WIN,TP,13.0,1.2,11.8,11.06,12.96,1.815,49.78,-0.000847,4.0,0.617,18.0,1.1696,0.00043,1.169961,1.170808
2026-05-14 20:05:00,2026-05-14 23:20:00,SELL,1.16779,1.16661,1.16838,1.16661,0.00039,WIN,TP,11.8,1.2,10.6,9.94,11.84,1.797,48.53,-0.001625,2.8,0.473,12.1,1.16779,0.00036,1.168363,1.169988
2026-05-15 00:25:00,2026-05-15 02:10:00,SELL,1.16703,1.16629,1.1674,1.16629,0.00025,WIN,TP,7.4,1.3,6.1,5.37,7.37,1.647,51.12,-0.00162,3.0,0.814,7.6,1.16703,0.00036,1.167271,1.16889
2026-05-15 05:35:00,2026-05-15 05:50:00,SELL,1.16518,1.16558,1.16558,1.16439,0.00026,LOSS,SL,-4.0,1.2,-5.2,-5.86,-3.96,-1.303,46.64,-0.001836,5.6,1.414,1.2,1.16518,0.00021,1.165675,1.167511
2026-05-15 06:00:00,2026-05-15 08:00:00,SELL,1.16535,1.16448,1.16579,1.16448,0.00029,WIN,TP,8.7,1.2,7.5,6.82,8.72,1.725,51.25,-0.001785,1.4,0.321,9.4,1.16535,0.00054,1.165622,1.167407
2026-05-15 09:10:00,2026-05-15 11:15:00,SELL,1.16429,1.16308,1.1649,1.16308,0.0004,WIN,TP,12.1,1.2,10.9,10.23,12.13,1.802,46.64,-0.001748,6.0,0.989,13.2,1.16429,0.00065,1.164815,1.166564
2026-05-15 11:45:00,2026-05-15 12:05:00,SELL,1.1636,1.16236,1.16422,1.16236,0.00041,WIN,TP,12.4,1.0,11.4,10.66,12.36,1.838,46.56,-0.00177,0.4,0.065,14.8,1.1636,0.00056,1.164063,1.165832
2026-05-15 13:00:00,2026-05-15 13:05:00,SELL,1.16279,1.16342,1.16342,1.16154,0.00042,LOSS,SL,-6.3,1.1,-7.4,-8.06,-6.26,-1.176,47.27,-0.001996,7.0,1.117,0.9,1.16279,0.00042,1.163384,1.16538
2026-05-15 13:10:00,2026-05-15 13:20:00,SELL,1.1634,1.16402,1.16402,1.16215,0.00042,LOSS,SL,-6.2,1.2,-7.4,-8.14,-6.24,-1.192,57.27,-0.001968,6.6,1.058,1.9,1.1634,0.00059,1.163368,1.165336
2026-05-15 14:05:00,2026-05-15 15:35:00,SELL,1.16418,1.1625,1.16502,1.1625,0.00056,WIN,TP,16.8,1.0,15.8,15.11,16.81,1.881,55.52,-0.001524,5.9,0.702,22.0,1.16417,0.00098,1.163699,1.165224
2026-05-15 16:15:00,2026-05-15 17:15:00,SELL,1.16287,1.16356,1.16356,1.1615,0.00046,LOSS,SL,-6.9,1.2,-8.1,-8.75,-6.85,-1.175,46.56,-0.001505,7.6,1.109,10.7,1.16281,0.00045,1.163234,1.164739
2026-05-15 17:25:00,2026-05-15 21:30:00,SELL,1.16332,1.16173,1.16411,1.16173,0.00053,WIN,TP,15.9,1.2,14.7,13.98,15.88,1.849,58.13,-0.001464,2.4,0.302,16.5,1.16332,0.00062,1.163008,1.164472
2026-05-15 22:25:00,2026-05-18 00:00:00,SELL,1.16219,1.16135,1.16261,1.16135,0.00028,WIN,TP,8.4,1.2,7.2,6.48,8.38,1.713,45.53,-0.001102,3.6,0.86,12.4,1.16219,0.00018,1.162511,1.163613
2026-05-18 00:10:00,2026-05-18 03:45:00,SELL,1.16202,1.16099,1.16254,1.16099,0.00034,WIN,TP,10.3,2.5,7.8,7.13,10.33,1.516,46.14,-0.001025,3.9,0.755,10.8,1.16202,0.0005,1.162312,1.163337
2026-05-18 04:10:00,2026-05-18 04:50:00,SELL,1.16134,1.16183,1.16183,1.16036,0.00033,LOSS,SL,-4.9,1.2,-6.1,-6.79,-4.89,-1.246,46.05,-0.001014,5.2,1.064,3.6,1.16134,0.00042,1.161725,1.162739
2026-05-18 04:55:00,2026-05-18 06:45:00,SELL,1.16172,1.16219,1.16219,1.16078,0.00031,LOSS,SL,-4.7,1.2,-5.9,-6.59,-4.69,-1.256,57.65,-0.000993,4.7,1.001,4.7,1.16172,0.00031,1.161631,1.162624
2026-05-18 07:25:00,2026-05-18 09:00:00,SELL,1.16213,1.16251,1.16251,1.16137,0.00025,LOSS,SL,-3.8,1.2,-5.0,-5.68,-3.78,-1.318,55.47,-0.000575,3.9,1.032,5.7,1.16213,0.00035,1.161858,1.162433
2026-05-18 09:05:00,2026-05-18 09:10:00,SELL,1.16226,1.16268,1.16268,1.16142,0.00028,LOSS,SL,-4.2,1.2,-5.4,-6.12,-4.22,-1.285,57.46,-0.000388,5.5,1.304,0.6,1.16226,0.00033,1.161981,1.162369
2026-05-18 10:50:00,2026-05-18 11:30:00,BUY,1.16331,1.16434,1.16279,1.16434,0.00034,WIN,TP,10.3,1.2,9.1,8.43,10.33,1.768,54.72,0.000223,4.7,0.91,12.0,1.16331,0.00039,1.162777,1.162554
2026-05-18 12:05:00,2026-05-18 13:05:00,BUY,1.16385,1.16324,1.16324,1.16507,0.00041,LOSS,SL,-6.1,1.1,-7.2,-7.92,-6.12,-1.18,54.4,0.000509,6.9,1.127,2.7,1.16386,0.00048,1.163226,1.162717
2026-05-18 13:10:00,2026-05-18 13:55:00,BUY,1.16329,1.16278,1.16278,1.1643,0.00034,LOSS,SL,-5.1,1.2,-6.3,-6.97,-5.07,-1.237,41.02,0.000584,7.1,1.4,3.5,1.16329,0.00024,1.163426,1.162842
2026-05-18 14:15:00,2026-05-18 14:35:00,BUY,1.16296,1.16398,1.16245,1.16398,0.00034,WIN,TP,10.2,1.2,9.0,8.3,10.2,1.765,40.81,0.000438,2.5,0.49,16.8,1.16296,0.00035,1.163324,1.162886
2026-05-18 16:05:00,2026-05-18 18:00:00,BUY,1.16472,1.16395,1.16395,1.16626,0.00051,LOSS,SL,-7.7,1.2,-8.9,-9.62,-7.72,-1.156,54.44,0.00087,13.6,1.763,8.8,1.16472,0.00069,1.164076,1.163206
2026-05-18 18:15:00,2026-05-18 19:20:00,BUY,1.16395,1.16551,1.16317,1.16551,0.00052,WIN,TP,15.6,1.2,14.4,13.72,15.62,1.846,43.65,0.000812,3.4,0.435,16.7,1.16395,0.00075,1.164325,1.163513
2026-05-18 19:30:00,2026-05-18 21:20:00,BUY,1.16496,1.16419,1.16419,1.1665,0.00051,LOSS,SL,-7.7,1.1,-8.8,-9.52,-7.72,-1.143,53.88,0.000853,7.8,1.011,4.8,1.16495,0.0006,1.164537,1.163684
2026-05-18 22:10:00,2026-05-19 07:35:00,BUY,1.16475,1.16394,1.16394,1.16638,0.00054,LOSS,SL,-8.1,1.0,-9.1,-9.83,-8.13,-1.123,54.77,0.000556,8.6,1.058,13.9,1.16475,0.00078,1.164494,1.163937
2026-05-19 08:40:00,2026-05-19 08:50:00,SELL,1.16382,1.16428,1.16428,1.16291,0.0003,LOSS,SL,-4.6,1.2,-5.8,-6.46,-4.56,-1.263,46.66,-0.0003,4.8,1.052,1.4,1.16382,0.00043,1.164167,1.164468
2026-05-19 08:55:00,2026-05-19 10:00:00,SELL,1.16425,1.16331,1.16472,1.16331,0.00031,WIN,TP,9.4,1.2,8.2,7.52,9.42,1.745,59.4,-0.000305,3.2,0.679,10.5,1.16425,0.00051,1.164148,1.164454
2026-05-19 10:50:00,2026-05-19 11:10:00,SELL,1.16372,1.16264,1.16426,1.16264,0.00036,WIN,TP,10.8,1.2,9.6,8.9,10.8,1.778,51.93,-0.000469,0.2,0.037,12.2,1.16371,0.00068,1.163828,1.164297
2026-05-19 11:35:00,2026-05-19 12:00:00,SELL,1.16321,1.16203,1.1638,1.16203,0.00039,WIN,TP,11.8,1.2,10.6,9.89,11.79,1.796,46.65,-0.000572,1.0,0.17,11.8,1.16321,0.00047,1.163629,1.164201
2026-05-19 13:10:00,2026-05-19 13:40:00,SELL,1.16215,1.16108,1.16268,1.16108,0.00036,WIN,TP,10.7,1.2,9.5,8.76,10.66,1.775,46.39,-0.001063,5.0,0.938,10.9,1.16215,0.00039,1.162764,1.163827
2026-05-19 14:00:00,2026-05-19 16:15:00,SELL,1.16215,1.16088,1.16278,1.16088,0.00042,WIN,TP,12.7,1.2,11.5,10.79,12.69,1.811,49.4,-0.001122,2.3,0.362,15.7,1.16215,0.00061,1.162542,1.163664
2026-05-19 16:55:00,2026-05-19 17:25:00,SELL,1.16121,1.15983,1.1619,1.15983,0.00046,WIN,TP,13.8,1.1,12.7,11.99,13.79,1.84,46.35,-0.001323,4.7,0.682,18.1,1.16122,0.00037,1.161732,1.163055
2026-05-19 18:40:00,2026-05-19 19:30:00,SELL,1.15998,1.16073,1.16073,1.15849,0.0005,LOSS,SL,-7.5,1.1,-8.6,-9.25,-7.45,-1.148,46.38,-0.001782,8.4,1.127,4.4,1.15998,0.00039,1.160689,1.162471
2026-05-19 19:35:00,2026-05-19 20:10:00,SELL,1.16053,1.1612,1.1612,1.1592,0.00044,LOSS,SL,-6.7,1.2,-7.9,-8.57,-6.67,-1.18,59.32,-0.001752,6.9,1.035,1.7,1.16052,0.00046,1.160468,1.16222
2026-05-19 20:25:00,2026-05-19 21:10:00,SELL,1.16089,1.16145,1.16145,1.15977,0.00037,LOSS,SL,-5.6,1.2,-6.8,-7.49,-5.59,-1.215,59.08,-0.001488,5.8,1.038,2.9,1.16089,0.00024,1.160603,1.162091
2026-05-19 21:25:00,2026-05-20 00:00:00,SELL,1.16104,1.16003,1.16154,1.16003,0.00034,WIN,TP,10.1,1.2,8.9,8.16,10.06,1.761,55.0,-0.001194,2.2,0.437,12.9,1.16104,0.00031,1.16078,1.161974
2026-05-20 00:15:00,2026-05-20 00:30:00,SELL,1.16037,1.16078,1.16078,1.15954,0.00028,LOSS,SL,-4.1,1.8,-5.9,-6.63,-4.13,-1.436,46.06,-0.00099,4.6,1.114,0.3,1.16037,0.0004,1.160559,1.161549
2026-05-20 00:35:00,2026-05-20 02:30:00,SELL,1.16081,1.16119,1.16119,1.16005,0.00025,LOSS,SL,-3.8,1.6,-5.4,-6.11,-3.81,-1.42,58.92,-0.000945,4.7,1.232,2.5,1.16081,0.00014,1.160567,1.161512
2026-05-20 02:50:00,2026-05-20 03:05:00,SELL,1.16096,1.16042,1.16123,1.16042,0.00018,WIN,TP,5.4,1.3,4.1,3.4,5.4,1.519,55.4,-0.000588,0.8,0.296,7.1,1.16096,0.00023,1.160764,1.161352
2026-05-20 03:25:00,2026-05-20 03:30:00,SELL,1.16069,1.16103,1.16103,1.16,0.00023,LOSS,SL,-3.4,1.2,-4.6,-5.34,-3.44,-1.349,47.55,-0.000576,3.6,1.047,0.8,1.16069,0.00029,1.160725,1.161302
2026-05-20 03:35:00,2026-05-20 03:55:00,SELL,1.16076,1.16,1.16114,1.16,0.00025,WIN,TP,7.6,1.0,6.6,5.87,7.57,1.736,50.12,-0.00056,1.7,0.449,7.7,1.16076,0.00032,1.160731,1.161292
2026-05-20 05:15:00,2026-05-20 06:35:00,SELL,1.16002,1.1605,1.1605,1.15905,0.00032,LOSS,SL,-4.8,1.2,-6.0,-6.75,-4.85,-1.248,48.25,-0.000772,5.1,1.052,6.7,1.16002,0.00027,1.160273,1.161046
2026-05-20 06:50:00,2026-05-20 08:25:00,SELL,1.16034,1.15941,1.16081,1.15941,0.00031,WIN,TP,9.3,1.2,8.1,7.44,9.34,1.743,58.73,-0.000727,3.3,0.707,9.7,1.16034,0.0003,1.160134,1.160861
2026-05-20 08:35:00,2026-05-20 09:15:00,SELL,1.15987,1.16034,1.16034,1.15893,0.00031,LOSS,SL,-4.7,1.2,-5.9,-6.59,-4.69,-1.256,47.94,-0.000655,5.5,1.172,8.2,1.15988,0.00048,1.160046,1.160701
2026-05-20 09:25:00,2026-05-20 10:50:00,SELL,1.16025,1.15918,1.16078,1.15918,0.00036,WIN,TP,10.7,1.2,9.5,8.78,10.68,1.775,59.13,-0.00066,3.4,0.637,11.8,1.16025,0.00031,1.159948,1.160609
2026-05-20 11:45:00,2026-05-20 13:35:00,SELL,1.15933,1.15993,1.15993,1.15813,0.0004,LOSS,SL,-6.0,1.2,-7.2,-7.88,-5.98,-1.201,49.78,-0.000775,8.9,1.488,6.5,1.15933,0.00051,1.15955,1.160325
2026-05-20 14:05:00,2026-05-20 14:25:00,SELL,1.15974,1.16022,1.16022,1.15877,0.00032,LOSS,SL,-4.8,1.1,-5.9,-6.63,-4.83,-1.228,55.11,-0.000601,4.9,1.015,1.9,1.15974,0.00045,1.159498,1.160099
2026-05-20 14:50:00,2026-05-20 16:00:00,SELL,1.16014,1.15915,1.16064,1.15915,0.00033,WIN,TP,9.9,1.2,8.7,8.03,9.93,1.758,58.81,-0.000429,2.8,0.564,10.4,1.16014,0.00028,1.159664,1.160093
2026-05-20 18:55:00,2026-05-21 10:15:00,BUY,1.16209,1.16097,1.16097,1.16432,0.00074,LOSS,SL,-11.2,1.0,-12.2,-12.85,-11.15,-1.09,54.82,0.000631,23.8,2.134,14.7,1.16209,0.00076,1.160954,1.160323
2026-05-21 11:05:00,2026-05-21 11:10:00,SELL,1.16118,1.16183,1.16183,1.15987,0.00044,LOSS,SL,-6.5,1.2,-7.7,-8.44,-6.54,-1.184,49.87,-0.000318,14.3,2.187,0.4,1.16118,0.00068,1.161536,1.161854
2026-05-21 11:40:00,2026-05-21 13:25:00,SELL,1.16254,1.16086,1.16338,1.16086,0.00056,WIN,TP,16.8,1.2,15.6,14.89,16.79,1.857,59.19,-0.000105,8.0,0.953,16.9,1.16254,0.00035,1.1618,1.161904
2026-05-21 14:30:00,2026-05-21 14:55:00,SELL,1.16129,1.15978,1.16205,1.15978,0.0005,WIN,TP,15.1,1.2,13.9,13.24,15.14,1.842,45.81,-0.00018,1.5,0.198,17.6,1.16129,0.00038,1.161722,1.161903
2026-05-21 15:35:00,2026-05-21 16:15:00,SELL,1.16037,1.15881,1.16115,1.15881,0.00052,WIN,TP,15.6,1.0,14.6,13.9,15.6,1.872,46.31,-0.000624,5.3,0.68,16.1,1.16037,0.001,1.161064,1.161688
2026-05-21 16:55:00,2026-05-21 20:15:00,SELL,1.15974,1.16072,1.16072,1.15778,0.00065,LOSS,SL,-9.8,1.0,-10.8,-11.5,-9.8,-1.102,51.53,-0.001143,22.9,2.336,15.3,1.15974,0.00184,1.160195,1.161338
2026-05-21 21:50:00,2026-05-21 21:50:00,BUY,1.16166,1.16085,1.16085,1.16328,0.00054,LOSS,SL,-8.1,1.0,-9.1,-9.8,-8.1,-1.124,51.84,2.8e-05,8.7,1.075,2.7,1.16166,0.00089,1.160903,1.160875
2026-05-21 21:55:00,2026-05-21 22:55:00,BUY,1.1608,1.16241,1.16,1.16241,0.00054,WIN,TP,16.1,1.2,14.9,14.16,16.06,1.851,40.45,2.4e-05,0.9,0.112,16.1,1.1608,0.00114,1.160898,1.160874
2026-05-21 23:05:00,2026-05-22 03:15:00,BUY,1.16198,1.16129,1.16129,1.16335,0.00046,LOSS,SL,-6.9,1.3,-8.2,-8.87,-6.87,-1.189,53.61,0.000306,6.9,1.005,2.6,1.16198,0.00028,1.161304,1.160998
2026-05-22 03:45:00,2026-05-22 04:20:00,BUY,1.16148,1.16124,1.16124,1.16196,0.00016,LOSS,SL,-2.4,1.2,-3.6,-4.31,-2.41,-1.499,46.31,0.0003,2.6,1.08,1.3,1.16148,0.00023,1.161595,1.161296
2026-05-22 04:30:00,2026-05-22 04:55:00,BUY,1.16139,1.16111,1.16111,1.16195,0.00019,LOSS,SL,-2.8,1.2,-4.0,-4.69,-2.79,-1.43,46.3,0.000227,4.1,1.47,1.7,1.16139,0.00023,1.16153,1.161303
2026-05-22 05:25:00,2026-05-22 06:15:00,BUY,1.16112,1.16086,1.16086,1.16164,0.00017,LOSS,SL,-2.6,1.2,-3.8,-4.48,-2.58,-1.465,41.1,0.000117,2.6,1.009,3.0,1.16112,0.00015,1.16141,1.161293
2026-05-22 06:25:00,2026-05-22 07:55:00,BUY,1.16103,1.16152,1.16078,1.16152,0.00016,WIN,TP,4.9,1.2,3.7,3.04,4.94,1.514,41.86,2.6e-05,0.5,0.202,5.1,1.16103,0.00011,1.161301,1.161275
2026-05-22 08:40:00,2026-05-22 08:55:00,BUY,1.16143,1.16126,1.16126,1.16178,0.00012,LOSS,SL,-1.7,1.2,-2.9,-3.64,-1.74,-1.69,53.32,6.3e-05,7.2,4.14,2.6,1.16143,0.00012,1.161357,1.161294
2026-05-22 09:10:00,2026-05-22 09:15:00,BUY,1.16138,1.16106,1.16106,1.16202,0.00021,LOSS,SL,-3.2,1.2,-4.4,-5.08,-3.18,-1.378,50.91,5.1e-05,4.6,1.449,0.1,1.16138,0.00046,1.161346,1.161295
2026-05-22 09:20:00,2026-05-22 09:35:00,BUY,1.16115,1.16083,1.16083,1.1618,0.00022,LOSS,SL,-3.2,1.2,-4.4,-5.15,-3.25,-1.369,43.48,4.2e-05,5.5,1.693,1.4,1.16115,0.00031,1.161335,1.161293
2026-05-22 10:00:00,2026-05-22 11:20:00,SELL,1.16098,1.16143,1.16143,1.16008,0.0003,LOSS,SL,-4.5,1.0,-5.5,-6.2,-4.5,-1.222,46.05,-4.5e-05,5.9,1.311,8.5,1.16098,0.00043,1.161219,1.161264
2026-05-22 11:25:00,2026-05-22 12:10:00,SELL,1.16112,1.16013,1.16162,1.16013,0.00033,WIN,TP,9.9,1.0,8.9,8.21,9.91,1.798,56.12,-0.000208,1.3,0.262,12.0,1.16112,0.00061,1.160964,1.161172
2026-05-22 12:40:00,2026-05-22 13:10:00,SELL,1.16029,1.16078,1.16078,1.15932,0.00032,LOSS,SL,-4.9,1.2,-6.1,-6.77,-4.87,-1.247,45.81,-0.000372,4.9,1.007,1.3,1.1603,0.00046,1.160695,1.161067
2026-05-22 13:15:00,2026-05-22 14:00:00,SELL,1.16036,1.15946,1.16081,1.15946,0.0003,WIN,TP,9.0,1.2,7.8,7.06,8.96,1.732,47.56,-0.000396,2.2,0.491,10.1,1.16036,0.00043,1.160627,1.161022
2026-05-22 14:40:00,2026-05-22 14:45:00,SELL,1.1597,1.16011,1.16011,1.15889,0.00027,LOSS,SL,-4.1,1.0,-5.1,-5.77,-4.07,-1.246,45.63,-0.000659,5.1,1.253,1.3,1.1597,0.00024,1.160158,1.160817
2026-05-22 14:50:00,2026-05-22 15:10:00,SELL,1.16004,1.16048,1.16048,1.15915,0.0003,LOSS,SL,-4.4,1.2,-5.6,-6.33,-4.43,-1.271,53.8,-0.00066,6.4,1.445,6.0,1.16004,0.00046,1.16014,1.160799
2026-05-22 15:25:00,2026-05-22 16:05:00,SELL,1.16021,1.16081,1.16081,1.15901,0.0004,LOSS,SL,-6.0,1.2,-7.2,-7.88,-5.98,-1.201,55.66,-0.000648,13.9,2.325,5.7,1.16021,0.00056,1.160093,1.16074
2026-05-22 16:25:00,2026-05-22 17:00:00,SELL,1.16089,1.15958,1.16154,1.15958,0.00044,WIN,TP,13.1,1.2,11.9,11.16,13.06,1.816,59.81,-0.000442,2.9,0.444,19.8,1.16089,0.0005,1.160273,1.160715
2026-05-22 17:30:00,2026-05-22 18:05:00,SELL,1.15965,1.16043,1.16043,1.1581,0.00052,LOSS,SL,-7.8,1.0,-8.8,-9.46,-7.76,-1.129,45.53,-0.000508,8.3,1.07,1.8,1.15965,0.00043,1.160114,1.160621
2026-05-22 18:10:00,2026-05-22 19:25:00,SELL,1.16014,1.16086,1.16086,1.1587,0.00048,LOSS,SL,-7.2,1.2,-8.4,-9.11,-7.21,-1.166,52.31,-0.000508,7.8,1.082,3.3,1.16014,0.00048,1.160058,1.160566
2026-05-22 19:35:00,2026-05-22 20:00:00,SELL,1.16072,1.16129,1.16129,1.15958,0.00038,LOSS,SL,-5.7,1.2,-6.9,-7.59,-5.69,-1.211,57.84,-0.000314,7.5,1.318,1.8,1.16072,0.00044,1.160219,1.160532
2026-05-22 20:20:00,2026-05-22 20:25:00,SELL,1.1611,1.16164,1.16164,1.16002,0.00036,LOSS,SL,-5.4,1.0,-6.4,-7.11,-5.41,-1.185,59.34,-9.9e-05,6.1,1.127,2.4,1.1611,0.00042,1.16048,1.160578
2026-05-22 20:35:00,2026-05-22 23:30:00,SELL,1.16132,1.16012,1.16192,1.16012,0.0004,WIN,TP,12.0,1.2,10.8,10.09,11.99,1.8,59.77,-2.3e-05,1.9,0.317,13.5,1.16131,0.0006,1.160579,1.160601
2026-05-25 03:05:00,2026-05-25 03:45:00,BUY,1.1638,1.16448,1.16346,1.16448,0.00023,WIN,TP,6.8,1.2,5.6,4.93,6.83,1.648,45.32,0.00162,0.1,0.029,10.8,1.1638,0.00042,1.163321,1.1617
2026-05-25 04:00:00,2026-05-25 10:15:00,BUY,1.16366,1.16312,1.16312,1.16473,0.00036,LOSS,SL,-5.4,1.0,-6.4,-7.06,-5.36,-1.187,42.61,0.001661,7.1,1.325,10.4,1.16366,0.00126,1.163616,1.161955
2026-05-25 10:40:00,2026-05-25 11:30:00,BUY,1.16346,1.16429,1.16304,1.16429,0.00028,WIN,TP,8.3,1.2,7.1,6.42,8.32,1.711,40.58,0.000831,1.6,0.385,9.2,1.16347,0.00018,1.163883,1.163052
2026-05-25 12:15:00,2026-05-25 14:40:00,BUY,1.16415,1.16489,1.16378,1.16489,0.00025,WIN,TP,7.4,1.2,6.2,5.45,7.35,1.674,53.67,0.000761,1.4,0.381,8.4,1.16415,0.00023,1.16398,1.163219
2026-05-25 15:00:00,2026-05-25 15:40:00,BUY,1.16438,1.16499,1.16407,1.16499,0.0002,WIN,TP,6.1,1.2,4.9,4.22,6.12,1.608,49.34,0.000744,1.2,0.392,6.7,1.16438,0.00047,1.164283,1.163539
2026-05-25 16:15:00,2026-05-25 16:30:00,BUY,1.16471,1.16436,1.16436,1.16542,0.00024,LOSS,SL,-3.5,1.1,-4.6,-5.34,-3.54,-1.311,52.11,0.000785,4.6,1.301,0.1,1.16471,0.0003,1.164488,1.163703
2026-05-25 16:35:00,2026-05-25 16:45:00,BUY,1.16439,1.16406,1.16406,1.16505,0.00022,LOSS,SL,-3.3,1.2,-4.5,-5.21,-3.31,-1.363,43.41,0.000748,4.8,1.451,0.1,1.16439,0.00019,1.164479,1.163732
2026-05-25 17:05:00,2026-05-25 18:10:00,BUY,1.16415,1.16483,1.16381,1.16483,0.00023,WIN,TP,6.8,1.2,5.6,4.93,6.83,1.649,41.82,0.000647,2.4,0.703,7.0,1.16415,0.00035,1.164401,1.163754
2026-05-25 18:15:00,2026-05-25 19:10:00,BUY,1.16442,1.16401,1.16401,1.16523,0.00027,LOSS,SL,-4.1,1.2,-5.3,-5.96,-4.06,-1.296,54.19,0.000509,6.4,1.577,3.6,1.16442,0.00077,1.164323,1.163814
2026-05-25 19:50:00,2026-05-26 00:45:00,BUY,1.16397,1.16366,1.16366,1.1646,0.00021,LOSS,SL,-3.1,1.0,-4.1,-4.83,-3.13,-1.32,44.17,0.00034,3.2,1.023,5.1,1.16397,0.00016,1.164214,1.163875
2026-05-26 00:55:00,2026-05-26 03:00:00,BUY,1.16381,1.16354,1.16354,1.16436,0.00018,LOSS,SL,-2.7,1.7,-4.4,-5.13,-2.73,-1.623,40.86,0.000143,3.4,1.247,5.0,1.16381,0.00022,1.164167,1.164024
2026-05-26 03:05:00,2026-05-26 03:15:00,BUY,1.16382,1.16357,1.16357,1.16432,0.00017,LOSS,SL,-2.5,1.0,-3.5,-4.2,-2.5,-1.401,44.43,2.1e-05,3.7,1.482,1.5,1.16382,0.00036,1.164036,1.164015
2026-05-26 03:50:00,2026-05-26 04:10:00,SELL,1.16368,1.16395,1.16395,1.16314,0.00018,LOSS,SL,-2.7,1.1,-3.8,-4.49,-2.69,-1.41,45.42,-7.5e-05,2.9,1.08,1.9,1.16368,0.00025,1.163905,1.16398
2026-05-26 04:15:00,2026-05-26 04:35:00,SELL,1.16393,1.16333,1.16423,1.16333,0.0002,WIN,TP,6.0,1.2,4.8,4.13,6.03,1.602,55.23,-9.2e-05,0.3,0.099,7.8,1.16393,0.00039,1.163877,1.163968
2026-05-26 05:10:00,2026-05-26 08:00:00,SELL,1.16347,1.16288,1.16376,1.16288,0.0002,WIN,TP,5.9,1.2,4.7,3.99,5.89,1.593,46.29,-0.000197,2.5,0.849,6.0,1.16347,0.00015,1.163716,1.163913
2026-05-26 09:15:00,2026-05-26 09:20:00,SELL,1.16298,1.16319,1.16319,1.16256,0.00014,LOSS,SL,-2.1,1.2,-3.3,-4.0,-2.1,-1.571,45.44,-0.00043,2.7,1.284,1.1,1.16298,0.00012,1.163209,1.163639
2026-05-26 09:25:00,2026-05-26 09:25:00,SELL,1.16323,1.16348,1.16348,1.16273,0.00017,LOSS,SL,-2.5,1.0,-3.5,-4.2,-2.5,-1.4,58.47,-0.000426,3.2,1.279,1.1,1.16324,0.00023,1.163204,1.163629
2026-05-26 09:30:00,2026-05-26 09:30:00,SELL,1.16327,1.16354,1.16354,1.16273,0.00018,LOSS,SL,-2.7,1.0,-3.7,-4.42,-2.72,-1.368,59.68,-0.00042,3.5,1.287,0.2,1.16327,0.00043,1.163206,1.163626
2026-05-26 10:15:00,2026-05-26 10:30:00,SELL,1.16301,1.16342,1.16342,1.16218,0.00028,LOSS,SL,-4.1,1.0,-5.1,-5.84,-4.14,-1.242,45.0,-0.000364,10.2,2.465,1.2,1.16301,0.00041,1.163236,1.1636
2026-05-26 10:35:00,2026-05-26 11:10:00,SELL,1.16353,1.16398,1.16398,1.16262,0.0003,LOSS,SL,-4.5,1.0,-5.5,-6.24,-4.54,-1.22,59.25,-0.000343,5.2,1.145,2.3,1.16353,0.00077,1.163244,1.163587
2026-05-26 11:35:00,2026-05-26 12:55:00,SELL,1.16388,1.16434,1.16434,1.16296,0.00031,LOSS,SL,-4.6,1.2,-5.8,-6.5,-4.6,-1.261,58.85,-0.000151,5.2,1.13,6.5,1.16388,0.00033,1.163461,1.163611
2026-05-26 13:05:00,2026-05-26 14:35:00,BUY,1.164,1.16353,1.16353,1.16493,0.00031,LOSS,SL,-4.7,1.0,-5.7,-6.37,-4.67,-1.214,52.81,5.6e-05,4.8,1.028,5.1,1.164,0.00036,1.163721,1.163665
2026-05-26 14:40:00,2026-05-26 15:00:00,BUY,1.16375,1.16332,1.16332,1.1646,0.00028,LOSS,SL,-4.3,1.2,-5.5,-6.16,-4.26,-1.282,41.05,0.00019,4.9,1.15,0.2,1.16375,0.0005,1.163936,1.163746
2026-05-26 15:30:00,2026-05-26 16:00:00,BUY,1.16351,1.1631,1.1631,1.16434,0.00028,LOSS,SL,-4.1,1.2,-5.3,-6.03,-4.13,-1.29,42.77,5e-05,4.8,1.161,1.5,1.16351,0.00029,1.163766,1.163715
2026-05-26 17:50:00,2026-05-27 01:00:00,SELL,1.16269,1.16327,1.16327,1.16152,0.00039,LOSS,SL,-5.8,1.0,-6.8,-7.53,-5.83,-1.171,46.9,-0.000419,6.1,1.046,10.7,1.16268,0.00039,1.163076,1.163495
2026-05-27 01:10:00,2026-05-27 02:00:00,SELL,1.16315,1.16338,1.16338,1.16269,0.00015,LOSS,SL,-2.3,1.3,-3.6,-4.28,-2.28,-1.569,56.42,-0.000112,2.4,1.051,0.3,1.16315,0.00013,1.162964,1.163076
2026-05-27 04:10:00,2026-05-27 04:30:00,BUY,1.16377,1.16355,1.16355,1.1642,0.00014,LOSS,SL,-2.2,1.1,-3.3,-3.95,-2.15,-1.511,53.61,0.000281,3.0,1.393,1.6,1.16377,0.00012,1.163524,1.163243
2026-05-27 04:35:00,2026-05-27 06:00:00,BUY,1.16349,1.16399,1.16324,1.16399,0.00017,WIN,TP,5.0,1.2,3.8,3.15,5.05,1.524,40.95,0.000293,2.3,0.911,7.5,1.1635,0.00023,1.16356,1.163267
2026-05-27 06:35:00,2026-05-27 08:00:00,BUY,1.1638,1.16431,1.16354,1.16431,0.00017,WIN,TP,5.1,1.2,3.9,3.22,5.12,1.531,52.41,0.000298,1.3,0.508,5.4,1.1638,0.00016,1.163652,1.163354
2026-05-27 08:35:00,2026-05-27 08:55:00,BUY,1.16417,1.16394,1.16394,1.16462,0.00015,LOSS,SL,-2.3,1.2,-3.5,-4.16,-2.26,-1.53,54.1,0.000428,3.1,1.37,1.1,1.16417,0.00026,1.163935,1.163507
2026-05-27 09:00:00,2026-05-27 09:40:00,BUY,1.16395,1.16449,1.16368,1.16449,0.00018,WIN,TP,5.4,1.0,4.4,3.73,5.43,1.632,44.94,0.000427,2.3,0.847,6.8,1.16395,0.00037,1.163963,1.163536
2026-05-27 10:20:00,2026-05-27 11:00:00,BUY,1.1643,1.16391,1.16391,1.16507,0.00026,LOSS,SL,-3.9,1.2,-5.1,-5.76,-3.86,-1.311,51.21,0.000484,4.9,1.268,4.8,1.16431,0.00025,1.164131,1.163647
2026-05-27 11:05:00,2026-05-27 13:20:00,BUY,1.16417,1.16374,1.16374,1.16504,0.00029,LOSS,SL,-4.3,1.2,-5.5,-6.25,-4.35,-1.276,45.82,0.000505,4.5,1.035,6.8,1.16418,0.0005,1.164219,1.163715
2026-05-27 14:00:00,2026-05-27 14:55:00,BUY,1.16391,1.16354,1.16354,1.16465,0.00025,LOSS,SL,-3.7,1.2,-4.9,-5.58,-3.68,-1.326,43.52,0.000326,6.3,1.713,2.7,1.16391,0.00026,1.164202,1.163876
2026-05-27 15:00:00,2026-05-27 15:15:00,BUY,1.16376,1.16457,1.16336,1.16457,0.00027,WIN,TP,8.1,1.2,6.9,6.19,8.09,1.703,44.09,0.000187,3.2,0.791,11.0,1.16376,0.00048,1.164058,1.163871
2026-05-27 15:20:00,2026-05-27 15:20:00,BUY,1.16407,1.16547,1.16337,1.16547,0.00047,WIN,TP,14.0,1.0,13.0,12.27,13.97,1.857,54.88,0.000155,0.5,0.072,19.3,1.16407,0.00142,1.164024,1.163869
2026-05-27 16:00:00,2026-05-27 17:50:00,BUY,1.16437,1.16354,1.16354,1.16603,0.00055,LOSS,SL,-8.3,1.0,-9.3,-10.0,-8.3,-1.12,47.99,0.000385,8.5,1.024,8.5,1.16437,0.00134,1.164362,1.163977
2026-05-27 17:55:00,2026-05-27 17:55:00,BUY,1.16367,1.1627,1.1627,1.1656,0.00064,LOSS,SL,-9.7,1.0,-10.7,-11.36,-9.66,-1.104,41.17,0.000335,11.8,1.222,0.0,1.16367,0.00096,1.164402,1.164068
2026-05-27 18:15:00,2026-05-27 19:00:00,BUY,1.16333,1.16243,1.16243,1.16512,0.0006,LOSS,SL,-9.0,1.0,-10.0,-10.66,-8.96,-1.112,42.05,0.000174,9.2,1.026,3.0,1.16333,0.00038,1.1642,1.164027
2026-05-27 19:20:00,2026-05-28 02:50:00,SELL,1.1631,1.16176,1.16377,1.16176,0.00045,WIN,TP,13.4,1.0,12.4,11.74,13.44,1.851,45.02,-0.000181,1.9,0.283,15.1,1.1631,0.00019,1.163728,1.163908
2026-05-28 03:30:00,2026-05-28 03:55:00,SELL,1.16231,1.16167,1.16263,1.16167,0.00021,WIN,TP,6.4,1.1,5.3,4.59,6.39,1.656,49.41,-0.000611,0.3,0.094,6.4,1.16231,0.00028,1.162501,1.163112
2026-05-28 04:00:00,2026-05-28 04:45:00,SELL,1.16205,1.16136,1.1624,1.16136,0.00023,WIN,TP,6.9,1.1,5.8,5.11,6.91,1.682,45.6,-0.00066,0.6,0.174,8.0,1.16205,0.00045,1.162385,1.163045
2026-05-28 08:25:00,2026-05-28 08:30:00,SELL,1.15937,1.15971,1.15971,1.15868,0.00023,LOSS,SL,-3.4,1.2,-4.6,-5.33,-3.43,-1.35,46.73,-0.001802,4.4,1.282,0.2,1.15937,0.00033,1.160063,1.161865
2026-05-28 08:35:00,2026-05-28 08:50:00,SELL,1.15978,1.16014,1.16014,1.15907,0.00024,LOSS,SL,-3.6,1.2,-4.8,-5.47,-3.57,-1.336,57.79,-0.001792,4.2,1.175,0.8,1.15978,0.00039,1.160028,1.16182
2026-05-28 09:00:00,2026-05-28 09:10:00,SELL,1.15991,1.16025,1.16025,1.15922,0.00023,LOSS,SL,-3.4,1.2,-4.6,-5.33,-3.43,-1.35,57.8,-0.001711,5.7,1.661,0.6,1.1599,0.00017,1.160019,1.16173
2026-05-28 10:40:00,2026-05-28 11:00:00,SELL,1.16103,1.16142,1.16142,1.16024,0.00026,LOSS,SL,-3.9,1.2,-5.1,-5.85,-3.95,-1.304,58.0,-0.001027,4.3,1.09,0.3,1.16103,0.00023,1.160561,1.161587
2026-05-28 11:15:00,2026-05-28 11:50:00,SELL,1.1611,1.16152,1.16152,1.16026,0.00028,LOSS,SL,-4.2,1.2,-5.4,-6.09,-4.19,-1.286,53.37,-0.000828,5.1,1.218,4.5,1.1611,0.00059,1.160739,1.161567
2026-05-28 11:55:00,2026-05-28 12:10:00,SELL,1.16136,1.1618,1.1618,1.16048,0.00029,LOSS,SL,-4.4,1.1,-5.5,-6.22,-4.42,-1.249,58.85,-0.000689,4.5,1.017,0.7,1.16136,0.0003,1.160843,1.161532
2026-05-28 12:35:00,2026-05-28 13:40:00,SELL,1.16148,1.16064,1.1619,1.16064,0.00028,WIN,TP,8.4,1.2,7.2,6.48,8.38,1.714,54.43,-0.000477,3.0,0.716,9.1,1.16148,0.00041,1.161064,1.161541
2026-05-28 14:20:00,2026-05-28 14:50:00,SELL,1.16082,1.16129,1.16129,1.15987,0.00032,LOSS,SL,-4.7,1.2,-5.9,-6.63,-4.73,-1.254,45.08,-0.000408,10.0,2.115,0.2,1.16082,0.00013,1.161046,1.161454
2026-05-28 17:00:00,2026-05-28 17:10:00,BUY,1.16305,1.16426,1.16245,1.16426,0.0004,WIN,TP,12.1,1.0,11.1,10.39,12.09,1.835,52.92,0.000591,3.7,0.612,23.4,1.16305,0.00034,1.162381,1.16179
2026-05-28 19:00:00,2026-05-29 06:10:00,BUY,1.1648,1.16409,1.16409,1.16621,0.00047,LOSS,SL,-7.1,1.0,-8.1,-8.77,-7.07,-1.141,52.23,0.001532,7.7,1.089,13.1,1.1648,0.00046,1.163994,1.162462
2026-05-29 07:45:00,2026-05-29 09:00:00,BUY,1.16388,1.16443,1.16361,1.16443,0.00018,WIN,TP,5.5,1.2,4.3,3.59,5.49,1.562,45.84,4.2e-05,1.9,0.693,6.3,1.16388,0.00034,1.164286,1.164243
2026-05-29 10:25:00,2026-05-29 10:35:00,BUY,1.16436,1.16393,1.16393,1.16522,0.00029,LOSS,SL,-4.3,1.0,-5.3,-6.02,-4.32,-1.232,43.5,0.000198,5.6,1.298,0.8,1.16437,0.00064,1.164511,1.164313
2026-05-29 10:45:00,2026-05-29 11:00:00,BUY,1.16432,1.1638,1.1638,1.16535,0.00034,LOSS,SL,-5.2,1.1,-6.3,-6.96,-5.16,-1.213,46.11,0.000158,8.0,1.551,1.4,1.16432,0.00058,1.164468,1.164309
2026-05-29 12:15:00,2026-05-29 12:55:00,SELL,1.16362,1.16415,1.16415,1.16255,0.00036,LOSS,SL,-5.3,1.2,-6.5,-7.23,-5.33,-1.225,47.65,-0.000207,6.6,1.239,3.2,1.16362,0.00033,1.163978,1.164185
2026-05-29 13:00:00,2026-05-29 14:40:00,SELL,1.16416,1.16464,1.16464,1.1632,0.00032,LOSS,SL,-4.8,1.1,-5.9,-6.58,-4.78,-1.23,58.74,-0.000243,5.2,1.088,3.8,1.16415,0.00039,1.1639,1.164144
2026-05-29 14:45:00,2026-05-29 16:15:00,SELL,1.16456,1.16496,1.16496,1.16375,0.00027,LOSS,SL,-4.0,1.2,-5.2,-5.93,-4.03,-1.298,59.53,-5.5e-05,4.5,1.117,4.3,1.16456,0.00015,1.164111,1.164166
2026-05-29 16:50:00,2026-05-29 17:10:00,BUY,1.16488,1.16442,1.16442,1.1658,0.00031,LOSS,SL,-4.6,1.1,-5.7,-6.42,-4.62,-1.238,54.91,0.00023,5.6,1.213,2.1,1.16488,0.00029,1.164517,1.164287
2026-05-29 17:15:00,2026-05-29 17:45:00,BUY,1.16434,1.16536,1.16383,1.16536,0.00034,WIN,TP,10.2,1.0,9.2,8.46,10.16,1.803,41.65,0.000248,3.1,0.61,11.1,1.16434,0.00074,1.164556,1.164309
2026-05-29 19:15:00,2026-05-29 20:55:00,BUY,1.16695,1.16624,1.16624,1.16837,0.00047,LOSS,SL,-7.1,1.0,-8.1,-8.81,-7.11,-1.141,53.04,0.001204,7.5,1.055,5.1,1.16695,0.00024,1.16603,1.164826
2026-05-29 21:15:00,2026-05-29 23:50:00,BUY,1.16641,1.166,1.166,1.16724,0.00028,LOSS,SL,-4.1,1.1,-5.2,-5.94,-4.14,-1.266,42.52,0.001207,4.7,1.134,5.3,1.16641,0.00016,1.166447,1.16524
2026-06-01 00:00:00,2026-06-01 00:45:00,BUY,1.1652,1.16598,1.16481,1.16598,0.00026,WIN,TP,7.8,3.4,4.4,3.67,7.77,1.125,40.12,0.00082,0.4,0.103,8.4,1.16606,0.0003,1.166396,1.165576
2026-06-01 00:50:00,2026-06-01 01:00:00,BUY,1.16579,1.16543,1.16543,1.1665,0.00024,LOSS,SL,-3.6,3.0,-6.6,-7.26,-3.56,-1.843,45.2,0.000548,6.6,1.855,2.0,1.16579,0.00035,1.166123,1.165575
2026-06-01 01:15:00,2026-06-01 02:45:00,BUY,1.1654,1.16501,1.16501,1.16618,0.00026,LOSS,SL,-3.9,1.3,-5.2,-5.88,-3.88,-1.335,40.4,0.000442,4.8,1.237,1.7,1.1654,0.00015,1.166014,1.165573
2026-06-01 03:05:00,2026-06-01 03:20:00,BUY,1.16512,1.1648,1.1648,1.16576,0.00021,LOSS,SL,-3.2,1.0,-4.2,-4.88,-3.18,-1.314,41.31,7.8e-05,4.4,1.382,2.3,1.16512,0.00042,1.165602,1.165524
2026-06-01 05:25:00,2026-06-01 06:00:00,SELL,1.16451,1.16477,1.16477,1.16399,0.00017,LOSS,SL,-2.6,1.2,-3.8,-4.48,-2.58,-1.466,46.18,-0.000412,3.9,1.514,1.6,1.16451,9e-05,1.164878,1.16529
2026-06-01 06:05:00,2026-06-01 06:40:00,SELL,1.16481,1.16432,1.16505,1.16432,0.00016,WIN,TP,4.9,1.2,3.7,2.98,4.88,1.508,59.04,-0.000443,0.6,0.246,6.6,1.16481,0.00028,1.16479,1.165233
2026-06-01 06:50:00,2026-06-01 07:15:00,SELL,1.16436,1.16465,1.16465,1.16379,0.00019,LOSS,SL,-2.9,1.2,-4.1,-4.77,-2.87,-1.418,45.29,-0.000473,3.4,1.184,0.4,1.16436,0.00023,1.164696,1.165169
2026-06-01 07:20:00,2026-06-01 08:00:00,SELL,1.16468,1.16492,1.16492,1.16419,0.00016,LOSS,SL,-2.4,1.2,-3.6,-4.34,-2.44,-1.492,55.62,-0.000477,3.7,1.515,0.7,1.16468,0.00017,1.164652,1.165129
2026-06-01 09:00:00,2026-06-01 09:00:00,SELL,1.16515,1.16539,1.16539,1.16466,0.00016,LOSS,SL,-2.4,1.2,-3.6,-4.34,-2.44,-1.492,59.49,-0.000247,3.7,1.518,0.0,1.16513,0.00015,1.164858,1.165105
2026-06-01 09:25:00,2026-06-01 09:45:00,SELL,1.16527,1.16556,1.16556,1.1647,0.00019,LOSS,SL,-2.9,1.2,-4.1,-4.76,-2.86,-1.42,57.81,-0.000163,3.1,1.085,2.7,1.16527,0.00019,1.164957,1.165119
2026-06-01 10:25:00,2026-06-01 10:45:00,BUY,1.1657,1.16525,1.16525,1.16661,0.0003,LOSS,SL,-4.5,1.0,-5.5,-6.24,-4.54,-1.22,54.72,7e-05,5.3,1.169,2.0,1.1657,0.00045,1.165257,1.165187
2026-06-01 10:50:00,2026-06-01 12:20:00,BUY,1.16544,1.16499,1.16499,1.16634,0.0003,LOSS,SL,-4.5,1.0,-5.5,-6.22,-4.52,-1.221,48.6,0.000103,5.4,1.194,6.1,1.16544,0.0003,1.165308,1.165205
2026-06-01 12:55:00,2026-06-01 14:00:00,BUY,1.165,1.16459,1.16459,1.16581,0.00027,LOSS,SL,-4.1,1.1,-5.2,-5.86,-4.06,-1.271,40.55,9e-05,5.1,1.257,1.4,1.165,0.00019,1.165347,1.165257
2026-06-01 15:05:00,2026-06-01 16:05:00,SELL,1.16472,1.16407,1.16504,1.16407,0.00022,WIN,TP,6.5,1.2,5.3,4.56,6.46,1.629,49.78,-0.000228,3.2,0.99,7.1,1.16472,0.00025,1.164899,1.165127
2026-06-01 18:30:00,2026-06-01 18:30:00,SELL,1.16216,1.1628,1.1628,1.16088,0.00043,LOSS,SL,-6.4,1.0,-7.4,-8.12,-6.42,-1.156,51.47,-0.001533,7.0,1.089,0.0,1.16216,0.00051,1.162737,1.16427
2026-06-01 18:35:00,2026-06-01 20:30:00,SELL,1.16258,1.16322,1.16322,1.1613,0.00043,LOSS,SL,-6.4,1.0,-7.4,-8.08,-6.38,-1.157,58.02,-0.001522,8.8,1.378,9.4,1.16259,0.0007,1.162732,1.164253
2026-06-01 21:30:00,2026-06-02 07:35:00,SELL,1.16331,1.16371,1.16371,1.16251,0.00027,LOSS,SL,-4.0,1.2,-5.2,-5.88,-3.98,-1.301,58.67,-0.000943,4.1,1.029,6.6,1.1633,0.00014,1.162873,1.163816
2026-06-02 08:20:00,2026-06-02 09:05:00,SELL,1.16372,1.1639,1.1639,1.16336,0.00012,LOSS,SL,-1.8,1.2,-3.0,-3.72,-1.82,-1.66,58.57,-1.5e-05,4.5,2.475,1.0,1.16372,0.00028,1.163473,1.163489
2026-06-02 10:20:00,2026-06-02 11:05:00,BUY,1.1645,1.16515,1.16417,1.16515,0.00022,WIN,TP,6.5,1.2,5.3,4.64,6.54,1.633,52.34,0.000425,0.3,0.092,7.5,1.1645,0.00019,1.164114,1.163688
2026-06-02 11:15:00,2026-06-02 11:55:00,BUY,1.16463,1.16429,1.16429,1.16532,0.00023,LOSS,SL,-3.4,1.2,-4.6,-5.34,-3.44,-1.349,49.17,0.000559,4.4,1.281,1.3,1.16462,0.0004,1.164364,1.163806
2026-06-02 12:25:00,2026-06-02 13:20:00,BUY,1.16428,1.16398,1.16398,1.16488,0.0002,LOSS,SL,-3.0,1.0,-4.0,-4.72,-3.02,-1.331,42.67,0.000488,4.5,1.489,2.6,1.16428,0.0002,1.164372,1.163884
2026-06-02 13:30:00,2026-06-02 14:35:00,BUY,1.16426,1.16487,1.16395,1.16487,0.0002,WIN,TP,6.1,1.2,4.9,4.23,6.13,1.608,46.48,0.000406,1.0,0.326,7.5,1.16426,0.0002,1.164341,1.163935
2026-06-02 15:55:00,2026-06-02 16:25:00,BUY,1.165,1.16464,1.16464,1.16573,0.00024,LOSS,SL,-3.6,1.2,-4.8,-5.53,-3.63,-1.331,54.42,0.00056,4.5,1.241,2.3,1.165,0.00014,1.164717,1.164157
2026-06-02 16:40:00,2026-06-02 16:45:00,BUY,1.16461,1.16418,1.16418,1.16546,0.00028,LOSS,SL,-4.3,1.2,-5.5,-6.15,-4.25,-1.282,42.34,0.000526,5.1,1.2,1.9,1.16461,0.00027,1.164738,1.164213
2026-06-02 17:00:00,2026-06-02 17:00:00,BUY,1.16432,1.16382,1.16382,1.16531,0.00033,LOSS,SL,-5.0,1.0,-6.0,-6.66,-4.96,-1.202,40.26,0.000451,7.1,1.432,0.0,1.16432,0.00042,1.164665,1.164214
2026-06-02 17:35:00,2026-06-02 18:25:00,BUY,1.1643,1.16378,1.16378,1.16534,0.00035,LOSS,SL,-5.2,1.0,-6.2,-6.89,-5.19,-1.193,47.52,0.000309,7.5,1.445,6.9,1.16431,0.00043,1.16451,1.164201
2026-06-02 18:40:00,2026-06-02 19:20:00,BUY,1.16382,1.16328,1.16328,1.1649,0.00036,LOSS,SL,-5.4,1.1,-6.5,-7.19,-5.39,-1.204,40.77,0.000172,6.0,1.113,3.4,1.16382,0.00029,1.164373,1.164201
2026-06-02 21:35:00,2026-06-02 21:45:00,SELL,1.16238,1.16279,1.16279,1.16157,0.00027,LOSS,SL,-4.1,1.1,-5.2,-5.86,-4.06,-1.271,46.75,-0.00078,5.1,1.257,0.8,1.16238,0.00044,1.16298,1.16376
2026-06-02 21:50:00,2026-06-02 22:15:00,SELL,1.16288,1.16328,1.16328,1.16208,0.00027,LOSS,SL,-4.0,1.1,-5.1,-5.79,-3.99,-1.276,59.02,-0.000787,4.2,1.053,1.1,1.16288,0.00044,1.162939,1.163726
2026-06-02 22:40:00,2026-06-02 23:00:00,SELL,1.16307,1.16337,1.16337,1.16248,0.0002,LOSS,SL,-3.0,1.2,-4.2,-4.87,-2.97,-1.404,58.36,-0.000678,3.5,1.178,0.1,1.16307,0.00017,1.162986,1.163664
2026-06-02 23:20:00,2026-06-03 01:10:00,SELL,1.16329,1.16278,1.16354,1.16278,0.00017,WIN,TP,5.1,1.3,3.8,3.06,5.06,1.486,59.69,-0.000569,0.0,0.0,6.1,1.16328,9e-05,1.163064,1.163633
2026-06-03 01:30:00,2026-06-03 02:15:00,SELL,1.16285,1.16241,1.16307,1.16241,0.00015,WIN,TP,4.4,1.3,3.1,2.35,4.35,1.403,45.12,-0.000482,0.6,0.276,4.8,1.16285,0.00015,1.163006,1.163488
2026-06-03 03:20:00,2026-06-03 03:25:00,SELL,1.16246,1.16272,1.16272,1.16194,0.00017,LOSS,SL,-2.6,1.2,-3.8,-4.49,-2.59,-1.463,50.48,-0.000644,2.7,1.041,0.0,1.16246,0.00027,1.162629,1.163273
2026-06-03 03:55:00,2026-06-03 04:25:00,SELL,1.16278,1.16303,1.16303,1.16228,0.00017,LOSS,SL,-2.5,1.2,-3.7,-4.42,-2.52,-1.475,58.93,-0.000572,3.1,1.228,1.7,1.16278,0.00016,1.162668,1.16324
2026-06-03 05:00:00,2026-06-03 08:25:00,SELL,1.16294,1.16234,1.16324,1.16234,0.0002,WIN,TP,6.0,1.2,4.8,4.1,6.0,1.6,53.6,-0.000408,2.5,0.834,7.7,1.16294,0.00037,1.162801,1.163208
2026-06-03 10:15:00,2026-06-03 10:35:00,SELL,1.16183,1.16223,1.16223,1.16102,0.00027,LOSS,SL,-4.0,1.2,-5.2,-5.94,-4.04,-1.297,48.49,-0.000655,6.1,1.509,5.5,1.16183,0.00044,1.162141,1.162797
2026-06-03 10:40:00,2026-06-03 11:40:00,SELL,1.16186,1.1608,1.16239,1.1608,0.00035,WIN,TP,10.6,1.0,9.6,8.87,10.57,1.811,50.25,-0.000675,3.6,0.681,11.8,1.16186,0.00069,1.162071,1.162746
2026-06-03 12:10:00,2026-06-03 13:05:00,SELL,1.16133,1.16175,1.16175,1.16049,0.00028,LOSS,SL,-4.2,1.0,-5.2,-5.89,-4.19,-1.239,48.18,-0.000841,9.6,2.291,3.6,1.16133,0.00023,1.161673,1.162515
2026-06-03 13:10:00,2026-06-03 14:45:00,SELL,1.16172,1.16221,1.16221,1.16075,0.00032,LOSS,SL,-4.9,1.0,-5.9,-6.56,-4.86,-1.206,57.59,-0.000827,5.0,1.028,3.9,1.16172,0.00068,1.161557,1.162384
2026-06-03 15:00:00,2026-06-03 15:20:00,SELL,1.16178,1.16096,1.16219,1.16096,0.00027,WIN,TP,8.2,1.0,7.2,6.49,8.19,1.756,51.54,-0.000569,0.7,0.171,8.5,1.16178,0.00048,1.16169,1.162259
2026-06-03 16:40:00,2026-06-03 17:55:00,SELL,1.16044,1.16099,1.16099,1.15934,0.00037,LOSS,SL,-5.5,1.1,-6.6,-7.3,-5.5,-1.2,45.85,-0.000957,7.8,1.418,9.7,1.16044,0.00036,1.160975,1.161931
2026-06-03 18:05:00,2026-06-04 09:35:00,SELL,1.16057,1.1613,1.1613,1.15911,0.00049,LOSS,SL,-7.3,1.1,-8.4,-9.12,-7.32,-1.15,52.09,-0.00104,9.2,1.257,11.2,1.16057,0.00073,1.16063,1.16167
2026-06-04 09:50:00,2026-06-04 10:25:00,BUY,1.16094,1.16057,1.16057,1.16168,0.00025,LOSS,SL,-3.7,1.0,-4.7,-5.41,-3.71,-1.27,49.62,0.00014,5.7,1.538,3.2,1.16094,0.0004,1.160849,1.160709
2026-06-04 10:30:00,2026-06-04 10:35:00,BUY,1.16062,1.16022,1.16022,1.16143,0.00027,LOSS,SL,-4.0,1.2,-5.2,-5.93,-4.03,-1.298,40.78,0.000153,5.8,1.44,0.9,1.16062,0.00037,1.160883,1.16073
2026-06-04 11:00:00,2026-06-04 11:30:00,BUY,1.16038,1.16125,1.15994,1.16125,0.00029,WIN,TP,8.7,1.2,7.5,6.84,8.74,1.725,41.92,4.9e-05,0.3,0.069,10.2,1.16039,0.00029,1.160753,1.160703
2026-06-04 11:40:00,2026-06-04 12:00:00,BUY,1.16073,1.16159,1.1603,1.16159,0.00029,WIN,TP,8.6,1.1,7.5,6.77,8.57,1.743,49.7,5e-05,0.5,0.117,12.0,1.16073,0.00042,1.160758,1.160708
2026-06-04 16:00:00,2026-06-04 17:25:00,BUY,1.16368,1.16318,1.16318,1.16468,0.00033,LOSS,SL,-5.0,1.0,-6.0,-6.69,-4.99,-1.2,48.95,0.00148,5.5,1.101,3.0,1.16368,0.0006,1.163219,1.16174
2026-06-04 18:55:00,2026-06-04 20:05:00,BUY,1.16268,1.16224,1.16224,1.16356,0.00029,LOSS,SL,-4.4,1.2,-5.6,-6.31,-4.41,-1.272,43.06,0.000886,5.3,1.203,3.1,1.16268,0.00039,1.163031,1.162145
2026-06-05 00:10:00,2026-06-05 07:55:00,SELL,1.16141,1.16168,1.16168,1.16086,0.00018,LOSS,SL,-2.7,1.6,-4.3,-5.04,-2.74,-1.583,57.63,-0.000392,2.9,1.057,4.4,1.16141,0.00031,1.161523,1.161914
2026-06-05 08:05:00,2026-06-05 08:30:00,SELL,1.16149,1.16166,1.16166,1.16116,0.00011,LOSS,SL,-1.7,1.2,-2.9,-3.57,-1.67,-1.718,51.35,-0.000143,3.5,2.093,0.0,1.16149,0.00016,1.161433,1.161576
2026-06-05 08:55:00,2026-06-05 09:05:00,SELL,1.16171,1.16132,1.16191,1.16132,0.00013,WIN,TP,3.9,1.0,2.9,2.23,3.93,1.491,59.96,-7.7e-05,0.8,0.407,4.3,1.16171,0.00013,1.161507,1.161583
2026-06-05 09:15:00,2026-06-05 09:25:00,SELL,1.16148,1.16173,1.16173,1.16098,0.00017,LOSS,SL,-2.5,1.2,-3.7,-4.39,-2.49,-1.483,47.28,-8.1e-05,3.1,1.247,1.8,1.16148,0.00027,1.161496,1.161577
2026-06-05 13:55:00,2026-06-05 14:05:00,BUY,1.16388,1.16349,1.16349,1.16466,0.00026,LOSS,SL,-3.9,1.2,-5.1,-5.82,-3.92,-1.306,50.03,0.001113,4.5,1.148,1.7,1.16388,0.00024,1.163517,1.162404
2026-06-05 14:10:00,2026-06-05 15:30:00,BUY,1.16369,1.16327,1.16327,1.16452,0.00028,LOSS,SL,-4.2,1.2,-5.4,-6.06,-4.16,-1.289,43.73,0.001106,25.6,6.16,5.9,1.16369,0.00037,1.163551,1.162446
2026-06-05 21:50:00,2026-06-08 00:00:00,SELL,1.15251,1.15138,1.15307,1.15138,0.00038,WIN,TP,11.3,1.2,10.1,9.36,11.26,1.787,46.87,-0.004544,3.8,0.675,24.2,1.15252,0.00046,1.153689,1.158233
2026-06-08 01:15:00,2026-06-08 02:55:00,SELL,1.15168,1.15223,1.15223,1.15058,0.00037,LOSS,SL,-5.5,1.3,-6.8,-7.51,-5.51,-1.236,53.22,-0.004044,5.9,1.07,6.9,1.15168,0.00082,1.152015,1.156059
2026-06-08 03:20:00,2026-06-08 03:35:00,SELL,1.15219,1.1526,1.1526,1.15137,0.00027,LOSS,SL,-4.1,1.2,-5.3,-5.99,-4.09,-1.293,59.19,-0.00319,4.9,1.197,0.9,1.15219,0.00021,1.15193,1.15512
2026-06-08 04:20:00,2026-06-08 04:25:00,SELL,1.15274,1.15187,1.15318,1.15187,0.00029,WIN,TP,8.7,1.2,7.5,6.84,8.74,1.725,55.94,-0.002565,0.4,0.092,9.8,1.15275,0.00038,1.152302,1.154867
2026-06-08 04:45:00,2026-06-08 05:25:00,SELL,1.15238,1.15295,1.15295,1.15125,0.00038,LOSS,SL,-5.7,1.2,-6.9,-7.56,-5.66,-1.212,49.61,-0.002457,6.2,1.095,3.8,1.15238,0.00047,1.152279,1.154736
2026-06-08 05:30:00,2026-06-08 08:00:00,SELL,1.1529,1.15347,1.15347,1.15175,0.00038,LOSS,SL,-5.7,1.1,-6.8,-7.54,-5.74,-1.192,58.85,-0.002197,6.5,1.132,3.5,1.1529,0.00028,1.152344,1.154542
2026-06-08 08:10:00,2026-06-08 08:15:00,SELL,1.15336,1.15378,1.15378,1.15252,0.00028,LOSS,SL,-4.2,1.2,-5.4,-6.08,-4.18,-1.287,58.59,-0.001253,5.9,1.411,2.5,1.15336,0.00019,1.152875,1.154128
2026-06-08 08:30:00,2026-06-08 08:50:00,SELL,1.15343,1.15238,1.15395,1.15238,0.00035,WIN,TP,10.5,1.1,9.4,8.66,10.46,1.79,55.06,-0.001128,0.4,0.077,12.3,1.15343,0.00054,1.152978,1.154106
2026-06-08 10:15:00,2026-06-08 11:50:00,SELL,1.15239,1.1509,1.15313,1.1509,0.0005,WIN,TP,14.9,1.0,13.9,13.16,14.86,1.865,51.9,-0.001265,2.9,0.39,15.1,1.15239,0.00079,1.152463,1.153729
2026-06-08 12:50:00,2026-06-08 13:05:00,SELL,1.15091,1.15164,1.15164,1.14946,0.00048,LOSS,SL,-7.3,1.0,-8.3,-8.96,-7.26,-1.138,46.06,-0.001521,7.7,1.061,1.8,1.15091,0.00056,1.151593,1.153114
2026-06-08 13:10:00,2026-06-08 13:30:00,SELL,1.15168,1.15239,1.15239,1.15025,0.00048,LOSS,SL,-7.1,1.2,-8.3,-9.05,-7.15,-1.168,56.93,-0.001495,15.0,2.099,3.6,1.15168,0.0007,1.151546,1.153042
2026-06-08 13:40:00,2026-06-08 14:10:00,SELL,1.15208,1.15293,1.15293,1.15037,0.00057,LOSS,SL,-8.5,1.2,-9.7,-10.43,-8.53,-1.141,58.89,-0.001354,14.1,1.653,1.2,1.15208,0.00081,1.15162,1.152974
2026-06-08 15:40:00,2026-06-08 15:40:00,SELL,1.1536,1.15432,1.15432,1.15215,0.00048,LOSS,SL,-7.2,1.0,-8.2,-8.93,-7.23,-1.138,56.9,-0.00027,7.6,1.051,0.1,1.1536,0.00036,1.152809,1.153079
2026-06-08 16:55:00,2026-06-08 17:15:00,BUY,1.15434,1.15362,1.15362,1.15579,0.00048,LOSS,SL,-7.2,1.0,-8.2,-8.93,-7.23,-1.138,54.11,0.000307,8.4,1.162,3.5,1.15434,0.00039,1.153584,1.153277
2026-06-08 17:20:00,2026-06-08 21:55:00,BUY,1.15363,1.15291,1.15291,1.15507,0.00048,LOSS,SL,-7.2,1.0,-8.2,-8.89,-7.19,-1.139,41.14,0.000332,8.7,1.21,11.5,1.15363,0.00043,1.15364,1.153308
2026-06-08 22:05:00,2026-06-09 02:45:00,BUY,1.15331,1.15284,1.15284,1.15424,0.00031,LOSS,SL,-4.7,1.2,-5.9,-6.56,-4.66,-1.258,40.24,0.00026,5.0,1.074,6.6,1.15331,0.00055,1.153846,1.153586
2026-06-09 03:40:00,2026-06-09 04:00:00,SELL,1.15306,1.15333,1.15333,1.15251,0.00018,LOSS,SL,-2.7,1.2,-3.9,-4.65,-2.75,-1.437,49.99,-0.000215,2.8,1.019,4.0,1.15306,0.00019,1.153179,1.153394
2026-06-09 04:05:00,2026-06-09 04:15:00,SELL,1.15315,1.15348,1.15348,1.1525,0.00022,LOSS,SL,-3.3,1.2,-4.5,-5.17,-3.27,-1.367,55.04,-0.000222,3.4,1.039,0.1,1.15316,0.0003,1.153155,1.153377
2026-06-09 05:20:00,2026-06-09 07:20:00,SELL,1.15369,1.15405,1.15405,1.15296,0.00024,LOSS,SL,-3.6,1.2,-4.8,-5.53,-3.63,-1.33,58.6,-1.5e-05,4.0,1.101,3.3,1.1537,0.00039,1.153404,1.153419
2026-06-09 08:10:00,2026-06-09 09:15:00,BUY,1.15423,1.15507,1.15381,1.15507,0.00028,WIN,TP,8.4,1.0,7.4,6.67,8.37,1.761,54.24,0.000307,3.4,0.812,11.1,1.15423,0.00046,1.153888,1.153581
2026-06-09 09:40:00,2026-06-09 10:00:00,BUY,1.15474,1.15424,1.15424,1.15574,0.00033,LOSS,SL,-5.0,1.1,-6.1,-6.82,-5.02,-1.219,54.64,0.000538,5.1,1.016,0.5,1.15474,0.00036,1.154293,1.153755
2026-06-09 10:05:00,2026-06-09 10:15:00,BUY,1.15437,1.15385,1.15385,1.15541,0.00035,LOSS,SL,-5.2,1.0,-6.2,-6.92,-5.22,-1.192,45.28,0.000536,6.7,1.284,0.1,1.15437,0.00045,1.154327,1.15379
2026-06-09 10:25:00,2026-06-09 11:00:00,BUY,1.15423,1.15371,1.15371,1.15528,0.00035,LOSS,SL,-5.2,1.1,-6.3,-7.03,-5.23,-1.21,45.04,0.000487,6.3,1.204,1.5,1.15421,0.00039,1.154288,1.153801
2026-06-09 11:15:00,2026-06-09 11:50:00,BUY,1.15395,1.15496,1.15344,1.15496,0.00034,WIN,TP,10.1,1.1,9.0,8.35,10.15,1.783,42.88,0.000374,0.6,0.118,10.5,1.15395,0.0006,1.154196,1.153822
2026-06-09 15:30:00,2026-06-09 16:35:00,BUY,1.15693,1.15645,1.15645,1.15789,0.00032,LOSS,SL,-4.8,1.2,-6.0,-6.68,-4.78,-1.251,53.34,0.001494,6.7,1.401,8.6,1.15692,0.00025,1.156309,1.154815
2026-06-09 16:50:00,2026-06-09 17:10:00,BUY,1.15713,1.15648,1.15648,1.15843,0.00043,LOSS,SL,-6.5,1.0,-7.5,-8.21,-6.51,-1.154,51.95,0.001554,8.3,1.274,2.0,1.15714,0.0013,1.156724,1.15517
2026-06-09 17:15:00,2026-06-09 18:30:00,BUY,1.1563,1.15556,1.15556,1.15778,0.00049,LOSS,SL,-7.4,1.2,-8.6,-9.3,-7.4,-1.162,40.01,0.001486,10.0,1.352,6.2,1.1563,0.00088,1.156734,1.155249
2026-06-09 19:00:00,2026-06-09 19:10:00,BUY,1.1555,1.15473,1.15473,1.15704,0.00051,LOSS,SL,-7.7,1.0,-8.7,-9.41,-7.71,-1.13,41.35,0.000879,9.8,1.271,2.4,1.1555,0.00047,1.156268,1.155389
2026-06-09 20:05:00,2026-06-10 00:40:00,BUY,1.15443,1.15357,1.15357,1.15615,0.00057,LOSS,SL,-8.6,1.2,-9.8,-10.49,-8.59,-1.14,44.09,0.000189,9.0,1.047,8.7,1.15443,0.00058,1.155444,1.155254
2026-06-10 01:25:00,2026-06-10 03:45:00,SELL,1.15396,1.15329,1.1543,1.15329,0.00022,WIN,TP,6.7,1.3,5.4,4.71,6.71,1.613,45.78,-0.000551,2.4,0.715,7.1,1.15396,0.00014,1.154287,1.154838
2026-06-10 03:55:00,2026-06-10 03:55:00,SELL,1.15369,1.15415,1.15415,1.15276,0.00031,LOSS,SL,-4.6,1.0,-5.6,-6.34,-4.64,-1.216,47.54,-0.000652,6.6,1.423,0.3,1.15369,0.00051,1.1539,1.154551
2026-06-10 04:05:00,2026-06-10 06:05:00,SELL,1.15416,1.15464,1.15464,1.15321,0.00032,LOSS,SL,-4.8,1.0,-5.8,-6.45,-4.75,-1.21,58.76,-0.000622,6.3,1.325,7.0,1.15416,0.00035,1.153922,1.154544
2026-06-10 06:40:00,2026-06-10 06:45:00,SELL,1.15458,1.15496,1.15496,1.15382,0.00025,LOSS,SL,-3.8,1.2,-5.0,-5.72,-3.82,-1.314,58.35,-0.000264,4.4,1.151,1.6,1.15458,0.00026,1.154196,1.15446
2026-06-10 07:15:00,2026-06-10 08:30:00,SELL,1.15477,1.15516,1.15516,1.15399,0.00026,LOSS,SL,-3.9,1.2,-5.1,-5.79,-3.89,-1.309,56.15,-0.000122,4.1,1.054,4.2,1.15477,0.00025,1.154367,1.15449
2026-06-10 09:50:00,2026-06-10 10:00:00,BUY,1.15528,1.15482,1.15482,1.1562,0.00031,LOSS,SL,-4.6,1.2,-5.8,-6.52,-4.62,-1.26,52.24,0.000308,7.4,1.602,0.4,1.15528,0.00032,1.154966,1.154658
2026-06-10 10:05:00,2026-06-10 14:00:00,BUY,1.155,1.1545,1.1545,1.15599,0.00033,LOSS,SL,-5.0,1.1,-6.1,-6.77,-4.97,-1.221,43.9,0.000298,14.2,2.858,9.6,1.15499,0.00051,1.154965,1.154667
2026-06-10 14:15:00,2026-06-10 14:25:00,BUY,1.15472,1.15406,1.15406,1.15605,0.00044,LOSS,SL,-6.6,1.2,-7.8,-8.54,-6.64,-1.181,41.93,0.000303,7.4,1.114,1.8,1.15472,0.00043,1.155216,1.154913
2026-06-10 15:25:00,2026-06-10 15:30:00,SELL,1.15415,1.15481,1.15481,1.15283,0.00044,LOSS,SL,-6.6,1.1,-7.7,-8.42,-6.62,-1.166,45.19,-0.000103,16.0,2.417,0.3,1.15416,0.00027,1.154691,1.154794
2026-06-10 15:35:00,2026-06-10 15:40:00,SELL,1.15499,1.1558,1.1558,1.15338,0.00054,LOSS,SL,-8.1,1.0,-9.1,-9.75,-8.05,-1.124,58.74,-9.5e-05,9.4,1.167,1.8,1.15498,0.00154,1.1547,1.154795
2026-06-10 16:00:00,2026-06-10 16:35:00,BUY,1.15483,1.15659,1.15395,1.15659,0.00059,WIN,TP,17.6,1.1,16.5,15.81,17.61,1.875,50.5,1.9e-05,1.5,0.17,21.4,1.15483,0.00072,1.15485,1.154831
2026-06-10 17:20:00,2026-06-10 18:10:00,BUY,1.15567,1.15481,1.15481,1.15739,0.00057,LOSS,SL,-8.6,1.2,-9.8,-10.48,-8.58,-1.14,48.92,0.000443,10.5,1.223,5.4,1.15567,0.00074,1.155462,1.155019
2026-06-10 18:15:00,2026-06-10 18:45:00,BUY,1.15511,1.15432,1.15432,1.15669,0.00053,LOSS,SL,-7.9,1.0,-8.9,-9.59,-7.89,-1.127,42.74,0.000394,16.6,2.105,5.6,1.15511,0.00055,1.155463,1.155069
2026-06-10 18:55:00,2026-06-10 23:00:00,BUY,1.15489,1.15395,1.15395,1.15678,0.00063,LOSS,SL,-9.4,1.0,-10.4,-11.13,-9.43,-1.106,41.59,0.000302,9.6,1.018,10.4,1.15489,0.00116,1.155378,1.155076
2026-06-11 01:40:00,2026-06-11 02:05:00,SELL,1.1534,1.15266,1.15377,1.15266,0.00025,WIN,TP,7.4,1.3,6.1,5.39,7.39,1.648,46.6,-0.000766,2.6,0.704,7.8,1.1534,0.00022,1.153859,1.154625
2026-06-11 02:20:00,2026-06-11 02:25:00,SELL,1.15314,1.15361,1.15361,1.1522,0.00031,LOSS,SL,-4.7,1.0,-5.7,-6.4,-4.7,-1.213,46.15,-0.000869,5.0,1.065,1.4,1.15314,0.00078,1.153635,1.154504
2026-06-11 02:30:00,2026-06-11 03:10:00,SELL,1.15356,1.15407,1.15407,1.15253,0.00034,LOSS,SL,-5.1,1.0,-6.1,-6.84,-5.14,-1.195,56.2,-0.000869,5.4,1.051,3.7,1.15356,0.00063,1.153612,1.154481
2026-06-11 03:40:00,2026-06-11 04:00:00,SELL,1.15395,1.15444,1.15444,1.15296,0.00033,LOSS,SL,-4.9,1.2,-6.1,-6.83,-4.93,-1.243,58.55,-0.000694,7.2,1.461,0.6,1.15395,0.00029,1.153696,1.154389
2026-06-11 05:20:00,2026-06-11 07:05:00,SELL,1.15506,1.15419,1.15549,1.15419,0.00029,WIN,TP,8.7,1.2,7.5,6.76,8.66,1.723,58.12,-4.5e-05,0.3,0.069,8.9,1.15506,0.00028,1.15446,1.154505
2026-06-11 07:10:00,2026-06-11 09:50:00,BUY,1.15445,1.15407,1.15407,1.15521,0.00025,LOSS,SL,-3.8,1.2,-5.0,-5.71,-3.81,-1.315,42.74,2.5e-05,4.6,1.206,6.8,1.15445,0.00028,1.154557,1.154532
2026-06-11 09:55:00,2026-06-11 10:25:00,BUY,1.15438,1.15531,1.15391,1.15531,0.00031,WIN,TP,9.3,1.2,8.1,7.42,9.32,1.742,44.47,3.2e-05,3.4,0.73,11.7,1.15437,0.00044,1.1546,1.154568
2026-06-11 10:40:00,2026-06-11 11:00:00,BUY,1.15477,1.15425,1.15425,1.15582,0.00035,LOSS,SL,-5.2,1.1,-6.3,-7.03,-5.23,-1.21,51.29,8.3e-05,6.3,1.205,0.9,1.15477,0.00037,1.154673,1.15459
2026-06-11 11:05:00,2026-06-11 11:30:00,BUY,1.15424,1.15372,1.15372,1.15528,0.00035,LOSS,SL,-5.2,1.2,-6.4,-7.09,-5.19,-1.231,40.63,6e-05,5.9,1.136,2.4,1.15424,0.00039,1.154648,1.154587
2026-06-11 12:55:00,2026-06-11 13:10:00,SELL,1.15361,1.15255,1.15414,1.15255,0.00035,WIN,TP,10.6,1.0,9.6,8.87,10.57,1.811,48.01,-0.000403,1.0,0.189,11.6,1.15361,0.00042,1.15398,1.154384
2026-06-11 13:55:00,2026-06-11 14:00:00,SELL,1.15311,1.15364,1.15364,1.15206,0.00035,LOSS,SL,-5.3,1.0,-6.3,-6.97,-5.27,-1.19,47.24,-0.000682,5.5,1.043,0.8,1.15301,0.00049,1.15352,1.154202
2026-06-11 14:05:00,2026-06-11 15:20:00,SELL,1.15363,1.15251,1.15419,1.15251,0.00037,WIN,TP,11.2,1.0,10.2,9.47,11.17,1.821,58.21,-0.000677,5.4,0.967,17.7,1.15363,0.00057,1.153509,1.154186
2026-06-11 15:45:00,2026-06-11 15:55:00,SELL,1.15306,1.15403,1.15403,1.15112,0.00065,LOSS,SL,-9.7,1.0,-10.7,-11.4,-9.7,-1.103,47.41,-0.000635,12.9,1.33,2.3,1.15306,0.00098,1.153407,1.154042
2026-06-11 16:00:00,2026-06-11 16:20:00,SELL,1.15396,1.15207,1.15491,1.15207,0.00063,WIN,TP,18.9,1.1,17.8,17.12,18.92,1.884,59.0,-0.000582,0.7,0.074,22.9,1.15396,0.00084,1.153453,1.154035
2026-06-11 16:30:00,2026-06-11 19:05:00,SELL,1.15301,1.15098,1.15402,1.15098,0.00068,WIN,TP,20.3,1.1,19.2,18.49,20.29,1.892,48.08,-0.000637,9.5,0.937,20.7,1.15301,0.0007,1.153332,1.153969
2026-06-12 00:05:00,2026-06-12 03:00:00,BUY,1.15761,1.15699,1.15699,1.15886,0.00042,LOSS,SL,-6.2,2.7,-8.9,-9.64,-6.24,-1.433,54.97,0.001871,7.7,1.234,10.3,1.1576,0.00036,1.15631,1.154439
2026-06-12 03:55:00,2026-06-12 04:05:00,BUY,1.15696,1.15649,1.15649,1.1579,0.00031,LOSS,SL,-4.7,1.2,-5.9,-6.58,-4.68,-1.257,41.04,0.001652,5.8,1.24,1.1,1.15694,0.00043,1.157232,1.15558
2026-06-12 04:35:00,2026-06-12 08:45:00,BUY,1.15656,1.15607,1.15607,1.15753,0.00032,LOSS,SL,-4.9,1.0,-5.9,-6.57,-4.87,-1.205,40.68,0.001385,4.9,1.006,9.5,1.15656,0.00045,1.157039,1.155654
2026-06-12 09:05:00,2026-06-12 09:55:00,BUY,1.15632,1.15728,1.15584,1.15728,0.00032,WIN,TP,9.6,1.0,8.6,7.95,9.65,1.793,42.53,0.000656,0.8,0.166,10.9,1.15632,0.00071,1.156779,1.156124
2026-06-12 10:05:00,2026-06-12 10:10:00,BUY,1.1569,1.15638,1.15638,1.15794,0.00035,LOSS,SL,-5.2,1.0,-6.2,-6.9,-5.2,-1.192,53.4,0.00059,6.3,1.211,0.6,1.1569,0.00052,1.156788,1.156198
2026-06-12 10:15:00,2026-06-12 10:35:00,BUY,1.15644,1.15589,1.15589,1.15754,0.00037,LOSS,SL,-5.5,1.2,-6.7,-7.42,-5.52,-1.218,43.26,0.000569,7.8,1.414,2.5,1.15644,0.00069,1.156775,1.156206
2026-06-12 11:00:00,2026-06-12 11:15:00,BUY,1.15665,1.15797,1.15599,1.15797,0.00044,WIN,TP,13.2,1.0,12.2,11.45,13.15,1.848,53.61,0.000382,2.6,0.395,17.8,1.15665,0.00094,1.156583,1.156201
2026-06-12 12:05:00,2026-06-12 15:05:00,BUY,1.15753,1.1568,1.1568,1.15899,0.00049,LOSS,SL,-7.3,1.2,-8.5,-9.21,-7.31,-1.164,54.99,0.000645,9.8,1.34,14.2,1.15752,0.00043,1.157021,1.156377
2026-06-12 16:05:00,2026-06-12 18:20:00,BUY,1.15671,1.15792,1.1561,1.15792,0.0004,WIN,TP,12.1,1.2,10.9,10.22,12.12,1.802,46.07,0.000342,3.4,0.561,12.7,1.15669,0.00073,1.157104,1.156761
2026-06-12 18:45:00,2026-06-12 22:55:00,BUY,1.15757,1.15687,1.15687,1.15897,0.00047,LOSS,SL,-7.0,1.0,-8.0,-8.68,-6.98,-1.143,51.17,0.000439,7.0,1.002,3.0,1.15757,0.00061,1.15738,1.156941
2026-06-12 23:00:00,2026-06-12 23:30:00,BUY,1.15714,1.15677,1.15677,1.15788,0.00025,LOSS,SL,-3.7,1.0,-4.7,-5.41,-3.71,-1.27,42.44,0.000273,4.2,1.132,0.5,1.15714,0.0003,1.157405,1.157132
2026-06-15 03:00:00,2026-06-15 04:00:00,BUY,1.16029,1.15977,1.15977,1.16134,0.00035,LOSS,SL,-5.2,1.0,-6.2,-6.93,-5.23,-1.191,50.13,0.001602,6.6,1.262,8.9,1.16029,0.00044,1.159657,1.158055
2026-06-15 04:25:00,2026-06-15 07:25:00,BUY,1.15986,1.16076,1.15941,1.16076,0.0003,WIN,TP,9.0,1.0,8.0,7.32,9.02,1.778,40.64,0.00155,4.5,0.998,10.5,1.15986,0.00026,1.159964,1.158413
2026-06-15 09:10:00,2026-06-15 09:30:00,BUY,1.16088,1.16044,1.16044,1.16175,0.00029,LOSS,SL,-4.4,1.0,-5.4,-6.07,-4.37,-1.229,42.59,0.001485,8.2,1.878,2.7,1.16088,0.00058,1.160873,1.159389
2026-06-15 09:40:00,2026-06-15 10:00:00,BUY,1.16071,1.1602,1.1602,1.16173,0.00034,LOSS,SL,-5.1,1.0,-6.1,-6.81,-5.11,-1.196,44.24,0.001373,5.7,1.116,1.7,1.16071,0.00064,1.16084,1.159467
2026-06-15 10:05:00,2026-06-15 11:45:00,BUY,1.16045,1.15992,1.15992,1.16151,0.00035,LOSS,SL,-5.3,1.0,-6.3,-7.0,-5.3,-1.189,40.26,0.001282,7.6,1.435,6.1,1.16046,0.00055,1.160807,1.159525
2026-06-15 12:05:00,2026-06-15 15:55:00,BUY,1.1608,1.16197,1.16021,1.16197,0.00039,WIN,TP,11.7,1.0,10.7,10.03,11.73,1.829,52.76,0.00089,4.8,0.819,11.9,1.16073,0.00065,1.160638,1.159748
2026-06-15 16:55:00,2026-06-15 17:20:00,BUY,1.16144,1.16088,1.16088,1.16257,0.00038,LOSS,SL,-5.6,1.0,-6.6,-7.34,-5.64,-1.177,51.07,0.000854,5.8,1.028,4.4,1.16144,0.00051,1.161209,1.160356
2026-06-15 17:25:00,2026-06-15 18:00:00,BUY,1.16104,1.16048,1.16048,1.16215,0.00037,LOSS,SL,-5.6,1.0,-6.6,-7.27,-5.57,-1.18,41.87,0.000833,6.3,1.131,3.1,1.16104,0.00042,1.161249,1.160417
2026-06-15 19:10:00,2026-06-15 21:30:00,BUY,1.16015,1.15969,1.15969,1.16106,0.0003,LOSS,SL,-4.6,1.0,-5.6,-6.26,-4.56,-1.219,42.26,0.000294,6.0,1.315,3.8,1.16015,0.00023,1.160699,1.160405
2026-06-16 00:05:00,2026-06-16 05:15:00,SELL,1.15943,1.15841,1.15994,1.15841,0.00034,WIN,TP,10.2,1.0,9.2,8.46,10.16,1.803,58.93,-0.000597,0.9,0.177,11.0,1.15944,0.00167,1.159409,1.160006
2026-06-16 05:35:00,2026-06-16 07:10:00,SELL,1.15879,1.15805,1.15916,1.15805,0.00025,WIN,TP,7.4,1.0,6.4,5.74,7.44,1.731,48.12,-0.000549,1.6,0.43,9.3,1.15879,0.00028,1.15895,1.159499
2026-06-16 09:30:00,2026-06-16 09:30:00,SELL,1.15787,1.15828,1.15828,1.15705,0.00027,LOSS,SL,-4.1,1.0,-5.1,-5.78,-4.08,-1.245,50.28,-0.000872,6.2,1.518,1.0,1.15787,0.00039,1.1581,1.158972
2026-06-16 09:45:00,2026-06-16 09:55:00,SELL,1.15815,1.1586,1.1586,1.15725,0.0003,LOSS,SL,-4.5,1.0,-5.5,-6.18,-4.48,-1.223,54.49,-0.000826,6.2,1.383,0.2,1.15815,0.00041,1.158127,1.158953
2026-06-16 12:45:00,2026-06-16 13:15:00,BUY,1.16007,1.16096,1.15963,1.16096,0.0003,WIN,TP,8.9,1.0,7.9,7.16,8.86,1.774,54.82,0.000295,0.9,0.203,9.4,1.16008,0.0002,1.159484,1.159188
2026-06-16 14:20:00,2026-06-16 14:40:00,BUY,1.16058,1.16014,1.16014,1.16145,0.00029,LOSS,SL,-4.4,1.0,-5.4,-6.07,-4.37,-1.229,49.85,0.000714,8.9,2.039,0.9,1.16058,0.00036,1.16017,1.159456
2026-06-16 15:40:00,2026-06-16 16:50:00,BUY,1.15988,1.15936,1.15936,1.16092,0.00035,LOSS,SL,-5.2,1.0,-6.2,-6.88,-5.18,-1.193,46.55,0.00049,6.4,1.237,4.8,1.15988,0.00047,1.160006,1.159516
2026-06-16 17:15:00,2026-06-16 17:30:00,BUY,1.15948,1.15891,1.15891,1.16061,0.00038,LOSS,SL,-5.7,1.0,-6.7,-7.36,-5.66,-1.177,43.63,0.000293,7.0,1.237,2.4,1.15948,0.00048,1.159849,1.159556
2026-06-16 17:40:00,2026-06-16 17:55:00,BUY,1.15938,1.16059,1.15878,1.16059,0.0004,WIN,TP,12.1,1.0,11.1,10.38,12.08,1.834,45.88,0.000199,0.7,0.116,14.7,1.15938,0.00049,1.159741,1.159541
2026-06-16 20:05:00,2026-06-16 21:35:00,BUY,1.16122,1.16073,1.16073,1.16221,0.00033,LOSS,SL,-4.9,1.0,-5.9,-6.64,-4.94,-1.202,54.74,0.00077,5.4,1.093,2.0,1.16122,0.00019,1.160674,1.159904
2026-06-16 21:55:00,2026-06-17 00:00:00,BUY,1.16083,1.16048,1.16048,1.16154,0.00024,LOSS,SL,-3.5,1.0,-4.5,-5.25,-3.55,-1.282,43.3,0.000751,4.1,1.156,5.5,1.16083,0.00022,1.160883,1.160132
2026-06-17 00:05:00,2026-06-17 00:05:00,BUY,1.16101,1.16062,1.16062,1.1618,0.00026,LOSS,SL,-3.9,1.0,-4.9,-5.63,-3.93,-1.254,54.95,0.000577,4.7,1.195,2.8,1.16101,0.00066,1.160887,1.160311
2026-06-17 00:10:00,2026-06-17 09:25:00,BUY,1.16097,1.16058,1.16058,1.16175,0.00026,LOSS,SL,-3.9,1.1,-5.0,-5.7,-3.9,-1.282,54.05,0.000574,3.9,1.0,7.0,1.16099,0.00075,1.160891,1.160317
2026-06-17 10:00:00,2026-06-17 11:05:00,BUY,1.1608,1.16043,1.16043,1.16154,0.00025,LOSS,SL,-3.7,1.0,-4.7,-5.41,-3.71,-1.27,42.39,0.000177,3.9,1.052,7.0,1.16081,0.0003,1.161077,1.1609
2026-06-17 11:10:00,2026-06-17 11:10:00,BUY,1.16057,1.16012,1.16012,1.16147,0.0003,LOSS,SL,-4.5,1.0,-5.5,-6.22,-4.52,-1.221,41.24,7.6e-05,5.6,1.239,0.0,1.16056,0.00022,1.16097,1.160894
2026-06-17 12:25:00,2026-06-17 13:25:00,SELL,1.16041,1.1596,1.16081,1.1596,0.00027,WIN,TP,8.1,1.0,7.1,6.38,8.08,1.753,49.54,-0.000174,2.0,0.495,9.4,1.16041,0.0003,1.160623,1.160796
2026-06-17 15:05:00,2026-06-17 15:20:00,SELL,1.15928,1.15976,1.15976,1.15832,0.00032,LOSS,SL,-4.8,1.0,-5.8,-6.5,-4.8,-1.208,45.68,-0.000671,5.0,1.042,2.3,1.15928,0.00043,1.159807,1.160478
2026-06-17 15:25:00,2026-06-17 15:50:00,SELL,1.15967,1.16014,1.16014,1.15874,0.00031,LOSS,SL,-4.7,1.0,-5.7,-6.37,-4.67,-1.214,55.65,-0.000691,6.0,1.284,3.6,1.15967,0.0004,1.159744,1.160435
2026-06-17 16:05:00,2026-06-17 16:20:00,SELL,1.15981,1.16029,1.16029,1.15885,0.00032,LOSS,SL,-4.8,1.0,-5.8,-6.51,-4.81,-1.208,53.95,-0.000607,4.9,1.018,0.1,1.15981,0.00043,1.159786,1.160393
2026-06-17 16:30:00,2026-06-17 17:45:00,SELL,1.15983,1.15892,1.16028,1.15892,0.0003,WIN,TP,9.1,1.0,8.1,7.37,9.07,1.779,51.21,-0.000542,3.2,0.706,17.3,1.15982,0.00045,1.159835,1.160377
2026-06-17 18:20:00,2026-06-17 21:00:00,SELL,1.1594,1.15823,1.15998,1.15823,0.00039,WIN,TP,11.7,1.0,10.7,9.97,11.67,1.829,51.42,-0.000658,2.4,0.411,48.0,1.1594,0.00044,1.159511,1.160169
2026-06-18 00:25:00,2026-06-18 03:00:00,SELL,1.15035,1.15114,1.15114,1.14877,0.00053,LOSS,SL,-7.9,1.0,-8.9,-9.62,-7.92,-1.126,45.08,-0.004644,13.0,1.641,3.4,1.15036,0.00036,1.152315,1.156958
2026-06-18 03:15:00,2026-06-18 03:55:00,SELL,1.15117,1.15164,1.15164,1.15022,0.00032,LOSS,SL,-4.7,1.0,-5.7,-6.43,-4.73,-1.211,59.03,-0.004037,5.2,1.099,2.7,1.15117,0.00033,1.15108,1.155117
2026-06-18 04:50:00,2026-06-18 06:25:00,SELL,1.15183,1.15226,1.15226,1.15096,0.00029,LOSS,SL,-4.3,1.0,-5.3,-6.04,-4.34,-1.23,59.23,-0.003108,5.1,1.175,5.3,1.15183,0.00042,1.151406,1.154514
2026-06-18 07:15:00,2026-06-18 07:40:00,SELL,1.15207,1.15241,1.15241,1.1514,0.00022,LOSS,SL,-3.4,1.0,-4.4,-5.07,-3.37,-1.296,51.8,-0.002039,4.5,1.334,0.1,1.15207,0.00037,1.151833,1.153872
2026-06-18 08:00:00,2026-06-18 08:30:00,SELL,1.15231,1.1517,1.15261,1.1517,0.0002,WIN,TP,6.1,1.0,5.1,4.36,6.06,1.67,56.91,-0.001761,1.9,0.627,6.9,1.15232,0.00018,1.151976,1.153737
2026-06-18 09:15:00,2026-06-18 09:30:00,SELL,1.15226,1.15275,1.15275,1.15129,0.00032,LOSS,SL,-4.9,1.0,-5.9,-6.57,-4.87,-1.205,56.7,-0.001578,5.8,1.191,3.2,1.15226,0.0009,1.151892,1.153469
2026-06-18 09:40:00,2026-06-18 10:25:00,SELL,1.15227,1.15107,1.15287,1.15107,0.0004,WIN,TP,12.0,1.0,11.0,10.27,11.97,1.833,53.34,-0.001427,3.2,0.535,15.5,1.15227,0.00087,1.151992,1.153419
2026-06-18 10:45:00,2026-06-18 11:25:00,SELL,1.15151,1.15022,1.15215,1.15022,0.00043,WIN,TP,12.9,1.0,11.9,11.2,12.9,1.845,47.03,-0.001401,5.9,0.915,14.1,1.15151,0.00057,1.151788,1.15319
2026-06-18 15:15:00,2026-06-18 15:20:00,SELL,1.14691,1.14769,1.14769,1.14535,0.00052,LOSS,SL,-7.8,1.0,-8.8,-9.5,-7.8,-1.128,54.46,-0.003347,12.7,1.628,4.3,1.14691,0.00092,1.147483,1.15083
2026-06-18 15:30:00,2026-06-18 16:35:00,SELL,1.14711,1.14802,1.14802,1.14529,0.00061,LOSS,SL,-9.1,1.0,-10.1,-10.79,-9.09,-1.11,55.0,-0.003274,13.0,1.431,8.2,1.14711,0.00105,1.147448,1.150721
2026-06-18 16:45:00,2026-06-18 17:55:00,SELL,1.14762,1.14851,1.14851,1.14583,0.0006,LOSS,SL,-8.9,1.0,-9.9,-10.65,-8.95,-1.112,56.79,-0.002935,11.3,1.263,9.0,1.14762,0.00075,1.147269,1.150204
2026-06-18 18:05:00,2026-06-18 19:15:00,SELL,1.1481,1.14649,1.14891,1.14649,0.00054,WIN,TP,16.1,1.0,15.1,14.44,16.14,1.876,58.53,-0.002394,1.9,0.235,17.8,1.14811,0.00071,1.147416,1.14981
2026-06-18 19:30:00,2026-06-18 22:00:00,SELL,1.14701,1.1456,1.14772,1.1456,0.00047,WIN,TP,14.1,1.0,13.1,12.45,14.15,1.859,46.38,-0.002112,3.5,0.495,16.0,1.14697,0.00049,1.147296,1.149408
2026-06-18 22:45:00,2026-06-19 00:00:00,SELL,1.14584,1.14634,1.14634,1.14485,0.00033,LOSS,SL,-5.0,1.0,-6.0,-6.66,-4.96,-1.201,45.72,-0.00204,9.0,1.813,3.2,1.14583,0.00057,1.146351,1.148391
2026-06-19 00:05:00,2026-06-19 04:55:00,SELL,1.14617,1.14521,1.14665,1.14521,0.00032,WIN,TP,9.6,1.0,8.6,7.92,9.62,1.792,53.74,-0.001844,4.0,0.831,9.7,1.14617,0.00119,1.146199,1.148043
2026-06-19 05:30:00,2026-06-19 06:10:00,SELL,1.14572,1.14504,1.14606,1.14504,0.00023,WIN,TP,6.8,1.0,5.8,5.07,6.77,1.705,47.63,-0.001141,0.7,0.207,7.6,1.14572,0.00024,1.145919,1.14706
2026-06-19 08:55:00,2026-06-19 09:55:00,SELL,1.14337,1.14402,1.14402,1.14207,0.00043,LOSS,SL,-6.5,1.0,-7.5,-8.2,-6.5,-1.154,52.72,-0.002057,8.7,1.338,4.7,1.14337,0.00093,1.143901,1.145958
2026-06-19 12:50:00,2026-06-19 14:15:00,SELL,1.14613,1.14663,1.14663,1.14513,0.00033,LOSS,SL,-5.0,1.0,-6.0,-6.71,-5.01,-1.2,59.33,-0.000393,5.7,1.138,8.9,1.14613,0.00024,1.145247,1.14564
2026-06-19 14:35:00,2026-06-19 15:50:00,BUY,1.14621,1.14721,1.14571,1.14721,0.00033,WIN,TP,10.0,1.0,9.0,8.26,9.96,1.799,53.34,2.3e-05,4.1,0.823,12.9,1.14622,0.00025,1.145748,1.145726
2026-06-19 16:05:00,2026-06-19 16:20:00,BUY,1.14666,1.14605,1.14605,1.14787,0.0004,LOSS,SL,-6.1,1.0,-7.1,-7.76,-6.06,-1.165,53.56,0.000318,6.4,1.057,1.1,1.14666,0.00065,1.146181,1.145864
2026-06-19 16:25:00,2026-06-19 18:00:00,BUY,1.1461,1.14726,1.14552,1.14726,0.00039,WIN,TP,11.6,1.0,10.6,9.93,11.63,1.828,43.14,0.00032,4.5,0.774,15.2,1.1461,0.00029,1.146202,1.145882
2026-06-19 18:35:00,2026-06-19 20:55:00,BUY,1.14656,1.14765,1.14602,1.14765,0.00036,WIN,TP,10.9,1.0,9.9,9.18,10.88,1.816,48.46,0.000419,4.0,0.735,10.9,1.14655,0.00037,1.146446,1.146027
2026-06-19 22:40:00,2026-06-19 23:15:00,BUY,1.14767,1.14737,1.14737,1.14828,0.0002,LOSS,SL,-3.0,1.0,-4.0,-4.73,-3.03,-1.33,54.33,0.000808,5.8,1.913,0.9,1.14767,9e-05,1.147317,1.146509
2026-06-19 23:35:00,2026-06-19 23:55:00,BUY,1.14734,1.14699,1.14699,1.14803,0.00023,LOSS,SL,-3.5,1.0,-4.5,-5.16,-3.46,-1.289,42.62,0.000759,8.4,2.43,2.1,1.14734,0.00014,1.147368,1.146609
2026-06-22 00:40:00,2026-06-22 00:55:00,BUY,1.14667,1.14606,1.14606,1.14789,0.00041,LOSS,SL,-6.1,1.0,-7.1,-7.82,-6.12,-1.163,46.1,0.000414,7.2,1.177,3.5,1.14667,0.00062,1.147014,1.146601
2026-06-22 01:05:00,2026-06-22 02:50:00,BUY,1.14645,1.1458,1.1458,1.14775,0.00043,LOSS,SL,-6.5,1.0,-7.5,-8.19,-6.49,-1.154,42.97,0.000324,7.0,1.079,3.0,1.14643,0.0007,1.146919,1.146595
2026-06-22 03:00:00,2026-06-22 04:00:00,SELL,1.14625,1.14667,1.14667,1.14541,0.00028,LOSS,SL,-4.2,1.0,-5.2,-5.91,-4.21,-1.237,48.33,-1.6e-05,10.2,2.42,6.3,1.14625,0.00054,1.146511,1.146527
2026-06-22 04:20:00,2026-06-22 06:55:00,SELL,1.14676,1.14574,1.14727,1.14574,0.00034,WIN,TP,10.2,1.0,9.2,8.5,10.2,1.804,56.06,-1.9e-05,2.0,0.392,13.3,1.14676,0.00052,1.146495,1.146515
2026-06-22 08:15:00,2026-06-22 08:35:00,SELL,1.14572,1.14608,1.14608,1.14501,0.00024,LOSS,SL,-3.6,1.0,-4.6,-5.27,-3.57,-1.28,47.68,-0.000351,5.8,1.625,1.4,1.14572,0.0002,1.145991,1.146342
2026-06-22 08:50:00,2026-06-22 09:45:00,SELL,1.14595,1.14524,1.14631,1.14524,0.00024,WIN,TP,7.1,1.0,6.1,5.44,7.14,1.72,53.73,-0.000336,0.7,0.196,7.2,1.14595,0.0003,1.145979,1.146315
2026-06-22 09:55:00,2026-06-22 09:55:00,SELL,1.14584,1.14634,1.14634,1.14483,0.00034,LOSS,SL,-5.0,1.0,-6.0,-6.75,-5.05,-1.198,53.96,-0.000404,5.1,1.01,0.8,1.14584,0.00047,1.145824,1.146228
2026-06-22 10:00:00,2026-06-22 10:30:00,SELL,1.14602,1.14499,1.14654,1.14499,0.00034,WIN,TP,10.3,1.0,9.3,8.62,10.32,1.806,58.01,-0.000394,2.6,0.504,12.2,1.14602,0.00059,1.145832,1.146226
2026-06-22 11:35:00,2026-06-22 12:00:00,SELL,1.14497,1.14562,1.14562,1.14368,0.00043,LOSS,SL,-6.5,1.0,-7.5,-8.15,-6.45,-1.155,47.65,-0.000668,9.4,1.457,5.7,1.14497,0.00039,1.145341,1.146009
2026-06-22 12:40:00,2026-06-22 13:05:00,SELL,1.14574,1.14637,1.14637,1.14449,0.00042,LOSS,SL,-6.3,1.0,-7.3,-7.97,-6.27,-1.16,59.94,-0.000531,6.3,1.006,1.9,1.14574,0.00031,1.145412,1.145943
2026-06-22 13:20:00,2026-06-22 15:00:00,SELL,1.14588,1.14471,1.14646,1.14471,0.00039,WIN,TP,11.7,1.0,10.7,10.0,11.7,1.829,55.75,-0.000389,2.6,0.445,12.0,1.14588,0.00034,1.145553,1.145942
2026-06-22 15:05:00,2026-06-22 15:20:00,SELL,1.14552,1.14608,1.14608,1.1444,0.00037,LOSS,SL,-5.6,1.0,-6.6,-7.3,-5.6,-1.179,51.56,-0.000371,6.7,1.196,1.7,1.14551,0.00089,1.145481,1.145852
2026-06-22 15:30:00,2026-06-22 16:00:00,SELL,1.14599,1.14481,1.14658,1.14481,0.00039,WIN,TP,11.8,1.0,10.8,10.11,11.81,1.831,58.82,-0.000304,2.1,0.356,24.4,1.14599,0.00041,1.145547,1.145851
2026-06-22 17:50:00,2026-06-22 21:30:00,SELL,1.14436,1.14251,1.14529,1.14251,0.00062,WIN,TP,18.5,1.0,17.5,16.82,18.52,1.892,54.53,-0.000974,7.1,0.767,18.9,1.14436,0.00087,1.144444,1.145419
2026-06-22 22:55:00,2026-06-22 23:10:00,SELL,1.14248,1.14284,1.14284,1.14175,0.00024,LOSS,SL,-3.6,1.0,-4.6,-5.33,-3.63,-1.275,49.75,-0.001461,4.6,1.266,1.7,1.14248,0.0005,1.14282,1.144281
2026-06-22 23:25:00,2026-06-23 00:00:00,SELL,1.14272,1.14201,1.14308,1.14201,0.00024,WIN,TP,7.1,1.0,6.1,5.42,7.12,1.719,55.33,-0.001388,1.7,0.478,11.1,1.14273,0.0004,1.142803,1.144191
2026-06-23 00:05:00,2026-06-23 05:10:00,SELL,1.14267,1.14309,1.14309,1.14183,0.00028,LOSS,SL,-4.2,1.0,-5.2,-5.92,-4.22,-1.237,51.0,-0.001295,4.4,1.042,4.4,1.14267,0.00127,1.142783,1.144079
2026-06-23 05:35:00,2026-06-23 06:10:00,SELL,1.14286,1.14224,1.14317,1.14224,0.00021,WIN,TP,6.2,1.0,5.2,4.53,6.23,1.679,55.46,-0.00071,1.6,0.514,6.3,1.14286,0.00021,1.142686,1.143395
2026-06-23 06:30:00,2026-06-23 06:55:00,SELL,1.14255,1.14294,1.14294,1.14177,0.00026,LOSS,SL,-3.9,1.0,-4.9,-5.62,-3.92,-1.255,48.53,-0.000674,4.6,1.173,2.5,1.14255,0.00036,1.142634,1.143308
2026-06-23 07:00:00,2026-06-23 07:55:00,SELL,1.14296,1.14223,1.14333,1.14223,0.00024,WIN,TP,7.3,1.0,6.3,5.62,7.32,1.727,59.17,-0.000625,0.7,0.191,10.0,1.14296,0.00026,1.142647,1.143272
2026-06-23 08:20:00,2026-06-23 09:20:00,SELL,1.14245,1.14282,1.14282,1.1417,0.00025,LOSS,SL,-3.7,1.0,-4.7,-5.45,-3.75,-1.267,48.8,-0.0006,5.6,1.494,5.2,1.14245,0.00039,1.142556,1.143156
2026-06-23 09:30:00,2026-06-23 10:05:00,SELL,1.14268,1.14315,1.14315,1.14173,0.00032,LOSS,SL,-4.7,1.0,-5.7,-6.44,-4.74,-1.211,54.68,-0.000544,8.8,1.855,8.2,1.14267,0.00049,1.14252,1.143064
2026-06-23 10:15:00,2026-06-23 10:20:00,SELL,1.14305,1.14367,1.14367,1.1418,0.00042,LOSS,SL,-6.2,1.0,-7.2,-7.94,-6.24,-1.16,57.13,-0.000459,8.7,1.393,0.0,1.14305,0.00047,1.142572,1.14303
2026-06-23 10:35:00,2026-06-23 10:50:00,SELL,1.14268,1.14119,1.14343,1.14119,0.0005,WIN,TP,14.9,1.0,13.9,13.21,14.91,1.866,48.54,-0.000355,0.7,0.094,18.0,1.14268,0.00134,1.142689,1.143044
2026-06-23 13:00:00,2026-06-23 13:45:00,SELL,1.14111,1.1401,1.14161,1.1401,0.00034,WIN,TP,10.1,1.0,9.1,8.39,10.09,1.802,48.73,-0.001024,1.8,0.357,11.5,1.14111,0.00022,1.141507,1.142531
2026-06-23 16:05:00,2026-06-23 16:40:00,SELL,1.13928,1.13994,1.13994,1.13795,0.00044,LOSS,SL,-6.6,1.0,-7.6,-8.33,-6.63,-1.151,49.35,-0.001767,7.4,1.116,7.7,1.13927,0.00059,1.139846,1.141613
2026-06-23 16:45:00,2026-06-23 17:15:00,SELL,1.13972,1.13834,1.14041,1.13834,0.00046,WIN,TP,13.8,1.0,12.8,12.15,13.85,1.856,56.17,-0.001734,2.6,0.376,17.2,1.13972,0.00035,1.139701,1.141435
2026-06-23 18:15:00,2026-06-24 05:55:00,SELL,1.13826,1.13681,1.13899,1.13681,0.00048,WIN,TP,14.5,1.0,13.5,12.8,14.5,1.862,45.76,-0.00195,3.0,0.414,16.6,1.13826,0.00077,1.138976,1.140926
2026-06-24 08:10:00,2026-06-24 09:05:00,SELL,1.13669,1.13703,1.13703,1.13602,0.00022,LOSS,SL,-3.4,1.0,-4.4,-5.07,-3.37,-1.297,53.8,-0.00125,5.6,1.663,2.2,1.13669,0.00044,1.136852,1.138103
2026-06-24 09:20:00,2026-06-24 09:55:00,SELL,1.13677,1.13589,1.13721,1.13589,0.00029,WIN,TP,8.8,1.0,7.8,7.14,8.84,1.774,50.94,-0.001097,3.0,0.679,10.5,1.13678,0.00079,1.136834,1.137931
2026-06-24 10:45:00,2026-06-24 11:10:00,SELL,1.13592,1.13469,1.13654,1.13469,0.00041,WIN,TP,12.3,1.0,11.3,10.64,12.34,1.838,46.45,-0.001246,1.9,0.308,22.0,1.13592,0.00077,1.136379,1.137625
2026-06-24 11:30:00,2026-06-24 14:00:00,SELL,1.13532,1.13374,1.13611,1.13374,0.00053,WIN,TP,15.8,1.0,14.8,14.15,15.85,1.874,46.64,-0.001411,2.4,0.303,16.2,1.13533,0.00067,1.136002,1.137413
2026-06-24 14:25:00,2026-06-24 14:35:00,SELL,1.13425,1.13482,1.13482,1.1331,0.00038,LOSS,SL,-5.7,1.0,-6.7,-7.44,-5.74,-1.174,47.18,-0.001775,6.4,1.115,0.7,1.13424,0.00033,1.134775,1.13655
2026-06-24 14:40:00,2026-06-24 15:30:00,SELL,1.13462,1.13344,1.13521,1.13344,0.00039,WIN,TP,11.8,1.0,10.8,10.07,11.77,1.83,55.27,-0.001744,3.0,0.51,16.6,1.13462,0.00046,1.134747,1.13649
2026-06-24 16:30:00,2026-06-24 16:55:00,SELL,1.13378,1.13453,1.13453,1.13228,0.0005,LOSS,SL,-7.5,1.0,-8.5,-9.18,-7.48,-1.134,55.1,-0.001943,10.4,1.39,4.0,1.13379,0.00067,1.133953,1.135896
2026-06-24 17:20:00,2026-06-24 18:10:00,SELL,1.1341,1.13494,1.13494,1.13241,0.00056,LOSS,SL,-8.4,1.0,-9.4,-10.13,-8.43,-1.119,51.73,-0.001657,11.0,1.305,5.7,1.1341,0.00073,1.134093,1.135749
2026-06-24 18:40:00,2026-06-24 19:25:00,SELL,1.13495,1.13578,1.13578,1.13329,0.00055,LOSS,SL,-8.3,1.0,-9.3,-9.98,-8.28,-1.121,55.26,-0.001188,12.3,1.485,2.9,1.13496,0.00041,1.134404,1.135592
2026-06-24 19:50:00,2026-06-25 00:00:00,SELL,1.13583,1.13442,1.13653,1.13442,0.00047,WIN,TP,14.1,1.0,13.1,12.37,14.07,1.858,57.6,-0.000661,3.0,0.426,18.4,1.13583,0.00033,1.134929,1.13559
2026-06-25 00:05:00,2026-06-25 04:15:00,SELL,1.13586,1.13645,1.13645,1.13467,0.0004,LOSS,SL,-5.9,1.0,-6.9,-7.63,-5.93,-1.169,56.85,-6.4e-05,8.4,1.416,11.0,1.13586,0.00208,1.135509,1.135573
2026-06-25 04:35:00,2026-06-25 06:45:00,BUY,1.1358,1.13682,1.13529,1.13682,0.00034,WIN,TP,10.2,1.0,9.2,8.5,10.2,1.804,53.38,3e-06,2.0,0.392,12.7,1.1358,0.00068,1.135568,1.135565
2026-06-25 07:40:00,2026-06-25 08:20:00,BUY,1.13677,1.13644,1.13644,1.13744,0.00022,LOSS,SL,-3.3,1.0,-4.3,-5.05,-3.35,-1.299,54.08,0.000538,3.7,1.105,0.7,1.13677,0.00018,1.136409,1.135872
2026-06-25 08:25:00,2026-06-25 08:45:00,BUY,1.13647,1.13615,1.13615,1.1371,0.00021,LOSS,SL,-3.2,1.0,-4.2,-4.85,-3.15,-1.317,40.98,0.000543,3.3,1.047,1.1,1.13647,0.00019,1.136483,1.135939
2026-06-25 09:15:00,2026-06-25 09:30:00,BUY,1.13639,1.13604,1.13604,1.1371,0.00024,LOSS,SL,-3.5,1.0,-4.5,-5.23,-3.53,-1.283,46.47,0.000444,8.9,2.522,1.2,1.13639,0.00029,1.136416,1.135972
2026-06-25 10:05:00,2026-06-25 10:10:00,BUY,1.13585,1.13536,1.13536,1.13684,0.00033,LOSS,SL,-4.9,1.0,-5.9,-6.64,-4.94,-1.203,44.02,0.000255,8.3,1.681,2.1,1.13585,0.00066,1.136214,1.135959
2026-06-25 10:40:00,2026-06-25 11:20:00,BUY,1.13545,1.13662,1.13486,1.13662,0.00039,WIN,TP,11.7,1.0,10.7,10.01,11.71,1.829,43.24,7.3e-05,1.5,0.256,13.2,1.13546,0.00027,1.135985,1.135913
2026-06-25 12:10:00,2026-06-25 13:00:00,BUY,1.1364,1.13584,1.13584,1.13753,0.00038,LOSS,SL,-5.6,1.0,-6.6,-7.33,-5.63,-1.178,50.98,0.000258,6.3,1.119,10.2,1.13641,0.00047,1.13626,1.136002
2026-06-25 16:00:00,2026-06-25 16:20:00,SELL,1.13535,1.13618,1.13618,1.1337,0.00055,LOSS,SL,-8.3,1.0,-9.3,-9.96,-8.26,-1.121,57.14,-0.000563,11.5,1.391,4.4,1.13535,0.00075,1.135074,1.135636
2026-06-25 16:45:00,2026-06-25 17:00:00,SELL,1.13616,1.13706,1.13706,1.13437,0.0006,LOSS,SL,-9.0,1.0,-10.0,-10.67,-8.97,-1.112,58.04,-0.000305,18.1,2.019,2.6,1.13615,0.00089,1.135361,1.135666
2026-06-25 17:25:00,2026-06-25 18:25:00,BUY,1.13662,1.13868,1.13559,1.13868,0.00069,WIN,TP,20.6,1.0,19.6,18.95,20.65,1.903,54.67,4.1e-05,0.3,0.029,21.8,1.13661,0.00064,1.135808,1.135767
2026-06-25 18:55:00,2026-06-25 21:00:00,BUY,1.13788,1.13701,1.13701,1.13962,0.00058,LOSS,SL,-8.7,1.0,-9.7,-10.38,-8.68,-1.115,54.23,0.0008,9.0,1.037,7.9,1.13788,0.00034,1.136927,1.136127
2026-06-25 21:05:00,2026-06-25 23:55:00,BUY,1.13726,1.13673,1.13673,1.13832,0.00035,LOSS,SL,-5.3,1.0,-6.3,-7.02,-5.32,-1.188,43.25,0.000896,6.2,1.165,8.1,1.13725,0.00051,1.137387,1.136492
2026-06-26 00:00:00,2026-06-26 00:00:00,BUY,1.13698,1.13634,1.13634,1.13827,0.00043,LOSS,SL,-6.4,1.2,-7.6,-8.34,-6.44,-1.186,40.35,0.000588,21.8,3.385,4.2,1.13698,0.0005,1.137345,1.136756
2026-06-26 00:05:00,2026-06-26 00:05:00,BUY,1.13729,1.13661,1.13661,1.13866,0.00046,LOSS,SL,-6.8,1.0,-7.8,-8.55,-6.85,-1.146,49.84,0.000581,8.1,1.183,0.0,1.13729,0.0026,1.137342,1.136762
2026-06-26 00:10:00,2026-06-26 02:30:00,BUY,1.13686,1.13618,1.13618,1.13822,0.00045,LOSS,SL,-6.8,1.6,-8.4,-9.11,-6.81,-1.235,40.27,0.000561,7.1,1.043,6.1,1.13686,0.00081,1.137324,1.136763
2026-06-26 03:10:00,2026-06-26 04:35:00,BUY,1.13634,1.13596,1.13596,1.1371,0.00025,LOSS,SL,-3.8,1.0,-4.8,-5.52,-3.82,-1.262,42.09,5.2e-05,5.6,1.466,5.8,1.13635,0.00019,1.136816,1.136763
2026-06-26 05:05:00,2026-06-26 06:35:00,SELL,1.13616,1.13655,1.13655,1.13537,0.00026,LOSS,SL,-3.9,1.0,-4.9,-5.64,-3.94,-1.254,45.07,-0.000169,4.4,1.117,7.5,1.13616,0.00032,1.136506,1.136675
2026-06-26 06:40:00,2026-06-26 06:50:00,SELL,1.13641,1.13685,1.13685,1.13553,0.00029,LOSS,SL,-4.4,1.0,-5.4,-6.09,-4.39,-1.228,58.03,-0.000299,7.3,1.662,0.6,1.13641,0.00052,1.136261,1.13656
2026-06-26 09:05:00,2026-06-26 09:50:00,BUY,1.13757,1.13715,1.13715,1.13841,0.00028,LOSS,SL,-4.2,1.0,-5.2,-5.89,-4.19,-1.239,53.22,0.000355,4.3,1.027,6.9,1.13757,0.00044,1.137145,1.136789
2026-06-26 09:55:00,2026-06-26 10:35:00,BUY,1.13763,1.13868,1.1371,1.13868,0.00035,WIN,TP,10.5,1.0,9.5,8.81,10.51,1.81,51.56,0.00044,3.2,0.609,12.1,1.13763,0.00061,1.137311,1.136871
2026-06-26 13:20:00,2026-06-26 14:50:00,BUY,1.14025,1.13961,1.13961,1.14154,0.00043,LOSS,SL,-6.4,1.0,-7.4,-8.14,-6.44,-1.155,54.14,0.00161,8.7,1.352,4.4,1.14025,0.00046,1.139396,1.137786
2026-06-26 15:00:00,2026-06-26 15:40:00,BUY,1.13983,1.14098,1.13926,1.14098,0.00038,WIN,TP,11.5,1.0,10.5,9.76,11.46,1.826,43.28,0.001609,0.8,0.14,11.5,1.13983,0.00036,1.139839,1.13823
2026-06-26 17:30:00,2026-06-26 17:50:00,BUY,1.14177,1.1409,1.1409,1.1435,0.00058,LOSS,SL,-8.7,1.0,-9.7,-10.37,-8.67,-1.115,51.1,0.002072,14.0,1.615,2.8,1.14177,0.00075,1.141172,1.1391
2026-06-26 18:25:00,2026-06-26 18:50:00,BUY,1.14054,1.13968,1.13968,1.14226,0.00057,LOSS,SL,-8.6,1.0,-9.6,-10.28,-8.58,-1.117,43.82,0.001704,10.0,1.165,2.7,1.14054,0.00046,1.140964,1.13926
2026-06-26 19:00:00,2026-06-26 19:20:00,BUY,1.14029,1.13945,1.13945,1.14197,0.00056,LOSS,SL,-8.4,1.0,-9.4,-10.08,-8.38,-1.119,44.3,0.001479,11.9,1.421,0.6,1.14029,0.00054,1.140813,1.139334
2026-06-26 20:10:00,2026-06-26 20:30:00,BUY,1.13918,1.13853,1.13853,1.14049,0.00044,LOSS,SL,-6.5,1.0,-7.5,-8.24,-6.54,-1.153,40.5,0.000805,6.6,1.009,1.4,1.13922,0.00025,1.140128,1.139323
2026-06-26 20:55:00,2026-06-26 22:20:00,BUY,1.13884,1.13829,1.13829,1.13994,0.00037,LOSS,SL,-5.5,1.0,-6.5,-7.21,-5.51,-1.182,40.01,0.000459,7.9,1.435,2.9,1.13886,0.00021,1.139743,1.139284
2026-06-26 22:55:00,2026-06-29 00:00:00,SELL,1.13885,1.13798,1.13928,1.13798,0.00029,WIN,TP,8.7,1.0,7.7,6.98,8.68,1.77,53.5,-9.6e-05,3.7,0.853,9.7,1.13885,0.00044,1.139057,1.139154
2026-06-29 00:05:00,2026-06-29 08:50:00,SELL,1.13885,1.13948,1.13948,1.13759,0.00042,LOSS,SL,-6.3,1.0,-7.3,-8.02,-6.32,-1.158,52.77,-0.000184,6.8,1.076,8.6,1.13885,0.00097,1.138916,1.1391
2026-06-29 10:55:00,2026-06-29 11:50:00,BUY,1.14009,1.13954,1.13954,1.14119,0.00037,LOSS,SL,-5.5,1.0,-6.5,-7.22,-5.52,-1.181,47.93,0.000628,6.9,1.25,6.7,1.14009,0.00073,1.139761,1.139133
2026-06-29 12:00:00,2026-06-29 14:00:00,BUY,1.13959,1.14072,1.13903,1.14072,0.00038,WIN,TP,11.3,1.0,10.3,9.58,11.28,1.823,40.38,0.000608,1.5,0.266,12.0,1.13958,0.0004,1.139848,1.13924
2026-06-29 14:25:00,2026-06-29 14:40:00,BUY,1.14034,1.13989,1.13989,1.14123,0.0003,LOSS,SL,-4.5,1.0,-5.5,-6.17,-4.47,-1.224,52.48,0.000638,5.8,1.298,2.8,1.14034,0.00021,1.140115,1.139477
2026-06-29 14:45:00,2026-06-29 14:55:00,BUY,1.13998,1.14101,1.13946,1.14101,0.00034,WIN,TP,10.3,1.0,9.3,8.62,10.32,1.806,42.39,0.000624,1.3,0.252,12.0,1.13998,0.00044,1.140131,1.139507
2026-06-29 15:20:00,2026-06-29 17:10:00,BUY,1.14032,1.14142,1.13977,1.14142,0.00037,WIN,TP,11.0,1.0,10.0,9.29,10.99,1.818,49.01,0.000653,2.8,0.509,11.7,1.14032,0.00046,1.140229,1.139576
2026-06-29 17:50:00,2026-06-29 19:45:00,BUY,1.14124,1.14288,1.14042,1.14288,0.00055,WIN,TP,16.4,1.0,15.4,14.67,16.37,1.878,53.88,0.000829,0.8,0.098,16.9,1.14124,0.00038,1.140726,1.139897
2026-06-29 20:20:00,2026-06-30 00:00:00,BUY,1.14233,1.14184,1.14184,1.14331,0.00033,LOSS,SL,-4.9,1.0,-5.9,-6.58,-4.88,-1.205,49.82,0.001387,17.3,3.543,6.0,1.14233,0.00039,1.141931,1.140544
2026-06-30 00:05:00,2026-06-30 02:55:00,BUY,1.14245,1.14199,1.14199,1.14337,0.00031,LOSS,SL,-4.6,1.0,-5.6,-6.3,-4.6,-1.217,47.87,0.001159,5.6,1.217,2.0,1.14245,0.002,1.142431,1.141273
2026-06-30 04:00:00,2026-06-30 04:05:00,BUY,1.14163,1.1413,1.1413,1.14229,0.00022,LOSS,SL,-3.3,1.0,-4.3,-5.02,-3.32,-1.301,41.32,0.000463,5.6,1.688,1.1,1.14163,0.00046,1.14206,1.141597
2026-06-30 04:25:00,2026-06-30 04:40:00,BUY,1.14134,1.14091,1.14091,1.1422,0.00029,LOSS,SL,-4.3,1.0,-5.3,-5.99,-4.29,-1.233,43.61,0.000315,7.2,1.677,2.8,1.14134,0.00036,1.141889,1.141574
2026-06-30 09:25:00,2026-06-30 09:30:00,SELL,1.13946,1.13995,1.13995,1.13848,0.00033,LOSS,SL,-4.9,1.0,-5.9,-6.6,-4.9,-1.204,54.77,-0.001074,5.1,1.041,0.2,1.13946,0.00058,1.13967,1.140744
2026-06-30 09:40:00,2026-06-30 09:55:00,SELL,1.13978,1.14027,1.14027,1.1388,0.00033,LOSS,SL,-4.9,1.0,-5.9,-6.58,-4.88,-1.205,59.09,-0.00103,6.1,1.249,2.7,1.13977,0.00032,1.139686,1.140717
2026-06-30 10:50:00,2026-06-30 11:00:00,SELL,1.14022,1.13918,1.14074,1.13918,0.00035,WIN,TP,10.4,1.0,9.4,8.73,10.43,1.808,54.49,-0.000676,0.0,0.0,11.1,1.14022,0.00046,1.139998,1.140674
2026-06-30 12:00:00,2026-06-30 13:35:00,SELL,1.13937,1.14001,1.14001,1.13809,0.00043,LOSS,SL,-6.4,1.0,-7.4,-8.12,-6.42,-1.156,48.55,-0.000851,6.9,1.074,5.3,1.13937,0.00037,1.139624,1.140476
2026-06-30 13:50:00,2026-06-30 14:35:00,SELL,1.13987,1.13878,1.14042,1.13878,0.00036,WIN,TP,10.9,1.0,9.9,9.23,10.93,1.817,59.52,-0.000718,4.3,0.787,12.2,1.13987,0.00027,1.139561,1.140279
2026-06-30 14:45:00,2026-06-30 16:15:00,SELL,1.1397,1.14039,1.14039,1.13832,0.00046,LOSS,SL,-6.9,1.0,-7.9,-8.62,-6.92,-1.144,51.56,-0.000611,8.7,1.257,8.4,1.1397,0.00121,1.139611,1.140222
2026-06-30 16:25:00,2026-06-30 17:15:00,SELL,1.14017,1.14091,1.14091,1.13869,0.00049,LOSS,SL,-7.4,1.0,-8.4,-9.1,-7.4,-1.135,55.8,-0.000457,11.6,1.568,10.7,1.14017,0.00066,1.139662,1.140119
2026-06-30 18:45:00,2026-07-01 00:00:00,BUY,1.14181,1.14101,1.14101,1.1434,0.00053,LOSS,SL,-8.0,1.0,-9.0,-9.66,-7.96,-1.126,53.46,0.000552,9.5,1.193,9.4,1.14181,0.00033,1.140988,1.140435
2026-07-01 00:05:00,2026-07-01 02:40:00,BUY,1.14207,1.14159,1.14159,1.14303,0.00032,LOSS,SL,-4.8,1.0,-5.8,-6.48,-4.78,-1.209,43.39,0.000873,5.9,1.235,2.5,1.14202,0.00132,1.142078,1.141205
2026-07-01 05:20:00,2026-07-01 07:45:00,SELL,1.14073,1.14107,1.14107,1.14006,0.00022,LOSS,SL,-3.4,1.0,-4.4,-5.05,-3.35,-1.298,46.45,-0.000147,3.7,1.104,6.2,1.14073,0.00022,1.141123,1.14127
2026-07-01 08:00:00,2026-07-01 09:10:00,SELL,1.14086,1.14021,1.14119,1.14021,0.00022,WIN,TP,6.5,1.0,5.5,4.82,6.52,1.693,59.12,-0.000349,2.0,0.614,6.9,1.14086,0.00015,1.140724,1.141072
2026-07-01 09:55:00,2026-07-01 10:10:00,SELL,1.1404,1.13962,1.14079,1.13962,0.00026,WIN,TP,7.8,1.0,6.8,6.09,7.79,1.743,45.94,-0.000352,0.3,0.077,8.8,1.1404,0.00021,1.140625,1.140977
2026-07-01 10:55:00,2026-07-01 12:30:00,SELL,1.13994,1.13902,1.1404,1.13902,0.00031,WIN,TP,9.2,1.0,8.2,7.5,9.2,1.783,45.96,-0.00054,4.6,1.0,10.3,1.13994,0.00021,1.140303,1.140843
2026-07-01 13:20:00,2026-07-01 13:50:00,SELL,1.1394,1.13991,1.13991,1.13839,0.00034,LOSS,SL,-5.1,1.0,-6.1,-6.76,-5.06,-1.198,51.09,-0.000841,5.9,1.165,3.0,1.1394,0.00055,1.139654,1.140495
2026-07-01 14:00:00,2026-07-01 14:55:00,SELL,1.13981,1.13885,1.14029,1.13885,0.00032,WIN,TP,9.6,1.0,8.6,7.88,9.58,1.791,57.09,-0.000775,1.1,0.23,13.4,1.1398,0.0003,1.139655,1.140429
2026-07-01 16:25:00,2026-07-01 16:30:00,SELL,1.138,1.13889,1.13889,1.13622,0.00059,LOSS,SL,-8.9,1.0,-9.9,-10.6,-8.9,-1.112,49.71,-0.001331,14.8,1.663,2.4,1.138,0.00115,1.138555,1.139886
2026-07-01 16:35:00,2026-07-01 16:40:00,SELL,1.13898,1.13994,1.13994,1.13706,0.00064,LOSS,SL,-9.6,1.0,-10.6,-11.28,-9.58,-1.104,58.32,-0.001291,15.1,1.577,4.8,1.13898,0.00114,1.138573,1.139864
2026-07-01 17:00:00,2026-07-02 10:40:00,SELL,1.13953,1.14067,1.14067,1.13725,0.00076,LOSS,SL,-11.4,1.0,-12.4,-13.09,-11.39,-1.088,57.56,-0.001065,12.1,1.063,21.5,1.13952,0.0007,1.138796,1.139861
2026-07-02 12:10:00,2026-07-02 13:30:00,BUY,1.14117,1.14049,1.14049,1.14253,0.00045,LOSS,SL,-6.8,1.0,-7.8,-8.48,-6.78,-1.148,54.24,0.001177,6.8,1.004,4.7,1.14117,0.00059,1.140244,1.139067
2026-07-02 13:35:00,2026-07-02 14:55:00,BUY,1.14064,1.14012,1.14012,1.14168,0.00035,LOSS,SL,-5.2,1.0,-6.2,-6.92,-5.22,-1.192,42.44,0.001233,5.9,1.13,8.4,1.14064,0.00023,1.140604,1.139371
2026-07-02 17:30:00,2026-07-02 20:25:00,BUY,1.14425,1.14306,1.14306,1.14664,0.0008,LOSS,SL,-11.9,1.0,-12.9,-13.64,-11.94,-1.084,50.1,0.002536,12.7,1.064,7.4,1.14426,0.00088,1.143329,1.140794
2026-07-02 21:05:00,2026-07-02 22:25:00,BUY,1.14333,1.14282,1.14282,1.14434,0.00034,LOSS,SL,-5.1,1.0,-6.1,-6.75,-5.05,-1.198,44.84,0.001751,5.3,1.049,3.8,1.14333,0.00036,1.143604,1.141854
2026-07-02 22:30:00,2026-07-03 00:00:00,BUY,1.14296,1.14254,1.14254,1.14381,0.00028,LOSS,SL,-4.2,1.0,-5.2,-5.94,-4.24,-1.236,40.83,0.001352,21.3,5.023,6.2,1.14296,0.00022,1.143425,1.142073
2026-07-03 00:05:00,2026-07-03 02:35:00,BUY,1.14315,1.14258,1.14258,1.1443,0.00038,LOSS,SL,-5.7,1.7,-7.4,-8.14,-5.74,-1.296,46.0,0.001052,7.7,1.342,4.3,1.14315,0.00248,1.143321,1.142269
2026-07-03 03:50:00,2026-07-03 04:00:00,BUY,1.1424,1.1431,1.14205,1.1431,0.00023,WIN,TP,7.0,1.0,6.0,5.32,7.02,1.715,44.51,0.000294,1.2,0.342,10.1,1.14239,0.00027,1.142753,1.142458
2026-07-03 06:00:00,2026-07-03 08:00:00,BUY,1.14397,1.14494,1.14348,1.14494,0.00032,WIN,TP,9.7,1.0,8.7,8.02,9.72,1.794,52.85,0.000767,2.9,0.597,10.5,1.14397,0.00047,1.143568,1.142802
2026-07-03 09:00:00,2026-07-03 09:15:00,BUY,1.14488,1.14571,1.14446,1.14571,0.00028,WIN,TP,8.3,1.0,7.3,6.65,8.35,1.76,53.16,0.001092,0.6,0.144,9.6,1.14488,0.00071,1.144414,1.143322
2026-07-03 09:25:00,2026-07-03 09:30:00,BUY,1.14512,1.14613,1.14462,1.14613,0.00034,WIN,TP,10.1,1.0,9.1,8.35,10.05,1.801,53.51,0.001159,0.0,0.0,10.8,1.14512,0.0007,1.144578,1.143419
2026-07-03 10:00:00,2026-07-03 10:35:00,BUY,1.14541,1.14487,1.14487,1.1465,0.00036,LOSS,SL,-5.4,1.0,-6.4,-7.14,-5.44,-1.184,52.57,0.001289,5.9,1.085,2.9,1.14541,0.00046,1.144866,1.143577
2026-07-03 10:40:00,2026-07-03 12:50:00,BUY,1.14498,1.14442,1.14442,1.14611,0.00038,LOSS,SL,-5.6,1.0,-6.6,-7.33,-5.63,-1.178,44.61,0.001269,6.4,1.137,8.2,1.14498,0.00036,1.144977,1.143708
2026-07-03 13:10:00,2026-07-03 14:10:00,BUY,1.14459,1.14548,1.14414,1.14548,0.0003,WIN,TP,8.9,1.0,7.9,7.22,8.92,1.776,43.66,0.000896,2.0,0.449,9.2,1.1446,0.00048,1.144943,1.144048
2026-07-03 14:40:00,2026-07-03 15:20:00,BUY,1.14507,1.14459,1.14459,1.14602,0.00032,LOSS,SL,-4.8,1.0,-5.8,-6.47,-4.77,-1.209,51.32,0.000779,5.5,1.152,2.2,1.14507,0.00042,1.144977,1.144198
2026-07-03 15:25:00,2026-07-03 16:10:00,BUY,1.14476,1.14426,1.14426,1.14575,0.00033,LOSS,SL,-5.0,1.0,-6.0,-6.67,-4.97,-1.201,45.38,0.000694,5.9,1.188,3.4,1.14476,0.00037,1.144951,1.144258
2026-07-03 16:30:00,2026-07-03 16:50:00,BUY,1.14437,1.1439,1.1439,1.14531,0.00031,LOSS,SL,-4.7,1.0,-5.7,-6.42,-4.72,-1.212,40.15,0.000506,5.7,1.209,0.2,1.14437,0.00023,1.144809,1.144302
2026-07-03 17:10:00,2026-07-03 18:45:00,BUY,1.14423,1.14378,1.14378,1.14513,0.0003,LOSS,SL,-4.5,1.0,-5.5,-6.21,-4.51,-1.222,44.38,0.000326,4.7,1.043,5.6,1.14423,0.00027,1.144611,1.144286
2026-07-03 18:50:00,2026-07-03 18:55:00,BUY,1.14395,1.14352,1.14352,1.14481,0.00029,LOSS,SL,-4.3,1.0,-5.3,-5.99,-4.29,-1.233,41.25,0.000108,4.6,1.072,0.3,1.14395,0.00022,1.144383,1.144275
2026-07-03 19:10:00,2026-07-03 23:00:00,BUY,1.14388,1.14346,1.14346,1.14471,0.00028,LOSS,SL,-4.2,1.0,-5.2,-5.86,-4.16,-1.24,42.43,3.9e-05,4.2,1.009,3.5,1.14388,0.00024,1.144295,1.144256
2026-07-06 00:05:00,2026-07-06 08:55:00,SELL,1.1437,1.14267,1.14421,1.14267,0.00034,WIN,TP,10.3,1.0,9.3,8.59,10.29,1.806,50.38,-0.000256,4.2,0.816,14.1,1.1437,0.00165,1.1438,1.144055
2026-07-06 09:10:00,2026-07-06 10:00:00,SELL,1.14282,1.14191,1.14328,1.14191,0.0003,WIN,TP,9.1,1.0,8.1,7.44,9.14,1.781,45.02,-0.000432,0.2,0.044,11.7,1.14282,0.00046,1.14311,1.143542
2026-07-06 10:15:00,2026-07-06 12:50:00,SELL,1.14255,1.14142,1.14311,1.14142,0.00038,WIN,TP,11.3,1.0,10.3,9.55,11.25,1.822,49.75,-0.000611,2.9,0.515,14.5,1.14255,0.0008,1.142781,1.143392
2026-07-06 13:15:00,2026-07-06 13:55:00,SELL,1.14159,1.14212,1.14212,1.14054,0.00035,LOSS,SL,-5.3,1.0,-6.3,-6.96,-5.26,-1.19,45.04,-0.000902,5.5,1.045,2.7,1.14158,0.00049,1.142041,1.142944
2026-07-06 14:00:00,2026-07-06 16:55:00,SELL,1.14196,1.14101,1.14244,1.14101,0.00032,WIN,TP,9.5,1.0,8.5,7.83,9.53,1.79,52.86,-0.000854,3.2,0.672,11.4,1.14196,0.00022,1.142,1.142854
2026-07-06 17:05:00,2026-07-06 18:40:00,SELL,1.14145,1.14205,1.14205,1.14025,0.0004,LOSS,SL,-6.0,1.0,-7.0,-7.68,-5.98,-1.167,45.32,-0.000755,9.4,1.571,3.3,1.14146,0.00062,1.141727,1.142482
2026-07-06 22:25:00,2026-07-07 00:55:00,BUY,1.14386,1.14459,1.14349,1.14459,0.00024,WIN,TP,7.3,1.0,6.3,5.61,7.31,1.726,51.81,0.00062,0.2,0.055,7.5,1.14386,0.00031,1.143392,1.142772
2026-07-07 01:10:00,2026-07-07 03:20:00,BUY,1.14425,1.14394,1.14394,1.14487,0.00021,LOSS,SL,-3.1,1.0,-4.1,-4.82,-3.12,-1.32,54.94,0.0008,3.7,1.185,5.8,1.14425,0.00011,1.143957,1.143156
2026-07-07 03:50:00,2026-07-07 04:25:00,BUY,1.14401,1.1437,1.1437,1.14463,0.00021,LOSS,SL,-3.1,1.0,-4.1,-4.78,-3.08,-1.325,42.06,0.000689,3.1,1.006,2.2,1.144,0.00013,1.144152,1.143463
2026-07-07 04:30:00,2026-07-07 04:50:00,BUY,1.14395,1.14469,1.14358,1.14469,0.00025,WIN,TP,7.4,1.0,6.4,5.74,7.44,1.731,45.63,0.000591,0.5,0.134,7.6,1.14395,0.00027,1.14409,1.143499
2026-07-07 05:10:00,2026-07-07 05:55:00,BUY,1.14435,1.14391,1.14391,1.14522,0.00029,LOSS,SL,-4.4,1.0,-5.4,-6.06,-4.36,-1.229,53.57,0.000597,5.1,1.17,0.4,1.14435,0.00026,1.144161,1.143564
2026-07-07 06:00:00,2026-07-07 07:20:00,BUY,1.14395,1.14359,1.14359,1.14466,0.00024,LOSS,SL,-3.6,1.0,-4.6,-5.27,-3.57,-1.28,42.69,0.000543,4.0,1.121,3.4,1.14395,0.0003,1.144167,1.143623
2026-07-07 07:25:00,2026-07-07 08:00:00,BUY,1.14382,1.14352,1.14352,1.14442,0.0002,LOSS,SL,-3.0,1.0,-4.0,-4.7,-3.0,-1.333,44.86,0.000356,3.3,1.1,1.2,1.14383,0.00031,1.144022,1.143665
2026-07-07 08:05:00,2026-07-07 08:15:00,BUY,1.14368,1.14336,1.14336,1.14431,0.00021,LOSS,SL,-3.2,1.0,-4.2,-4.87,-3.17,-1.315,42.41,0.00027,4.8,1.513,0.6,1.14368,0.00025,1.14394,1.14367
2026-07-07 10:00:00,2026-07-07 11:20:00,SELL,1.143,1.14339,1.14339,1.14221,0.00026,LOSS,SL,-3.9,1.0,-4.9,-5.64,-3.94,-1.254,45.37,-0.000156,4.2,1.065,5.2,1.143,0.00024,1.143384,1.143541
2026-07-07 11:25:00,2026-07-07 12:55:00,SELL,1.14328,1.14238,1.14373,1.14238,0.0003,WIN,TP,9.0,1.0,8.0,7.34,9.04,1.779,57.77,-0.000315,3.2,0.708,9.2,1.14328,0.00066,1.143115,1.143429
2026-07-07 13:10:00,2026-07-07 13:55:00,SELL,1.14284,1.14329,1.14329,1.14194,0.0003,LOSS,SL,-4.5,1.0,-5.5,-6.19,-4.49,-1.223,50.78,-0.00038,6.0,1.337,1.9,1.14283,0.00049,1.142937,1.143318
2026-07-07 14:10:00,2026-07-07 14:15:00,SELL,1.14326,1.14364,1.14364,1.1425,0.00025,LOSS,SL,-3.8,1.0,-4.8,-5.5,-3.8,-1.263,58.19,-0.000288,4.0,1.051,0.4,1.14326,0.00025,1.143005,1.143293
2026-07-07 14:45:00,2026-07-07 15:20:00,SELL,1.14326,1.14366,1.14366,1.14245,0.00027,LOSS,SL,-4.0,1.0,-5.0,-5.74,-4.04,-1.248,51.46,-0.000176,6.0,1.486,7.3,1.14326,0.0004,1.143132,1.143309
2026-07-07 15:25:00,2026-07-07 15:30:00,SELL,1.14361,1.14418,1.14418,1.14246,0.00038,LOSS,SL,-5.7,1.0,-6.7,-7.44,-5.74,-1.174,58.0,-0.00013,6.2,1.081,0.3,1.14361,0.00058,1.143177,1.143307
2026-07-07 15:40:00,2026-07-07 17:00:00,SELL,1.14387,1.14278,1.14441,1.14278,0.00036,WIN,TP,10.9,1.0,9.9,9.2,10.9,1.816,59.24,-5.5e-05,3.4,0.624,11.1,1.14387,0.00027,1.143273,1.143328
2026-07-07 17:35:00,2026-07-07 17:50:00,SELL,1.14308,1.14371,1.14371,1.14181,0.00042,LOSS,SL,-6.3,1.0,-7.3,-8.04,-6.34,-1.158,45.6,-3.3e-05,6.4,1.01,2.0,1.14308,0.00034,1.143303,1.143337
2026-07-07 17:55:00,2026-07-07 18:55:00,SELL,1.14355,1.14236,1.14415,1.14236,0.0004,WIN,TP,11.9,1.0,10.9,10.23,11.93,1.832,55.2,-2.2e-05,0.2,0.034,13.4,1.14355,0.00028,1.143317,1.143339
2026-07-07 20:00:00,2026-07-07 20:55:00,SELL,1.14235,1.14281,1.14281,1.14143,0.00031,LOSS,SL,-4.6,1.0,-5.6,-6.28,-4.58,-1.218,46.81,-0.000422,6.0,1.31,1.5,1.14235,0.00043,1.142719,1.143141
2026-07-07 21:05:00,2026-07-07 21:50:00,SELL,1.14277,1.14201,1.14315,1.14201,0.00025,WIN,TP,7.6,1.0,6.6,5.86,7.56,1.735,58.97,-0.000415,2.3,0.609,10.3,1.14277,0.00025,1.142654,1.143068
2026-07-08 00:05:00,2026-07-08 00:30:00,SELL,1.14151,1.14042,1.14206,1.14042,0.00036,WIN,TP,10.9,1.0,9.9,9.21,10.91,1.817,49.23,-0.000829,0.0,0.0,13.0,1.14151,0.00207,1.141828,1.142657
2026-07-08 01:55:00,2026-07-08 03:35:00,SELL,1.1407,1.14108,1.14108,1.13993,0.00026,LOSS,SL,-3.8,1.0,-4.8,-5.55,-3.85,-1.26,47.37,-0.001139,4.6,1.195,6.9,1.1407,0.00022,1.141118,1.142257
2026-07-08 03:55:00,2026-07-08 04:35:00,SELL,1.1409,1.14016,1.14127,1.14016,0.00025,WIN,TP,7.4,1.0,6.4,5.75,7.45,1.731,57.01,-0.001085,0.5,0.134,8.3,1.1409,0.00026,1.140819,1.141904
2026-07-08 04:50:00,2026-07-08 05:15:00,SELL,1.14045,1.14085,1.14085,1.13965,0.00027,LOSS,SL,-4.0,1.0,-5.0,-5.7,-4.0,-1.25,47.5,-0.001068,4.2,1.05,2.1,1.14045,0.00049,1.140687,1.141755
2026-07-08 05:20:00,2026-07-08 05:35:00,SELL,1.1408,1.14122,1.14122,1.13996,0.00028,LOSS,SL,-4.2,1.0,-5.2,-5.89,-4.19,-1.239,57.34,-0.001022,4.7,1.121,0.7,1.14081,0.00029,1.140663,1.141686
2026-07-08 06:55:00,2026-07-08 08:00:00,SELL,1.1414,1.14173,1.14173,1.14074,0.00022,LOSS,SL,-3.3,1.0,-4.3,-5.0,-3.3,-1.303,59.12,-0.000593,3.8,1.152,3.2,1.1414,0.00024,1.141031,1.141624
2026-07-08 08:15:00,2026-07-08 08:40:00,SELL,1.14145,1.14178,1.14178,1.14078,0.00022,LOSS,SL,-3.3,1.0,-4.3,-5.03,-3.33,-1.301,52.86,-0.000373,6.3,1.894,2.1,1.14145,0.00036,1.141221,1.141593
2026-07-08 09:05:00,2026-07-08 09:20:00,SELL,1.1418,1.14219,1.14219,1.14101,0.00026,LOSS,SL,-3.9,1.0,-4.9,-5.64,-3.94,-1.254,57.69,-0.000219,5.1,1.295,1.1,1.1418,0.00057,1.141384,1.141604
2026-07-08 09:45:00,2026-07-08 10:20:00,SELL,1.14215,1.14261,1.14261,1.14123,0.00031,LOSS,SL,-4.6,1.0,-5.6,-6.29,-4.59,-1.218,59.24,-5.5e-05,5.2,1.133,5.2,1.14215,0.00037,1.141589,1.141644
2026-07-08 11:15:00,2026-07-08 11:15:00,BUY,1.14226,1.14149,1.14149,1.14379,0.00051,LOSS,SL,-7.7,1.0,-8.7,-9.36,-7.66,-1.131,48.26,0.000276,21.9,2.86,3.1,1.14226,0.00035,1.142055,1.141779
2026-07-08 11:30:00,2026-07-08 11:40:00,BUY,1.14142,1.14059,1.14059,1.14308,0.00055,LOSS,SL,-8.3,1.0,-9.3,-10.02,-8.32,-1.12,41.18,0.000178,9.2,1.106,2.7,1.14142,0.0009,1.141933,1.141755
2026-07-08 11:50:00,2026-07-08 12:00:00,BUY,1.14162,1.14074,1.14074,1.14338,0.00059,LOSS,SL,-8.8,1.0,-9.8,-10.51,-8.81,-1.114,46.81,9.5e-05,10.9,1.238,0.4,1.14162,0.00086,1.14183,1.141735
2026-07-08 12:35:00,2026-07-08 14:40:00,SELL,1.14114,1.13925,1.14209,1.13925,0.00063,WIN,TP,18.9,1.0,17.9,17.22,18.92,1.894,48.76,-0.000175,3.5,0.37,19.0,1.14114,0.00077,1.141464,1.141639
2026-07-08 14:45:00,2026-07-08 16:35:00,SELL,1.14044,1.1412,1.1412,1.13891,0.00051,LOSS,SL,-7.6,1.0,-8.6,-9.35,-7.65,-1.131,45.83,-0.000453,8.0,1.046,9.0,1.14044,0.0015,1.140987,1.141439
2026-07-08 16:55:00,2026-07-08 18:30:00,SELL,1.14093,1.13958,1.1416,1.13958,0.00045,WIN,TP,13.5,1.0,12.5,11.77,13.47,1.851,55.97,-0.000551,4.0,0.594,13.8,1.14093,0.00052,1.140654,1.141205
2026-07-08 19:20:00,2026-07-08 19:35:00,SELL,1.14012,1.14071,1.14071,1.13894,0.00039,LOSS,SL,-5.9,1.0,-6.9,-7.59,-5.89,-1.17,50.83,-0.00067,8.1,1.376,2.2,1.14012,0.00055,1.140294,1.140964
2026-07-08 22:50:00,2026-07-08 23:30:00,BUY,1.14234,1.14189,1.14189,1.14323,0.0003,LOSS,SL,-4.5,1.0,-5.5,-6.16,-4.46,-1.224,46.66,0.000639,4.6,1.032,5.8,1.14235,0.0005,1.14205,1.141412
2026-07-09 00:10:00,2026-07-09 00:45:00,BUY,1.14206,1.14144,1.14144,1.14329,0.00041,LOSS,SL,-6.2,1.0,-7.2,-7.85,-6.15,-1.163,45.77,0.000533,8.3,1.349,1.2,1.14199,0.00053,1.142044,1.141511
2026-07-09 01:00:00,2026-07-09 03:10:00,BUY,1.14175,1.14283,1.14121,1.14283,0.00036,WIN,TP,10.8,1.0,9.8,9.12,10.82,1.815,42.94,0.000421,1.5,0.277,11.5,1.14175,0.00017,1.141959,1.141538
2026-07-09 03:55:00,2026-07-09 08:10:00,BUY,1.14234,1.14305,1.14198,1.14305,0.00024,WIN,TP,7.1,1.0,6.1,5.43,7.13,1.719,50.81,0.00046,3.5,0.982,10.7,1.14235,0.00033,1.142174,1.141714
2026-07-09 10:05:00,2026-07-09 10:45:00,BUY,1.14386,1.1433,1.1433,1.14498,0.00037,LOSS,SL,-5.6,1.0,-6.6,-7.3,-5.6,-1.179,52.96,0.000922,6.2,1.107,0.7,1.14386,0.0004,1.143328,1.142406
2026-07-09 10:50:00,2026-07-09 11:45:00,BUY,1.14344,1.14293,1.14293,1.14446,0.00034,LOSS,SL,-5.1,1.0,-6.1,-6.8,-5.1,-1.196,44.22,0.000911,5.4,1.058,4.0,1.14344,0.00033,1.143425,1.142514
2026-07-09 12:50:00,2026-07-09 13:50:00,BUY,1.14273,1.14226,1.14226,1.14368,0.00032,LOSS,SL,-4.7,1.0,-5.7,-6.45,-4.75,-1.211,41.35,0.000517,6.2,1.306,4.5,1.14272,0.00027,1.143146,1.142628
2026-07-09 14:15:00,2026-07-09 15:05:00,BUY,1.14258,1.14346,1.14214,1.14346,0.00029,WIN,TP,8.8,1.0,7.8,7.09,8.79,1.772,44.46,0.000277,3.8,0.865,9.6,1.14258,0.00025,1.142919,1.142642
2026-07-09 15:40:00,2026-07-09 15:50:00,BUY,1.143,1.14253,1.14253,1.14394,0.00031,LOSS,SL,-4.7,1.0,-5.7,-6.38,-4.68,-1.214,51.01,0.000268,5.2,1.112,1.4,1.143,0.00035,1.142959,1.142691
2026-07-09 15:55:00,2026-07-09 16:15:00,BUY,1.14255,1.14354,1.14206,1.14354,0.00033,WIN,TP,9.9,1.0,8.9,8.18,9.88,1.798,40.12,0.000238,2.9,0.587,11.3,1.14256,0.00038,1.142929,1.142691
2026-07-09 17:20:00,2026-07-09 17:55:00,BUY,1.14371,1.1431,1.1431,1.14493,0.00041,LOSS,SL,-6.1,1.0,-7.1,-7.81,-6.11,-1.164,54.91,0.000418,6.7,1.096,5.9,1.1437,0.00048,1.143232,1.142814
2026-07-09 18:00:00,2026-07-09 22:30:00,BUY,1.14329,1.1427,1.1427,1.14448,0.0004,LOSS,SL,-5.9,1.0,-6.9,-7.63,-5.93,-1.169,45.59,0.000475,6.5,1.097,8.5,1.14329,0.00039,1.143358,1.142883
2026-07-09 23:10:00,2026-07-10 00:00:00,BUY,1.14292,1.14261,1.14261,1.14354,0.00021,LOSS,SL,-3.1,1.0,-4.1,-4.79,-3.09,-1.323,43.0,0.000136,12.5,4.041,5.0,1.14292,0.00017,1.14326,1.143124
2026-07-10 00:15:00,2026-07-10 00:25:00,BUY,1.14312,1.14263,1.14263,1.14411,0.00033,LOSS,SL,-4.9,1.0,-5.9,-6.63,-4.93,-1.203,51.83,5.9e-05,5.2,1.054,1.6,1.14312,0.00042,1.143172,1.143113
2026-07-10 00:30:00,2026-07-10 00:55:00,BUY,1.14303,1.14249,1.14249,1.1441,0.00036,LOSS,SL,-5.4,1.0,-6.4,-7.05,-5.35,-1.187,48.08,5.1e-05,5.5,1.027,1.2,1.14303,0.00063,1.143163,1.143112
2026-07-10 01:00:00,2026-07-10 03:55:00,BUY,1.143,1.1441,1.14245,1.1441,0.00037,WIN,TP,11.0,1.0,10.0,9.33,11.03,1.819,47.6,2.3e-05,0.9,0.163,12.3,1.143,0.00062,1.143129,1.143106
2026-07-10 06:25:00,2026-07-10 06:55:00,BUY,1.14538,1.14494,1.14494,1.14625,0.00029,LOSS,SL,-4.4,1.0,-5.4,-6.06,-4.36,-1.229,54.79,0.001011,6.5,1.49,3.1,1.14538,0.00027,1.144694,1.143683
2026-07-10 07:00:00,2026-07-10 07:20:00,BUY,1.14495,1.14452,1.14452,1.1458,0.00028,LOSS,SL,-4.3,1.0,-5.3,-5.96,-4.26,-1.235,41.81,0.001049,5.3,1.243,0.1,1.14495,0.00036,1.144843,1.143794
2026-07-10 09:00:00,2026-07-10 09:20:00,BUY,1.14397,1.14464,1.14363,1.14464,0.00022,WIN,TP,6.7,1.0,5.7,5.01,6.71,1.702,40.18,0.000518,0.5,0.149,7.8,1.14397,0.00018,1.144395,1.143876
2026-07-10 09:30:00,2026-07-10 10:10:00,BUY,1.1442,1.14379,1.14379,1.14503,0.00028,LOSS,SL,-4.1,1.0,-5.1,-5.84,-4.14,-1.241,47.79,0.000476,4.5,1.087,4.2,1.1442,0.00041,1.144377,1.143901
2026-07-10 10:15:00,2026-07-10 11:20:00,BUY,1.14385,1.14341,1.14341,1.14474,0.0003,LOSS,SL,-4.4,1.0,-5.4,-6.14,-4.44,-1.225,41.53,0.000367,5.4,1.215,3.9,1.14385,0.00026,1.144284,1.143917
2026-07-10 11:35:00,2026-07-10 11:55:00,BUY,1.14349,1.14301,1.14301,1.14446,0.00032,LOSS,SL,-4.8,1.0,-5.8,-6.53,-4.83,-1.207,40.2,0.000141,4.9,1.015,0.7,1.14349,0.0002,1.144041,1.143899
2026-07-10 12:05:00,2026-07-10 12:45:00,BUY,1.14343,1.14293,1.14293,1.14443,0.00033,LOSS,SL,-5.0,1.0,-6.0,-6.68,-4.98,-1.201,44.48,1.7e-05,6.3,1.266,0.0,1.14341,0.00041,1.143881,1.143864
2026-07-10 13:20:00,2026-07-10 15:10:00,SELL,1.14315,1.14359,1.14359,1.14227,0.00029,LOSS,SL,-4.4,1.0,-5.4,-6.11,-4.41,-1.227,48.3,-0.00026,10.5,2.381,4.9,1.14315,0.00041,1.143487,1.143747
2026-07-10 15:15:00,2026-07-10 15:45:00,SELL,1.14353,1.14238,1.1441,1.14238,0.00038,WIN,TP,11.5,1.0,10.5,9.77,11.47,1.826,58.65,-0.000361,1.1,0.192,12.1,1.14353,0.00128,1.143259,1.143619
2026-07-10 16:00:00,2026-07-10 17:30:00,SELL,1.14291,1.14165,1.14354,1.14165,0.00042,WIN,TP,12.6,1.0,11.6,10.92,12.62,1.842,49.12,-0.000428,0.6,0.095,17.3,1.14291,0.00047,1.143123,1.143551
2026-07-10 17:50:00,2026-07-10 18:10:00,SELL,1.14216,1.14285,1.14285,1.14078,0.00046,LOSS,SL,-6.9,1.0,-7.9,-8.58,-6.88,-1.145,46.15,-0.000703,7.2,1.046,3.2,1.14216,0.00043,1.14258,1.143283
2026-07-10 18:15:00,2026-07-10 18:20:00,SELL,1.14264,1.14332,1.14332,1.14127,0.00046,LOSS,SL,-6.8,1.0,-7.8,-8.55,-6.85,-1.146,56.24,-0.000687,8.6,1.256,0.0,1.14264,0.0003,1.142554,1.143242
2026-07-10 18:45:00,2026-07-10 18:55:00,SELL,1.14315,1.14378,1.14378,1.14189,0.00042,LOSS,SL,-6.3,1.0,-7.3,-8.02,-6.32,-1.158,59.79,-0.000534,7.6,1.203,0.9,1.14315,0.00046,1.14271,1.143244
2026-07-10 19:40:00,2026-07-10 20:15:00,SELL,1.14367,1.14255,1.14423,1.14255,0.00037,WIN,TP,11.2,1.0,10.2,9.52,11.22,1.822,59.56,-0.000219,1.5,0.267,12.7,1.14367,0.00023,1.143075,1.143294
2026-07-10 23:05:00,2026-07-13 00:00:00,SELL,1.14178,1.14097,1.14218,1.14097,0.00027,WIN,TP,8.1,1.0,7.1,6.37,8.07,1.752,52.35,-0.000818,0.6,0.149,26.0,1.14178,0.00027,1.142001,1.14282
2026-07-13 02:20:00,2026-07-13 02:45:00,SELL,1.13974,1.14021,1.14021,1.13881,0.00031,LOSS,SL,-4.7,1.0,-5.7,-6.37,-4.67,-1.214,45.53,-0.001562,5.7,1.221,1.4,1.13974,0.0002,1.140418,1.14198
2026-07-13 02:50:00,2026-07-13 03:20:00,SELL,1.14006,1.14049,1.14049,1.13921,0.00028,LOSS,SL,-4.3,1.0,-5.3,-5.97,-4.27,-1.234,54.88,-0.001561,5.0,1.171,3.2,1.14006,0.00048,1.140294,1.141855
2026-07-13 03:25:00,2026-07-13 04:00:00,SELL,1.14039,1.13939,1.14089,1.13939,0.00033,WIN,TP,10.0,1.0,9.0,8.27,9.97,1.799,58.43,-0.001475,0.3,0.06,12.0,1.1404,0.00075,1.140267,1.141743
2026-07-13 04:40:00,2026-07-13 05:35:00,SELL,1.13936,1.13989,1.13989,1.1383,0.00035,LOSS,SL,-5.3,1.0,-6.3,-6.99,-5.29,-1.189,46.69,-0.001568,5.7,1.078,0.8,1.13936,0.00053,1.139844,1.141412
2026-07-13 05:40:00,2026-07-13 07:50:00,SELL,1.13987,1.14033,1.14033,1.13895,0.00031,LOSS,SL,-4.6,1.0,-5.6,-6.28,-4.58,-1.218,57.59,-0.001463,4.7,1.026,8.3,1.13987,0.0004,1.139741,1.141204
2026-07-13 08:25:00,2026-07-13 09:30:00,SELL,1.14028,1.14065,1.14065,1.13953,0.00025,LOSS,SL,-3.7,1.0,-4.7,-5.45,-3.75,-1.267,55.02,-0.000887,4.7,1.253,7.1,1.14028,0.00035,1.13996,1.140847
2026-07-13 09:45:00,2026-07-13 10:10:00,SELL,1.14048,1.14094,1.14094,1.13955,0.00031,LOSS,SL,-4.6,1.0,-5.6,-6.35,-4.65,-1.215,58.02,-0.000689,5.7,1.227,4.7,1.14048,0.00035,1.140053,1.140743
2026-07-13 10:20:00,2026-07-13 10:35:00,SELL,1.14073,1.14124,1.14124,1.13971,0.00034,LOSS,SL,-5.1,1.0,-6.1,-6.81,-5.11,-1.196,59.5,-0.000554,15.0,2.937,0.8,1.14073,0.00021,1.140176,1.140729
2026-07-13 12:25:00,2026-07-13 15:05:00,BUY,1.14295,1.14237,1.14237,1.14411,0.00039,LOSS,SL,-5.8,1.0,-6.8,-7.49,-5.79,-1.173,52.6,0.000834,7.6,1.314,7.9,1.14295,0.00031,1.142079,1.141244
2026-07-13 15:25:00,2026-07-13 16:45:00,BUY,1.14244,1.1419,1.1419,1.14352,0.00036,LOSS,SL,-5.4,1.0,-6.4,-7.09,-5.39,-1.186,41.66,0.000923,6.2,1.15,9.0,1.14244,0.00037,1.142674,1.141751
2026-07-13 21:45:00,2026-07-13 23:15:00,SELL,1.13878,1.13793,1.13921,1.13793,0.00028,WIN,TP,8.5,1.0,7.5,6.81,8.51,1.765,45.29,-0.001359,0.6,0.141,9.8,1.13878,0.00021,1.139437,1.140796
2026-07-14 00:05:00,2026-07-14 00:30:00,SELL,1.13826,1.13861,1.13861,1.13756,0.00023,LOSS,SL,-3.5,1.4,-4.9,-5.61,-3.51,-1.399,51.16,-0.00158,4.9,1.397,1.9,1.13826,0.0007,1.138589,1.140169
2026-07-14 00:35:00,2026-07-14 03:40:00,SELL,1.13836,1.13878,1.13878,1.13752,0.00028,LOSS,SL,-4.2,1.0,-5.2,-5.9,-4.2,-1.238,56.61,-0.001535,4.7,1.12,5.4,1.13841,0.00048,1.138525,1.14006
2026-07-14 04:00:00,2026-07-14 04:15:00,SELL,1.13847,1.13889,1.13889,1.13763,0.00028,LOSS,SL,-4.2,1.0,-5.2,-5.88,-4.18,-1.239,53.23,-0.0011,4.8,1.15,0.2,1.13848,0.00049,1.138375,1.139475
2026-07-14 04:30:00,2026-07-14 04:50:00,SELL,1.13851,1.13891,1.13891,1.13771,0.00027,LOSS,SL,-4.0,1.0,-5.0,-5.72,-4.02,-1.249,50.49,-0.000983,4.5,1.118,0.2,1.13851,0.00042,1.138448,1.13943
2026-07-14 04:55:00,2026-07-14 05:15:00,SELL,1.13889,1.13928,1.13928,1.13811,0.00026,LOSS,SL,-3.9,1.0,-4.9,-5.59,-3.89,-1.257,59.13,-0.000894,4.0,1.029,0.9,1.13889,0.00023,1.138503,1.139397
2026-07-14 05:55:00,2026-07-14 06:30:00,SELL,1.13913,1.13943,1.13943,1.13853,0.0002,LOSS,SL,-3.0,1.0,-4.0,-4.7,-3.0,-1.333,56.87,-0.000608,3.6,1.198,3.0,1.13913,0.00013,1.138764,1.139373
2026-07-14 06:35:00,2026-07-14 06:35:00,SELL,1.13929,1.13965,1.13965,1.13856,0.00024,LOSS,SL,-3.6,1.0,-4.6,-5.35,-3.65,-1.274,59.15,-0.000496,3.9,1.069,0.0,1.13929,0.00024,1.138855,1.139351
2026-07-14 06:45:00,2026-07-14 09:15:00,SELL,1.1394,1.1387,1.13975,1.1387,0.00023,WIN,TP,7.0,1.0,6.0,5.33,7.03,1.716,59.82,-0.000451,1.9,0.54,7.3,1.1394,0.00021,1.138902,1.139353
2026-07-14 09:35:00,2026-07-14 10:45:00,SELL,1.13919,1.13959,1.13959,1.1384,0.00026,LOSS,SL,-4.0,1.0,-5.0,-5.66,-3.96,-1.252,52.18,-0.000213,5.8,1.463,7.9,1.13919,0.00073,1.139096,1.139309
2026-07-14 11:05:00,2026-07-14 11:30:00,SELL,1.13957,1.14008,1.14008,1.13856,0.00034,LOSS,SL,-5.1,1.0,-6.1,-6.77,-5.07,-1.197,59.48,-0.000158,6.7,1.322,1.0,1.13957,0.00051,1.139113,1.139271
2026-07-14 12:20:00,2026-07-14 13:25:00,BUY,1.13997,1.13944,1.13944,1.14102,0.00035,LOSS,SL,-5.3,1.0,-6.3,-6.96,-5.26,-1.19,53.62,0.000156,5.7,1.083,3.3,1.13997,0.00052,1.139532,1.139376
2026-07-14 13:30:00,2026-07-14 14:00:00,BUY,1.13951,1.13907,1.13907,1.14039,0.00029,LOSS,SL,-4.4,1.0,-5.4,-6.08,-4.38,-1.228,43.52,0.000215,5.4,1.232,2.2,1.1395,0.00021,1.139647,1.139432
2026-07-14 14:10:00,2026-07-14 14:45:00,BUY,1.13931,1.14018,1.13888,1.14018,0.00029,WIN,TP,8.7,1.0,7.7,6.98,8.68,1.77,42.82,0.00014,2.3,0.53,13.7,1.13931,0.00031,1.139568,1.139427
2026-07-14 17:30:00,2026-07-14 18:40:00,BUY,1.14444,1.14337,1.14337,1.14658,0.00071,LOSS,SL,-10.7,1.0,-11.7,-12.4,-10.7,-1.093,52.69,0.002373,14.1,1.318,13.0,1.14444,0.00055,1.1431,1.140727
2026-07-14 19:35:00,2026-07-14 20:10:00,BUY,1.1432,1.14257,1.14257,1.14447,0.00042,LOSS,SL,-6.3,1.0,-7.3,-8.04,-6.34,-1.158,43.46,0.002017,9.2,1.45,2.5,1.1432,0.00022,1.143415,1.141398
2026-07-14 20:30:00,2026-07-14 21:25:00,BUY,1.14259,1.14202,1.14202,1.14372,0.00038,LOSS,SL,-5.7,1.0,-6.7,-7.36,-5.66,-1.177,41.53,0.001638,5.7,1.006,2.5,1.14258,0.00043,1.143182,1.141544
2026-07-14 21:35:00,2026-07-14 21:40:00,BUY,1.14231,1.14184,1.14184,1.14326,0.00032,LOSS,SL,-4.7,1.0,-5.7,-6.43,-4.73,-1.212,42.07,0.001224,7.0,1.481,0.2,1.14231,0.00021,1.142878,1.141654
2026-07-14 21:55:00,2026-07-15 03:50:00,BUY,1.14212,1.14304,1.14166,1.14304,0.00031,WIN,TP,9.2,1.0,8.2,7.55,9.25,1.784,41.33,0.001082,3.9,0.844,10.9,1.14212,0.0002,1.14275,1.141668
2026-07-15 05:20:00,2026-07-15 05:40:00,BUY,1.14341,1.14411,1.14306,1.14411,0.00023,WIN,TP,7.0,1.0,6.0,5.29,6.99,1.714,54.56,0.00075,0.9,0.258,7.1,1.14341,0.00024,1.142978,1.142228
2026-07-15 06:15:00,2026-07-15 06:15:00,BUY,1.14375,1.14337,1.14337,1.14451,0.00025,LOSS,SL,-3.8,1.0,-4.8,-5.51,-3.81,-1.263,53.56,0.000903,3.9,1.024,0.3,1.14375,0.00033,1.143302,1.142399
2026-07-15 06:20:00,2026-07-15 08:45:00,BUY,1.14339,1.14413,1.14302,1.14413,0.00025,WIN,TP,7.4,1.0,6.4,5.65,7.35,1.728,44.63,0.000897,0.5,0.136,9.4,1.14339,0.00042,1.143306,1.142409
2026-07-15 09:15:00,2026-07-15 09:45:00,BUY,1.14399,1.14366,1.14366,1.14465,0.00022,LOSS,SL,-3.3,1.0,-4.3,-4.99,-3.29,-1.304,52.93,0.000914,5.3,1.611,3.9,1.14399,0.00019,1.143746,1.142833
2026-07-15 11:05:00,2026-07-15 11:10:00,BUY,1.14268,1.14218,1.14218,1.14369,0.00034,LOSS,SL,-5.0,1.0,-6.0,-6.73,-5.03,-1.199,41.33,0.00038,5.4,1.074,0.4,1.14268,0.00049,1.143249,1.142869
2026-07-15 11:25:00,2026-07-15 12:00:00,BUY,1.14249,1.14203,1.14203,1.14342,0.00031,LOSS,SL,-4.6,1.0,-5.6,-6.33,-4.63,-1.216,40.7,0.000269,4.7,1.015,1.9,1.14249,0.00018,1.143119,1.142849
2026-07-15 12:10:00,2026-07-15 12:30:00,BUY,1.14236,1.14192,1.14192,1.14324,0.00029,LOSS,SL,-4.4,1.0,-5.4,-6.1,-4.4,-1.227,41.08,9.3e-05,5.7,1.296,2.4,1.14236,0.0002,1.142906,1.142812
2026-07-15 14:05:00,2026-07-15 15:05:00,SELL,1.14175,1.14085,1.1422,1.14085,0.0003,WIN,TP,9.0,1.0,8.0,7.29,8.99,1.777,49.18,-0.000437,2.1,0.467,11.5,1.14175,0.00024,1.142147,1.142585
2026-07-15 15:25:00,2026-07-15 15:30:00,SELL,1.14142,1.14195,1.14195,1.14036,0.00035,LOSS,SL,-5.3,1.0,-6.3,-7.02,-5.32,-1.188,49.74,-0.00065,10.2,1.918,2.4,1.14141,0.00065,1.141753,1.142403
2026-07-15 15:40:00,2026-07-15 15:45:00,SELL,1.14194,1.14258,1.14258,1.14065,0.00043,LOSS,SL,-6.4,1.0,-7.4,-8.15,-6.45,-1.155,57.58,-0.000624,9.0,1.396,0.5,1.14194,0.00048,1.141762,1.142386
2026-07-15 16:25:00,2026-07-15 16:55:00,SELL,1.14274,1.14343,1.14343,1.14135,0.00046,LOSS,SL,-6.9,1.0,-7.9,-8.65,-6.95,-1.144,57.51,-0.000326,8.3,1.195,3.9,1.14274,0.00064,1.142102,1.142428
2026-07-15 17:00:00,2026-07-15 17:30:00,SELL,1.143,1.14369,1.14369,1.14161,0.00046,LOSS,SL,-6.9,1.0,-7.9,-8.65,-6.95,-1.144,58.76,-0.000185,7.0,1.008,0.0,1.143,0.00095,1.142266,1.142451
2026-07-15 18:15:00,2026-07-15 20:05:00,BUY,1.14357,1.1449,1.1429,1.1449,0.00044,WIN,TP,13.3,1.0,12.3,11.65,13.35,1.85,54.99,0.000266,5.5,0.824,14.3,1.14357,0.00057,1.142875,1.142609
2026-07-15 22:00:00,2026-07-16 05:10:00,BUY,1.14666,1.14605,1.14605,1.14788,0.00041,LOSS,SL,-6.1,1.0,-7.1,-7.79,-6.09,-1.164,52.58,0.001905,6.3,1.035,8.1,1.14666,0.00043,1.145562,1.143657
2026-07-16 05:25:00,2026-07-16 10:15:00,BUY,1.14643,1.14717,1.14606,1.14717,0.00025,WIN,TP,7.4,1.0,6.4,5.75,7.45,1.731,41.74,0.001257,2.7,0.725,7.5,1.14641,0.00026,1.146723,1.145467
2026-07-16 10:30:00,2026-07-16 11:05:00,BUY,1.14691,1.14652,1.14652,1.14769,0.00026,LOSS,SL,-3.9,1.0,-4.9,-5.62,-3.92,-1.255,53.84,0.000716,4.1,1.046,7.4,1.14691,0.00034,1.14673,1.146014
2026-07-16 11:10:00,2026-07-16 12:30:00,BUY,1.1466,1.14611,1.14611,1.14759,0.00033,LOSS,SL,-4.9,1.0,-5.9,-6.63,-4.93,-1.203,43.24,0.000719,5.2,1.055,2.5,1.1466,0.00034,1.146812,1.146093
2026-07-16 12:40:00,2026-07-16 14:15:00,BUY,1.14628,1.14584,1.14584,1.14716,0.00029,LOSS,SL,-4.4,1.0,-5.4,-6.11,-4.41,-1.227,42.35,0.000472,4.7,1.065,5.7,1.14628,0.00034,1.146625,1.146153
2026-07-16 14:20:00,2026-07-16 14:50:00,BUY,1.14617,1.14575,1.14575,1.14702,0.00028,LOSS,SL,-4.2,1.0,-5.2,-5.95,-4.25,-1.236,43.91,0.000291,5.3,1.248,5.3,1.14617,0.00041,1.146492,1.146201
2026-07-16 14:55:00,2026-07-16 15:30:00,BUY,1.14639,1.14582,1.14582,1.14753,0.00038,LOSS,SL,-5.7,1.0,-6.7,-7.38,-5.68,-1.176,50.74,0.000234,6.3,1.109,6.9,1.14638,0.00083,1.14644,1.146206
2026-07-16 16:25:00,2026-07-16 17:45:00,SELL,1.1455,1.1442,1.14615,1.1442,0.00043,WIN,TP,13.0,1.0,12.0,11.26,12.96,1.846,45.18,-9.3e-05,4.3,0.664,13.2,1.14549,0.00024,1.146037,1.14613
2026-07-16 18:35:00,2026-07-16 20:00:00,SELL,1.1445,1.14331,1.1451,1.14331,0.0004,WIN,TP,11.9,1.0,10.9,10.2,11.9,1.832,47.03,-0.000695,4.7,0.79,13.6,1.1445,0.00052,1.145114,1.145809
2026-07-16 20:50:00,2026-07-16 22:50:00,SELL,1.14366,1.14404,1.14404,1.14289,0.00026,LOSS,SL,-3.8,1.0,-4.8,-5.54,-3.84,-1.26,46.93,-0.001149,5.0,1.302,2.3,1.14366,0.00027,1.144185,1.145334
2026-07-16 23:15:00,2026-07-16 23:30:00,SELL,1.14403,1.1443,1.1443,1.14349,0.00018,LOSS,SL,-2.7,1.0,-3.7,-4.42,-2.72,-1.367,57.13,-0.001013,3.9,1.433,1.8,1.14403,0.00015,1.143932,1.144944
2026-07-17 00:05:00,2026-07-17 00:10:00,SELL,1.14398,1.14426,1.14426,1.14343,0.00018,LOSS,SL,-2.8,1.0,-3.8,-4.47,-2.77,-1.361,48.59,-0.000858,3.1,1.12,0.3,1.14398,0.00021,1.144013,1.144871
2026-07-17 00:15:00,2026-07-17 02:25:00,SELL,1.14424,1.14452,1.14452,1.14368,0.00019,LOSS,SL,-2.8,1.0,-3.8,-4.51,-2.81,-1.355,57.07,-0.000832,3.2,1.137,1.2,1.14425,0.0003,1.144024,1.144857
2026-07-17 02:45:00,2026-07-17 03:25:00,SELL,1.14452,1.14417,1.14469,1.14417,0.00012,WIN,TP,3.5,1.0,2.5,1.79,3.49,1.427,59.66,-0.000456,1.2,0.687,3.5,1.14452,0.00011,1.144272,1.144728
2026-07-17 03:50:00,2026-07-17 03:50:00,SELL,1.14429,1.14452,1.14452,1.14382,0.00016,LOSS,SL,-2.3,1.0,-3.3,-4.03,-2.33,-1.43,46.92,-0.000384,2.6,1.117,0.2,1.14428,0.00017,1.144298,1.144682
2026-07-17 03:55:00,2026-07-17 04:00:00,SELL,1.14453,1.14478,1.14478,1.14404,0.00016,LOSS,SL,-2.5,1.0,-3.5,-4.16,-2.46,-1.406,57.87,-0.000374,2.9,1.178,1.1,1.14452,0.00028,1.144306,1.14468
2026-07-17 04:10:00,2026-07-17 04:45:00,SELL,1.14459,1.14405,1.14486,1.14405,0.00018,WIN,TP,5.4,1.0,4.4,3.69,5.39,1.629,58.42,-0.000334,0.9,0.334,5.5,1.14459,0.00027,1.144345,1.144679
2026-07-17 05:15:00,2026-07-17 07:50:00,SELL,1.14412,1.14352,1.14442,1.14352,0.0002,WIN,TP,6.0,1.0,5.0,4.31,6.01,1.667,45.37,-0.000344,0.4,0.133,6.7,1.14412,0.00012,1.144277,1.144621
2026-07-17 08:20:00,2026-07-17 08:30:00,SELL,1.14372,1.14397,1.14397,1.14322,0.00017,LOSS,SL,-2.5,1.0,-3.5,-4.18,-2.48,-1.404,47.56,-0.000489,2.5,1.009,1.5,1.14372,0.00026,1.143869,1.144358
2026-07-17 08:35:00,2026-07-17 08:35:00,SELL,1.14388,1.14416,1.14416,1.14332,0.00019,LOSS,SL,-2.8,1.0,-3.8,-4.48,-2.78,-1.36,56.22,-0.000486,3.1,1.115,0.1,1.14388,0.00028,1.143854,1.14434
2026-07-17 09:00:00,2026-07-17 09:10:00,SELL,1.14397,1.14428,1.14428,1.14334,0.00021,LOSS,SL,-3.1,1.0,-4.1,-4.85,-3.15,-1.318,54.17,-0.000422,6.4,2.033,0.1,1.14398,0.00033,1.143909,1.144331
2026-07-17 10:10:00,2026-07-17 11:10:00,SELL,1.14483,1.14402,1.14524,1.14402,0.00027,WIN,TP,8.1,1.0,7.1,6.45,8.15,1.754,58.52,-8.5e-05,1.8,0.442,8.2,1.14483,0.00047,1.144309,1.144395
2026-07-17 11:35:00,2026-07-17 13:20:00,SELL,1.14432,1.14334,1.14481,1.14334,0.00033,WIN,TP,9.8,1.0,8.8,8.13,9.83,1.796,47.86,-3.8e-05,0.4,0.081,10.6,1.14431,0.00042,1.144367,1.144405
2026-07-17 14:35:00,2026-07-17 17:15:00,SELL,1.14329,1.14379,1.14379,1.1423,0.00033,LOSS,SL,-5.0,1.0,-6.0,-6.67,-4.97,-1.201,47.84,-0.000509,8.1,1.63,8.5,1.14327,0.0003,1.143635,1.144144
2026-07-17 17:30:00,2026-07-17 17:40:00,SELL,1.14354,1.14409,1.14409,1.14244,0.00037,LOSS,SL,-5.5,1.0,-6.5,-7.18,-5.48,-1.182,54.92,-0.00052,7.2,1.313,0.5,1.14356,0.00059,1.143345,1.143864
2026-07-17 18:00:00,2026-07-20 00:00:00,SELL,1.14399,1.14293,1.14452,1.14293,0.00035,WIN,TP,10.6,1.0,9.6,8.88,10.58,1.811,59.6,-0.000387,4.7,0.888,14.6,1.14399,0.0003,1.143484,1.143872
2026-07-20 02:45:00,2026-07-20 03:00:00,SELL,1.14267,1.14295,1.14295,1.14211,0.00019,LOSS,SL,-2.8,1.0,-3.8,-4.49,-2.79,-1.359,45.47,-0.000522,2.9,1.041,1.5,1.14267,0.00018,1.142994,1.143516
2026-07-20 03:05:00,2026-07-20 03:20:00,SELL,1.14292,1.14322,1.14322,1.14232,0.0002,LOSS,SL,-3.0,1.0,-4.0,-4.72,-3.02,-1.332,56.54,-0.000529,3.6,1.193,0.2,1.14293,0.00032,1.142957,1.143486
2026-07-20 03:35:00,2026-07-20 04:00:00,SELL,1.14313,1.14342,1.14342,1.14254,0.0002,LOSS,SL,-2.9,1.0,-3.9,-4.63,-2.93,-1.341,59.09,-0.00047,4.4,1.501,1.0,1.14313,0.00017,1.142995,1.143465
2026-07-20 04:15:00,2026-07-20 04:30:00,SELL,1.1432,1.14349,1.14349,1.14262,0.00019,LOSS,SL,-2.9,1.0,-3.9,-4.62,-2.92,-1.342,54.65,-0.000373,3.8,1.3,0.6,1.14321,0.00038,1.143079,1.143452
2026-07-20 04:45:00,2026-07-20 04:55:00,SELL,1.14331,1.1436,1.1436,1.14273,0.00019,LOSS,SL,-2.9,1.0,-3.9,-4.6,-2.9,-1.345,55.14,-0.000305,3.5,1.206,0.8,1.14331,0.00034,1.143142,1.143447
2026-07-20 08:30:00,2026-07-20 08:45:00,BUY,1.14421,1.14402,1.14402,1.14459,0.00013,LOSS,SL,-1.9,1.0,-2.9,-3.6,-1.9,-1.526,47.47,0.000344,2.1,1.104,0.2,1.14421,0.00013,1.144041,1.143697
2026-07-20 08:55:00,2026-07-20 08:55:00,BUY,1.14422,1.14401,1.14401,1.14464,0.00014,LOSS,SL,-2.1,1.0,-3.1,-3.79,-2.09,-1.478,51.61,0.000334,2.2,1.053,0.1,1.14422,0.00024,1.144051,1.143717
2026-07-20 09:00:00,2026-07-20 09:05:00,BUY,1.14401,1.14379,1.14379,1.14445,0.00015,LOSS,SL,-2.2,1.0,-3.2,-3.89,-2.19,-1.457,40.35,0.000329,2.5,1.143,2.1,1.14401,0.00023,1.144049,1.14372
2026-07-20 09:40:00,2026-07-20 10:00:00,BUY,1.14378,1.14347,1.14347,1.14441,0.00021,LOSS,SL,-3.1,1.0,-4.1,-4.83,-3.13,-1.319,41.84,0.000246,3.3,1.053,1.8,1.14378,0.00038,1.143969,1.143723
2026-07-20 10:05:00,2026-07-20 10:10:00,BUY,1.14392,1.14353,1.14353,1.14469,0.00026,LOSS,SL,-3.9,1.0,-4.9,-5.57,-3.87,-1.259,50.17,0.0002,5.1,1.319,0.3,1.14391,0.00051,1.143922,1.143722
2026-07-20 10:15:00,2026-07-20 10:25:00,BUY,1.14349,1.14426,1.1431,1.14426,0.00026,WIN,TP,7.7,1.0,6.7,6.05,7.75,1.742,40.26,0.000176,0.5,0.129,7.8,1.14349,0.00024,1.143895,1.143719
2026-07-20 10:55:00,2026-07-20 11:25:00,BUY,1.14433,1.14386,1.14386,1.14527,0.00031,LOSS,SL,-4.7,1.0,-5.7,-6.42,-4.72,-1.212,53.87,0.000276,5.5,1.165,2.4,1.14433,0.0004,1.144052,1.143775
2026-07-20 11:30:00,2026-07-20 12:05:00,BUY,1.14381,1.14339,1.14339,1.14465,0.00028,LOSS,SL,-4.2,1.0,-5.2,-5.89,-4.19,-1.239,41.92,0.000275,5.0,1.193,5.6,1.14381,0.00031,1.144076,1.143802
2026-07-20 13:35:00,2026-07-20 14:30:00,SELL,1.14338,1.14376,1.14376,1.14262,0.00025,LOSS,SL,-3.8,1.0,-4.8,-5.48,-3.78,-1.264,49.32,-0.000111,6.7,1.772,5.3,1.14338,0.00028,1.143597,1.143708
2026-07-20 14:40:00,2026-07-20 15:00:00,SELL,1.14362,1.14276,1.14405,1.14276,0.00029,WIN,TP,8.6,1.0,7.6,6.94,8.64,1.769,56.86,-0.000177,0.7,0.162,11.1,1.14361,0.00046,1.143482,1.14366
2026-07-20 15:55:00,2026-07-20 16:40:00,SELL,1.14262,1.14155,1.14315,1.14155,0.00036,WIN,TP,10.7,1.0,9.7,8.96,10.66,1.812,47.7,-0.000478,1.2,0.225,11.8,1.14261,0.00046,1.143021,1.143499
2026-07-20 18:50:00,2026-07-20 19:15:00,SELL,1.14112,1.14162,1.14162,1.14013,0.00033,LOSS,SL,-5.0,1.0,-6.0,-6.66,-4.96,-1.202,48.37,-0.001215,6.0,1.21,1.6,1.14112,0.00036,1.141636,1.14285
2026-07-20 19:20:00,2026-07-21 08:40:00,SELL,1.1416,1.14204,1.14204,1.14072,0.00029,LOSS,SL,-4.4,1.0,-5.4,-6.09,-4.39,-1.228,58.22,-0.001186,5.9,1.343,8.5,1.1416,0.00019,1.141577,1.142763
2026-07-21 08:50:00,2026-07-21 09:20:00,SELL,1.14191,1.14218,1.14218,1.14137,0.00018,LOSS,SL,-2.7,1.0,-3.7,-4.41,-2.71,-1.368,57.72,-0.00015,2.9,1.068,2.0,1.1419,0.00028,1.141556,1.141705
2026-07-21 09:30:00,2026-07-21 09:45:00,SELL,1.14202,1.14232,1.14232,1.14142,0.0002,LOSS,SL,-3.0,1.0,-4.0,-4.68,-2.98,-1.336,56.97,-5.7e-05,3.6,1.208,1.2,1.14201,0.00027,1.141668,1.141725
2026-07-21 10:45:00,2026-07-21 11:35:00,BUY,1.14227,1.14191,1.14191,1.143,0.00024,LOSS,SL,-3.6,1.0,-4.6,-5.34,-3.64,-1.275,53.07,0.000161,4.4,1.208,3.6,1.14227,0.00031,1.141968,1.141808
2026-07-21 11:40:00,2026-07-21 14:05:00,BUY,1.14213,1.14174,1.14174,1.14291,0.00026,LOSS,SL,-3.9,1.0,-4.9,-5.61,-3.91,-1.255,46.34,0.000223,4.1,1.047,7.4,1.14213,0.00044,1.14208,1.141857
2026-07-21 14:15:00,2026-07-21 15:15:00,BUY,1.14199,1.1416,1.1416,1.14277,0.00026,LOSS,SL,-3.9,1.0,-4.9,-5.6,-3.9,-1.256,41.35,0.00026,4.9,1.256,3.1,1.14199,0.00041,1.142238,1.141978
2026-07-21 15:35:00,2026-07-21 15:40:00,BUY,1.1418,1.14141,1.14141,1.14258,0.00026,LOSS,SL,-3.9,1.0,-4.9,-5.6,-3.9,-1.257,43.48,0.000103,4.7,1.206,0.4,1.1418,0.00034,1.142071,1.141968
2026-07-21 15:50:00,2026-07-21 16:00:00,BUY,1.14181,1.14139,1.14139,1.14265,0.00028,LOSS,SL,-4.2,1.0,-5.2,-5.88,-4.18,-1.239,46.36,6.8e-05,4.5,1.076,0.2,1.14181,0.00033,1.142027,1.141959
2026-07-21 16:05:00,2026-07-21 16:20:00,BUY,1.1416,1.14118,1.14118,1.14245,0.00028,LOSS,SL,-4.2,1.0,-5.2,-5.93,-4.23,-1.237,41.21,3.6e-05,5.2,1.23,2.1,1.1416,0.00041,1.141986,1.14195
2026-07-21 17:05:00,2026-07-21 17:35:00,SELL,1.14149,1.14049,1.14199,1.14049,0.00033,WIN,TP,10.0,1.0,9.0,8.26,9.96,1.799,50.7,-0.000187,4.7,0.943,11.2,1.14149,0.0004,1.141676,1.141864
2026-07-21 18:20:00,2026-07-21 23:55:00,SELL,1.14087,1.13982,1.14139,1.13982,0.00035,WIN,TP,10.5,1.0,9.5,8.76,10.46,1.809,47.28,-0.000433,2.9,0.554,11.5,1.14087,0.00038,1.141291,1.141725
2026-07-22 00:40:00,2026-07-22 02:50:00,SELL,1.13996,1.1402,1.1402,1.13948,0.00016,LOSS,SL,-2.4,1.3,-3.7,-4.41,-2.41,-1.54,48.54,-0.000801,2.6,1.08,1.6,1.13996,0.00021,1.140173,1.140974
2026-07-22 03:40:00,2026-07-22 04:00:00,SELL,1.1403,1.14054,1.14054,1.13983,0.00016,LOSS,SL,-2.4,1.0,-3.4,-4.07,-2.37,-1.421,53.59,-0.000543,3.6,1.517,1.4,1.1403,0.00033,1.14017,1.140714
2026-07-22 04:20:00,2026-07-22 05:25:00,SELL,1.1404,1.14067,1.14067,1.13985,0.00018,LOSS,SL,-2.7,1.0,-3.7,-4.44,-2.74,-1.365,53.27,-0.000449,6.3,2.303,5.4,1.1404,0.00027,1.140243,1.140692
2026-07-22 05:40:00,2026-07-22 09:00:00,SELL,1.14067,1.14097,1.14097,1.14007,0.0002,LOSS,SL,-3.0,1.0,-4.0,-4.72,-3.02,-1.331,59.81,-0.000328,7.2,2.381,2.5,1.14067,0.00015,1.140317,1.140644
2026-07-22 09:30:00,2026-07-22 10:20:00,BUY,1.14084,1.1415,1.14051,1.1415,0.00022,WIN,TP,6.6,1.0,5.6,4.91,6.61,1.697,49.64,4.7e-05,1.3,0.393,6.7,1.14084,0.00033,1.140739,1.140691
2026-07-22 10:40:00,2026-07-22 10:40:00,BUY,1.1411,1.14064,1.14064,1.14203,0.00031,LOSS,SL,-4.6,1.0,-5.6,-6.35,-4.65,-1.215,50.81,0.000175,5.4,1.162,0.4,1.1411,0.00042,1.14093,1.140755
2026-07-22 10:45:00,2026-07-22 13:00:00,BUY,1.14066,1.14019,1.14019,1.1416,0.00031,LOSS,SL,-4.7,1.0,-5.7,-6.4,-4.7,-1.213,40.27,0.000166,5.2,1.106,6.9,1.14066,0.00058,1.140919,1.140754
2026-07-22 13:20:00,2026-07-22 16:20:00,BUY,1.14059,1.14147,1.14015,1.14147,0.00029,WIN,TP,8.8,1.0,7.8,7.11,8.81,1.773,45.81,4.8e-05,3.5,0.794,10.2,1.14059,0.00039,1.140816,1.140768
2026-07-22 17:00:00,2026-07-22 17:55:00,BUY,1.14136,1.14085,1.14085,1.14238,0.00034,LOSS,SL,-5.1,1.0,-6.1,-6.79,-5.09,-1.196,53.88,0.000211,5.9,1.158,5.0,1.14136,0.00044,1.141041,1.14083
2026-07-22 18:00:00,2026-07-23 00:00:00,BUY,1.14092,1.14041,1.14041,1.14195,0.00034,LOSS,SL,-5.1,1.0,-6.1,-6.85,-5.15,-1.194,42.22,0.000242,5.6,1.088,5.0,1.14092,0.00045,1.141122,1.14088
2026-07-23 00:05:00,2026-07-23 00:15:00,BUY,1.14106,1.14077,1.14077,1.14163,0.00019,LOSS,SL,-2.9,1.0,-3.9,-4.56,-2.86,-1.35,46.35,0.000118,3.3,1.155,0.0,1.14106,0.00072,1.141091,1.140973
2026-07-23 00:25:00,2026-07-23 01:40:00,BUY,1.14089,1.14061,1.14061,1.14145,0.00019,LOSS,SL,-2.8,1.0,-3.8,-4.52,-2.82,-1.355,41.92,9.3e-05,3.0,1.064,0.9,1.14089,0.00024,1.141064,1.14097
2026-07-23 01:55:00,2026-07-23 02:15:00,SELL,1.14079,1.14099,1.14099,1.14038,0.00014,LOSS,SL,-2.0,1.0,-3.0,-3.73,-2.03,-1.493,45.8,-2.7e-05,2.5,1.232,0.5,1.14078,0.00018,1.140911,1.140938
2026-07-23 02:20:00,2026-07-23 03:00:00,SELL,1.141,1.1412,1.1412,1.14061,0.00013,LOSS,SL,-2.0,1.0,-3.0,-3.67,-1.97,-1.508,59.51,-2.6e-05,3.8,1.93,0.5,1.141,0.00016,1.14091,1.140936
2026-07-23 08:20:00,2026-07-23 09:30:00,BUY,1.14303,1.14269,1.14269,1.14371,0.00023,LOSS,SL,-3.4,1.0,-4.4,-5.12,-3.42,-1.293,49.94,0.001004,3.8,1.112,2.8,1.14303,0.00027,1.142672,1.141668
2026-07-23 09:35:00,2026-07-23 10:00:00,BUY,1.14271,1.14238,1.14238,1.14338,0.00022,LOSS,SL,-3.3,1.0,-4.3,-5.04,-3.34,-1.299,40.83,0.000951,5.1,1.527,1.0,1.14271,0.00023,1.142799,1.141848
2026-07-23 10:15:00,2026-07-23 10:40:00,BUY,1.14269,1.14231,1.14231,1.14345,0.00025,LOSS,SL,-3.8,1.0,-4.8,-5.48,-3.78,-1.264,47.9,0.000827,4.7,1.243,0.8,1.1427,0.00042,1.142729,1.141902
2026-07-23 10:50:00,2026-07-23 11:10:00,BUY,1.14237,1.14195,1.14195,1.14322,0.00028,LOSS,SL,-4.2,1.0,-5.2,-5.94,-4.24,-1.236,42.59,0.00073,4.4,1.038,2.0,1.14237,0.00043,1.142672,1.141942
2026-07-23 12:05:00,2026-07-23 12:25:00,BUY,1.14149,1.14102,1.14102,1.14242,0.00031,LOSS,SL,-4.7,1.0,-5.7,-6.36,-4.66,-1.215,42.09,0.000264,5.2,1.117,0.5,1.14149,0.0005,1.142157,1.141893
2026-07-23 12:40:00,2026-07-23 13:20:00,BUY,1.14118,1.14074,1.14074,1.14206,0.00029,LOSS,SL,-4.4,1.0,-5.4,-6.08,-4.38,-1.228,40.47,6.9e-05,6.0,1.369,3.1,1.14118,0.0002,1.141912,1.141843
2026-07-23 16:35:00,2026-07-23 17:15:00,SELL,1.13822,1.13672,1.13897,1.13672,0.0005,WIN,TP,15.0,1.0,14.0,13.32,15.02,1.867,46.2,-0.001581,3.6,0.479,17.5,1.13822,0.0005,1.139319,1.1409
2026-07-23 18:00:00,2026-07-23 19:30:00,SELL,1.13715,1.13789,1.13789,1.13567,0.00049,LOSS,SL,-7.4,1.0,-8.4,-9.12,-7.42,-1.135,45.71,-0.002086,8.2,1.105,5.6,1.13715,0.00071,1.138229,1.140316
2026-07-23 19:35:00,2026-07-24 03:55:00,SELL,1.13778,1.13839,1.13839,1.13656,0.00041,LOSS,SL,-6.1,1.0,-7.1,-7.82,-6.12,-1.163,55.67,-0.002021,6.4,1.045,6.7,1.13778,0.00024,1.137784,1.139805
2026-07-24 04:30:00,2026-07-24 04:35:00,SELL,1.13819,1.13853,1.13853,1.13751,0.00023,LOSS,SL,-3.4,1.0,-4.4,-5.09,-3.39,-1.295,54.48,-0.000541,4.2,1.24,0.2,1.1382,0.00038,1.137952,1.138493
2026-07-24 05:00:00,2026-07-24 05:30:00,SELL,1.13841,1.13874,1.13874,1.13775,0.00022,LOSS,SL,-3.3,1.0,-4.3,-5.01,-3.31,-1.302,55.33,-0.000417,3.6,1.087,1.2,1.13841,0.00033,1.13808,1.138497
2026-07-24 05:40:00,2026-07-24 06:10:00,SELL,1.1385,1.13788,1.13881,1.13788,0.00021,WIN,TP,6.2,1.0,5.2,4.53,6.23,1.679,55.28,-0.000307,0.7,0.225,7.3,1.1385,0.00018,1.138187,1.138494
2026-07-24 06:35:00,2026-07-24 09:20:00,SELL,1.13816,1.13846,1.13846,1.13756,0.0002,LOSS,SL,-3.0,1.0,-4.0,-4.71,-3.01,-1.333,49.88,-0.000316,4.0,1.331,5.2,1.13816,0.00029,1.138131,1.138447
2026-07-24 09:45:00,2026-07-24 09:55:00,SELL,1.13838,1.1387,1.1387,1.13774,0.00021,LOSS,SL,-3.2,1.0,-4.2,-4.91,-3.21,-1.312,56.84,-0.000194,3.3,1.029,0.7,1.13838,0.00027,1.138156,1.13835
2026-07-24 11:00:00,2026-07-24 11:15:00,BUY,1.13899,1.1385,1.1385,1.13998,0.00033,LOSS,SL,-4.9,1.0,-5.9,-6.64,-4.94,-1.202,53.02,0.000154,5.2,1.052,0.7,1.13899,0.00035,1.138616,1.138462
2026-07-24 11:20:00,2026-07-24 13:55:00,BUY,1.1386,1.13813,1.13813,1.13955,0.00032,LOSS,SL,-4.7,1.0,-5.7,-6.44,-4.74,-1.211,44.28,0.00016,5.1,1.075,7.1,1.1386,0.00038,1.138632,1.138472
2026-07-24 14:00:00,2026-07-24 14:40:00,BUY,1.1383,1.13786,1.13786,1.13918,0.00029,LOSS,SL,-4.4,1.0,-5.4,-6.12,-4.42,-1.226,40.0,0.000147,4.8,1.085,5.3,1.1383,0.00035,1.138671,1.138524
2026-07-24 16:40:00,2026-07-24 17:00:00,SELL,1.13727,1.13779,1.13779,1.13622,0.00035,LOSS,SL,-5.2,1.0,-6.2,-6.94,-5.24,-1.191,47.47,-0.000511,6.8,1.297,4.0,1.13727,0.00046,1.137735,1.138246
2026-07-24 17:05:00,2026-07-24 18:05:00,SELL,1.1376,1.13817,1.13817,1.13646,0.00038,LOSS,SL,-5.7,1.0,-6.7,-7.39,-5.69,-1.176,54.37,-0.000534,7.6,1.336,5.6,1.1376,0.00035,1.137668,1.138203
2026-07-24 18:45:00,2026-07-24 20:05:00,SELL,1.13846,1.1373,1.13904,1.1373,0.00039,WIN,TP,11.6,1.0,10.6,9.89,11.59,1.827,58.59,-0.000262,2.1,0.362,14.3,1.13846,0.00056,1.137908,1.13817
2026-07-24 22:10:00,2026-07-24 23:55:00,SELL,1.13705,1.13733,1.13733,1.13649,0.00019,LOSS,SL,-2.8,1.0,-3.8,-4.51,-2.81,-1.356,45.12,-0.000551,3.0,1.069,3.6,1.13704,0.00012,1.137359,1.137911
2026-07-27 00:00:00,2026-07-27 00:00:00,SELL,1.13885,1.13938,1.13938,1.13778,0.00036,LOSS,SL,-5.3,2.1,-7.4,-8.14,-5.34,-1.393,53.61,-0.0006,7.2,1.348,0.0,1.13705,0.00066,1.137124,1.137724
2026-07-27 02:00:00,2026-07-27 03:00:00,BUY,1.13894,1.13981,1.1385,1.13981,0.00029,WIN,TP,8.7,1.0,7.7,7.03,8.73,1.771,52.49,0.000373,1.0,0.229,9.1,1.13893,0.00025,1.138421,1.138048
2026-07-27 03:55:00,2026-07-27 04:45:00,BUY,1.14005,1.14099,1.13958,1.14099,0.00031,WIN,TP,9.4,1.0,8.4,7.73,9.43,1.788,54.73,0.000908,0.0,0.0,9.7,1.14005,0.00038,1.13931,1.138402
2026-07-27 05:40:00,2026-07-27 06:10:00,BUY,1.14079,1.14038,1.14038,1.14162,0.00028,LOSS,SL,-4.1,1.0,-5.1,-5.83,-4.13,-1.242,53.19,0.001322,4.9,1.187,1.4,1.14079,0.0003,1.140179,1.138857
2026-07-27 06:15:00,2026-07-27 09:00:00,BUY,1.14036,1.1411,1.13999,1.1411,0.00025,WIN,TP,7.4,1.0,6.4,5.69,7.39,1.729,42.69,0.001308,2.4,0.649,7.7,1.14036,0.00018,1.140283,1.138976
2026-07-27 09:55:00,2026-07-27 10:30:00,BUY,1.14089,1.14044,1.14044,1.14178,0.0003,LOSS,SL,-4.5,1.0,-5.5,-6.15,-4.45,-1.224,50.56,0.001107,5.5,1.235,1.2,1.14089,0.00024,1.140676,1.139569
2026-07-27 10:35:00,2026-07-27 10:50:00,BUY,1.14055,1.14003,1.14003,1.14158,0.00034,LOSS,SL,-5.2,1.0,-6.2,-6.85,-5.15,-1.194,43.59,0.001029,5.8,1.126,1.6,1.14055,0.00037,1.140687,1.139658
2026-07-27 11:40:00,2026-07-27 13:10:00,BUY,1.13985,1.13937,1.13937,1.14081,0.00032,LOSS,SL,-4.8,1.0,-5.8,-6.49,-4.79,-1.209,41.01,0.000647,5.1,1.065,5.0,1.13984,0.00038,1.140324,1.139677
2026-07-27 13:15:00,2026-07-27 14:45:00,BUY,1.13952,1.13903,1.13903,1.14049,0.00032,LOSS,SL,-4.9,1.0,-5.9,-6.56,-4.86,-1.206,41.52,0.000352,6.6,1.357,6.4,1.13952,0.00051,1.140058,1.139705
2026-07-27 16:10:00,2026-07-27 16:55:00,SELL,1.13855,1.13747,1.13909,1.13747,0.00036,WIN,TP,10.8,1.0,9.8,9.09,10.79,1.815,47.18,-0.000394,1.2,0.222,13.1,1.13855,0.00065,1.139085,1.139479
2026-07-27 18:20:00,2026-07-27 19:15:00,SELL,1.13733,1.13784,1.13784,1.1363,0.00034,LOSS,SL,-5.1,1.0,-6.1,-6.85,-5.15,-1.194,45.18,-0.00101,7.4,1.437,0.2,1.13733,0.00028,1.138018,1.139027
2026-07-27 19:50:00,2026-07-27 20:15:00,SELL,1.13802,1.13718,1.13844,1.13718,0.00028,WIN,TP,8.4,1.0,7.4,6.71,8.41,1.762,54.7,-0.000885,0.9,0.214,9.0,1.13802,0.00026,1.137945,1.13883
2026-07-27 21:05:00,2026-07-28 04:00:00,SELL,1.13727,1.13764,1.13764,1.13653,0.00025,LOSS,SL,-3.7,1.0,-4.7,-5.38,-3.68,-1.272,45.48,-0.000984,4.7,1.278,6.2,1.13727,0.00018,1.137628,1.138612
2026-07-28 04:20:00,2026-07-28 05:50:00,SELL,1.13746,1.13775,1.13775,1.13688,0.00019,LOSS,SL,-2.9,1.0,-3.9,-4.6,-2.9,-1.345,58.3,-0.000571,4.2,1.448,4.1,1.13746,0.00018,1.137141,1.137712
2026-07-28 06:10:00,2026-07-28 06:30:00,SELL,1.13762,1.1379,1.1379,1.13706,0.00019,LOSS,SL,-2.8,1.0,-3.8,-4.51,-2.81,-1.356,57.28,-0.000339,4.1,1.458,1.3,1.13761,0.00016,1.137317,1.137656
2026-07-28 06:40:00,2026-07-28 07:00:00,SELL,1.13771,1.13713,1.138,1.13713,0.00019,WIN,TP,5.8,1.0,4.8,4.1,5.8,1.655,55.78,-0.000251,0.2,0.069,6.0,1.13771,0.00034,1.137411,1.137662
2026-07-28 09:05:00,2026-07-28 09:25:00,SELL,1.13668,1.13699,1.13699,1.13606,0.00021,LOSS,SL,-3.1,1.0,-4.1,-4.79,-3.09,-1.323,46.62,-0.000497,4.4,1.423,2.0,1.13668,0.00027,1.136955,1.137452
2026-07-28 09:40:00,2026-07-28 10:50:00,SELL,1.13706,1.13641,1.13739,1.13641,0.00022,WIN,TP,6.5,1.0,5.5,4.84,6.54,1.694,59.61,-0.000475,3.0,0.918,7.4,1.13706,0.00017,1.136938,1.137413
2026-07-28 11:05:00,2026-07-28 11:20:00,SELL,1.13678,1.13719,1.13719,1.13596,0.00027,LOSS,SL,-4.1,1.0,-5.1,-5.79,-4.09,-1.244,48.02,-0.000417,4.6,1.124,1.3,1.13679,0.00038,1.136919,1.137336
2026-07-28 11:25:00,2026-07-28 12:40:00,SELL,1.13715,1.1363,1.13757,1.1363,0.00028,WIN,TP,8.5,1.0,7.5,6.8,8.5,1.765,57.02,-0.000395,1.7,0.4,9.2,1.13715,0.00032,1.136926,1.137321
2026-07-28 13:40:00,2026-07-28 14:25:00,SELL,1.13607,1.13648,1.13648,1.13524,0.00028,LOSS,SL,-4.1,1.0,-5.1,-5.85,-4.15,-1.241,46.13,-0.000622,5.4,1.302,4.0,1.13607,0.00034,1.136472,1.137094
2026-07-28 14:30:00,2026-07-28 16:05:00,SELL,1.13655,1.13697,1.13697,1.1357,0.00028,LOSS,SL,-4.2,1.0,-5.2,-5.93,-4.23,-1.236,58.28,-0.000652,4.4,1.039,4.7,1.13653,0.00026,1.136344,1.136996
2026-07-28 16:15:00,2026-07-28 16:45:00,SELL,1.13671,1.13715,1.13715,1.13583,0.00029,LOSS,SL,-4.4,1.0,-5.4,-6.11,-4.41,-1.227,55.42,-0.000455,7.1,1.609,0.8,1.1367,0.00039,1.136449,1.136904
2026-07-28 17:20:00,2026-07-28 17:25:00,SELL,1.13722,1.13768,1.13768,1.1363,0.00031,LOSS,SL,-4.6,1.0,-5.6,-6.31,-4.61,-1.217,59.22,-0.000199,6.1,1.322,0.1,1.13722,0.00027,1.136731,1.13693
2026-07-28 20:00:00,2026-07-28 20:45:00,BUY,1.13959,1.13915,1.13915,1.14048,0.0003,LOSS,SL,-4.4,1.0,-5.4,-6.14,-4.44,-1.225,51.78,0.001205,5.3,1.193,2.2,1.13959,0.00026,1.138819,1.137614
2026-07-28 20:50:00,2026-07-28 21:25:00,BUY,1.13914,1.13877,1.13877,1.13988,0.00025,LOSS,SL,-3.7,1.0,-4.7,-5.4,-3.7,-1.27,40.45,0.001217,4.2,1.135,0.2,1.13914,0.00019,1.138999,1.137782
2026-07-28 22:05:00,2026-07-29 01:20:00,BUY,1.13883,1.13852,1.13852,1.13945,0.00021,LOSS,SL,-3.1,1.0,-4.1,-4.78,-3.08,-1.325,41.98,0.000997,4.3,1.396,5.5,1.13883,0.00023,1.138928,1.137931
2026-07-29 01:35:00,2026-07-29 02:00:00,BUY,1.13864,1.13832,1.13832,1.13928,0.00021,LOSS,SL,-3.2,1.0,-4.2,-4.89,-3.19,-1.313,40.68,0.000643,3.3,1.034,0.2,1.13864,0.00019,1.13891,1.138267
2026-07-29 02:15:00,2026-07-29 03:25:00,BUY,1.13843,1.139,1.13815,1.139,0.00019,WIN,TP,5.7,1.0,4.7,3.97,5.67,1.647,40.18,0.000501,1.5,0.529,6.0,1.13843,0.00024,1.138782,1.138281
2026-07-29 03:50:00,2026-07-29 05:10:00,BUY,1.13875,1.13934,1.13845,1.13934,0.0002,WIN,TP,5.9,1.0,4.9,4.22,5.92,1.662,52.93,0.000373,2.1,0.709,7.5,1.13875,0.00026,1.138715,1.138342
2026-07-29 05:55:00,2026-07-29 06:25:00,BUY,1.13925,1.13991,1.13892,1.13991,0.00022,WIN,TP,6.6,1.0,5.6,4.93,6.63,1.699,53.37,0.000494,0.0,0.0,7.0,1.13925,0.00013,1.139015,1.138521
2026-07-29 07:50:00,2026-07-29 09:10:00,BUY,1.13993,1.1396,1.1396,1.14059,0.00022,LOSS,SL,-3.3,1.0,-4.3,-5.0,-3.3,-1.303,53.76,0.000761,4.2,1.275,3.8,1.13993,0.00046,1.139565,1.138804
2026-07-29 09:15:00,2026-07-29 09:20:00,BUY,1.13976,1.13941,1.13941,1.14047,0.00024,LOSS,SL,-3.5,1.0,-4.5,-5.23,-3.53,-1.283,44.94,0.000778,3.6,1.02,1.4,1.13976,0.00026,1.139768,1.13899
2026-07-29 10:05:00,2026-07-29 13:15:00,BUY,1.13939,1.13901,1.13901,1.14016,0.00026,LOSS,SL,-3.8,1.0,-4.8,-5.55,-3.85,-1.26,43.97,0.000603,6.3,1.637,7.3,1.13941,0.00048,1.139627,1.139024
2026-07-29 13:30:00,2026-07-29 13:45:00,BUY,1.13903,1.13863,1.13863,1.13984,0.00027,LOSS,SL,-4.0,1.0,-5.0,-5.73,-4.03,-1.248,41.36,0.000289,4.9,1.216,1.9,1.13903,0.00037,1.139482,1.139193
2026-07-29 14:05:00,2026-07-29 14:40:00,BUY,1.13876,1.13838,1.13838,1.13952,0.00025,LOSS,SL,-3.8,1.0,-4.8,-5.5,-3.8,-1.263,41.7,0.000129,6.1,1.607,1.0,1.13876,0.00026,1.139289,1.13916
2026-07-29 16:15:00,2026-07-29 16:20:00,SELL,1.13802,1.13843,1.13843,1.13719,0.00028,LOSS,SL,-4.1,1.0,-5.1,-5.83,-4.13,-1.242,45.11,-0.000418,5.5,1.33,0.6,1.13803,0.00019,1.138508,1.138926
2026-07-29 16:25:00,2026-07-29 16:45:00,SELL,1.1385,1.13894,1.13894,1.13763,0.00029,LOSS,SL,-4.4,1.0,-5.4,-6.07,-4.37,-1.229,58.44,-0.000422,6.2,1.418,1.7,1.1385,0.0005,1.138492,1.138914
2026-07-29 17:15:00,2026-07-29 17:25:00,SELL,1.13884,1.13931,1.13931,1.1379,0.00031,LOSS,SL,-4.7,1.0,-5.7,-6.41,-4.71,-1.212,57.21,-0.000283,6.3,1.336,2.0,1.13884,0.00018,1.138629,1.138912
2026-07-29 17:45:00,2026-07-29 17:55:00,SELL,1.13924,1.13814,1.13979,1.13814,0.00037,WIN,TP,11.0,1.0,10.0,9.28,10.98,1.818,59.17,-0.000151,0.6,0.109,11.8,1.13925,0.00074,1.138787,1.138938
2026-07-29 18:10:00,2026-07-29 20:15:00,SELL,1.1385,1.13908,1.13908,1.13734,0.00039,LOSS,SL,-5.8,1.0,-6.8,-7.49,-5.79,-1.173,45.56,-0.000187,6.5,1.123,8.3,1.1385,0.0003,1.138728,1.138915
2026-07-30 02:25:00,2026-07-30 03:05:00,BUY,1.14678,1.14639,1.14639,1.14755,0.00026,LOSS,SL,-3.9,1.0,-4.9,-5.56,-3.86,-1.259,53.49,0.003636,4.3,1.113,1.8,1.14678,0.00022,1.14579,1.142154
2026-07-30 03:10:00,2026-07-30 03:20:00,BUY,1.14663,1.14624,1.14624,1.14742,0.00026,LOSS,SL,-3.9,1.0,-4.9,-5.64,-3.94,-1.253,49.55,0.003511,5.3,1.344,1.4,1.14663,0.0004,1.146052,1.142542
2026-07-30 04:05:00,2026-07-30 04:20:00,BUY,1.14593,1.14554,1.14554,1.14672,0.00026,LOSS,SL,-3.9,1.0,-4.9,-5.64,-3.94,-1.254,41.62,0.003105,5.8,1.472,2.0,1.14593,0.00035,1.145998,1.142893
2026-07-30 04:35:00,2026-07-30 04:50:00,BUY,1.14579,1.14537,1.14537,1.14663,0.00028,LOSS,SL,-4.2,1.0,-5.2,-5.92,-4.22,-1.237,43.29,0.00288,4.5,1.067,1.1,1.14579,0.00053,1.145938,1.143058
2026-07-30 05:35:00,2026-07-30 06:15:00,BUY,1.1454,1.14506,1.14506,1.14609,0.00023,LOSS,SL,-3.4,1.0,-4.4,-5.14,-3.44,-1.29,41.58,0.002407,3.8,1.104,1.4,1.1454,0.00023,1.145731,1.143324
2026-07-30 06:35:00,2026-07-30 09:00:00,BUY,1.1452,1.14489,1.14489,1.14582,0.00021,LOSS,SL,-3.1,1.0,-4.1,-4.8,-3.1,-1.322,41.84,0.002004,4.8,1.548,4.8,1.14519,0.00029,1.145547,1.143543
2026-07-30 09:40:00,2026-07-30 10:10:00,BUY,1.1448,1.14441,1.14441,1.14559,0.00026,LOSS,SL,-3.9,1.0,-4.9,-5.65,-3.95,-1.253,42.8,0.001129,5.6,1.418,3.2,1.1448,0.00044,1.145154,1.144025
2026-07-30 11:05:00,2026-07-30 11:25:00,BUY,1.14418,1.1452,1.14367,1.1452,0.00034,WIN,TP,10.2,1.0,9.2,8.5,10.2,1.804,46.8,0.000597,0.0,0.0,13.0,1.14418,0.00065,1.144647,1.144049
2026-07-30 11:40:00,2026-07-30 12:10:00,BUY,1.14462,1.1458,1.14403,1.1458,0.00039,WIN,TP,11.8,1.0,10.8,10.14,11.84,1.831,51.17,0.000596,0.8,0.135,12.3,1.14462,0.00052,1.144699,1.144104
2026-07-30 14:20:00,2026-07-30 16:35:00,BUY,1.14702,1.1484,1.14633,1.1484,0.00046,WIN,TP,13.8,1.0,12.8,12.09,13.79,1.855,52.83,0.00146,5.2,0.754,23.9,1.14702,0.0003,1.146261,1.144801
2026-07-30 17:55:00,2026-07-30 21:05:00,BUY,1.1509,1.15323,1.14973,1.15323,0.00078,WIN,TP,23.3,1.0,22.3,21.62,23.32,1.914,54.78,0.002909,10.4,0.892,25.5,1.1509,0.00052,1.149257,1.146348
2026-07-30 21:25:00,2026-07-31 03:05:00,BUY,1.15279,1.15213,1.15213,1.15411,0.00044,LOSS,SL,-6.6,1.0,-7.6,-8.31,-6.61,-1.151,53.33,0.003498,7.2,1.089,7.9,1.15279,0.00036,1.151895,1.148397
2026-07-31 03:20:00,2026-07-31 03:30:00,BUY,1.15232,1.15195,1.15195,1.15306,0.00025,LOSS,SL,-3.7,1.0,-4.7,-5.38,-3.68,-1.272,42.5,0.001963,4.1,1.115,3.4,1.15233,0.00023,1.152568,1.150604
2026-07-31 04:35:00,2026-07-31 04:35:00,BUY,1.15199,1.15154,1.15154,1.15289,0.0003,LOSS,SL,-4.5,1.0,-5.5,-6.22,-4.52,-1.221,48.44,0.001464,5.5,1.217,0.2,1.15201,0.0005,1.152244,1.15078
2026-07-31 05:10:00,2026-07-31 06:10:00,BUY,1.15142,1.15097,1.15097,1.15231,0.0003,LOSS,SL,-4.5,1.0,-5.5,-6.17,-4.47,-1.224,41.83,0.001193,5.4,1.207,2.3,1.15142,0.0004,1.152006,1.150813
2026-07-31 06:50:00,2026-07-31 07:40:00,BUY,1.15104,1.15066,1.15066,1.15179,0.00025,LOSS,SL,-3.8,1.0,-4.8,-5.45,-3.75,-1.266,44.55,0.000632,4.6,1.226,3.9,1.15104,0.00035,1.151501,1.150869
2026-07-31 07:55:00,2026-07-31 09:05:00,BUY,1.15076,1.1515,1.15039,1.1515,0.00025,WIN,TP,7.4,1.0,6.4,5.71,7.41,1.73,40.84,0.000419,3.0,0.809,8.2,1.15076,0.00032,1.151312,1.150893
2026-07-31 09:40:00,2026-07-31 10:45:00,BUY,1.15128,1.15231,1.15077,1.15231,0.00034,WIN,TP,10.3,1.0,9.3,8.59,10.29,1.806,52.53,0.000273,1.6,0.311,11.5,1.15128,0.00053,1.151194,1.15092
2026-07-31 10:55:00,2026-07-31 11:05:00,BUY,1.15159,1.15096,1.15096,1.15285,0.00042,LOSS,SL,-6.3,1.0,-7.3,-8.0,-6.3,-1.159,51.53,0.00038,7.8,1.238,0.5,1.15159,0.00091,1.151402,1.151022
2026-07-31 11:10:00,2026-07-31 11:55:00,BUY,1.15094,1.1522,1.15031,1.1522,0.00042,WIN,TP,12.6,1.0,11.6,10.9,12.6,1.841,41.86,0.000358,5.0,0.794,17.0,1.15095,0.00066,1.151387,1.151029
2026-07-31 12:15:00,2026-07-31 12:25:00,BUY,1.15167,1.15094,1.15094,1.15312,0.00048,LOSS,SL,-7.3,1.0,-8.3,-8.95,-7.25,-1.138,54.1,0.000297,7.7,1.062,2.0,1.15166,0.00039,1.151356,1.151059
2026-07-31 12:30:00,2026-07-31 13:25:00,BUY,1.15091,1.15018,1.15018,1.15237,0.00049,LOSS,SL,-7.3,1.0,-8.3,-8.98,-7.28,-1.137,43.09,0.000284,7.7,1.057,3.4,1.15092,0.00058,1.151351,1.151066
2026-07-31 13:35:00,2026-07-31 14:00:00,BUY,1.15034,1.14977,1.14977,1.15148,0.00038,LOSS,SL,-5.7,1.0,-6.7,-7.39,-5.69,-1.176,40.12,1.6e-05,6.3,1.107,1.1,1.15034,0.00026,1.15102,1.151004
2026-07-31 15:55:00,2026-07-31 16:20:00,SELL,1.14897,1.14948,1.14948,1.14794,0.00034,LOSS,SL,-5.1,1.0,-6.1,-6.84,-5.14,-1.195,45.59,-0.000879,14.0,2.724,5.7,1.14897,0.00039,1.149672,1.150551
2026-07-31 16:35:00,2026-07-31 16:35:00,SELL,1.14897,1.14687,1.15002,1.14687,0.0007,WIN,TP,21.0,1.0,20.0,19.35,21.05,1.905,46.76,-0.000884,1.7,0.162,31.3,1.14897,0.0012,1.14957,1.150453
2026-07-31 17:15:00,2026-07-31 17:35:00,SELL,1.14748,1.14863,1.14863,1.14518,0.00077,LOSS,SL,-11.5,1.0,-12.5,-13.18,-11.48,-1.087,45.17,-0.001364,13.6,1.184,2.7,1.14748,0.00101,1.148806,1.15017
2026-07-31 17:40:00,2026-07-31 17:50:00,SELL,1.14883,1.14985,1.14985,1.14679,0.00068,LOSS,SL,-10.2,1.0,-11.2,-11.9,-10.2,-1.098,55.86,-0.001396,16.3,1.598,0.3,1.14882,0.00058,1.14867,1.150066
2026-07-31 21:45:00,2026-07-31 23:40:00,BUY,1.15274,1.15396,1.15213,1.15396,0.00041,WIN,TP,12.2,1.0,11.2,10.45,12.15,1.835,54.58,0.001018,3.6,0.592,12.9,1.15274,0.00033,1.151795,1.150777
2026-08-03 00:00:00,2026-08-03 04:15:00,BUY,1.15446,1.15341,1.15341,1.15657,0.0007,LOSS,SL,-10.5,1.0,-11.5,-12.23,-10.53,-1.095,42.88,0.001441,10.8,1.025,14.4,1.15267,0.00162,1.15281,1.151369
2026-08-03 05:20:00,2026-08-03 06:15:00,BUY,1.15325,1.15271,1.15271,1.15432,0.00036,LOSS,SL,-5.4,1.0,-6.4,-7.06,-5.36,-1.187,40.94,0.001117,5.4,1.008,3.1,1.15325,0.00043,1.153841,1.152725
2026-08-03 07:00:00,2026-08-03 08:45:00,BUY,1.15299,1.15368,1.15264,1.15368,0.00023,WIN,TP,6.9,1.0,5.9,5.22,6.92,1.711,45.94,0.000586,1.0,0.289,7.2,1.15299,0.00026,1.153361,1.152774
2026-08-03 09:10:00,2026-08-03 09:20:00,BUY,1.1535,1.15315,1.15315,1.15419,0.00023,LOSS,SL,-3.5,1.0,-4.5,-5.16,-3.46,-1.289,53.29,0.000488,3.7,1.07,1.5,1.1535,0.00042,1.153405,1.152917
2026-08-03 09:25:00,2026-08-03 09:35:00,BUY,1.15332,1.15293,1.15293,1.1541,0.00026,LOSS,SL,-3.9,1.0,-4.9,-5.59,-3.89,-1.257,47.45,0.00047,7.8,2.007,1.5,1.15332,0.00046,1.153399,1.15293
2026-08-03 10:15:00,2026-08-03 10:15:00,BUY,1.15295,1.15239,1.15239,1.15407,0.00037,LOSS,SL,-5.6,1.0,-6.6,-7.32,-5.62,-1.178,47.24,0.000271,8.7,1.548,1.2,1.15295,0.00043,1.153184,1.152913
2026-08-03 10:30:00,2026-08-03 11:10:00,BUY,1.15288,1.15232,1.15232,1.15399,0.00037,LOSS,SL,-5.6,1.0,-6.6,-7.27,-5.57,-1.18,48.04,0.000217,5.7,1.023,3.5,1.15288,0.00044,1.153121,1.152904
2026-08-03 11:15:00,2026-08-03 11:50:00,BUY,1.15273,1.15217,1.15217,1.15386,0.00038,LOSS,SL,-5.6,1.0,-6.6,-7.34,-5.64,-1.177,47.79,9.2e-05,6.3,1.118,0.5,1.1527,0.00045,1.152974,1.152882
2026-08-03 12:15:00,2026-08-03 12:45:00,SELL,1.15245,1.15299,1.15299,1.15137,0.00036,LOSS,SL,-5.4,1.0,-6.4,-7.09,-5.39,-1.185,47.61,-7.5e-05,5.9,1.094,3.6,1.15247,0.00042,1.152753,1.152828
2026-08-03 12:50:00,2026-08-03 13:15:00,SELL,1.15289,1.1519,1.15338,1.1519,0.00033,WIN,TP,9.9,1.0,8.9,8.15,9.85,1.797,59.07,-0.000107,1.0,0.203,12.0,1.15289,0.00035,1.1527,1.152807
2026-08-03 13:25:00,2026-08-03 14:45:00,SELL,1.15222,1.15277,1.15277,1.15112,0.00037,LOSS,SL,-5.5,1.0,-6.5,-7.22,-5.52,-1.181,45.33,-0.000172,6.1,1.105,2.3,1.15222,0.00039,1.152601,1.152773
2026-08-03 14:50:00,2026-08-03 15:00:00,SELL,1.15281,1.15326,1.15326,1.1519,0.0003,LOSS,SL,-4.5,1.0,-5.5,-6.24,-4.54,-1.22,59.14,-0.000212,6.3,1.389,1.1,1.15281,0.00026,1.152499,1.152711
2026-08-03 15:20:00,2026-08-03 17:00:00,SELL,1.15305,1.15209,1.15353,1.15209,0.00032,WIN,TP,9.6,1.0,8.6,7.93,9.63,1.792,58.34,-9.4e-05,4.8,0.997,10.4,1.15305,0.00036,1.152644,1.152738
2026-08-03 19:00:00,2026-08-04 10:20:00,SELL,1.15095,1.15155,1.15155,1.14974,0.0004,LOSS,SL,-6.0,1.0,-7.0,-7.74,-6.04,-1.165,45.09,-0.000753,7.7,1.274,8.2,1.15095,0.00028,1.151638,1.152391
2026-08-04 10:30:00,2026-08-04 13:40:00,SELL,1.15126,1.15173,1.15173,1.15031,0.00032,LOSS,SL,-4.7,1.0,-5.7,-6.45,-4.75,-1.211,57.59,-0.000262,5.0,1.053,9.2,1.15126,0.00047,1.150865,1.151126
2026-08-04 14:05:00,2026-08-04 14:15:00,SELL,1.15125,1.1517,1.1517,1.15035,0.0003,LOSS,SL,-4.5,1.0,-5.5,-6.22,-4.52,-1.221,55.74,-9.1e-05,5.5,1.217,0.5,1.15124,0.0003,1.150988,1.151079
2026-08-04 14:55:00,2026-08-04 16:15:00,BUY,1.15159,1.15107,1.15107,1.15264,0.00035,LOSS,SL,-5.2,1.0,-6.2,-6.94,-5.24,-1.191,52.54,0.000122,6.2,1.183,7.5,1.15159,0.00043,1.151274,1.151152
2026-08-04 16:25:00,2026-08-04 17:05:00,BUY,1.15164,1.15279,1.15106,1.15279,0.00038,WIN,TP,11.5,1.0,10.5,9.85,11.55,1.827,52.2,0.000194,1.6,0.277,12.3,1.15164,0.00103,1.151414,1.15122
2026-08-04 17:45:00,2026-08-04 18:15:00,BUY,1.15233,1.15174,1.15174,1.15352,0.0004,LOSS,SL,-5.9,1.0,-6.9,-7.63,-5.93,-1.169,52.18,0.000529,9.3,1.569,2.2,1.15233,0.00054,1.151937,1.151408
2026-08-04 18:25:00,2026-08-04 21:50:00,BUY,1.15171,1.15285,1.15114,1.15285,0.00038,WIN,TP,11.4,1.0,10.4,9.71,11.41,1.825,42.43,0.000502,3.7,0.648,15.6,1.15171,0.00031,1.151958,1.151456
2026-08-04 23:40:00,2026-08-05 00:00:00,BUY,1.15312,1.15285,1.15285,1.15366,0.00018,LOSS,SL,-2.7,1.0,-3.7,-4.4,-2.7,-1.37,54.84,0.000777,4.3,1.593,2.7,1.15312,0.00017,1.152782,1.152005
2026-08-05 00:05:00,2026-08-05 03:00:00,BUY,1.1528,1.15338,1.15251,1.15338,0.00019,WIN,TP,5.8,1.0,4.8,4.12,5.82,1.656,40.55,0.00078,0.0,0.0,6.3,1.1528,0.00051,1.152838,1.152058
2026-08-05 03:45:00,2026-08-05 04:00:00,BUY,1.15323,1.15296,1.15296,1.15377,0.00018,LOSS,SL,-2.7,1.0,-3.7,-4.42,-2.72,-1.368,50.54,0.000687,3.5,1.288,1.1,1.15324,0.00031,1.153132,1.152445
2026-08-05 04:05:00,2026-08-05 05:35:00,BUY,1.15293,1.15355,1.15262,1.15355,0.00021,WIN,TP,6.2,1.0,5.2,4.55,6.25,1.68,41.14,0.000655,2.6,0.832,8.5,1.15293,0.00029,1.153125,1.152471
2026-08-05 06:40:00,2026-08-05 08:00:00,BUY,1.1536,1.15328,1.15328,1.15423,0.00021,LOSS,SL,-3.2,1.0,-4.2,-4.87,-3.17,-1.316,52.94,0.00065,4.3,1.358,4.4,1.15361,0.00012,1.153356,1.152705
2026-08-05 08:15:00,2026-08-05 09:35:00,BUY,1.1534,1.15398,1.15311,1.15398,0.00019,WIN,TP,5.8,1.0,4.8,4.08,5.78,1.654,42.68,0.000645,1.7,0.588,6.2,1.1534,0.00018,1.153521,1.152875
2026-08-05 10:15:00,2026-08-05 10:25:00,BUY,1.15384,1.15342,1.15342,1.15467,0.00028,LOSS,SL,-4.2,1.0,-5.2,-5.87,-4.17,-1.24,49.66,0.000649,4.5,1.079,3.5,1.15384,0.00045,1.153719,1.15307
2026-08-05 10:35:00,2026-08-05 11:45:00,BUY,1.15364,1.1532,1.1532,1.15452,0.00029,LOSS,SL,-4.4,1.0,-5.4,-6.09,-4.39,-1.228,45.92,0.00062,5.3,1.207,8.1,1.15364,0.00035,1.153714,1.153094
2026-08-05 11:50:00,2026-08-05 14:05:00,BUY,1.15334,1.15432,1.15285,1.15432,0.00033,WIN,TP,9.8,1.0,8.8,8.06,9.76,1.795,40.07,0.000563,0.7,0.143,10.0,1.15335,0.00038,1.153755,1.153192
2026-08-05 15:35:00,2026-08-05 15:55:00,BUY,1.15503,1.15452,1.15452,1.15606,0.00034,LOSS,SL,-5.1,1.0,-6.1,-6.83,-5.13,-1.195,54.1,0.000867,5.5,1.073,4.1,1.15503,0.0005,1.154509,1.153642
2026-08-05 16:00:00,2026-08-05 16:45:00,BUY,1.15458,1.15405,1.15405,1.15563,0.00035,LOSS,SL,-5.3,1.0,-6.3,-6.97,-5.27,-1.19,44.93,0.000868,5.7,1.081,8.2,1.15458,0.00027,1.154569,1.153701
2026-08-05 16:55:00,2026-08-05 17:15:00,BUY,1.15445,1.15567,1.15384,1.15567,0.00041,WIN,TP,12.2,1.0,11.2,10.52,12.22,1.836,43.8,0.000819,3.2,0.524,12.4,1.15445,0.00046,1.154628,1.153809
2026-08-05 17:30:00,2026-08-05 18:45:00,BUY,1.15502,1.15434,1.15434,1.15639,0.00046,LOSS,SL,-6.8,1.0,-7.8,-8.55,-6.85,-1.146,51.83,0.000848,7.5,1.096,6.4,1.15502,0.00051,1.154743,1.153895
2026-08-05 18:50:00,2026-08-05 20:55:00,BUY,1.15429,1.15561,1.15363,1.15561,0.00044,WIN,TP,13.2,1.0,12.2,11.53,13.23,1.849,41.68,0.000752,0.2,0.03,14.5,1.15429,0.00072,1.15479,1.154038
2026-08-05 21:45:00,2026-08-05 22:15:00,BUY,1.15537,1.15497,1.15497,1.15617,0.00027,LOSS,SL,-4.0,1.0,-5.0,-5.69,-3.99,-1.251,52.69,0.000737,5.2,1.304,2.1,1.15536,0.00027,1.155069,1.154332
2026-08-05 22:35:00,2026-08-06 00:10:00,BUY,1.15498,1.15566,1.15464,1.15566,0.00023,WIN,TP,6.8,1.0,5.8,5.1,6.8,1.706,43.72,0.000679,1.2,0.353,6.9,1.15497,0.00022,1.155089,1.15441
2026-08-06 00:30:00,2026-08-06 06:20:00,BUY,1.15535,1.15501,1.15501,1.15603,0.00023,LOSS,SL,-3.4,1.0,-4.4,-5.08,-3.38,-1.296,53.42,0.000611,3.9,1.153,6.3,1.15535,0.00052,1.155187,1.154576
2026-08-06 08:00:00,2026-08-06 08:05:00,BUY,1.15492,1.15468,1.15468,1.1554,0.00016,LOSS,SL,-2.4,1.0,-3.4,-4.1,-2.4,-1.417,45.07,0.000132,3.0,1.25,0.1,1.15491,0.00019,1.155155,1.155023
2026-08-06 08:35:00,2026-08-06 09:35:00,BUY,1.15469,1.15445,1.15445,1.15516,0.00016,LOSS,SL,-2.4,1.0,-3.4,-4.06,-2.36,-1.424,42.22,2.9e-05,2.8,1.188,4.7,1.15469,0.0002,1.155025,1.154996
2026-08-06 10:35:00,2026-08-06 12:35:00,SELL,1.15448,1.15384,1.1548,1.15384,0.00021,WIN,TP,6.4,1.0,5.4,4.67,6.37,1.686,45.41,-0.000168,1.4,0.44,7.1,1.15448,0.00017,1.154746,1.154914
2026-08-06 13:10:00,2026-08-06 14:00:00,SELL,1.154,1.1544,1.1544,1.15321,0.00026,LOSS,SL,-4.0,1.0,-5.0,-5.67,-3.97,-1.252,45.94,-0.000405,4.0,1.008,3.5,1.15401,0.00023,1.154312,1.154717
2026-08-06 14:05:00,2026-08-06 14:25:00,SELL,1.15424,1.15461,1.15461,1.1535,0.00025,LOSS,SL,-3.7,1.0,-4.7,-5.41,-3.71,-1.27,54.11,-0.000424,4.6,1.24,0.3,1.15424,0.00031,1.154224,1.154648
2026-08-06 14:30:00,2026-08-06 14:45:00,SELL,1.15451,1.15379,1.15487,1.15379,0.00024,WIN,TP,7.2,1.0,6.2,5.52,7.22,1.723,59.48,-0.000374,0.7,0.194,7.5,1.15451,0.00022,1.154263,1.154638
2026-08-06 14:50:00,2026-08-06 14:55:00,SELL,1.15401,1.15441,1.15441,1.15322,0.00026,LOSS,SL,-4.0,1.0,-5.0,-5.65,-3.95,-1.253,45.74,-0.000383,5.1,1.29,1.0,1.15401,0.00028,1.154232,1.154615
2026-08-06 15:00:00,2026-08-06 16:10:00,SELL,1.15451,1.15367,1.15493,1.15367,0.00028,WIN,TP,8.4,1.0,7.4,6.67,8.37,1.761,57.74,-0.000369,0.6,0.143,9.4,1.15451,0.00051,1.15424,1.154609
2026-08-06 16:20:00,2026-08-06 16:40:00,SELL,1.1539,1.15436,1.15436,1.15298,0.00031,LOSS,SL,-4.6,1.0,-5.6,-6.3,-4.6,-1.217,45.94,-0.000382,4.8,1.044,1.3,1.1539,0.00031,1.154147,1.154528
2026-08-06 16:45:00,2026-08-06 17:05:00,SELL,1.15425,1.15334,1.1547,1.15334,0.0003,WIN,TP,9.1,1.0,8.1,7.39,9.09,1.78,54.87,-0.000376,2.6,0.572,9.5,1.15425,0.00026,1.154128,1.154504
2026-08-06 17:20:00,2026-08-06 18:15:00,SELL,1.15377,1.15269,1.15431,1.15269,0.00036,WIN,TP,10.8,1.0,9.8,9.1,10.8,1.815,45.97,-0.0004,0.4,0.074,15.8,1.15377,0.0005,1.154062,1.154462
2026-08-06 19:55:00,2026-08-07 12:10:00,SELL,1.15223,1.15271,1.15271,1.15127,0.00032,LOSS,SL,-4.8,1.0,-5.8,-6.52,-4.82,-1.207,47.0,-0.001102,6.6,1.368,5.1,1.15223,0.00035,1.15283,1.153932
2026-08-07 12:35:00,2026-08-07 12:50:00,SELL,1.15263,1.15295,1.15295,1.15199,0.00021,LOSS,SL,-3.2,1.0,-4.2,-4.92,-3.22,-1.311,58.08,-0.000148,4.5,1.399,0.6,1.15263,0.00017,1.15233,1.152478
2026-08-07 13:05:00,2026-08-07 14:40:00,SELL,1.15275,1.15308,1.15308,1.15209,0.00022,LOSS,SL,-3.3,1.0,-4.3,-5.0,-3.3,-1.303,55.81,-6e-05,4.8,1.455,1.8,1.15274,0.00024,1.152439,1.152499
2026-08-07 15:25:00,2026-08-07 15:30:00,BUY,1.15302,1.1538,1.15263,1.1538,0.00026,WIN,TP,7.8,1.0,6.8,6.13,7.83,1.744,49.99,0.000221,3.4,0.869,42.2,1.15302,0.0005,1.152836,1.152616
2026-08-07 17:00:00,2026-08-10 07:05:00,BUY,1.15576,1.15483,1.15483,1.15761,0.00062,LOSS,SL,-9.3,1.0,-10.3,-10.96,-9.26,-1.108,48.77,0.001622,9.6,1.037,12.6,1.15576,0.00092,1.15497,1.153349
2026-08-10 07:15:00,2026-08-10 08:50:00,BUY,1.15495,1.15542,1.15471,1.15542,0.00016,WIN,TP,4.7,1.0,3.7,3.05,4.75,1.579,40.86,4.7e-05,1.2,0.506,5.7,1.15495,0.00015,1.15529,1.155243
2026-08-10 09:05:00,2026-08-10 10:35:00,BUY,1.15529,1.15582,1.15503,1.15582,0.00018,WIN,TP,5.3,1.0,4.3,3.57,5.27,1.62,54.61,1e-06,1.0,0.38,8.4,1.1553,0.00026,1.155227,1.155227
2026-08-10 11:55:00,2026-08-10 12:35:00,BUY,1.15611,1.15576,1.15576,1.15681,0.00023,LOSS,SL,-3.5,1.0,-4.5,-5.21,-3.51,-1.285,53.83,0.000365,4.3,1.226,2.7,1.15611,0.00019,1.155777,1.155412
2026-08-10 12:40:00,2026-08-10 14:05:00,BUY,1.15574,1.15536,1.15536,1.1565,0.00025,LOSS,SL,-3.8,1.0,-4.8,-5.5,-3.8,-1.263,41.49,0.000407,4.0,1.053,3.9,1.15574,0.00037,1.155879,1.155473
2026-08-10 15:00:00,2026-08-10 15:25:00,BUY,1.15523,1.15489,1.15489,1.1559,0.00022,LOSS,SL,-3.4,1.0,-4.4,-5.06,-3.36,-1.298,42.38,8.1e-05,5.5,1.638,2.9,1.15523,0.00032,1.155549,1.155468
2026-08-10 16:10:00,2026-08-10 16:15:00,SELL,1.1549,1.15529,1.15529,1.15412,0.00026,LOSS,SL,-3.9,1.0,-4.9,-5.61,-3.91,-1.256,45.07,-0.000134,4.4,1.125,0.4,1.1549,0.00037,1.155258,1.155393
2026-08-10 16:20:00,2026-08-10 16:50:00,SELL,1.15524,1.15442,1.15565,1.15442,0.00027,WIN,TP,8.2,1.0,7.2,6.46,8.16,1.755,55.17,-0.000133,1.3,0.319,8.6,1.15524,0.00026,1.155256,1.155389
2026-08-10 17:10:00,2026-08-10 17:25:00,SELL,1.15479,1.15525,1.15525,1.15388,0.0003,LOSS,SL,-4.6,1.0,-5.6,-6.27,-4.57,-1.219,46.27,-0.00023,6.1,1.336,1.0,1.15479,0.00032,1.155105,1.155335
2026-08-10 17:30:00,2026-08-10 20:10:00,SELL,1.15528,1.15438,1.15573,1.15438,0.0003,WIN,TP,9.0,1.0,8.0,7.32,9.02,1.778,58.93,-0.000225,3.0,0.665,9.2,1.15527,0.0004,1.155098,1.155324
2026-08-10 21:40:00,2026-08-11 00:00:00,SELL,1.15442,1.15472,1.15472,1.15381,0.0002,LOSS,SL,-3.0,1.0,-4.0,-4.73,-3.03,-1.33,46.75,-0.000423,4.8,1.582,4.2,1.15442,0.00014,1.154666,1.155089
2026-08-11 00:10:00,2026-08-11 01:00:00,SELL,1.15417,1.15441,1.15441,1.15369,0.00016,LOSS,SL,-2.4,1.0,-3.4,-4.12,-2.42,-1.413,46.06,-0.000516,2.7,1.116,0.0,1.15418,0.0001,1.154344,1.15486
2026-08-11 01:05:00,2026-08-11 02:55:00,SELL,1.15434,1.15452,1.15452,1.15398,0.00012,LOSS,SL,-1.8,1.0,-2.8,-3.49,-1.79,-1.559,57.76,-0.000482,3.4,1.9,1.2,1.15434,0.00019,1.154315,1.154797
2026-08-11 04:00:00,2026-08-11 04:15:00,SELL,1.15463,1.15487,1.15487,1.15415,0.00016,LOSS,SL,-2.4,1.0,-3.4,-4.1,-2.4,-1.417,52.83,-0.000219,2.8,1.167,3.3,1.15462,0.00023,1.154488,1.154707
2026-08-11 04:25:00,2026-08-11 05:20:00,SELL,1.15477,1.15424,1.15504,1.15424,0.00018,WIN,TP,5.3,1.0,4.3,3.6,5.3,1.623,56.96,-0.000183,2.2,0.83,7.0,1.15477,0.00016,1.154521,1.154705
2026-08-11 06:15:00,2026-08-11 06:30:00,SELL,1.15422,1.15449,1.15449,1.15369,0.00018,LOSS,SL,-2.7,1.0,-3.7,-4.37,-2.67,-1.375,45.58,-0.000236,3.0,1.125,0.4,1.15422,0.00014,1.154403,1.154639
2026-08-11 06:35:00,2026-08-11 07:45:00,SELL,1.15448,1.15395,1.15474,1.15395,0.00018,WIN,TP,5.3,1.0,4.3,3.55,5.25,1.619,55.42,-0.00023,0.7,0.266,5.3,1.15448,0.0001,1.154399,1.154629
2026-08-11 08:00:00,2026-08-11 09:20:00,SELL,1.15429,1.15378,1.15455,1.15378,0.00017,WIN,TP,5.1,1.0,4.1,3.41,5.11,1.609,49.58,-0.000235,0.6,0.235,8.3,1.15428,0.00022,1.154341,1.154576
2026-08-11 10:05:00,2026-08-11 11:00:00,SELL,1.15388,1.15316,1.15424,1.15316,0.00024,WIN,TP,7.2,1.0,6.2,5.53,7.23,1.724,49.36,-0.000383,1.4,0.387,7.4,1.15388,0.00026,1.154048,1.154431
2026-08-11 11:35:00,2026-08-11 11:40:00,SELL,1.15349,1.15384,1.15384,1.15279,0.00023,LOSS,SL,-3.5,1.0,-4.5,-5.2,-3.5,-1.286,47.49,-0.00053,3.9,1.114,1.0,1.15349,0.00019,1.153745,1.154275
2026-08-11 11:45:00,2026-08-11 14:00:00,SELL,1.15381,1.15416,1.15416,1.15312,0.00023,LOSS,SL,-3.5,1.0,-4.5,-5.16,-3.46,-1.289,57.83,-0.00052,5.6,1.618,5.3,1.15381,0.00023,1.153745,1.154264
2026-08-11 14:20:00,2026-08-11 15:55:00,SELL,1.15395,1.15435,1.15435,1.15314,0.00027,LOSS,SL,-4.0,1.0,-5.0,-5.75,-4.05,-1.247,57.0,-0.000406,4.8,1.186,5.7,1.15395,0.00031,1.153689,1.154094
2026-08-11 16:00:00,2026-08-11 16:45:00,SELL,1.15415,1.15459,1.15459,1.15328,0.00029,LOSS,SL,-4.4,1.0,-5.4,-6.05,-4.35,-1.23,58.75,-0.000262,5.9,1.356,2.4,1.15415,0.00039,1.153788,1.15405
2026-08-11 16:55:00,2026-08-11 20:05:00,SELL,1.1545,1.15362,1.15494,1.15362,0.00029,WIN,TP,8.8,1.0,7.8,7.12,8.82,1.773,59.86,-0.0001,1.2,0.272,9.2,1.1545,0.00037,1.153978,1.154077
2026-08-11 20:45:00,2026-08-11 21:35:00,SELL,1.15374,1.15405,1.15405,1.15312,0.00021,LOSS,SL,-3.1,1.0,-4.1,-4.81,-3.11,-1.322,45.82,-0.000116,3.6,1.158,2.0,1.15374,0.00018,1.153922,1.154037
2026-08-11 21:40:00,2026-08-11 23:00:00,SELL,1.15405,1.15432,1.15432,1.1535,0.00018,LOSS,SL,-2.7,1.0,-3.7,-4.43,-2.73,-1.366,59.61,-0.00014,3.4,1.245,1.1,1.15405,0.0002,1.15387,1.15401
2026-08-11 23:20:00,2026-08-11 23:40:00,BUY,1.15418,1.15398,1.15398,1.15458,0.00013,LOSS,SL,-2.0,1.0,-3.0,-3.7,-2.0,-1.499,54.01,9e-06,2.4,1.198,0.3,1.15419,8e-05,1.154052,1.154042
2026-08-11 23:45:00,2026-08-12 03:00:00,BUY,1.15398,1.15439,1.15378,1.15439,0.00014,WIN,TP,4.1,1.0,3.1,2.38,4.08,1.51,41.29,1.5e-05,1.6,0.785,4.8,1.15398,0.00017,1.15406,1.154045
2026-08-12 03:35:00,2026-08-12 03:45:00,BUY,1.15433,1.15415,1.15415,1.1547,0.00012,LOSS,SL,-1.8,1.0,-2.8,-3.55,-1.85,-1.541,51.54,0.000127,2.4,1.299,1.1,1.15433,0.00014,1.154244,1.154116
2026-08-12 04:45:00,2026-08-12 05:00:00,BUY,1.15397,1.15374,1.15374,1.15443,0.00015,LOSS,SL,-2.3,1.0,-3.3,-4.02,-2.32,-1.431,44.95,1.7e-05,2.9,1.249,0.8,1.15397,0.00014,1.154112,1.154095
2026-08-12 05:35:00,2026-08-12 07:15:00,SELL,1.15386,1.15335,1.15411,1.15335,0.00017,WIN,TP,5.1,1.0,4.1,3.36,5.06,1.605,47.16,-6.7e-05,1.6,0.632,5.8,1.15384,0.00026,1.153997,1.154064
2026-08-12 07:45:00,2026-08-12 08:20:00,SELL,1.15359,1.15321,1.15378,1.15321,0.00013,WIN,TP,3.8,1.0,2.8,2.08,3.78,1.471,49.37,-0.000229,0.7,0.37,3.8,1.1536,0.00018,1.153734,1.153962
2026-08-12 08:40:00,2026-08-12 09:55:00,SELL,1.15347,1.15366,1.15366,1.15308,0.00013,LOSS,SL,-1.9,1.0,-2.9,-3.63,-1.93,-1.517,48.48,-0.000287,2.7,1.397,2.0,1.15347,0.00012,1.153618,1.153905
2026-08-12 10:05:00,2026-08-12 10:05:00,SELL,1.15359,1.15384,1.15384,1.1531,0.00016,LOSS,SL,-2.5,1.0,-3.5,-4.17,-2.47,-1.405,55.05,-0.000283,2.9,1.173,0.0,1.15359,0.0002,1.153557,1.153839
2026-08-12 10:25:00,2026-08-12 12:10:00,SELL,1.15378,1.15403,1.15403,1.15328,0.00017,LOSS,SL,-2.5,1.0,-3.5,-4.2,-2.5,-1.401,59.25,-0.000241,3.5,1.402,3.2,1.15378,0.00019,1.153598,1.153839
2026-08-12 12:30:00,2026-08-12 13:45:00,SELL,1.15428,1.15344,1.1547,1.15344,0.00028,WIN,TP,8.4,1.0,7.4,6.74,8.44,1.763,58.99,-5.1e-05,2.0,0.474,10.4,1.15428,0.00053,1.153796,1.153847
2026-08-12 14:20:00,2026-08-12 14:30:00,SELL,1.15358,1.15396,1.15396,1.15281,0.00026,LOSS,SL,-3.8,1.0,-4.8,-5.53,-3.83,-1.261,46.18,-0.000103,4.0,1.044,1.0,1.15358,0.00017,1.153711,1.153814
2026-08-12 14:35:00,2026-08-12 14:45:00,SELL,1.15383,1.1542,1.1542,1.15309,0.00025,LOSS,SL,-3.7,1.0,-4.7,-5.39,-3.69,-1.271,55.1,-9e-05,3.7,1.003,0.3,1.15384,0.00017,1.153724,1.153814
2026-08-12 16:15:00,2026-08-12 17:45:00,BUY,1.15504,1.15416,1.15416,1.15679,0.00058,LOSS,SL,-8.8,1.0,-9.8,-10.47,-8.77,-1.114,53.36,0.000429,8.9,1.015,6.4,1.15504,0.00113,1.154446,1.154017
2026-08-12 18:10:00,2026-08-12 19:05:00,BUY,1.1542,1.15351,1.15351,1.15558,0.00046,LOSS,SL,-6.9,1.0,-7.9,-8.62,-6.92,-1.144,41.09,0.000458,8.6,1.242,2.1,1.15421,0.00041,1.154647,1.154189
2026-08-12 23:00:00,2026-08-12 23:45:00,SELL,1.15226,1.15256,1.15256,1.15166,0.0002,LOSS,SL,-3.0,1.0,-4.0,-4.69,-2.99,-1.334,45.23,-0.000843,3.5,1.17,1.2,1.15226,0.00028,1.152697,1.15354
2026-08-12 23:55:00,2026-08-13 00:00:00,SELL,1.15247,1.15271,1.15271,1.15198,0.00016,LOSS,SL,-2.4,1.0,-3.4,-4.14,-2.44,-1.411,56.05,-0.000843,3.9,1.602,1.0,1.15248,0.00016,1.152572,1.153415
2026-08-13 00:40:00,2026-08-13 01:00:00,SELL,1.15226,1.15249,1.15249,1.15179,0.00016,LOSS,SL,-2.3,1.0,-3.3,-4.03,-2.33,-1.43,45.37,-0.000823,2.8,1.203,0.6,1.15226,7e-05,1.152499,1.153322
2026-08-13 01:05:00,2026-08-13 01:55:00,SELL,1.15244,1.15265,1.15265,1.15201,0.00014,LOSS,SL,-2.1,1.0,-3.1,-3.83,-2.13,-1.469,56.5,-0.000811,2.6,1.218,0.8,1.15244,0.00029,1.152461,1.153272
2026-08-13 03:50:00,2026-08-13 04:15:00,SELL,1.15279,1.15299,1.15299,1.1524,0.00013,LOSS,SL,-2.0,1.0,-3.0,-3.66,-1.96,-1.509,50.31,-0.000425,2.5,1.273,1.3,1.15279,0.00025,1.152696,1.153121
2026-08-13 04:20:00,2026-08-13 04:50:00,SELL,1.15295,1.15252,1.15317,1.15252,0.00014,WIN,TP,4.3,1.0,3.3,2.65,4.35,1.54,57.69,-0.000375,1.6,0.736,5.7,1.15295,0.00017,1.152731,1.153106
2026-08-13 06:40:00,2026-08-13 07:55:00,SELL,1.15228,1.15251,1.15251,1.15183,0.00015,LOSS,SL,-2.3,1.0,-3.3,-3.96,-2.26,-1.442,46.23,-0.000471,4.2,1.858,2.8,1.15228,9e-05,1.152456,1.152927
2026-08-13 08:35:00,2026-08-13 09:10:00,SELL,1.15248,1.15207,1.15269,1.15207,0.00014,WIN,TP,4.1,1.0,3.1,2.45,4.15,1.518,54.86,-0.000401,1.3,0.627,4.4,1.15248,0.00021,1.152405,1.152806
2026-08-13 10:10:00,2026-08-13 10:30:00,SELL,1.1519,1.15222,1.15222,1.15125,0.00022,LOSS,SL,-3.2,1.0,-4.2,-4.95,-3.25,-1.308,45.55,-0.000504,3.8,1.17,2.1,1.1519,0.00014,1.152161,1.152665
2026-08-13 10:35:00,2026-08-13 10:40:00,SELL,1.15212,1.15245,1.15245,1.15145,0.00022,LOSS,SL,-3.3,1.0,-4.3,-5.03,-3.33,-1.3,53.42,-0.000497,4.0,1.2,0.0,1.15212,0.00025,1.152137,1.152634
2026-08-13 11:05:00,2026-08-13 11:40:00,SELL,1.15234,1.1527,1.1527,1.15161,0.00024,LOSS,SL,-3.6,1.0,-4.6,-5.35,-3.65,-1.274,54.34,-0.000414,4.2,1.151,0.6,1.15234,0.0004,1.152211,1.152625
2026-08-13 11:55:00,2026-08-13 12:15:00,SELL,1.15257,1.1529,1.1529,1.15191,0.00022,LOSS,SL,-3.3,1.0,-4.3,-4.98,-3.28,-1.305,55.8,-0.000289,4.2,1.28,2.5,1.15257,0.00029,1.15233,1.152619
2026-08-13 14:55:00,2026-08-13 15:15:00,BUY,1.15347,1.15319,1.15319,1.15403,0.00019,LOSS,SL,-2.8,1.0,-3.8,-4.51,-2.81,-1.356,49.6,0.000365,4.6,1.638,0.3,1.15348,0.00025,1.153229,1.152863
2026-08-13 15:40:00,2026-08-13 15:45:00,BUY,1.15312,1.15389,1.15273,1.15389,0.00026,WIN,TP,7.7,1.0,6.7,6.01,7.71,1.741,40.91,0.000323,1.2,0.311,8.8,1.15312,0.00034,1.153215,1.152892
2026-08-13 16:25:00,2026-08-13 16:35:00,BUY,1.15374,1.1532,1.1532,1.15482,0.00036,LOSS,SL,-5.4,1.0,-6.4,-7.11,-5.41,-1.185,53.02,0.000444,6.7,1.238,0.4,1.15374,0.00048,1.153421,1.152977
2026-08-13 16:40:00,2026-08-13 17:15:00,BUY,1.15338,1.15445,1.15285,1.15445,0.00036,WIN,TP,10.7,1.0,9.7,8.96,10.66,1.812,45.38,0.00043,3.2,0.6,11.8,1.15338,0.00039,1.15342,1.15299
2026-08-13 17:30:00,2026-08-13 18:50:00,BUY,1.15386,1.15321,1.15321,1.15515,0.00043,LOSS,SL,-6.5,1.0,-7.5,-8.16,-6.46,-1.155,53.28,0.000468,7.6,1.176,7.0,1.15386,0.00026,1.153528,1.15306
2026-08-13 19:05:00,2026-08-13 19:15:00,BUY,1.1532,1.15268,1.15268,1.15424,0.00035,LOSS,SL,-5.2,1.0,-6.2,-6.91,-5.21,-1.192,41.62,0.000411,7.1,1.363,1.0,1.15319,0.00025,1.153579,1.153167
2026-08-13 19:45:00,2026-08-14 03:35:00,BUY,1.15289,1.15379,1.15244,1.15379,0.0003,WIN,TP,9.0,1.0,8.0,7.26,8.96,1.777,42.63,0.000219,4.2,0.938,9.0,1.15289,0.00025,1.153356,1.153137
2026-08-14 04:10:00,2026-08-14 04:20:00,BUY,1.15351,1.15328,1.15328,1.15397,0.00015,LOSS,SL,-2.3,1.0,-3.3,-3.99,-2.29,-1.437,51.6,0.000202,2.9,1.268,0.5,1.15351,0.0002,1.15333,1.153128
2026-08-14 04:30:00,2026-08-14 06:20:00,BUY,1.15339,1.15393,1.15312,1.15393,0.00018,WIN,TP,5.4,1.0,4.4,3.71,5.41,1.63,47.09,0.000194,0.5,0.185,5.6,1.15338,0.00025,1.15333,1.153136
2026-08-14 06:55:00,2026-08-14 08:25:00,BUY,1.15367,1.15413,1.15344,1.15413,0.00015,WIN,TP,4.6,1.0,3.6,2.91,4.61,1.566,52.13,0.000284,0.6,0.26,4.7,1.15367,0.00013,1.153545,1.153261
2026-08-14 09:20:00,2026-08-14 10:00:00,BUY,1.15406,1.15456,1.15381,1.15456,0.00017,WIN,TP,5.0,1.0,4.0,3.32,5.02,1.602,53.45,0.000428,1.8,0.717,6.0,1.15406,0.0002,1.153873,1.153445
2026-08-14 12:35:00,2026-08-14 14:15:00,BUY,1.15521,1.15592,1.15486,1.15592,0.00024,WIN,TP,7.1,1.0,6.1,5.38,7.08,1.718,51.06,0.000922,1.1,0.311,10.4,1.15521,0.00035,1.154864,1.153943
2026-08-14 15:45:00,2026-08-14 16:35:00,BUY,1.15661,1.15773,1.15605,1.15773,0.00037,WIN,TP,11.2,1.0,10.2,9.47,11.17,1.821,53.78,0.001365,4.0,0.716,15.2,1.15661,0.00027,1.155995,1.15463
2026-08-14 18:20:00,2026-08-14 19:40:00,BUY,1.15798,1.15741,1.15741,1.15912,0.00038,LOSS,SL,-5.7,1.0,-6.7,-7.42,-5.72,-1.175,54.85,0.001827,6.2,1.084,5.5,1.15797,0.00034,1.157261,1.155434
2026-08-14 19:45:00,2026-08-14 20:00:00,BUY,1.15741,1.15694,1.15694,1.15836,0.00032,LOSS,SL,-4.7,1.0,-5.7,-6.44,-4.74,-1.211,41.07,0.001749,5.0,1.054,0.7,1.15741,0.00039,1.157571,1.155822
2026-08-14 21:30:00,2026-08-17 00:00:00,BUY,1.15663,1.15631,1.15631,1.15726,0.00021,LOSS,SL,-3.2,1.0,-4.2,-4.87,-3.17,-1.315,44.11,0.001032,4.4,1.386,4.2,1.15663,0.00023,1.157002,1.15597
2026-08-17 00:10:00,2026-08-17 00:15:00,BUY,1.15652,1.15623,1.15623,1.1571,0.00019,LOSS,SL,-2.9,2.0,-4.9,-5.6,-2.9,-1.69,42.11,0.000639,3.8,1.312,0.5,1.15652,0.00017,1.156817,1.156178
2026-08-17 00:20:00,2026-08-17 01:35:00,BUY,1.15655,1.15719,1.15623,1.15719,0.00021,WIN,TP,6.4,1.0,5.4,4.71,6.41,1.688,43.32,0.00061,2.0,0.624,6.6,1.15655,0.00043,1.156795,1.156185
2026-08-17 02:55:00,2026-08-17 03:00:00,BUY,1.15727,1.15766,1.15708,1.15766,0.00013,WIN,TP,3.9,1.0,2.9,2.19,3.89,1.486,53.58,0.000638,0.0,0.0,5.7,1.15727,0.00032,1.15706,1.156423
2026-08-17 04:35:00,2026-08-17 07:05:00,BUY,1.15787,1.15846,1.15757,1.15846,0.0002,WIN,TP,5.9,1.0,4.9,4.25,5.95,1.664,53.17,0.00085,0.6,0.202,8.2,1.15787,0.00038,1.157546,1.156696
2026-08-17 08:10:00,2026-08-17 08:50:00,BUY,1.15847,1.15891,1.15825,1.15891,0.00015,WIN,TP,4.4,1.0,3.4,2.67,4.37,1.543,54.43,0.000953,2.0,0.915,4.6,1.15847,0.00011,1.158207,1.157254
2026-08-17 08:55:00,2026-08-17 09:10:00,BUY,1.15866,1.1584,1.1584,1.15917,0.00017,LOSS,SL,-2.6,1.0,-3.6,-4.26,-2.56,-1.39,54.9,0.000968,3.0,1.17,2.8,1.15864,0.00029,1.158342,1.157374
2026-08-17 09:15:00,2026-08-17 09:25:00,BUY,1.15849,1.15907,1.1582,1.15907,0.00019,WIN,TP,5.8,1.0,4.8,4.1,5.8,1.655,47.59,0.000962,0.2,0.069,7.4,1.15849,0.00025,1.158385,1.157424
2026-08-17 11:50:00,2026-08-17 11:50:00,BUY,1.16035,1.15981,1.15981,1.16143,0.00036,LOSS,SL,-5.4,1.0,-6.4,-7.12,-5.42,-1.185,50.73,0.001628,7.3,1.348,0.6,1.16035,0.00034,1.15979,1.158162
2026-08-17 12:00:00,2026-08-17 13:05:00,BUY,1.15988,1.15933,1.15933,1.16098,0.00037,LOSS,SL,-5.5,1.0,-6.5,-7.21,-5.51,-1.181,43.97,0.001594,6.2,1.125,3.6,1.15988,0.0005,1.159787,1.158194
2026-08-17 13:20:00,2026-08-17 13:50:00,BUY,1.15953,1.15909,1.15909,1.1604,0.00029,LOSS,SL,-4.4,1.0,-5.4,-6.07,-4.37,-1.229,40.33,0.001359,4.7,1.076,3.1,1.15953,0.00022,1.159795,1.158436
2026-08-17 14:10:00,2026-08-17 14:15:00,BUY,1.1594,1.15895,1.15895,1.1603,0.0003,LOSS,SL,-4.5,1.0,-5.5,-6.2,-4.5,-1.222,44.67,0.001112,6.2,1.379,0.1,1.15938,0.00034,1.159632,1.158519
2026-08-17 14:35:00,2026-08-17 16:10:00,BUY,1.15908,1.15991,1.15867,1.15991,0.00028,WIN,TP,8.3,1.0,7.3,6.57,8.27,1.758,41.95,0.000971,3.7,0.895,9.0,1.15908,0.00024,1.159512,1.158541
2026-08-17 16:15:00,2026-08-17 16:40:00,BUY,1.15957,1.15906,1.15906,1.16058,0.00034,LOSS,SL,-5.1,1.0,-6.1,-6.77,-5.07,-1.197,53.75,0.000739,5.2,1.026,3.6,1.15957,0.00043,1.159419,1.15868
2026-08-17 16:45:00,2026-08-17 18:00:00,BUY,1.15905,1.1585,1.1585,1.16014,0.00036,LOSS,SL,-5.5,1.0,-6.5,-7.16,-5.46,-1.183,43.01,0.000714,5.6,1.025,8.8,1.15905,0.00039,1.159446,1.158731
2026-08-17 18:50:00,2026-08-17 20:35:00,BUY,1.15865,1.15817,1.15817,1.1596,0.00032,LOSS,SL,-4.8,1.0,-5.8,-6.45,-4.75,-1.21,45.86,0.000269,9.6,2.02,5.3,1.15865,0.0005,1.159034,1.158766
2026-08-17 22:15:00,2026-08-17 22:40:00,SELL,1.15768,1.15802,1.15802,1.15701,0.00022,LOSS,SL,-3.4,1.0,-4.4,-5.06,-3.36,-1.297,47.59,-0.000429,3.7,1.101,0.1,1.15768,0.0004,1.158113,1.158542
2026-08-17 22:45:00,2026-08-18 00:00:00,SELL,1.15802,1.15832,1.15832,1.15742,0.0002,LOSS,SL,-3.0,1.0,-4.0,-4.69,-2.99,-1.334,57.51,-0.000441,5.7,1.906,3.1,1.15802,0.00013,1.158061,1.158503
2026-08-18 00:10:00,2026-08-18 00:15:00,SELL,1.15782,1.15811,1.15811,1.15723,0.0002,LOSS,SL,-2.9,1.3,-4.2,-4.93,-2.93,-1.444,48.69,-0.000437,3.5,1.196,0.3,1.15781,0.0005,1.157966,1.158403
2026-08-18 00:20:00,2026-08-18 02:30:00,SELL,1.15789,1.15819,1.15819,1.1573,0.0002,LOSS,SL,-3.0,1.6,-4.6,-5.27,-2.97,-1.539,51.25,-0.000434,3.1,1.045,1.7,1.15789,0.00035,1.157957,1.158392
2026-08-18 03:15:00,2026-08-18 03:30:00,SELL,1.15825,1.15789,1.15843,1.15789,0.00012,WIN,TP,3.6,1.0,2.6,1.91,3.61,1.446,59.86,-0.000246,0.9,0.499,4.9,1.15825,0.00015,1.158032,1.158277
2026-08-18 03:40:00,2026-08-18 04:10:00,SELL,1.15817,1.15839,1.15839,1.15773,0.00015,LOSS,SL,-2.2,1.0,-3.2,-3.92,-2.22,-1.45,53.26,-0.000226,4.1,1.847,2.1,1.15816,0.00033,1.158043,1.158268
2026-08-18 04:20:00,2026-08-18 05:10:00,SELL,1.15822,1.15767,1.1585,1.15767,0.00018,WIN,TP,5.5,1.0,4.5,3.84,5.54,1.639,52.28,-0.00017,2.0,0.722,5.6,1.15822,0.00042,1.158095,1.158265
2026-08-18 05:50:00,2026-08-18 06:35:00,SELL,1.15786,1.15733,1.15812,1.15733,0.00018,WIN,TP,5.3,1.0,4.3,3.56,5.26,1.619,47.41,-0.000228,1.8,0.685,6.4,1.15786,0.00023,1.157975,1.158204
2026-08-18 07:50:00,2026-08-18 08:05:00,SELL,1.15747,1.15697,1.15772,1.15697,0.00017,WIN,TP,5.0,1.0,4.0,3.26,4.96,1.597,52.03,-0.00044,0.1,0.04,5.5,1.15747,0.00027,1.157592,1.158031
2026-08-18 08:30:00,2026-08-18 09:05:00,SELL,1.15726,1.15676,1.15751,1.15676,0.00017,WIN,TP,5.0,1.0,4.0,3.26,4.96,1.597,48.87,-0.000497,2.1,0.846,5.6,1.15726,0.00019,1.157465,1.157962
2026-08-18 09:30:00,2026-08-18 10:25:00,SELL,1.15724,1.15758,1.15758,1.15657,0.00022,LOSS,SL,-3.4,1.0,-4.4,-5.06,-3.36,-1.298,51.95,-0.000533,3.8,1.133,5.8,1.15724,0.00022,1.157334,1.157868
2026-08-18 10:30:00,2026-08-18 12:30:00,SELL,1.15746,1.15783,1.15783,1.15671,0.00025,LOSS,SL,-3.7,1.0,-4.7,-5.44,-3.74,-1.267,58.02,-0.000514,4.7,1.257,5.5,1.15746,0.00029,1.157274,1.157788
2026-08-18 12:40:00,2026-08-18 16:30:00,SELL,1.1577,1.15803,1.15803,1.15705,0.00022,LOSS,SL,-3.3,1.0,-4.3,-4.97,-3.27,-1.306,59.54,-0.00031,3.6,1.102,6.3,1.1577,0.00026,1.157399,1.157709
2026-08-18 16:35:00,2026-08-18 16:40:00,SELL,1.15797,1.15849,1.15849,1.15693,0.00035,LOSS,SL,-5.2,1.0,-6.2,-6.92,-5.22,-1.192,58.16,-9.5e-05,5.3,1.015,1.2,1.15798,0.00099,1.157568,1.157663
2026-08-18 16:45:00,2026-08-18 17:10:00,SELL,1.15804,1.15858,1.15858,1.15696,0.00036,LOSS,SL,-5.4,1.0,-6.4,-7.09,-5.39,-1.186,56.41,-5.6e-05,6.6,1.226,2.5,1.15804,0.00049,1.157618,1.157674
2026-08-18 17:40:00,2026-08-18 20:05:00,BUY,1.15816,1.15761,1.15761,1.15926,0.00037,LOSS,SL,-5.5,1.0,-6.5,-7.2,-5.5,-1.182,51.89,0.000133,6.0,1.091,6.7,1.15816,0.00038,1.157875,1.157742
2026-08-18 20:20:00,2026-08-18 23:00:00,BUY,1.15767,1.15732,1.15732,1.15838,0.00024,LOSS,SL,-3.5,1.0,-4.5,-5.23,-3.53,-1.284,40.39,0.000149,4.4,1.248,4.2,1.15767,0.00014,1.157971,1.157822
2026-08-18 23:35:00,2026-08-19 00:00:00,SELL,1.15744,1.15767,1.15767,1.15698,0.00015,LOSS,SL,-2.3,1.0,-3.3,-4.02,-2.32,-1.431,45.52,-0.000108,2.4,1.035,1.4,1.15744,0.00017,1.157634,1.157742
2026-08-19 00:05:00,2026-08-19 00:20:00,SELL,1.15752,1.15775,1.15775,1.15706,0.00015,LOSS,SL,-2.3,1.6,-3.9,-4.6,-2.3,-1.695,50.89,-0.00013,2.8,1.216,0.0,1.15752,0.0002,1.157594,1.157725
2026-08-19 00:35:00,2026-08-19 03:00:00,SELL,1.15773,1.15794,1.15794,1.15732,0.00014,LOSS,SL,-2.1,1.2,-3.3,-3.95,-2.05,-1.585,59.54,-0.000106,2.4,1.171,3.9,1.15773,0.00015,1.157617,1.157723
2026-08-19 03:35:00,2026-08-19 04:15:00,SELL,1.15763,1.15707,1.15791,1.15707,0.00019,WIN,TP,5.6,1.0,4.6,3.86,5.56,1.64,47.12,-3.7e-05,2.0,0.72,6.2,1.15763,0.00046,1.157662,1.157699
2026-08-19 04:35:00,2026-08-19 05:05:00,SELL,1.15752,1.15784,1.15784,1.15688,0.00021,LOSS,SL,-3.2,1.0,-4.2,-4.92,-3.22,-1.31,49.56,-9.8e-05,5.2,1.614,0.1,1.15752,0.0002,1.15757,1.157668
2026-08-19 06:35:00,2026-08-19 08:50:00,BUY,1.15822,1.15885,1.1579,1.15885,0.00021,WIN,TP,6.3,1.0,5.3,4.62,6.32,1.683,54.26,0.00018,1.4,0.443,6.7,1.15823,0.00021,1.15795,1.157769
2026-08-19 10:45:00,2026-08-19 11:05:00,BUY,1.15939,1.16007,1.15905,1.16007,0.00023,WIN,TP,6.8,1.0,5.8,5.07,6.77,1.705,54.85,0.000749,0.2,0.059,7.2,1.1594,0.0004,1.158984,1.158234
2026-08-19 12:00:00,2026-08-19 12:50:00,BUY,1.15981,1.16068,1.15937,1.16068,0.00029,WIN,TP,8.7,1.0,7.7,7.02,8.72,1.771,51.98,0.000948,1.7,0.39,10.1,1.15981,0.00037,1.159419,1.158471
2026-08-19 13:55:00,2026-08-19 14:05:00,BUY,1.16074,1.16039,1.16039,1.16143,0.00023,LOSS,SL,-3.5,1.0,-4.5,-5.16,-3.46,-1.289,54.99,0.001279,4.2,1.212,1.2,1.16073,0.00034,1.160198,1.158919
2026-08-19 14:10:00,2026-08-19 14:40:00,BUY,1.16035,1.15998,1.15998,1.1611,0.00025,LOSS,SL,-3.7,1.0,-4.7,-5.43,-3.73,-1.268,42.15,0.001269,4.2,1.125,3.2,1.16034,0.00037,1.160235,1.158967
2026-08-19 14:50:00,2026-08-19 15:30:00,BUY,1.16046,1.16129,1.16005,1.16129,0.00028,WIN,TP,8.3,1.0,7.3,6.57,8.27,1.758,49.03,0.00121,2.4,0.58,15.3,1.16047,0.00049,1.16029,1.15908
2026-08-19 18:25:00,2026-08-19 21:55:00,BUY,1.16574,1.1675,1.16486,1.1675,0.00059,WIN,TP,17.6,1.0,16.6,15.91,17.61,1.886,50.65,0.003434,0.6,0.068,17.8,1.16574,0.0007,1.164514,1.161079
2026-08-19 22:45:00,2026-08-20 09:45:00,BUY,1.16735,1.16839,1.16683,1.16839,0.00035,WIN,TP,10.4,1.0,9.4,8.71,10.41,1.808,54.69,0.003254,3.5,0.673,14.1,1.16735,0.00022,1.166668,1.163414
2026-08-20 10:25:00,2026-08-20 10:40:00,BUY,1.16799,1.16888,1.16754,1.16888,0.0003,WIN,TP,8.9,1.0,7.9,7.23,8.93,1.776,51.59,0.001163,1.7,0.381,13.6,1.16799,0.00033,1.167799,1.166635
2026-08-20 13:40:00,2026-08-20 13:50:00,BUY,1.17042,1.16989,1.16989,1.17148,0.00035,LOSS,SL,-5.3,1.0,-6.3,-7.02,-5.32,-1.188,53.41,0.001968,9.6,1.806,0.2,1.17042,0.00049,1.169673,1.167706
2026-08-20 14:00:00,2026-08-20 14:10:00,BUY,1.16971,1.16916,1.16916,1.17081,0.00037,LOSS,SL,-5.5,1.0,-6.5,-7.19,-5.49,-1.182,42.78,0.001912,6.8,1.238,1.1,1.16971,0.00032,1.169703,1.167791
2026-08-20 14:25:00,2026-08-20 14:40:00,BUY,1.16937,1.16882,1.16882,1.17047,0.00037,LOSS,SL,-5.5,1.0,-6.5,-7.2,-5.5,-1.182,41.26,0.001761,6.3,1.146,3.1,1.16937,0.00039,1.169624,1.167863
2026-08-20 15:20:00,2026-08-20 15:30:00,BUY,1.16864,1.16801,1.16801,1.1699,0.00042,LOSS,SL,-6.3,1.0,-7.3,-7.98,-6.28,-1.159,40.99,0.001333,7.6,1.21,3.7,1.16864,0.00042,1.169283,1.16795
2026-08-20 15:40:00,2026-08-20 16:45:00,BUY,1.16833,1.16762,1.16762,1.16974,0.00047,LOSS,SL,-7.1,1.0,-8.1,-8.76,-7.06,-1.142,40.71,0.001186,7.5,1.062,11.4,1.16833,0.00052,1.169155,1.167969
2026-08-20 17:25:00,2026-08-20 18:00:00,BUY,1.16785,1.16927,1.16714,1.16927,0.00047,WIN,TP,14.2,1.0,13.2,12.47,14.17,1.859,44.17,0.000564,3.4,0.48,15.3,1.16786,0.00062,1.168587,1.168023
2026-08-20 18:10:00,2026-08-20 18:40:00,BUY,1.16805,1.16724,1.16724,1.16968,0.00054,LOSS,SL,-8.1,1.0,-9.1,-9.84,-8.14,-1.123,46.97,0.000452,8.2,1.007,4.9,1.16805,0.00121,1.168497,1.168045
2026-08-20 18:50:00,2026-08-21 04:30:00,BUY,1.16759,1.16922,1.16677,1.16922,0.00054,WIN,TP,16.3,1.0,15.3,14.64,16.34,1.878,43.49,0.000304,6.7,0.82,17.1,1.16759,0.00056,1.168342,1.168038
2026-08-21 04:55:00,2026-08-21 05:20:00,BUY,1.16888,1.16957,1.16853,1.16957,0.00023,WIN,TP,6.9,1.0,5.9,5.21,6.91,1.711,54.9,0.000438,0.8,0.232,8.1,1.16888,0.00028,1.168537,1.168099
2026-08-21 06:30:00,2026-08-21 07:40:00,BUY,1.16947,1.16913,1.16913,1.17015,0.00023,LOSS,SL,-3.4,1.0,-4.4,-5.11,-3.41,-1.293,52.99,0.000729,3.7,1.086,0.7,1.16947,0.00014,1.169073,1.168344
2026-08-21 07:45:00,2026-08-21 08:45:00,BUY,1.16919,1.16972,1.16893,1.16972,0.00018,WIN,TP,5.3,1.0,4.3,3.57,5.27,1.62,43.57,0.000707,1.7,0.645,5.6,1.16919,0.00017,1.16919,1.168482
2026-08-21 09:05:00,2026-08-21 09:20:00,BUY,1.16941,1.16909,1.16909,1.17006,0.00022,LOSS,SL,-3.2,1.0,-4.2,-4.94,-3.24,-1.309,49.94,0.00068,3.9,1.204,0.8,1.16941,0.0005,1.169297,1.168617
2026-08-21 09:30:00,2026-08-21 10:00:00,BUY,1.1692,1.16996,1.16882,1.16996,0.00025,WIN,TP,7.6,1.0,6.6,5.86,7.56,1.735,45.61,0.000638,0.2,0.053,8.4,1.1692,0.00036,1.169285,1.168647
2026-08-21 10:10:00,2026-08-21 10:30:00,BUY,1.16951,1.16908,1.16908,1.17036,0.00028,LOSS,SL,-4.3,1.0,-5.3,-5.97,-4.27,-1.234,50.92,0.000653,5.2,1.218,4.3,1.16951,0.00048,1.169374,1.16872
2026-08-21 10:35:00,2026-08-21 10:40:00,BUY,1.16959,1.16909,1.16909,1.17058,0.00033,LOSS,SL,-5.0,1.0,-6.0,-6.67,-4.97,-1.201,51.75,0.00065,6.7,1.349,0.4,1.16959,0.00066,1.169413,1.168763
2026-08-21 10:45:00,2026-08-21 11:40:00,BUY,1.16898,1.17002,1.16846,1.17002,0.00035,WIN,TP,10.4,1.0,9.4,8.73,10.43,1.808,40.83,0.000625,3.1,0.595,15.2,1.16899,0.00058,1.169397,1.168772
2026-08-21 13:00:00,2026-08-21 15:15:00,BUY,1.17003,1.16948,1.16948,1.17112,0.00036,LOSS,SL,-5.5,1.0,-6.5,-7.16,-5.46,-1.183,46.53,0.000837,5.7,1.044,10.5,1.17002,0.00046,1.169916,1.169079
2026-08-21 15:25:00,2026-08-21 15:30:00,BUY,1.16973,1.16919,1.16919,1.17082,0.00036,LOSS,SL,-5.4,1.0,-6.4,-7.14,-5.44,-1.184,41.24,0.000719,5.5,1.012,0.7,1.16973,0.00028,1.170091,1.169372
2026-08-21 16:55:00,2026-08-21 17:00:00,BUY,1.16843,1.16787,1.16787,1.16956,0.00038,LOSS,SL,-5.6,1.0,-6.6,-7.34,-5.64,-1.177,41.15,5.9e-05,6.0,1.064,1.3,1.16843,0.00035,1.169306,1.169247
2026-08-21 18:30:00,2026-08-21 18:50:00,SELL,1.16764,1.16822,1.16822,1.16648,0.00039,LOSS,SL,-5.8,1.0,-6.8,-7.48,-5.78,-1.173,46.54,-0.00061,6.7,1.158,1.1,1.16763,0.00041,1.168336,1.168946
2026-08-21 18:55:00,2026-08-24 10:15:00,SELL,1.16829,1.1672,1.16883,1.1672,0.00036,WIN,TP,10.9,1.0,9.9,9.18,10.88,1.816,57.8,-0.00063,4.6,0.846,12.2,1.16829,0.00037,1.168268,1.168898
2026-08-24 10:30:00,2026-08-24 10:40:00,SELL,1.16757,1.1668,1.16796,1.1668,0.00026,WIN,TP,7.7,1.0,6.7,6.05,7.75,1.742,45.26,-0.000267,1.1,0.284,9.8,1.16757,0.00036,1.167808,1.168075
2026-08-24 12:50:00,2026-08-24 14:25:00,SELL,1.1664,1.16679,1.16679,1.16561,0.00026,LOSS,SL,-3.9,1.0,-4.9,-5.63,-3.93,-1.255,45.37,-0.000804,4.1,1.044,2.1,1.1664,0.00024,1.166882,1.167685
2026-08-24 14:30:00,2026-08-24 14:35:00,SELL,1.16673,1.16708,1.16708,1.16604,0.00023,LOSS,SL,-3.5,1.0,-4.5,-5.17,-3.47,-1.288,56.98,-0.000798,6.4,1.846,1.8,1.16672,0.00013,1.166672,1.16747
2026-08-24 14:40:00,2026-08-24 15:20:00,SELL,1.16664,1.16706,1.16706,1.1658,0.00028,LOSS,SL,-4.2,1.0,-5.2,-5.9,-4.2,-1.238,53.59,-0.000781,6.0,1.43,4.5,1.16664,0.00076,1.166673,1.167455
2026-08-24 15:35:00,2026-08-24 16:20:00,SELL,1.16692,1.16745,1.16745,1.16585,0.00036,LOSS,SL,-5.3,1.0,-6.3,-7.04,-5.34,-1.187,55.73,-0.00067,5.6,1.049,2.6,1.16692,0.00088,1.166713,1.167383
2026-08-24 16:30:00,2026-08-24 20:20:00,SELL,1.16701,1.16602,1.16751,1.16602,0.00033,WIN,TP,9.9,1.0,8.9,8.21,9.91,1.798,52.45,-0.000504,2.4,0.485,13.4,1.16701,0.00037,1.166848,1.167352
2026-08-24 21:20:00,2026-08-24 21:25:00,SELL,1.16614,1.16652,1.16652,1.16539,0.00025,LOSS,SL,-3.8,1.0,-4.8,-5.46,-3.76,-1.266,49.04,-0.000604,3.9,1.038,0.1,1.16614,0.00027,1.166364,1.166968
2026-08-24 21:30:00,2026-08-25 00:05:00,SELL,1.16649,1.16572,1.16687,1.16572,0.00026,WIN,TP,7.7,1.0,6.7,5.98,7.68,1.74,58.99,-0.00059,0.5,0.13,9.2,1.16649,0.00024,1.166366,1.166956
2026-08-25 00:10:00,2026-08-25 00:45:00,SELL,1.16621,1.1665,1.1665,1.16562,0.0002,LOSS,SL,-2.9,1.3,-4.2,-4.93,-2.93,-1.443,47.36,-0.000476,3.3,1.125,1.0,1.16621,0.00074,1.166284,1.16676
2026-08-25 00:55:00,2026-08-25 02:50:00,SELL,1.16642,1.16664,1.16664,1.16598,0.00015,LOSS,SL,-2.2,1.1,-3.3,-3.99,-2.19,-1.501,55.65,-0.000409,4.4,2.005,0.9,1.16642,0.00018,1.166319,1.166729
2026-08-25 03:55:00,2026-08-25 04:50:00,SELL,1.16676,1.1663,1.16699,1.1663,0.00015,WIN,TP,4.6,1.0,3.6,2.94,4.64,1.569,52.16,-9.7e-05,1.7,0.733,4.8,1.16676,0.00027,1.166604,1.166701
2026-08-25 05:25:00,2026-08-25 05:55:00,SELL,1.16642,1.16589,1.16669,1.16589,0.00018,WIN,TP,5.3,1.0,4.3,3.64,5.34,1.625,45.72,-0.000133,0.6,0.225,5.4,1.16641,0.00016,1.166533,1.166666
2026-08-25 09:15:00,2026-08-25 09:45:00,SELL,1.16573,1.16526,1.16597,1.16526,0.00016,WIN,TP,4.7,1.0,3.7,3.02,4.72,1.577,54.4,-0.000525,1.8,0.762,5.3,1.16573,0.00036,1.16581,1.166335
2026-08-25 10:05:00,2026-08-25 10:15:00,SELL,1.16579,1.16613,1.16613,1.16512,0.00022,LOSS,SL,-3.4,1.0,-4.4,-5.06,-3.36,-1.297,56.24,-0.000536,5.1,1.516,1.8,1.16578,0.00054,1.165724,1.166261
2026-08-25 10:30:00,2026-08-25 11:20:00,SELL,1.16586,1.16622,1.16622,1.16514,0.00024,LOSS,SL,-3.6,1.0,-4.6,-5.29,-3.59,-1.279,53.96,-0.000476,6.3,1.756,2.5,1.16586,0.00033,1.165771,1.166247
2026-08-25 12:30:00,2026-08-25 12:30:00,SELL,1.16668,1.16715,1.16715,1.16574,0.00031,LOSS,SL,-4.7,1.0,-5.7,-6.39,-4.69,-1.213,56.66,-8.1e-05,6.3,1.344,0.4,1.16667,0.00033,1.166189,1.166271
2026-08-25 12:40:00,2026-08-25 16:10:00,SELL,1.16678,1.16727,1.16727,1.1658,0.00033,LOSS,SL,-4.9,1.0,-5.9,-6.6,-4.9,-1.204,55.56,-3.3e-05,7.6,1.552,9.4,1.16678,0.00058,1.166252,1.166285
2026-08-25 17:05:00,2026-08-26 07:15:00,BUY,1.1669,1.16635,1.16635,1.16799,0.00036,LOSS,SL,-5.5,1.0,-6.5,-7.16,-5.46,-1.183,52.67,0.000215,6.5,1.19,10.7,1.1669,0.00053,1.166599,1.166384
2026-08-26 08:20:00,2026-08-26 08:35:00,SELL,1.16644,1.16666,1.16666,1.166,0.00015,LOSS,SL,-2.2,1.0,-3.2,-3.89,-2.19,-1.457,51.18,-0.0003,2.4,1.096,0.8,1.16644,0.00039,1.166623,1.166923
2026-08-26 08:40:00,2026-08-26 09:30:00,SELL,1.16658,1.16614,1.1668,1.16614,0.00015,WIN,TP,4.4,1.0,3.4,2.68,4.38,1.543,56.7,-0.000301,1.1,0.502,4.4,1.16658,0.00017,1.166606,1.166907
2026-08-26 09:45:00,2026-08-26 09:55:00,SELL,1.16638,1.16667,1.16667,1.16581,0.00019,LOSS,SL,-2.9,1.0,-3.9,-4.57,-2.87,-1.349,50.47,-0.000342,3.7,1.29,0.1,1.16638,0.00027,1.166496,1.166838
2026-08-26 10:55:00,2026-08-26 11:05:00,SELL,1.16686,1.16718,1.16718,1.16621,0.00022,LOSS,SL,-3.2,1.0,-4.2,-4.94,-3.24,-1.308,55.99,-0.000175,5.0,1.542,0.7,1.16686,0.00028,1.166669,1.166844
2026-08-26 11:55:00,2026-08-26 12:00:00,BUY,1.16722,1.16689,1.16689,1.16788,0.00022,LOSS,SL,-3.3,1.0,-4.3,-5.02,-3.32,-1.302,54.14,3.8e-05,3.7,1.116,0.5,1.16722,0.00024,1.166944,1.166905
2026-08-26 12:05:00,2026-08-26 12:05:00,BUY,1.16704,1.16669,1.16669,1.16775,0.00024,LOSS,SL,-3.5,1.0,-4.5,-5.25,-3.55,-1.282,47.15,4.5e-05,3.8,1.072,0.0,1.16704,0.00028,1.166954,1.166909
2026-08-26 12:55:00,2026-08-26 13:55:00,SELL,1.16683,1.16616,1.16717,1.16616,0.00022,WIN,TP,6.7,1.0,5.7,5.04,6.74,1.703,48.62,-3.3e-05,0.5,0.148,7.3,1.16683,0.00029,1.16685,1.166883
2026-08-26 14:05:00,2026-08-26 14:50:00,SELL,1.16647,1.1668,1.1668,1.16582,0.00022,LOSS,SL,-3.3,1.0,-4.3,-4.95,-3.25,-1.307,45.75,-0.000154,3.6,1.107,4.4,1.16647,0.00041,1.16667,1.166825
2026-08-26 14:55:00,2026-08-26 15:10:00,SELL,1.1668,1.16714,1.16714,1.16612,0.00023,LOSS,SL,-3.4,1.0,-4.4,-5.08,-3.38,-1.296,58.13,-0.000186,5.3,1.57,0.5,1.1668,0.00023,1.166603,1.16679
2026-08-26 18:10:00,2026-08-27 03:00:00,SELL,1.16515,1.16567,1.16567,1.1641,0.00035,LOSS,SL,-5.2,1.0,-6.2,-6.94,-5.24,-1.191,49.64,-0.000814,5.4,1.031,4.5,1.16515,0.0005,1.165576,1.166389
2026-08-27 03:05:00,2026-08-27 03:30:00,SELL,1.16562,1.1658,1.1658,1.16527,0.00012,LOSS,SL,-1.8,1.0,-2.8,-3.47,-1.77,-1.564,59.94,-0.000267,2.1,1.184,1.4,1.16562,0.00024,1.165414,1.165681
2026-08-27 03:40:00,2026-08-27 04:15:00,SELL,1.16562,1.16581,1.16581,1.16525,0.00012,LOSS,SL,-1.9,1.0,-2.9,-3.55,-1.85,-1.54,54.33,-0.000207,1.9,1.026,2.3,1.16562,0.00019,1.165471,1.165678
2026-08-27 04:20:00,2026-08-27 08:50:00,SELL,1.16579,1.16531,1.16603,1.16531,0.00016,WIN,TP,4.8,1.0,3.8,3.11,4.81,1.584,58.34,-0.000157,1.6,0.666,6.0,1.16578,0.00016,1.165519,1.165675
2026-08-27 09:00:00,2026-08-27 11:00:00,SELL,1.16543,1.16565,1.16565,1.16499,0.00015,LOSS,SL,-2.2,1.0,-3.2,-3.88,-2.18,-1.458,45.8,-8.9e-05,3.1,1.421,2.6,1.16544,0.00016,1.165537,1.165626
2026-08-27 11:05:00,2026-08-27 11:25:00,SELL,1.16561,1.16502,1.16591,1.16502,0.0002,WIN,TP,5.9,1.0,4.9,4.23,5.93,1.663,57.12,-0.000122,2.0,0.674,6.1,1.1656,0.00032,1.165455,1.165576
2026-08-27 13:20:00,2026-08-27 14:10:00,SELL,1.16462,1.16379,1.16503,1.16379,0.00028,WIN,TP,8.3,1.0,7.3,6.56,8.26,1.758,49.77,-0.000477,2.1,0.508,8.3,1.16463,0.00037,1.164886,1.165363
2026-08-27 14:55:00,2026-08-27 16:05:00,SELL,1.16429,1.16473,1.16473,1.16341,0.00029,LOSS,SL,-4.4,1.0,-5.4,-6.08,-4.38,-1.228,52.36,-0.000693,4.9,1.117,3.3,1.16429,0.00061,1.164448,1.165141
2026-08-27 17:05:00,2026-08-27 17:05:00,SELL,1.16527,1.16579,1.16579,1.16423,0.00035,LOSS,SL,-5.2,1.0,-6.2,-6.89,-5.19,-1.193,59.47,-0.000326,5.3,1.021,1.1,1.16527,0.00026,1.164733,1.165059
2026-08-27 17:15:00,2026-08-28 12:40:00,SELL,1.16515,1.1641,1.16568,1.1641,0.00035,WIN,TP,10.5,1.0,9.5,8.82,10.52,1.81,54.19,-0.000284,3.9,0.741,11.2,1.16515,0.00054,1.164781,1.165065
2026-08-28 13:10:00,2026-08-28 13:30:00,SELL,1.16419,1.16447,1.16447,1.16362,0.00019,LOSS,SL,-2.8,1.0,-3.8,-4.54,-2.84,-1.352,45.21,-0.000352,3.8,1.337,1.9,1.16418,0.00016,1.164394,1.164746
2026-08-28 13:35:00,2026-08-28 13:55:00,SELL,1.16456,1.16485,1.16485,1.16398,0.00019,LOSS,SL,-2.9,1.0,-3.9,-4.61,-2.91,-1.343,59.97,-0.000345,3.6,1.235,0.5,1.16456,0.0002,1.16438,1.164725
2026-08-28 14:15:00,2026-08-28 15:30:00,SELL,1.1647,1.16414,1.16498,1.16414,0.00019,WIN,TP,5.6,1.0,4.6,3.94,5.64,1.645,57.44,-0.000251,1.3,0.461,6.7,1.1647,0.00019,1.164473,1.164724
2026-08-28 15:55:00,2026-08-28 15:55:00,SELL,1.16428,1.16463,1.16463,1.16359,0.00023,LOSS,SL,-3.5,1.0,-4.5,-5.17,-3.47,-1.288,45.96,-0.000248,7.6,2.192,0.0,1.16428,0.00018,1.164419,1.164667
2026-08-28 16:10:00,2026-08-28 16:55:00,SELL,1.16474,1.16401,1.16511,1.16401,0.00024,WIN,TP,7.3,1.0,6.3,5.62,7.32,1.727,59.01,-0.000207,0.1,0.027,10.1,1.16474,0.00032,1.164464,1.164671
2026-08-28 22:10:00,2026-08-28 22:25:00,SELL,1.1582,1.15859,1.15859,1.15741,0.00026,LOSS,SL,-3.9,1.0,-4.9,-5.63,-3.93,-1.254,45.33,-0.002987,4.4,1.12,1.0,1.1582,0.00022,1.159079,1.162066
2026-08-28 22:30:00,2026-08-31 00:00:00,SELL,1.15859,1.15786,1.15896,1.15786,0.00024,WIN,TP,7.3,1.0,6.3,5.62,7.32,1.727,57.56,-0.002946,1.9,0.519,9.6,1.15859,0.00017,1.158976,1.161922
2026-08-31 01:05:00,2026-08-31 01:30:00,SELL,1.15808,1.15835,1.15835,1.15755,0.00018,LOSS,SL,-2.7,1.0,-3.7,-4.37,-2.67,-1.375,48.14,-0.002544,2.7,1.012,0.3,1.15808,0.00036,1.158388,1.160932
2026-08-31 01:35:00,2026-08-31 02:00:00,SELL,1.15832,1.15857,1.15857,1.15782,0.00017,LOSS,SL,-2.5,1.0,-3.5,-4.18,-2.48,-1.404,59.16,-0.002425,3.1,1.252,0.3,1.15832,0.00021,1.158348,1.160773
2026-08-31 02:10:00,2026-08-31 02:20:00,SELL,1.15838,1.15863,1.15863,1.15789,0.00016,LOSS,SL,-2.5,1.0,-3.5,-4.16,-2.46,-1.406,55.72,-0.002248,2.9,1.178,0.2,1.15838,0.00025,1.158366,1.160614
2026-08-31 03:25:00,2026-08-31 03:50:00,SELL,1.15892,1.15921,1.15921,1.15833,0.0002,LOSS,SL,-2.9,1.0,-3.9,-4.64,-2.94,-1.341,58.24,-0.00177,4.5,1.533,3.6,1.15892,0.00029,1.158598,1.160369
2026-08-31 04:10:00,2026-08-31 04:30:00,SELL,1.1588,1.15914,1.15914,1.15812,0.00023,LOSS,SL,-3.4,1.0,-4.4,-5.1,-3.4,-1.294,47.54,-0.00152,3.9,1.147,1.0,1.15879,0.00042,1.158734,1.160255
2026-08-31 04:35:00,2026-08-31 04:40:00,SELL,1.15907,1.1594,1.1594,1.1584,0.00022,LOSS,SL,-3.3,1.0,-4.3,-5.04,-3.34,-1.299,56.23,-0.001419,3.8,1.138,0.4,1.15907,0.00018,1.158772,1.16019
2026-08-31 04:50:00,2026-08-31 09:55:00,SELL,1.15923,1.15857,1.15956,1.15857,0.00022,WIN,TP,6.6,1.0,5.6,4.89,6.59,1.697,58.85,-0.001336,1.4,0.425,7.5,1.15922,0.0002,1.158827,1.160163
2026-08-31 10:00:00,2026-08-31 10:20:00,SELL,1.15889,1.15923,1.15923,1.15822,0.00022,LOSS,SL,-3.4,1.0,-4.4,-5.07,-3.37,-1.297,49.78,-0.000693,7.1,2.11,4.2,1.15889,0.00045,1.158935,1.159628
2026-08-31 11:15:00,2026-08-31 14:20:00,SELL,1.15982,1.16026,1.16026,1.15893,0.0003,LOSS,SL,-4.4,1.0,-5.4,-6.13,-4.43,-1.226,57.72,-0.000353,4.7,1.061,5.2,1.15982,0.00027,1.159275,1.159628
2026-08-31 14:35:00,2026-08-31 14:55:00,BUY,1.16,1.15965,1.15965,1.16069,0.00023,LOSS,SL,-3.5,1.0,-4.5,-5.16,-3.46,-1.289,53.86,5.9e-05,4.3,1.242,2.2,1.16,0.00029,1.159764,1.159706
2026-08-31 15:00:00,2026-08-31 15:35:00,BUY,1.15965,1.15928,1.15928,1.16039,0.00025,LOSS,SL,-3.7,1.0,-4.7,-5.41,-3.71,-1.269,42.48,6.4e-05,4.9,1.32,3.6,1.15965,0.00035,1.159776,1.159712
2026-08-31 16:00:00,2026-08-31 16:25:00,SELL,1.15953,1.15995,1.15995,1.1587,0.00028,LOSS,SL,-4.2,1.0,-5.2,-5.86,-4.16,-1.24,45.27,-4e-06,5.8,1.394,1.7,1.15954,0.00028,1.159691,1.159696
2026-08-31 16:45:00,2026-08-31 17:25:00,BUY,1.15959,1.1605,1.15913,1.1605,0.0003,WIN,TP,9.1,1.0,8.1,7.44,9.14,1.781,45.79,1.8e-05,1.4,0.306,9.5,1.15959,0.00058,1.159721,1.159703
2026-08-31 19:40:00,2026-09-01 03:20:00,BUY,1.16146,1.16225,1.16106,1.16225,0.00026,WIN,TP,7.9,1.0,6.9,6.21,7.91,1.747,54.72,0.000786,2.1,0.531,9.3,1.16146,0.00021,1.160912,1.160125
2026-09-01 03:50:00,2026-09-01 04:05:00,BUY,1.162,1.16169,1.16169,1.16262,0.00021,LOSS,SL,-3.1,1.0,-4.1,-4.78,-3.08,-1.324,53.6,0.000667,5.4,1.751,1.9,1.162,0.00029,1.161776,1.161108
2026-09-01 05:25:00,2026-09-01 05:35:00,BUY,1.16102,1.1607,1.1607,1.16166,0.00021,LOSS,SL,-3.2,1.0,-4.2,-4.88,-3.18,-1.314,42.98,0.000305,3.3,1.038,0.2,1.16102,0.00018,1.161422,1.161117
2026-09-01 05:55:00,2026-09-01 06:20:00,BUY,1.16091,1.16062,1.16062,1.16149,0.00019,LOSS,SL,-2.9,1.0,-3.9,-4.59,-2.89,-1.346,43.14,0.000196,3.4,1.177,1.0,1.16091,0.0002,1.161297,1.161101
2026-09-01 06:30:00,2026-09-01 07:25:00,BUY,1.16071,1.16042,1.16042,1.16129,0.00019,LOSS,SL,-2.9,1.0,-3.9,-4.62,-2.92,-1.342,41.64,9.5e-05,3.7,1.265,0.8,1.16071,0.00018,1.161176,1.161081
2026-09-01 07:55:00,2026-09-01 08:00:00,SELL,1.16052,1.16075,1.16075,1.16006,0.00015,LOSS,SL,-2.3,1.0,-3.3,-4.01,-2.31,-1.434,45.46,-0.000146,4.0,1.734,1.2,1.16052,0.00019,1.160848,1.160994
2026-09-01 08:05:00,2026-09-01 09:25:00,SELL,1.16091,1.1604,1.16116,1.1604,0.00017,WIN,TP,5.1,1.0,4.1,3.38,5.08,1.606,58.99,-0.000149,1.1,0.433,7.4,1.16091,0.00036,1.16084,1.160989
2026-09-01 10:00:00,2026-09-01 10:20:00,SELL,1.16049,1.15988,1.16079,1.15988,0.0002,WIN,TP,6.1,1.0,5.1,4.37,6.07,1.671,48.22,-0.000239,2.1,0.692,6.9,1.16049,0.00023,1.16067,1.160909
2026-09-01 11:50:00,2026-09-01 12:40:00,SELL,1.15942,1.15986,1.15986,1.15854,0.00029,LOSS,SL,-4.4,1.0,-5.4,-6.11,-4.41,-1.227,45.3,-0.000687,6.1,1.384,2.7,1.15942,0.00027,1.159941,1.160628
2026-09-01 12:45:00,2026-09-01 13:40:00,SELL,1.15984,1.15906,1.16023,1.15906,0.00026,WIN,TP,7.8,1.0,6.8,6.06,7.76,1.742,58.29,-0.000692,2.8,0.722,8.1,1.15984,0.00024,1.159831,1.160523
2026-09-01 14:20:00,2026-09-01 16:35:00,SELL,1.15932,1.1597,1.1597,1.15856,0.00025,LOSS,SL,-3.8,1.0,-4.8,-5.5,-3.8,-1.263,49.53,-0.000782,6.2,1.634,5.0,1.15932,0.00024,1.159525,1.160307
2026-09-01 17:30:00,2026-09-01 18:20:00,SELL,1.16011,1.15931,1.16062,1.1591,0.00034,WIN,OPEN,8.0,1.0,7.0,6.3,8.0,1.385,55.64,-0.000409,2.2,0.435,8.4,1.16011,0.00057,1.159668,1.160077
